time,OIL_CRUDE_close,GOLD_close,US500_close,OIL_CRUDE_return,GOLD_return,US500_return,anomaly_score,is_anomaly
2026-07-03 00:01:00,68.431,4125.3,7472.5,0.0005848722785160021,-0.00024234786612709058,-9.366804046462285e-05,0.21005752433922265,0
2026-07-03 00:02:00,68.386,4126.36,7473.8,-0.0006575967032484975,0.00025695100962352946,0.0001739712278354677,0.15744649780315523,0
2026-07-03 00:03:00,68.446,4125.9,7474.7,0.0008773725616355588,-0.00011147839742531307,0.00012042066953887876,0.1736822461819869,0
2026-07-03 00:04:00,68.426,4125.63,7473.9,-0.00029220115127248647,-6.544026757782095e-05,-0.0001070277067976022,0.24071516032153606,0
2026-07-03 00:05:00,68.435,4125.11,7474.0,0.00013152895098356154,-0.00012604135610816414,1.3379895369203254e-05,0.2682832178259525,0
2026-07-03 00:06:00,68.435,4124.8,7474.8,0.0,-7.514951116438517e-05,0.00010703773080011914,0.2521042809880163,0
2026-07-03 00:08:00,68.44,4125.4,7475.8,7.306202966317343e-05,0.00014546159813799697,0.00013378284368803506,0.2371666249394639,0
2026-07-03 00:09:00,68.461,4127.91,7475.7,0.000306838106370666,0.0006084258496146244,-1.3376494823358343e-05,0.2167732797751905,0
2026-07-03 00:10:00,68.455,4127.05,7476.2,-8.764113875048274e-05,-0.00020833787558349748,6.688336878157841e-05,0.2465580300873798,0
2026-07-03 00:11:00,68.436,4125.75,7475.8,-0.00027755459791090065,-0.0003149949721956702,-5.350311655649698e-05,0.22377506336019587,0
2026-07-03 00:12:00,68.436,4125.5,7475.3,0.0,-6.059504332545096e-05,-6.688247411645865e-05,0.2668948211544554,0
2026-07-03 00:14:00,68.475,4124.45,7475.6,0.000569875504120354,-0.000254514604290379,4.0132168608542074e-05,0.2108112086875299,0
2026-07-03 00:16:00,68.465,4123.82,7477.1,-0.0001460387002554242,-0.00015274763907913158,0.00020065279041148187,0.2058692409860171,0
2026-07-03 00:17:00,68.446,4124.6,7477.5,-0.0002775140582780278,0.0001891450160289576,5.349667651888268e-05,0.26385433129100877,0
2026-07-03 00:18:00,68.446,4124.87,7476.9,0.0,6.546089317738257e-05,-8.024072216650247e-05,0.25938828161961786,0
2026-07-03 00:19:00,68.461,4124.82,7476.8,0.00021915086345436485,-1.212159413510605e-05,-1.3374526875997717e-05,0.2721207860665836,0
2026-07-03 00:20:00,68.456,4124.92,7476.7,-7.303428229199493e-05,2.4243482139807426e-05,-1.3374705756574734e-05,0.2723816973040817,0
2026-07-03 00:21:00,68.495,4124.79,7477.0,0.0005697090101670632,-3.151576272997225e-05,4.012465392477793e-05,0.22787171119329247,0
2026-07-03 00:22:00,68.486,4123.21,7477.6,-0.00013139645229576224,-0.0003830498037475927,8.024608800316635e-05,0.21246617709005333,0
2026-07-03 00:24:00,68.476,4123.66,7477.9,-0.00014601524399149302,0.00010913826848502062,4.0119824542550475e-05,0.2700879490265829,0
2026-07-03 00:25:00,68.475,4123.17,7477.4,-1.4603656755762806e-05,-0.0001188264793896554,-6.686369167818729e-05,0.2588887332877931,0
2026-07-03 00:28:00,68.456,4123.87,7477.7,-0.0002774735304854614,0.00016977228685699508,4.0120897638162845e-05,0.2633941507934767,0
2026-07-03 00:30:00,68.456,4123.92,7474.3,0.0,1.2124533508517388e-05,-0.0004546852641854615,0.06494264325629295,0
2026-07-03 00:31:00,68.47,4124.05,7475.1,0.00020451092672657545,3.1523404915745346e-05,0.00010703343456919256,0.24740837727234943,0
2026-07-03 00:34:00,68.465,4126.09,7478.3,-7.302468234260395e-05,0.0004946593760988272,0.000428087918556308,0.07209105038618635,0
2026-07-03 00:35:00,68.476,4124.95,7478.5,0.00016066603373987576,-0.0002762906286581934,2.6744046106808028e-05,0.24867537311343718,0
2026-07-03 00:37:00,68.475,4124.75,7480.3,-1.4603656755762806e-05,-4.848543618707346e-05,0.00024068997793680325,0.1764912919577215,0
2026-07-03 00:41:00,68.47,4122.92,7481.3,-7.30193501277121e-05,-0.0004436632523182604,0.00013368447789519067,0.18504341329426666,0
2026-07-03 00:43:00,68.465,4123.63,7481.9,-7.302468234260395e-05,0.0001722080467241316,8.01999652466634e-05,0.2566825706164602,0
2026-07-03 00:44:00,68.465,4123.07,7482.3,0.0,-0.00013580267870794138,5.346235581882297e-05,0.2618576965972604,0
2026-07-03 00:48:00,68.456,4123.57,7480.8,-0.00013145402760539326,0.00012126886033958506,-0.0002004731165550222,0.19409993613921633,0
2026-07-03 00:49:00,68.456,4123.8,7480.7,0.0,5.577691175373545e-05,-1.336755427228109e-05,0.27517610413156135,0
2026-07-03 00:50:00,68.446,4123.15,7479.9,-0.00014607923337628392,-0.00015762161113552775,-0.00010694186372939285,0.24658598222283923,0
2026-07-03 00:51:00,68.435,4123.3,7479.6,-0.00016071063319977874,3.637995222116608e-05,-4.010748806793085e-05,0.2698822202676626,0
2026-07-03 00:52:00,68.436,4123.4,7479.5,1.4612405932812322e-05,2.425241917869414e-05,-1.3369698914411643e-05,0.2714377798520014,0
2026-07-03 00:53:00,68.445,4123.55,7479.5,0.00013150973172004754,3.637774651998882e-05,0.0,0.27266410897278653,0
2026-07-03 00:56:00,68.436,4124.93,7481.5,-0.0001314924391845329,0.00033466309369356573,0.00026739755331228743,0.15214973261831466,0
2026-07-03 00:57:00,68.455,4124.69,7482.0,0.00027763165585348304,-5.8182805526607595e-05,6.683151774367069e-05,0.2542731388181831,0
2026-07-03 01:03:00,68.426,4125.95,7481.0,-0.0004236359652325383,0.0003054775025517209,-0.00013365410318100235,0.1950677459462763,0
2026-07-03 01:04:00,68.416,4125.05,7480.4,-0.00014614327887063627,-0.00021813158181738235,-8.020318139290161e-05,0.2402624943031484,0
2026-07-03 01:05:00,68.385,4125.59,7481.2,-0.00045311038353590405,0.00013090750415134522,0.00010694615261219731,0.23141748418999603,0
2026-07-03 01:06:00,68.38,4125.74,7480.0,-7.311544929455849e-05,3.6358436005468064e-05,-0.00016040207453349442,0.23051197631790504,0
2026-07-03 01:07:00,68.4,4125.9,7479.8,0.0002924831822170848,3.878092172548975e-05,-2.6737967914414185e-05,0.2668765415682992,0
2026-07-03 01:08:00,68.415,4126.69,7480.6,0.0002192982456139525,0.00019147337550595722,0.00010695473140986955,0.24284909639319668,0
2026-07-03 01:10:00,68.435,4126.76,7478.9,0.00029233355258351246,1.69627473836087e-05,-0.0002272544983024094,0.17434855674879912,0
2026-07-03 01:11:00,68.44,4125.92,7478.0,7.306202966317343e-05,-0.00020354951584300451,-0.00012033855246085245,0.2345203212579377,0
2026-07-03 01:12:00,68.445,4126.53,7477.9,7.305669199286768e-05,0.00014784581378202155,-1.3372559507951465e-05,0.2706786766010202,0
2026-07-03 01:13:00,68.455,4125.95,7476.6,0.0001461027102054313,-0.00014055392787648557,-0.0001738455983630871,0.22416934460893206,0
2026-07-03 01:14:00,68.445,4125.36,7476.2,-0.00014608136732163768,-0.00014299737030265547,-5.3500254126315205e-05,0.26234964831031027,0
2026-07-03 01:15:00,68.435,4125.65,7477.1,-0.00014610271020509824,7.029689530124728e-05,0.00012038201225239575,0.24808915807415105,0
2026-07-03 01:16:00,68.425,4126.63,7478.6,-0.0001461240593264579,0.0002375383272938958,0.0002006125369460321,0.20119157460696702,0
2026-07-03 01:17:00,68.415,4126.34,7477.8,-0.00014614541468749298,-7.027526092717729e-05,-0.00010697189313513267,0.24779664006430469,0
2026-07-03 01:18:00,68.405,4125.13,7478.2,-0.00014616677629186725,-0.0002932380753888353,5.349166867252286e-05,0.23522070606709616,0
2026-07-03 01:19:00,68.395,4125.34,7477.1,-0.0001461881441415791,5.090748655200983e-05,-0.0001470942205342718,0.2305381965411285,0
2026-07-03 01:20:00,68.395,4125.68,7477.7,0.0,8.241744922843353e-05,8.024501477832402e-05,0.26137892650641714,0
2026-07-03 01:23:00,68.395,4126.43,7481.0,0.0,0.00018178821430647751,0.000441312168180108,0.08864245500751367,0
2026-07-03 01:25:00,68.39,4129.36,7483.1,-7.310475911970205e-05,0.0007100568772520077,0.0002807111348750446,0.10195023675317016,0
2026-07-03 01:26:00,68.4,4130.13,7483.8,0.00014622020763277455,0.00018646957397772113,9.3544119415645e-05,0.24982453719730563,0
2026-07-03 01:27:00,68.42,4130.08,7483.3,0.00029239766081867735,-1.2106156464852802e-05,-6.681097838001637e-05,0.26564283218807727,0
2026-07-03 01:28:00,68.43,4128.67,7483.2,0.00014615609470913782,-0.00034139774532204736,-1.3363088477102991e-05,0.24257609909809452,0
2026-07-03 01:30:00,68.425,4129.93,7482.4,-7.306736811352188e-05,0.00030518302504201067,-0.00010690613641228808,0.22695935813850193,0
2026-07-03 01:35:00,68.44,4126.23,7484.4,0.00021921812203151703,-0.0008958989619680668,0.00026729391639035427,0.018062247584859636,0
2026-07-03 01:36:00,68.455,4126.02,7484.0,0.00021917007597904714,-5.089391526869047e-05,-5.344449788891037e-05,0.26699466139489314,0
2026-07-03 01:37:00,68.435,4125.9,7484.5,-0.00029216273464316433,-2.9083717481004356e-05,6.680919294499432e-05,0.25765928648066927,0
2026-07-03 01:40:00,68.445,4124.46,7482.7,0.00014612405932612482,-0.00034901476041582224,-0.00024049702718953458,0.15294656014371244,0
2026-07-03 01:42:00,68.435,4121.82,7481.2,-0.00014610271020509824,-0.0006400837927874603,-0.00020046239993587456,0.12674967254276648,0
2026-07-03 01:43:00,68.44,4125.9,7481.8,7.306202966317343e-05,0.0009898539965353947,8.02010372666917e-05,0.12841517654856782,0
2026-07-03 01:46:00,68.44,4128.02,7482.7,0.0,0.0005138272861680004,0.00012029190836426729,0.21134212011120496,0
2026-07-03 01:47:00,68.44,4129.26,7483.0,0.0,0.0003003861415400433,4.009247998726373e-05,0.25768535666402664,0
2026-07-03 01:48:00,68.43,4129.5,7483.1,-0.0001461133839858464,5.8121794219712086e-05,1.336362421500148e-05,0.26663060814654244,0
2026-07-03 01:50:00,68.425,4129.86,7483.7,-7.306736811352188e-05,8.717762440957344e-05,8.018067378490201e-05,0.25987915998189637,0
2026-07-03 01:51:00,68.435,4127.29,7483.8,0.000146145414687604,-0.0006222971238734054,1.3362374226666418e-05,0.1772642401518984,0
2026-07-03 01:52:00,68.42,4126.43,7484.1,-0.0002191860889895203,-0.00020836917202315952,4.008658702803203e-05,0.24987433463948672,0
2026-07-03 01:53:00,68.415,4126.03,7482.8,-7.307804735445789e-05,-9.693609245775558e-05,-0.00017370158068441555,0.21690433108709084,0
2026-07-03 01:55:00,68.39,4130.51,7483.1,-0.0003654169407294461,0.0010857894877158714,4.009194419207773e-05,0.10704009993651453,0
2026-07-03 01:56:00,68.365,4127.41,7483.0,-0.00036555051908182534,-0.0007505126485591873,-1.336344563085401e-05,0.12813697440739835,0
2026-07-03 01:57:00,68.35,4126.67,7483.0,-0.00021941051707741188,-0.00017928919104226448,0.0,0.2597923293723698,0
2026-07-03 01:58:00,68.355,4126.09,7483.6,7.315288953924082e-05,-0.00014054915949179847,8.018174528934274e-05,0.25379507004373136,0
2026-07-03 01:59:00,68.355,4126.11,7483.6,0.0,4.847204011504402e-06,0.0,0.27470636426858863,0
2026-07-03 02:00:00,68.32,4126.4,7485.3,-0.0005120327700974814,7.028411748599694e-05,0.000227163397295449,0.16645684055754612,0
2026-07-03 02:01:00,68.35,4124.95,7479.4,0.00043911007025765336,-0.00035139588987975756,-0.0007882115613269125,0.005409643981556855,0
2026-07-03 02:02:00,68.345,4127.5,7478.8,-7.315288953901877e-05,0.0006181893113856862,-8.022033852972399e-05,0.1886625550008711,0
2026-07-03 02:03:00,68.32,4130.87,7481.9,-0.00036579120637947327,0.0008164748637189412,0.0004145050008022011,-0.0006885289803068018,1
2026-07-03 02:04:00,68.3,4131.67,7480.9,-0.00029274004683832455,0.00019366380447705112,-0.00013365588954672436,0.2225729771932342,0
2026-07-03 02:05:00,68.36,4128.63,7481.2,0.0008784773060028783,-0.0007357799630657302,4.010212674954161e-05,0.07737143850608341,0
2026-07-03 02:06:00,68.375,4128.38,7480.3,0.00021942656524287507,-6.0552774164834844e-05,-0.00012030155590003755,0.2466629977023313,0
2026-07-03 02:07:00,68.345,4126.82,7478.2,-0.00043875685557592803,-0.0003778721919979189,-0.00028073740358014465,0.10110340251840144,0
2026-07-03 02:08:00,68.335,4126.94,7477.6,-0.0001463164825518115,2.907807948981933e-05,-8.023321120043114e-05,0.25594515665638334,0
2026-07-03 02:09:00,68.325,4128.61,7475.8,-0.00014633789419760124,0.0004046581728835985,-0.00024071894725585796,0.13190833120998235,0
2026-07-03 02:10:00,68.355,4127.28,7476.0,0.0004390779363336872,-0.000322142319085561,2.675298964649464e-05,0.22508085227257862,0
2026-07-03 02:11:00,68.365,4127.48,7477.1,0.0001462950771704552,4.845806439113254e-05,0.00014713750668815528,0.2327107885825715,0
2026-07-03 02:12:00,68.34,4127.11,7476.8,-0.0003656841951289458,-8.96430751935462e-05,-4.012250738927303e-05,0.2552818346959116,0
2026-07-03 02:13:00,68.355,4134.59,7483.6,0.00021949078138727707,0.0018124062600706203,0.0009094799914401985,-0.10796666190738258,1
2026-07-03 02:14:00,68.37,4134.95,7484.2,0.00021944261575601587,8.70703020130481e-05,8.017531669235467e-05,0.2550203970728113,0
2026-07-03 02:15:00,68.33,4133.15,7480.9,-0.0005850519233583373,-0.0004353136071778563,-0.00044092889019542447,0.01892420665025152,0
2026-07-03 02:16:00,68.395,4132.92,7481.0,0.0009512659154105041,-5.5647629531807574e-05,1.3367375583106522e-05,0.18081599950331562,0
2026-07-03 02:17:00,68.39,4133.26,7479.9,-7.310475911970205e-05,8.226629114527206e-05,-0.0001470391658869863,0.23264832268045937,0
2026-07-03 02:18:00,68.38,4133.48,7479.3,-0.00014622020763277455,5.322675079710848e-05,-8.021497613597273e-05,0.2537415613587477,0
2026-07-03 02:19:00,68.385,4135.9,7481.0,7.312079555443773e-05,0.0005854630964707841,0.0002272939981013966,0.13220139169541195,0
2026-07-03 02:20:00,68.38,4136.54,7481.6,-7.311544929455849e-05,0.00015474261950254586,8.020318139290161e-05,0.25748216372649824,0
2026-07-03 02:21:00,68.37,4137.17,7481.3,-0.00014624159110843138,0.00015230119858622437,-4.0098374679220505e-05,0.2687531572072668,0
2026-07-03 02:22:00,68.395,4137.71,7479.8,0.00036565745209871103,0.00013052400554003363,-0.0002004999131166585,0.19359307576701384,0
2026-07-03 02:23:00,68.385,4140.06,7479.8,-0.0001462095182395151,0.0005679470045025781,0.0,0.22430731917144375,0
2026-07-03 02:24:00,68.395,4138.59,7480.1,0.00014623089858867289,-0.0003550673178650543,4.0108024278673327e-05,0.23349251783761144,0
2026-07-03 02:25:00,68.385,4139.06,7478.8,-0.0001462095182395151,0.00011356524806771517,-0.00017379446798837517,0.21094979531038388,0
2026-07-03 02:27:00,68.375,4137.7,7478.0,-0.00014623089858889493,-0.0003285770199031868,-0.00010696903246509848,0.2147168441296744,0
2026-07-03 02:28:00,68.36,4137.89,7478.4,-0.00021937842778796401,4.5919230490465424e-05,5.3490238031583814e-05,0.2628404268114417,0
2026-07-03 02:29:00,68.355,4137.2,7477.5,-7.314218841425468e-05,-0.00016675165362067812,-0.00012034659820281401,0.2423634419971336,0
2026-07-03 02:30:00,68.34,4134.85,7474.7,-0.00021944261575601587,-0.0005680170163394616,-0.0003744567034437152,0.06045198886800285,0
2026-07-03 02:31:00,68.335,4134.17,7478.0,-7.316359379583304e-05,-0.00016445578436952157,0.0004414892905402201,0.09249058936958854,0
2026-07-03 02:32:00,68.335,4133.65,7476.8,0.0,-0.00012578099110593932,-0.00016047071409464042,0.22608463612430468,0
2026-07-03 02:33:00,68.325,4135.24,7476.4,-0.00014633789419760124,0.00038464795035864086,-5.349882302596587e-05,0.24566543032173083,0
2026-07-03 02:34:00,68.355,4134.61,7475.8,0.0004390779363336872,-0.00015234907768357786,-8.025252795451632e-05,0.23612762113765756,0
2026-07-03 02:35:00,68.35,4137.05,7478.5,-7.314753858544965e-05,0.0005901403034387354,0.0003611653602288989,0.083641878676181,0
2026-07-03 02:36:00,68.335,4138.39,7480.1,-0.00021945866861738939,0.00032390229753098687,0.00021394664705498556,0.17969467839607078,0
2026-07-03 02:37:00,68.37,4138.78,7480.3,0.0005121826296921039,9.423954726339723e-05,2.6737610459681704e-05,0.2372467776053953,0
2026-07-03 02:38:00,68.385,4137.23,7480.4,0.00021939447125940426,-0.0003745064970837042,1.3368447789430249e-05,0.2299503080712782,0
2026-07-03 02:39:00,68.395,4137.49,7480.3,0.00014623089858867289,6.284398015110604e-05,-1.3368269076496908e-05,0.27325520989229607,0
2026-07-03 02:40:00,68.41,4138.31,7480.5,0.0002193142773594392,0.00019818779018221377,2.6736895579082542e-05,0.2620532127985775,0
2026-07-03 02:41:00,68.385,4137.31,7480.7,-0.0003654436485892587,-0.00024164453605457492,2.6736180736453008e-05,0.22732518124309037,0
2026-07-03 02:42:00,68.375,4134.87,7478.7,-0.00014623089858889493,-0.0005897551790898792,-0.0002673546593233711,0.08396215428637821,0
2026-07-03 02:44:00,68.375,4136.38,7478.2,0.0,0.00036518681361208394,-6.685653923810264e-05,0.24970386599697642,0
2026-07-03 02:45:00,68.355,4136.18,7477.0,-0.000292504570383878,-4.835145707116073e-05,-0.00016046642240108433,0.21284081321774417,0
2026-07-03 02:46:00,68.355,4138.45,7478.7,0.0,0.0005488155737902733,0.00022736391600908235,0.1423214430135275,0
2026-07-03 02:47:00,68.38,4138.3,7478.8,0.00036573769292647107,-3.624545421587744e-05,1.3371307847620528e-05,0.2582792463551806,0
2026-07-03 02:48:00,68.38,4138.57,7478.1,0.0,6.524418239362006e-05,-9.359790340690566e-05,0.25801562647094267,0
2026-07-03 02:49:00,68.38,4140.99,7479.2,0.0,0.0005847430392624808,0.0001470961875342791,0.17695528323976645,0
2026-07-03 02:50:00,68.405,4141.11,7479.0,0.0003656039777713005,2.897857758643596e-05,-2.6740827895999075e-05,0.2544979455513842,0
2026-07-03 02:51:00,68.435,4147.44,7479.0,0.00043856443242451526,0.001528575671740251,0.0,0.037258936500795814,0
2026-07-03 02:52:00,68.45,4146.05,7478.1,0.0002191860889895203,-0.00033514650000954216,-0.00012033694344160129,0.21839603165376992,0
2026-07-03 02:53:00,68.425,4145.4,7476.3,-0.000365230094959923,-0.00015677572629380077,-0.00024070285232880018,0.14495183834869674,0
2026-07-03 02:54:00,68.415,4147.42,7477.5,-0.00014614541468749298,0.0004872871134269374,0.00016050720276061803,0.1964126456377559,0
2026-07-03 02:55:00,68.42,4148.55,7477.0,7.308338814571158e-05,0.0002724585404902946,-6.686726847204838e-05,0.25146654100411286,0
2026-07-03 02:56:00,68.455,4150.11,7477.1,0.0005115463314819824,0.0003760350001806856,1.3374348000638747e-05,0.21183429215280825,0
2026-07-03 02:57:00,68.435,4148.66,7476.0,-0.00029216273464316433,-0.00034938832946596055,-0.00014711586042726044,0.18676929298733552,0
2026-07-03 02:58:00,68.395,4149.32,7475.2,-0.0005844962373056095,0.00015908751259430254,-0.00010700909577321394,0.2117994261386974,0
2026-07-03 02:59:00,68.4,4147.03,7476.7,7.310475912003511e-05,-0.0005518976603394732,0.00020066352739722682,0.11782893805503447,0
2026-07-03 03:00:00,68.356,4149.34,7478.0,-0.0006432748538013344,0.0005570251481181732,0.00017387350034114846,0.11747933455429893,0
2026-07-03 03:01:00,68.4,4149.07,7477.6,0.0006436889226990594,-6.507058953963973e-05,-5.349023803147279e-05,0.22912419871533035,0
2026-07-03 03:02:00,68.385,4152.82,7482.1,-0.00021929824561406353,0.0009038169999542323,0.0006017973681395894,-0.0323356498163444,1
2026-07-03 03:03:00,68.465,4159.36,7485.9,0.0011698471887109374,0.0015748334866427793,0.0005078788040788762,-0.11105619587264148,1
2026-07-03 03:04:00,68.496,4161.04,7487.5,0.00045278609508492274,0.00040390829358361025,0.000213735155425665,0.14164962068896442,0
2026-07-03 03:05:00,68.555,4159.74,7494.0,0.0008613641672507999,-0.00031242189452640456,0.0008681135225374614,-0.011223249607148822,1
2026-07-03 03:06:00,68.455,4160.75,7493.8,-0.001458682809423184,0.0002428036367658759,-2.668801708027857e-05,0.09021822964331438,0
2026-07-03 03:07:00,68.46,4165.77,7495.2,7.30406836606523e-05,0.00120651324881349,0.0001868211054472102,0.05902947593094354,0
2026-07-03 03:08:00,68.426,4170.17,7494.7,-0.0004966403739408154,0.001056227300114898,-6.670936065744648e-05,0.08841686040624064,0
2026-07-03 03:09:00,68.425,4172.36,7494.5,-1.4614327887185752e-05,0.000525158446777807,-2.668552443729766e-05,0.2320752433705804,0
2026-07-03 03:10:00,68.445,4168.65,7493.6,0.000292290829375208,-0.0008891850175919425,-0.00012008806458063681,0.10439148012848498,0
2026-07-03 03:11:00,68.465,4174.7,7494.2,0.00029220542041064057,0.0014513091768317832,8.00683249706502e-05,0.05983496062589411,0
2026-07-03 03:12:00,68.4,4178.98,7492.6,-0.0009493901993719023,0.0010252233693437418,-0.000213498438792592,-0.01456241743803699,1
2026-07-03 03:13:00,68.42,4174.84,7493.1,0.00029239766081867735,-0.0009906723650267013,6.67325094092508e-05,0.06335847417420104,0
2026-07-03 03:14:00,68.346,4176.15,7494.5,-0.0010815551008477309,0.0003137844803631218,0.00018683855814005668,0.08539624375161703,0
2026-07-03 03:15:00,68.305,4177.8,7494.1,-0.0005998888011002901,0.00039510075069149053,-5.337247314696203e-05,0.2018654500340163,0
2026-07-03 03:16:00,68.375,4174.92,7491.7,0.0010248151672642702,-0.0006893580353296569,-0.0003202519315195218,0.00645516736095153,0
2026-07-03 03:17:00,68.385,4176.93,7492.4,0.00014625228519205002,0.00048144635106783795,9.34367366551836e-05,0.22310507843593907,0
2026-07-03 03:18:00,68.345,4177.78,7494.0,-0.0005849235943555797,0.00020349874189884432,0.0002135497303934475,0.16362124809119521,0
2026-07-03 03:19:00,68.355,4179.57,7493.7,0.00014631648255192253,0.0004284572189057201,-4.003202562052888e-05,0.24654223229316224,0
2026-07-03 03:20:00,68.34,4185.66,7494.4,-0.00021944261575601587,0.0014570876908390762,9.341179924460263e-05,0.05131974158843289,0
2026-07-03 03:21:00,68.375,4187.24,7496.2,0.0005121451565699431,0.00037747929836640104,0.0002401793339026348,0.12720976535943285,0
2026-07-03 03:22:00,68.365,4186.17,7496.1,-0.00014625228519205002,-0.0002555382543154572,-1.3340092313351981e-05,0.24980514439813872,0
2026-07-03 03:23:00,68.376,4185.35,7495.3,0.00016090104585697595,-0.0001958831103370251,-0.0001067221621909864,0.24137681299933672,0
2026-07-03 03:24:00,68.395,4192.07,7496.1,0.0002778752778751503,0.001605600487414316,0.00010673355302648346,0.02586115228613739,0
2026-07-03 03:25:00,68.46,4186.67,7495.2,0.0009503618685575699,-0.0012881464288524436,-0.0001200624324649846,-0.008333055664324629,1
2026-07-03 03:26:00,68.465,4188.15,7495.1,7.303534910918508e-05,0.00035350290326197076,-1.3341872131422683e-05,0.2559493267662198,0
2026-07-03 03:27:00,68.465,4188.77,7495.5,0.0,0.00014803672265806256,5.336820055767966e-05,0.26555628872156706,0
2026-07-03 03:28:00,68.476,4192.48,7496.4,0.00016066603373987576,0.0008857015305205884,0.00012007204322594944,0.12552038908567098,0
2026-07-03 03:29:00,68.505,4187.57,7494.5,0.00042350604591390173,-0.0011711445254359854,-0.0002534549917293516,-0.010463291587347046,1
2026-07-03 03:30:00,68.53,4187.88,7494.7,0.0003649368659222052,7.402861325322974e-05,2.6686236573425504e-05,0.2511432506766682,0
2026-07-03 03:31:00,68.575,4190.36,7494.9,0.0006566467240625151,0.0005921850673848983,2.668552443729766e-05,0.17101555400399066,0
2026-07-03 03:32:00,68.575,4191.63,7495.5,0.0,0.00030307658530537296,8.005443701719628e-05,0.24751965256217778,0
2026-07-03 03:33:00,68.575,4191.26,7495.4,0.0,-8.827114988674278e-05,-1.3341338136241276e-05,0.2748311416121998,0
2026-07-03 03:34:00,68.565,4192.9,7496.4,-0.00014582573824284406,0.00039129044726382567,0.00013341516129883324,0.2212581411858771,0
2026-07-03 03:35:00,68.575,4192.34,7495.8,0.00014584700649034055,-0.00013355911183177138,-8.003841844073101e-05,0.2557558665151725,0
2026-07-03 03:36:00,68.605,4189.51,7494.2,0.00043747721472842116,-0.0006750406694113753,-0.0002134528669388569,0.11174119927103376,0
2026-07-03 03:37:00,68.585,4186.35,7494.9,-0.0002915239414038595,-0.0007542648185586698,9.340556697168267e-05,0.11565400053162633,0
2026-07-03 03:38:00,68.58,4185.63,7494.3,-7.290223809863772e-05,-0.00017198753090408303,-8.005443701708526e-05,0.24914149477249153,0
2026-07-03 03:39:00,68.635,4184.86,7495.8,0.0008019830854477661,-0.000183962748737998,0.0002001521156078656,0.14457769820923955,0
2026-07-03 03:40:00,68.64,4182.8,7497.0,7.284912945282329e-05,-0.0004922506368192359,0.00016008965020408716,0.1604582989172771,0
2026-07-03 03:41:00,68.675,4181.85,7497.1,0.0005099067599068086,-0.00022712058907903288,1.3338668800821907e-05,0.23345113828842334,0
2026-07-03 03:42:00,68.695,4182.37,7495.5,0.00029122679286497366,0.00012434687996920601,-0.0002134158541302611,0.18203987884256478,0
2026-07-03 03:43:00,68.69,4180.59,7496.6,-7.278550112810311e-05,-0.00042559601374336786,0.000146754719498432,0.180308324568542,0
2026-07-03 03:44:00,68.765,4179.74,7496.5,0.001091861988644638,-0.00020332058393679464,-1.3339380519172828e-05,0.13686131176639948,0
2026-07-03 03:45:00,68.715,4176.86,7495.4,-0.000727114084199787,-0.0006890380741385593,-0.0001467351430668451,0.09042213145876365,0
2026-07-03 03:46:00,68.755,4177.93,7495.5,0.0005821145310338505,0.00025617329764471286,1.334151612986112e-05,0.21535759538915755,0
2026-07-03 03:47:00,68.775,4179.04,7495.6,0.00029088793542308977,0.00026568180893393745,1.3341338136241276e-05,0.254190861258807,0
2026-07-03 03:48:00,68.856,4181.4,7496.7,0.001177753544165494,0.0005647229985832336,0.00014675276162012807,0.05211554668457952,0
2026-07-03 03:49:00,68.815,4180.68,7496.2,-0.0005954455675611925,-0.00017219113215649617,-6.669601291231508e-05,0.21100623403811675,0
2026-07-03 03:50:00,68.79,4177.38,7496.6,-0.0003632928867252083,-0.0007893452739745621,5.3360369253852014e-05,0.11165613772645366,0
2026-07-03 03:51:00,68.835,4176.15,7494.9,0.0006541648495419494,-0.0002944429283427974,-0.00022676946882593807,0.1366114215876209,0
2026-07-03 03:52:00,68.795,4176.95,7496.6,-0.0005810997312412081,0.0001915640003353758,0.00022682090488213014,0.15558052209523665,0
2026-07-03 03:53:00,68.795,4176.26,7496.4,0.0,-0.00016519230539024932,-2.6678761038456678e-05,0.2688661068225484,0
2026-07-03 03:54:00,68.745,4179.65,7496.6,-0.0007267970055963024,0.000811731070383459,2.6679472813651017e-05,0.10450268651320127,0
2026-07-03 03:55:00,68.775,4180.45,7496.2,0.00043639537420903096,0.0001914035864247765,-5.335752207680233e-05,0.24248520071529628,0
2026-07-03 03:56:00,68.815,4181.67,7497.2,0.0005816066884767324,0.00029183461110648956,0.000133400923134408,0.17167933083335213,0
2026-07-03 03:57:00,68.815,4181.75,7497.3,0.0,1.9131112689363405e-05,1.3338312970123667e-05,0.27036538396518117,0
2026-07-03 03:58:00,68.865,4182.0,7496.7,0.0007265857734504166,5.9783583427952536e-05,-8.002881037183496e-05,0.2051908958113508,0
2026-07-03 03:59:00,68.865,4182.3,7496.5,0.0,7.173601147769659e-05,-2.667840516490383e-05,0.27317377199624077,0
2026-07-03 04:00:00,68.875,4182.69,7496.5,0.0001452116459741415,9.325012552885426e-05,0.0,0.27245983622610553,0
2026-07-03 04:01:00,68.9,4178.69,7497.2,0.0003629764065335994,-0.000956322366706619,9.33769092241743e-05,0.055335090058392655,0
2026-07-03 04:02:00,68.905,4178.52,7497.2,7.256894049345597e-05,-4.0682606271102983e-05,0.0,0.27571885211985175,0
2026-07-03 04:03:00,68.915,4179.57,7497.4,0.00014512734924898574,0.00025128514402217306,2.6676625940247334e-05,0.2593727290134657,0
2026-07-03 04:04:00,68.925,4179.2,7497.0,0.00014510629035746625,-8.852585313801065e-05,-5.335182863386301e-05,0.2682873024536621,0
2026-07-03 04:05:00,68.9,4179.8,7497.5,-0.0003627130939425349,0.00014356814701388387,6.669334400433158e-05,0.2485502035998297,0
2026-07-03 04:06:00,68.875,4179.61,7497.6,-0.00036284470246739087,-4.545672041733617e-05,1.3337779259714466e-05,0.25293332397060164,0
2026-07-03 04:07:00,68.885,4180.36,7497.6,0.00014519056261352858,0.0001794425795709209,0.0,0.2694216333404873,0
2026-07-03 04:08:00,68.89,4178.82,7498.3,7.258474268700965e-05,-0.0003683893253212389,9.336320956032651e-05,0.21329167451651027,0
2026-07-03 04:09:00,68.905,4179.32,7498.9,0.0002177384235737545,0.00011965100195743261,8.001813744451525e-05,0.25611176904525135,0
2026-07-03 04:10:00,68.875,4179.76,7497.1,-0.0004353820477469572,0.00010528028483114404,-0.00024003520516335808,0.14155750275882034,0
2026-07-03 04:11:00,68.855,4179.48,7496.8,-0.0002903811252268351,-6.698949221983774e-05,-4.0015472649423955e-05,0.2643992380688819,0
2026-07-03 04:12:00,68.905,4179.57,7496.0,0.0007261636772928348,2.1533779321902813e-05,-0.0001067121972041507,0.20941549438554286,0
2026-07-03 04:13:00,68.915,4179.76,7495.9,0.00014512734924898574,4.545922188170515e-05,-1.3340448239085312e-05,0.2743064252957866,0
2026-07-03 04:14:00,68.905,4179.34,7495.8,-0.00014510629035779932,-0.00010048423832953457,-1.3340626208946382e-05,0.26815708273884736,0
2026-07-03 04:15:00,68.91,4180.38,7495.9,7.256367462438185e-05,0.0002488431187699369,1.3340804183581412e-05,0.26085987138832173,0
2026-07-03 04:16:00,68.915,4179.95,7496.3,7.25584095198073e-05,-0.0001028614623551638,5.3362504836007574e-05,0.26389819712339674,0
2026-07-03 04:17:00,68.91,4179.61,7497.7,-7.255314517895517e-05,-8.134068589338295e-05,0.00018675880100849085,0.21866295939339414,0
2026-07-03 04:18:00,68.88,4178.2,7497.1,-0.0004353504571179556,-0.00033735204959306486,-8.002454085909161e-05,0.19899210635685077,0
2026-07-03 04:19:00,68.865,4176.59,7496.0,-0.00021777003484324542,-0.0003853333971566286,-0.0001467233997145545,0.18713878671467132,0
2026-07-03 04:20:00,68.885,4178.05,7497.7,0.00029042329194806094,0.0003495674701132767,0.00022678762006411723,0.15656682265310862,0
2026-07-03 04:21:00,68.885,4180.07,7497.8,0.0,0.00048347913500301765,1.3337423476533772e-05,0.2421802868909798,0
2026-07-03 04:22:00,68.88,4179.36,7497.7,-7.25847426872317e-05,-0.0001698536148916352,-1.3337245592048852e-05,0.2641149577787484,0
2026-07-03 04:23:00,68.91,4179.61,7497.8,0.00043554006968649084,5.981777114194564e-05,1.3337423476533772e-05,0.25129389730477314,0
2026-07-03 04:24:00,68.915,4178.45,7497.8,7.25584095198073e-05,-0.0002775378564028319,0.0,0.24915990856146208,0
2026-07-03 04:25:00,68.945,4177.77,7498.6,0.00043531887107284284,-0.0001627397719248247,0.00010669796473639082,0.21355279512088238,0
2026-07-03 04:26:00,68.935,4178.4,7498.9,-0.000145043150337143,0.00015079815308149946,4.000746806065436e-05,0.26746720586992856,0
2026-07-03 04:27:00,68.945,4177.66,7498.4,0.00014506419090443146,-0.00017710128278758397,-6.667644587876609e-05,0.2540310769511601,0
2026-07-03 04:28:00,68.89,4177.73,7499.1,-0.0007977373268546195,1.6755791519607044e-05,9.335324869308437e-05,0.1822220100715457,0
2026-07-03 04:29:00,68.915,4179.12,7499.3,0.0003628973726230722,0.0003327165709607893,2.6669867050799212e-05,0.23389560567577256,0
2026-07-03 04:30:00,68.875,4178.64,7498.3,-0.0005804251614308642,-0.00011485671624633653,-0.0001333457789394199,0.20182583615557192,0
2026-07-03 04:31:00,68.875,4181.02,7498.8,0.0,0.0005695633028928171,6.668178120383672e-05,0.21653869247646318,0
2026-07-03 04:32:00,68.885,4180.17,7498.4,0.00014519056261352858,-0.00020329967328558407,-5.3341868032297235e-05,0.2539974215217408,0
2026-07-03 04:33:00,68.936,4180.88,7498.4,0.0007403643754082534,0.00016984955157317572,0.0,0.20344999035350053,0
2026-07-03 04:34:00,68.94,4180.65,7498.1,5.802483462913344e-05,-5.5012341899418615e-05,-4.000853515406799e-05,0.27081397046347927,0
2026-07-03 04:35:00,68.966,4180.52,7495.7,0.0003771395416303225,-3.109564302183898e-05,-0.00032008108720882333,0.11510781982523044,0
2026-07-03 04:36:00,68.995,4181.55,7496.6,0.0004204970565206967,0.0002463808330064321,0.00012006883946802382,0.20159297524321346,0
2026-07-03 04:37:00,68.975,4180.42,7496.6,-0.0002898760779768139,-0.0002702347215746137,0.0,0.23782395977486787,0
2026-07-03 04:38:00,68.935,4184.73,7497.4,-0.0005799202609639842,0.001030996885480251,0.00010671504415316058,0.07507384214826429,0
2026-07-03 04:39:00,68.956,4186.12,7496.5,0.0003046348008994837,0.00033216001988178867,-0.00012004161442624728,0.21233855305919985,0
2026-07-03 04:40:00,68.975,4186.23,7496.3,0.00027553802424717944,2.627731646476228e-05,-2.6679116921224377e-05,0.2662335737945011,0
2026-07-03 04:41:00,68.976,4186.21,7496.8,1.4498006524199525e-05,-4.777568360925244e-06,6.66995717888419e-05,0.261789399403169,0
2026-07-03 04:42:00,69.05,4183.05,7495.8,0.0010728369287869022,-0.0007548594074353598,-0.00013339024650516063,0.047796626007472254,0
2026-07-03 04:43:00,69.065,4182.03,7495.2,0.000217233888486712,-0.00024384121633747036,-8.00448251021546e-05,0.23158017252635166,0
2026-07-03 04:44:00,69.035,4183.19,7496.4,-0.0004343734163468893,0.00027737725458676366,0.00016010246557796037,0.1991067831326711,0
2026-07-03 04:45:00,69.02,4182.83,7497.1,-0.00021728108930252343,-8.60587255180345e-05,9.337815484777856e-05,0.24915848527311896,0
2026-07-03 04:46:00,68.99,4181.18,7497.6,-0.0004346566212691805,-0.0003944697728570645,6.669245441570659e-05,0.18917192928804621,0
2026-07-03 04:47:00,68.995,4180.18,7498.9,7.247427163381559e-05,-0.00023916693373637887,0.00017338881775486037,0.20135972110489753,0
2026-07-03 04:48:00,68.97,4180.75,7498.7,-0.0003623450974709064,0.00013635776449816284,-2.667057835148423e-05,0.25683528221122925,0
2026-07-03 04:49:00,68.99,4179.98,7499.2,0.00028998115122513823,-0.00018417748011734236,6.667822422556924e-05,0.24437468019465197,0
2026-07-03 04:50:00,68.96,4179.78,7497.9,-0.00043484562980145025,-4.784711888572435e-05,-0.00017335182419464523,0.18883971035483993,0
2026-07-03 04:51:00,68.945,4181.91,7498.8,-0.00021751740139208664,0.0005095961988430542,0.00012003360941070795,0.20418018487826567,0
2026-07-03 04:52:00,68.945,4182.94,7499.4,0.0,0.0002462989399580895,8.00128020481683e-05,0.25038032307036795,0
2026-07-03 04:53:00,68.915,4185.34,7499.2,-0.00043512945101154,0.0005737591263561548,-2.6668800170659424e-05,0.1995643345615294,0
2026-07-03 04:54:00,68.89,4183.5,7498.4,-0.00036276572589433176,-0.0004396297552887729,-0.00010667804565822614,0.18639292940251873,0
2026-07-03 04:55:00,68.885,4182.98,7498.8,-7.257947452454783e-05,-0.0001242978367397285,5.334471353890535e-05,0.2636436885191938,0
2026-07-03 04:56:00,68.845,4185.48,7498.8,-0.0005806779414967433,0.0005976600414059341,0.0,0.18359264027058436,0
2026-07-03 04:57:00,68.82,4185.42,7499.1,-0.00036313457767456203,-1.4335273373577984e-05,4.000640102419517e-05,0.2516051689564708,0
2026-07-03 04:58:00,68.875,4185.07,7500.0,0.0007991862830574181,-8.362362678071555e-05,0.00012001440172815236,0.18311847243140694,0
2026-07-03 04:59:00,68.865,4183.43,7499.4,-0.00014519056261352858,-0.00039186919215195015,-8.000000000008001e-05,0.2054925617064443,0
2026-07-03 05:00:00,68.925,4183.45,7498.5,0.0008712698758441828,4.7807660219501e-06,-0.0001200096007679674,0.17201355331816404,0
2026-07-03 05:01:00,68.92,4180.57,7498.7,-7.254261878841817e-05,-0.000688427015979709,2.6672001066874174e-05,0.15269204803105707,0
2026-07-03 05:02:00,68.915,4180.49,7498.6,-7.254788160182546e-05,-1.913614650628226e-05,-1.3335644845069439e-05,0.274599729417236,0
2026-07-03 05:03:00,68.925,4180.26,7498.7,0.00014510629035746625,-5.501747402802959e-05,1.3335822686810772e-05,0.2685453236414388,0
2026-07-03 05:04:00,68.935,4181.76,7498.4,0.00014508523757705838,0.00035882935511177827,-4.000693453531934e-05,0.25452013107936905,0
2026-07-03 05:05:00,68.925,4182.77,7498.6,-0.00014506419090454248,0.00024152509947961143,2.6672356769452676e-05,0.26153033045293833,0
2026-07-03 05:06:00,68.94,4181.1,7497.6,0.0002176278563656986,-0.0003992569517329292,-0.0001333582268689959,0.19802970766758687,0
2026-07-03 05:07:00,68.925,4181.09,7497.1,-0.00021758050478681845,-2.391715098970515e-06,-6.668800682885223e-05,0.2654949144120019,0
2026-07-03 05:08:00,68.975,4180.92,7497.1,0.0007254261878852919,-4.0659253926600414e-05,0.0,0.22097049773505767,0
2026-07-03 05:09:00,68.995,4181.78,7497.4,0.00028996013048221414,0.00020569635391254337,4.0015472649423955e-05,0.2584013376220403,0
2026-07-03 05:10:00,69.005,4181.92,7496.5,0.00014493803898818491,3.347856654345449e-05,-0.00012004161442624728,0.2513383292291416,0
2026-07-03 05:11:00,69.03,4182.18,7496.4,0.00036229258749376214,6.21723992808576e-05,-1.3339558460612189e-05,0.2565030957493899,0
2026-07-03 05:12:00,69.07,4182.15,7496.5,0.0005794582065767884,-7.1732923978551355e-06,1.3339736406825509e-05,0.23178721710043182,0
2026-07-03 05:13:00,69.07,4183.17,7497.1,0.0,0.0002438936910442724,8.003735076367313e-05,0.25125336071900456,0
2026-07-03 05:14:00,69.025,4182.63,7498.2,-0.000651512957868694,-0.00012908870545547124,0.0001467233997145545,0.17415533360776447,0
2026-07-03 05:15:00,69.005,4181.67,7499.5,-0.0002897500905471029,-0.0002295206604456812,0.00017337494331970404,0.19161110940257858,0
2026-07-03 05:16:00,69.035,4181.82,7499.3,0.00043475110499247016,3.587083629263965e-05,-2.6668444562893967e-05,0.2509094249251642,0
2026-07-03 05:17:00,69.015,4181.63,7499.5,-0.00028970811907003124,-4.543476285434611e-05,2.6669155787750753e-05,0.26244766297104244,0
2026-07-03 05:18:00,69.035,4182.18,7499.3,0.00028979207418666775,0.00013152765787505238,-2.6668444562893967e-05,0.2691655078278434,0
2026-07-03 05:19:00,69.035,4181.52,7498.7,0.0,-0.0001578124327503705,-8.000746736369635e-05,0.25540857738527795,0
2026-07-03 05:20:00,69.06,4181.43,7499.3,0.0003621351488376501,-2.1523273833423673e-05,8.001386907063868e-05,0.23890267833857193,0
2026-07-03 05:21:00,69.05,4180.49,7499.2,-0.0001448016217782122,-0.00022480347632281017,-1.3334577893986399e-05,0.25320938415792665,0
2026-07-03 05:22:00,69.085,4181.34,7499.4,0.0005068790731352912,0.00020332544749557258,2.6669511414612046e-05,0.22773752756020382,0
2026-07-03 05:23:00,69.105,4179.7,7498.6,0.00028949844394610125,-0.00039221876240636,-0.0001066752006826377,0.2073336311872659,0
2026-07-03 05:24:00,69.075,4180.01,7498.4,-0.00043412198827874615,7.416800248827293e-05,-2.667164537395461e-05,0.25241878462370815,0
2026-07-03 05:25:00,69.086,4180.4,7498.2,0.00015924719507776075,9.33012121979715e-05,-2.6672356769452676e-05,0.2719038715945692,0
2026-07-03 05:26:00,69.096,4180.73,7498.9,0.00014474712676970647,7.893981437190334e-05,9.335573871060987e-05,0.25542184545189933,0
2026-07-03 05:27:00,69.095,4181.03,7499.7,-1.4472617807181898e-05,7.175780306312163e-05,0.00010668231340593692,0.2489670897249166,0
2026-07-03 05:28:00,69.075,4182.0,7499.7,-0.00028945654533607534,0.00023200024874259206,0.0,0.25546526457030466,0
2026-07-03 05:29:00,69.055,4181.3,7500.8,-0.000289540354686868,-0.00016738402678140307,0.00014667253356814847,0.2182343377008641,0
2026-07-03 05:30:00,68.99,4179.99,7501.5,-0.0009412786908987725,-0.00031329969148363723,9.332337883960484e-05,0.11848919672898262,0
2026-07-03 05:31:00,69.015,4180.85,7500.5,0.00036237135816796773,0.0002057421190004849,-0.00013330667199895618,0.22226546611451153,0
2026-07-03 05:32:00,69.0,4180.78,7500.0,-0.00021734405564011183,-1.674300680498675e-05,-6.666222251849874e-05,0.2653389648039168,0
2026-07-03 05:33:00,69.0,4182.67,7499.7,0.0,0.0004520687527209688,-4.0000000000040004e-05,0.24705043797412546,0
2026-07-03 05:34:00,68.99,4181.76,7499.2,-0.00014492753623196464,-0.00021756437873410306,-6.666933344001702e-05,0.2495305329671449,0
2026-07-03 05:35:00,68.985,4180.65,7498.2,-7.247427163348252e-05,-0.0002654384756658468,-0.00013334755707272716,0.21809195069690546,0
2026-07-03 05:36:00,68.99,4181.61,7498.3,7.247952453415252e-05,0.00022962936385484412,1.3336534101515696e-05,0.26390253739881975,0
2026-07-03 05:37:00,69.015,4181.08,7497.6,0.00036237135816796773,-0.00012674544015334188,-9.335449368519377e-05,0.24008296981360666,0
2026-07-03 05:38:00,69.03,4180.53,7498.2,0.00021734405564011183,-0.00013154495967548918,8.002560819453386e-05,0.2502328803050341,0
2026-07-03 05:39:00,69.025,4180.63,7497.2,-7.243227582198752e-05,2.3920412005162817e-05,-0.00013336534101515696,0.2436830337301395,0
2026-07-03 05:40:00,68.995,4181.46,7496.2,-0.00043462513582037676,0.0001985346706119273,-0.00013338312970179178,0.21337192880684325,0
2026-07-03 05:41:00,68.99,4179.99,7495.7,-7.24690194943145e-05,-0.00035155185031077174,-6.6700461567204e-05,0.22490351619413668,0
2026-07-03 05:42:00,68.995,4180.95,7496.6,7.247427163381559e-05,0.00022966562120951828,0.00012006883946802382,0.23454801665783465,0
2026-07-03 05:43:00,68.97,4177.43,7495.1,-0.0003623450974709064,-0.0008419139190852798,-0.0002000907077874814,0.07846650030772473,0
2026-07-03 05:44:00,68.955,4177.32,7495.1,-0.00021748586341885368,-2.633197923140873e-05,0.0,0.27152454951010957,0
2026-07-03 05:45:00,68.95,4177.2,7495.5,-7.251105793626422e-05,-2.8726551951963053e-05,5.336820055767966e-05,0.26850182748738455,0
2026-07-03 05:46:00,68.945,4176.61,7497.3,-7.25163161713338e-05,-0.00014124293785311437,0.00024014408645189889,0.18212118784941467,0
2026-07-03 05:47:00,68.95,4178.4,7498.6,7.252157516868252e-05,0.0004285772432666146,0.00017339575580543887,0.19267224074564604,0
2026-07-03 05:48:00,68.955,4177.48,7498.5,7.251631617100074e-05,-0.00022017997319545568,-1.3335822686921794e-05,0.2571243373333957,0
2026-07-03 05:49:00,68.95,4176.51,7498.7,-7.251105793626422e-05,-0.0002321974013039796,2.6672001066874174e-05,0.2490894778336738,0
2026-07-03 05:50:00,68.96,4176.84,7497.9,0.00014503263234222352,7.901333888815643e-05,-0.00010668515876088858,0.2537487506219585,0
2026-07-03 05:51:00,68.945,4176.94,7498.7,-0.00021751740139208664,2.394154432527884e-05,0.00010669654169825904,0.24967744339056935,0
2026-07-03 05:52:00,68.965,4177.25,7498.8,0.000290086300674508,7.421701053900165e-05,1.3335644845069439e-05,0.2655445843370882,0
2026-07-03 05:54:00,68.96,4176.67,7498.4,-7.250054375418369e-05,-0.00013884732778735032,-5.3341868032297235e-05,0.2661343833623649,0
2026-07-03 05:55:00,68.975,4176.55,7499.4,0.00021751740139208664,-2.8731022560957165e-05,0.00013336178384726338,0.2318389210719402,0
2026-07-03 05:56:00,68.99,4175.57,7499.8,0.0002174700978616606,-0.00023464342579415653,5.333760034154089e-05,0.24249818412686702,0
2026-07-03 05:58:00,68.98,4175.48,7501.0,-0.00014494854326696505,-2.1553943533536568e-05,0.00016000426678042245,0.23133651382023834,0
2026-07-03 05:59:00,68.985,4175.96,7501.0,7.248477819654653e-05,0.00011495684328521882,0.0,0.2731448527842591,0
2026-07-03 06:00:00,68.99,4175.55,7501.2,7.247952453415252e-05,-9.818101705949545e-05,2.6663111585056853e-05,0.2682808088645936,0
2026-07-03 06:01:00,68.985,4175.67,7501.7,-7.247427163348252e-05,2.8738729029642585e-05,6.665600170641106e-05,0.26203080851030275,0
2026-07-03 06:02:00,68.98,4175.02,7501.1,-7.247952453426354e-05,-0.00015566364200225724,-7.998187077584706e-05,0.2525502700807915,0
2026-07-03 06:03:00,68.99,4173.92,7500.9,0.00014496955639309306,-0.0002634717917520124,-2.6662756129169907e-05,0.24992811791391129,0
2026-07-03 06:04:00,68.98,4174.43,7500.6,-0.00014494854326696505,0.00012218729635460335,-3.99952005758486e-05,0.27096443333320364,0
2026-07-03 06:05:00,68.98,4174.71,7500.6,0.0,6.707502581182467e-05,0.0,0.27358457961025456,0
2026-07-03 06:06:00,68.98,4175.82,7500.9,0.0,0.00026588673225202974,3.9996800255792664e-05,0.25875282026862567,0
2026-07-03 06:07:00,68.98,4175.76,7500.9,0.0,-1.4368435420908376e-05,0.0,0.2761722087406939,0
2026-07-03 06:08:00,68.97,4176.59,7500.9,-0.00014496955639320408,0.00019876621261749605,0.0,0.2687686059843651,0
2026-07-03 06:09:00,68.99,4178.11,7500.9,0.00028998115122513823,0.00036393325655614817,0.0,0.24690009297598642,0
2026-07-03 06:10:00,69.0,4177.82,7500.3,0.0001449485432671871,-6.940937409494197e-05,-7.999040115180822e-05,0.2579967301912519,0
2026-07-03 06:11:00,68.995,4178.18,7500.7,-7.24637681158713e-05,8.616934190563974e-05,5.333120008521597e-05,0.26678923903376134,0
2026-07-03 06:12:00,69.0,4178.0,7500.5,7.246901949420348e-05,-4.3080958694985405e-05,-2.6664178010005202e-05,0.27412749051675067,0
2026-07-03 06:14:00,69.0,4177.7,7501.5,0.0,-7.180469123990729e-05,0.00013332444503699747,0.2397487466112368,0
2026-07-03 06:15:00,69.0,4177.19,7501.9,0.0,-0.0001220767407904555,5.3322668799538064e-05,0.2636662612897658,0
2026-07-03 06:16:00,69.0,4177.68,7501.5,0.0,0.00011730373768026325,-5.331982564416027e-05,0.2713104339535159,0
2026-07-03 06:17:00,68.995,4178.78,7501.6,-7.24637681158713e-05,0.000263304034775258,1.3330667199884516e-05,0.2625694318223485,0
2026-07-03 06:18:00,68.97,4178.8,7501.5,-0.0003623450974709064,4.7860858911619175e-06,-1.3330489495588793e-05,0.2576271691182371,0
2026-07-03 06:20:00,68.95,4180.75,7501.7,-0.00028998115122513823,0.00046664114099748133,2.6661334399769032e-05,0.23052203400413196,0
2026-07-03 06:21:00,68.935,4181.74,7502.0,-0.0002175489485134463,0.00023679961729339283,3.9990935388090065e-05,0.2589993708998164,0
2026-07-03 06:22:00,68.97,4179.59,7502.1,0.0005077246681655101,-0.0005141400469660384,1.3329778725701402e-05,0.18652625907434656,0
2026-07-03 06:23:00,68.97,4179.07,7502.1,0.0,-0.0001244141171742319,0.0,0.272199206486863,0
2026-07-03 06:24:00,68.975,4178.59,7502.0,7.249528780617354e-05,-0.00011485809043632056,-1.332960104505343e-05,0.2736440124999726,0
2026-07-03 06:25:00,68.97,4178.28,7501.6,-7.249003262044251e-05,-7.418770446498968e-05,-5.3319114902694587e-05,0.2676991626448523,0
2026-07-03 06:26:00,68.965,4178.92,7502.0,-7.249528780617354e-05,0.00015317307600271057,5.332195798235517e-05,0.26629331812089874,0
2026-07-03 06:27:00,68.95,4178.77,7502.2,-0.000217501631262218,-3.589444162599431e-05,2.6659557451402804e-05,0.26677533560165045,0
2026-07-03 06:28:00,68.97,4178.57,7502.2,0.00029006526468444704,-4.7860973444557864e-05,0.0,0.2708864621778547,0
2026-07-03 06:29:00,68.98,4178.55,7502.4,0.00014499057561256912,-4.786326422534515e-06,2.6658846738358832e-05,0.2702685790203013,0
2026-07-03 06:30:00,68.995,4176.72,7501.7,0.00021745433458963959,-0.0004379509638511303,-9.33034762209406e-05,0.20670330752264665,0
2026-07-03 06:31:00,68.99,4176.74,7502.1,-7.24690194943145e-05,4.788446436254645e-06,5.332124718404607e-05,0.26618532721384797,0
2026-07-03 06:32:00,69.005,4176.55,7502.3,0.00021742281490078064,-4.549002331954988e-05,2.665920209010686e-05,0.2673776240415367,0
2026-07-03 06:33:00,68.995,4176.68,7501.7,-0.00014491703499730502,3.112616872780194e-05,-7.997547418792106e-05,0.2559888180224794,0
2026-07-03 06:34:00,69.015,4177.29,7501.0,0.00028987607797659187,0.00014604901500714362,-9.331218257191409e-05,0.24842544555398322,0
2026-07-03 06:35:00,69.025,4176.99,7501.0,0.00014489603709355592,-7.181689564295102e-05,0.0,0.2713510265666173,0
2026-07-03 06:36:00,69.03,4177.0,7502.6,7.243752263663694e-05,2.3940684561463144e-06,0.00021330489268112096,0.19608429704992736,0
2026-07-03 06:37:00,69.02,4175.67,7501.7,-0.00014486455164430811,-0.0003184103423509166,-0.00011995841441636568,0.21312028815400602,0
2026-07-03 06:38:00,69.025,4176.06,7502.7,7.244277021167811e-05,9.33981852015986e-05,0.00013330311796000416,0.24313197911287276,0
2026-07-03 06:39:00,69.03,4176.4,7503.4,7.243752263663694e-05,8.141645474424308e-05,9.329974542504615e-05,0.25649763795563446,0
2026-07-03 06:40:00,69.015,4176.07,7503.3,-0.00021729682746629564,-7.90154199789006e-05,-1.3327291627729387e-05,0.2692084095745881,0
2026-07-03 06:41:00,69.035,4175.94,7503.2,0.00028979207418666775,-3.112974638841415e-05,-1.3327469246871004e-05,0.2710831897681213,0
2026-07-03 06:42:00,69.03,4176.95,7503.5,-7.242702976739679e-05,0.0002418617125725664,3.9982940612137696e-05,0.26090352370534947,0
2026-07-03 06:43:00,69.035,4177.32,7503.2,7.243227582209855e-05,8.85813811513092e-05,-3.9981342040418255e-05,0.27225526654925863,0
2026-07-03 06:44:00,69.015,4177.2,7503.1,-0.00028970811907003124,-2.8726551951963053e-05,-1.3327646870564536e-05,0.2659698445854453,0
2026-07-03 06:46:00,69.016,4177.87,7502.7,1.4489603709311183e-05,0.00016039452264671183,-5.331129799690526e-05,0.2602891696317748,0
2026-07-03 06:47:00,69.015,4176.69,7501.8,-1.4489393763805758e-05,-0.00028244057378523646,-0.00011995681554632931,0.21586100025562044,0
2026-07-03 06:48:00,69.0,4176.21,7501.6,-0.00021734405564011183,-0.00011492353993225457,-2.666026820230538e-05,0.2639384586153304,0
2026-07-03 06:49:00,69.005,4176.29,7501.4,7.246376811598232e-05,1.9156124811736674e-05,-2.666097899128861e-05,0.2740541315406322,0
2026-07-03 06:50:00,68.995,4175.37,7501.4,-0.00014491703499730502,-0.0002202912154088965,0.0,0.2545922334203895,0
2026-07-03 06:51:00,69.005,4174.55,7502.0,0.00014493803898818491,-0.000196389781025319,7.998506945372519e-05,0.24466745300276133,0
2026-07-03 06:53:00,69.0,4175.8,7502.9,-7.245851749870802e-05,0.00029943347187111335,0.00011996800853109058,0.23522234874735248,0
2026-07-03 06:54:00,68.995,4175.21,7503.3,-7.24637681158713e-05,-0.00014129029168064022,5.3312719082043714e-05,0.26131326374502245,0
2026-07-03 06:55:00,68.975,4175.69,7502.7,-0.0002898760779768139,0.00011496427724577707,-7.996481548122603e-05,0.24741280027725315,0
2026-07-03 06:56:00,68.975,4177.57,7502.2,0.0,0.00045022499275582106,-6.664267530354095e-05,0.23972975725114565,0
2026-07-03 06:57:00,68.95,4178.38,7501.8,-0.0003624501631024346,0.00019389262178748368,-5.331769347649562e-05,0.25013516298725247,0
2026-07-03 06:58:00,68.945,4178.71,7501.9,-7.25163161713338e-05,7.897797711065024e-05,1.3330134100986157e-05,0.27036166939330725,0
2026-07-03 06:59:00,68.94,4178.8,7501.4,-7.25215751685715e-05,2.1537747295186094e-05,-6.664978205517258e-05,0.267566213221529,0
2026-07-03 07:00:00,68.945,4179.53,7502.1,7.252683492886547e-05,0.00017469129893732394,9.331591436279041e-05,0.2506643567920602,0
2026-07-03 07:01:00,68.95,4178.09,7499.7,7.252157516868252e-05,-0.0003445363473882912,-0.00031991042508106027,0.12057696433170229,0
2026-07-03 07:02:00,68.965,4177.59,7497.7,0.0002175489485134463,-0.00011967190749839762,-0.0002666773337600681,0.13744916741124186,0
2026-07-03 07:03:00,68.965,4178.07,7501.0,0.0,0.00011489878135462206,0.00044013497472561447,0.09607114865301936,0
2026-07-03 07:04:00,68.975,4180.62,7499.7,0.0001450010875079233,0.000610329649814334,-0.00017331022530331364,0.15509101344195986,0
2026-07-03 07:05:00,68.99,4180.15,7499.7,0.0002174700978616606,-0.00011242351612927859,0.0,0.26859606854273343,0
2026-07-03 07:06:00,69.0,4180.44,7500.4,0.0001449485432671871,6.937550087915412e-05,9.33370668159128e-05,0.254680364017317,0
2026-07-03 07:07:00,68.985,4180.68,7500.5,-0.00021739130434783593,5.741022476124513e-05,1.3332622260220361e-05,0.2664642805287415,0
2026-07-03 07:08:00,69.005,4180.23,7499.4,0.0002899180981372762,-0.00010763799190582901,-0.00014665688954074163,0.23321180824668014,0
2026-07-03 07:09:00,69.005,4178.99,7499.0,0.0,-0.00029663439571503414,-5.333760034131885e-05,0.23770313675194055,0
2026-07-03 07:10:00,69.025,4178.47,7499.5,0.0002898340699950541,-0.00012443197997591415,6.667555674089165e-05,0.2506794268655296,0
2026-07-03 07:11:00,68.985,4177.9,7499.1,-0.0005795001810938727,-0.0001364135676457101,-5.3336889125898956e-05,0.22657617420349552,0
2026-07-03 07:12:00,68.975,4178.15,7500.2,-0.00014495904906874912,5.983867493242201e-05,0.00014668426877895158,0.23668678414828187,0
2026-07-03 07:13:00,69.01,4178.15,7499.8,0.0005074302283436527,0.0,-5.3331911148979394e-05,0.24102557539448288,0
2026-07-03 07:14:00,69.01,4178.27,7499.4,0.0,2.8720845350438395e-05,-5.3334755593548167e-05,0.26929555988934734,0
2026-07-03 07:15:00,68.995,4179.04,7499.4,-0.00021735980292714174,0.0001842867981245444,0.0,0.2689576960056342,0
2026-07-03 07:16:00,69.02,4176.74,7499.4,0.00036234509747079535,-0.000550365634212735,0.0,0.18552292100198214,0
2026-07-03 07:17:00,69.02,4177.38,7498.7,0.0,0.00015322955223462387,-9.334080059730798e-05,0.25236063594572633,0
2026-07-03 07:18:00,69.04,4178.38,7498.9,0.00028977108084626835,0.00023938449458760225,2.6671289690138877e-05,0.2568595313363331,0
2026-07-03 07:19:00,69.05,4179.12,7498.9,0.00014484356894550743,0.00017710213049060286,0.0,0.2694216333404873,0
2026-07-03 07:20:00,69.03,4177.3,7498.2,-0.0002896451846488013,-0.0004354983824345071,-9.334702423025032e-05,0.19213272523781721,0
2026-07-03 07:21:00,69.025,4175.73,7498.2,-7.243227582198752e-05,-0.0003758408541403302,0.0,0.22624444581941616,0
2026-07-03 07:22:00,69.03,4173.84,7497.4,7.243752263663694e-05,-0.0004526154708277552,-0.00010669227281212557,0.20308821265991456,0
2026-07-03 07:23:00,69.015,4173.38,7497.5,-0.00021729682746629564,-0.00011021026201296635,1.3337957158521263e-05,0.2630575576572751,0
2026-07-03 07:24:00,69.005,4174.36,7498.1,-0.0001448960370934449,0.0002348216553487159,8.002667555850884e-05,0.25381977350953233,0
2026-07-03 07:25:00,69.005,4174.54,7498.1,0.0,4.312038252574091e-05,0.0,0.27429719436715083,0
2026-07-03 07:26:00,69.015,4175.05,7499.1,0.00014491703499763808,0.00012216914917573263,0.00013336711967038006,0.2402229552322777,0
2026-07-03 07:27:00,69.005,4174.98,7499.1,-0.0001448960370934449,-1.6766266272449926e-05,0.0,0.27409841675379953,0
2026-07-03 07:29:00,68.965,4176.0,7499.5,-0.0005796681399897752,0.0002443125476050412,5.333973410137638e-05,0.22756074503662171,0
2026-07-03 07:30:00,68.96,4179.97,7500.4,-7.250054375418369e-05,0.0009506704980843939,0.0001200080005332449,0.11933114288833768,0
2026-07-03 07:31:00,68.995,4179.75,7500.4,0.0005075406032484242,-5.263195668869791e-05,0.0,0.24477156853924043,0
2026-07-03 07:32:00,69.005,4179.05,7500.0,0.00014493803898818491,-0.0001674741312278627,-5.333048904054838e-05,0.262030215506555,0
2026-07-03 07:33:00,69.065,4178.86,7500.2,0.0008695022099847183,-4.546487838152924e-05,2.666666666661932e-05,0.19905211362245662,0
2026-07-03 07:34:00,69.065,4178.64,7501.6,0.0,-5.264593692999586e-05,0.0001866616890215944,0.21806855274328174,0
2026-07-03 07:35:00,69.075,4177.89,7501.8,0.00014479113878240746,-0.00017948423410485415,2.6660978991177586e-05,0.25865691097614274,0
2026-07-03 07:36:00,69.045,4177.09,7501.0,-0.00043431053203046854,-0.00019148421811010508,-0.00010664107280922153,0.21756527657373403,0
2026-07-03 07:37:00,69.025,4177.96,7502.5,-0.0002896661597507899,0.0002082789693302889,0.0001999733368884815,0.19607416937888283,0
2026-07-03 07:38:00,68.99,4174.21,7501.3,-0.0005070626584572357,-0.0008975672337695473,-0.00015994668443852778,0.07434368789446011,0
2026-07-03 07:39:00,69.015,4174.14,7500.3,0.00036237135816796773,-1.6769640243219364e-05,-0.00013331022622742328,0.23721897678808063,0
2026-07-03 07:40:00,69.045,4174.07,7500.2,0.00043468811128022367,-1.6769921469039772e-05,-1.3332800021359503e-05,0.2547326453261806,0
2026-07-03 07:41:00,69.08,4176.07,7499.9,0.0005069157795640766,0.0004791486486810381,-3.999893336181781e-05,0.20060050605533952,0
2026-07-03 07:42:00,69.12,4175.2,7499.3,0.0005790387955992848,-0.00020832984121432752,-8.000106668082374e-05,0.21633265248508143,0
2026-07-03 07:43:00,69.14,4174.27,7498.9,0.0002893518518518601,-0.00022274382065512466,-5.3338311575834574e-05,0.24799093805503564,0
2026-07-03 07:44:00,69.155,4175.05,7498.7,0.0002169511136824731,0.0001868590196607567,-2.667057835148423e-05,0.26640864159698274,0
2026-07-03 07:45:00,69.135,4175.15,7498.9,-0.00028920540814103557,2.395180896019866e-05,2.6671289690138877e-05,0.26185425519252514,0
2026-07-03 07:46:00,69.12,4173.49,7498.8,-0.0002169668040790107,-0.0003975905057302942,-1.3335289175686604e-05,0.21593946278763937,0
2026-07-03 07:47:00,69.12,4172.78,7498.4,0.0,-0.00017012140918037932,-5.3341868032297235e-05,0.2634543811747313,0
2026-07-03 07:48:00,69.12,4169.78,7498.7,0.0,-0.000718945163655893,4.0008535154179015e-05,0.14303306051377013,0
2026-07-03 07:49:00,69.115,4171.26,7499.9,-7.233796296313155e-05,0.0003549347927229718,0.00016002773814127735,0.21303990404188078,0
2026-07-03 07:50:00,69.13,4170.96,7500.1,0.00021702958836722352,-7.192071460426774e-05,2.6667022227089276e-05,0.2665618614864748,0
2026-07-03 07:51:00,69.13,4172.68,7499.9,0.0,0.0004123750887086164,-2.6666311115919328e-05,0.2515974571119823,0
2026-07-03 07:52:00,69.155,4173.06,7499.9,0.00036163749457562844,9.106856984009148e-05,0.0,0.25680518835035276,0
2026-07-03 07:53:00,69.17,4172.01,7499.9,0.00021690405610574892,-0.0002516139235956283,0.0,0.24981382362408594,0
2026-07-03 07:54:00,69.165,4171.3,7499.6,-7.228567297956623e-05,-0.00017018175891236886,-4.000053334030085e-05,0.26483599500626925,0
2026-07-03 07:55:00,69.155,4171.01,7499.5,-0.0001445817971518215,-6.952269076787587e-05,-1.3334044482449237e-05,0.27253218729921513,0
2026-07-03 07:56:00,69.14,4171.82,7500.3,-0.00021690405610585994,0.00019419756845451275,0.00010667377825179791,0.2481617506710776,0
2026-07-03 07:57:00,69.19,4171.03,7500.2,0.000723170378941207,-0.00018936579238792994,-1.3332800021359503e-05,0.20992648542579945,0
2026-07-03 07:58:00,69.18,4171.09,7500.9,-0.00014452955629418174,1.4384936094957723e-05,9.33308445107972e-05,0.2564730956125938,0
2026-07-03 07:59:00,69.16,4171.11,7501.1,-0.0002891008962129238,4.794909723715435e-06,2.6663467050713763e-05,0.2619793657241237,0
2026-07-03 08:00:00,69.17,4170.35,7502.2,0.0001445922498555241,-0.00018220569584581625,0.0001466451587099904,0.21947963059664327,0
2026-07-03 08:01:00,69.21,4169.01,7502.1,0.0005782853838367519,-0.00032131595669426805,-1.3329423369068394e-05,0.2132376966117394,0
2026-07-03 08:02:00,69.215,4167.8,7503.2,7.224389539106646e-05,-0.0002902367708400577,0.0001466256114954767,0.20507600482833438,0
2026-07-03 08:03:00,69.19,4166.07,7504.9,-0.0003611933829372749,-0.00041508709630988516,0.00022656999680137346,0.11824981410254909,0
2026-07-03 08:04:00,69.13,4164.78,7504.2,-0.0008671773377656455,-0.0003096443410696148,-9.327239536838228e-05,0.13487331259306512,0
2026-07-03 08:05:00,69.09,4168.42,7506.2,-0.0005786199913205836,0.0008739957452734703,0.0002665174169131923,0.022313074985406356,0
2026-07-03 08:06:00,69.11,4167.68,7506.7,0.0002894774931248012,-0.00017752529735481914,6.661160107634956e-05,0.24449033500922146,0
2026-07-03 08:07:00,69.115,4169.93,7506.4,7.234843003889324e-05,0.000539868703931301,-3.996429856001349e-05,0.23297879063107002,0
2026-07-03 08:08:00,69.02,4170.05,7507.5,-0.001374520726325712,2.8777461492213163e-05,0.0001465416178194623,0.07890988111292896,0
2026-07-03 08:09:00,69.01,4170.09,7506.9,-0.00014488554042291213,9.592211124509475e-06,-7.992007992008165e-05,0.2588104912874942,0
2026-07-03 08:10:00,69.02,4168.15,7506.9,0.00014490653528453912,-0.0004652177770744226,0.0,0.21698960143939017,0
2026-07-03 08:11:00,68.98,4166.66,7507.8,-0.0005795421616920926,-0.0003574727397046562,0.0001198897014746958,0.15689836618076786,0
2026-07-03 08:12:00,68.975,4166.36,7506.2,-7.248477819676857e-05,-7.200011520025473e-05,-0.00021311169716831113,0.18459114895218393,0
2026-07-03 08:13:00,68.96,4164.35,7506.5,-0.00021747009786154958,-0.00048243550725313167,3.996696064589855e-05,0.19973681271579596,0
2026-07-03 08:14:00,68.95,4162.3,7505.9,-0.00014501160092794674,-0.000492273704179591,-7.993072670353651e-05,0.1892542675108254,0
2026-07-03 08:15:00,68.94,4162.89,7505.9,-0.00014503263234233454,0.0001417485524830564,0.0,0.2704307027783872,0
2026-07-03 08:16:00,68.915,4162.53,7505.5,-0.0003626341746445494,-8.64783840074379e-05,-5.3291410756828306e-05,0.2531945305103445,0
2026-07-03 08:17:00,68.915,4164.07,7505.7,0.0,0.0003699673035388873,2.6647125441314756e-05,0.25341794842189413,0
2026-07-03 08:18:00,68.935,4165.42,7505.3,0.0002902125807153766,0.00032420204271299546,-5.3292830781925815e-05,0.24303657285230895,0
2026-07-03 08:19:00,68.945,4165.67,7505.7,0.00014506419090443146,6.001795737287097e-05,5.329567105905042e-05,0.2658776561400879,0
2026-07-03 08:20:00,68.915,4166.03,7505.2,-0.00043512945101154,8.64206718245164e-05,-6.661603847746278e-05,0.24801029669615304,0
2026-07-03 08:21:00,68.935,4166.44,7505.0,0.0002902125807153766,9.841503781782279e-05,-2.664819058784129e-05,0.26910224150383877,0
2026-07-03 08:22:00,68.905,4165.96,7504.6,-0.0004351925727134054,-0.00011520626722083538,-5.3297801465679306e-05,0.24823427314266094,0
2026-07-03 08:23:00,68.915,4163.32,7504.5,0.00014512734924898574,-0.0006337074767881479,-1.332516056817834e-05,0.17673469874566694,0
2026-07-03 08:24:00,68.895,4163.94,7503.1,-0.0002902125807154876,0.00014891961223262307,-0.00018655473382633847,0.1945377831636706,0
2026-07-03 08:25:00,68.92,4163.77,7503.5,0.0003628710356340381,-4.082671700345042e-05,5.331129799679424e-05,0.2510910937015192,0
2026-07-03 08:26:00,68.875,4164.49,7503.9,-0.0006529309344167622,0.0001729202141327324,5.330845605389101e-05,0.21558818356666126,0
2026-07-03 08:27:00,68.875,4165.03,7504.2,0.0,0.00012966773842659762,3.997921081033695e-05,0.2695842371986071,0
2026-07-03 08:28:00,68.885,4165.18,7504.3,0.00014519056261352858,3.60141463568997e-05,1.332587084568182e-05,0.26944072670534047,0
2026-07-03 08:29:00,68.905,4164.78,7505.0,0.00029033897074826065,-9.603426502591272e-05,9.327985288432039e-05,0.24151563460603465,0
2026-07-03 08:30:00,68.96,4166.58,7505.1,0.0007982004208693105,0.00043219569821228987,1.3324450366392071e-05,0.169017504262284,0
2026-07-03 08:31:00,69.03,4166.68,7504.9,0.0010150812064966264,2.4000499210474757e-05,-2.664854565570529e-05,0.1545951172646109,0
2026-07-03 08:32:00,69.05,4166.79,7506.7,0.0002897291032883942,2.6399915520114448e-05,0.00023984330237580842,0.16673901563970295,0
2026-07-03 08:33:00,68.925,4167.32,7507.3,-0.001810282404055008,0.0001271962349913558,7.992859712002698e-05,0.050017881935195296,0
2026-07-03 08:34:00,68.955,4169.38,7508.4,0.00043525571273117514,0.000494322490233623,0.00014652404992476775,0.16816384024504827,0
2026-07-03 08:35:00,68.92,4170.67,7508.7,-0.0005075774055542936,0.0003093985196840343,3.995525011979417e-05,0.23172519377023715,0
2026-07-03 08:36:00,68.955,4172.65,7508.7,0.0005078351712128892,0.00047474386609325236,0.0,0.20497032987142777,0
2026-07-03 08:37:00,68.955,4172.75,7508.9,0.0,2.396558541950533e-05,2.6635769174498947e-05,0.2692499054831132,0
2026-07-03 08:38:00,68.98,4172.36,7508.9,0.0003625552896817652,-9.346354322692374e-05,0.0,0.2561801520504295,0
2026-07-03 08:39:00,69.005,4170.19,7508.1,0.00036242389098273264,-0.0005200893499123227,-0.0001065402389164305,0.17499182855941287,0
2026-07-03 08:40:00,68.99,4170.43,7508.3,-0.00021737555249623508,5.755133459173223e-05,2.663789773715841e-05,0.2659497896291308,0
2026-07-03 08:41:00,68.99,4170.34,7509.1,0.0,-2.158050848477533e-05,0.00010654875271365327,0.25281225011962477,0
2026-07-03 08:42:00,69.0,4171.44,7511.3,0.0001449485432671871,0.0002637674626049247,0.00029297785353765704,0.1372665173798936,0
2026-07-03 08:43:00,69.0,4171.51,7509.4,0.0,1.6780775943248116e-05,-0.00025295221865728745,0.15764088104933177,0
2026-07-03 08:44:00,68.96,4171.03,7509.9,-0.0005797101449276365,-0.00011506624699464396,6.658321570296444e-05,0.22256165338910294,0
2026-07-03 08:45:00,68.96,4170.76,7509.3,0.0,-6.473221242708771e-05,-7.989453920820289e-05,0.25978492890494553,0
2026-07-03 08:46:00,68.905,4172.86,7509.7,-0.0007975638051043177,0.0005035053563378078,5.326728190380159e-05,0.1631237440377381,0
2026-07-03 08:47:00,68.905,4171.9,7508.7,0.0,-0.00023005804172682165,-0.0001331611116289766,0.22254175519263736,0
2026-07-03 08:48:00,68.92,4172.88,7507.8,0.00021769102387336758,0.00023490495937106282,-0.00011986096128491219,0.23295530402537634,0
2026-07-03 08:49:00,68.935,4173.02,7507.9,0.0002176436448055874,3.354997028437445e-05,1.3319481072970873e-05,0.2651385189415164,0
2026-07-03 08:50:00,68.915,4173.51,7507.3,-0.0002901283818088629,0.00011742095652533813,-7.991582200073122e-05,0.24741280027725315,0
2026-07-03 08:51:00,68.905,4172.65,7506.3,-0.00014510629035779932,-0.00020606156448665924,-0.0001332036817497384,0.2282157902422513,0
2026-07-03 08:52:00,68.905,4173.39,7505.7,0.0,0.00017734533210322923,-7.993285640062187e-05,0.2540933547333785,0
2026-07-03 08:53:00,68.88,4173.95,7505.4,-0.00036281837312246434,0.0001341834815340448,-3.996962308649987e-05,0.25750996614587807,0
2026-07-03 08:54:00,68.9,4173.11,7505.9,0.00029036004645766056,-0.0002012482181147357,6.661870120172608e-05,0.24003203570062565,0
2026-07-03 08:55:00,68.915,4172.51,7505.7,0.0002177068214803679,-0.00014377766222295474,-2.6645705378358642e-05,0.26491454005540305,0
2026-07-03 08:56:00,68.92,4171.06,7505.7,7.255314517884415e-05,-0.0003475126482620494,0.0,0.2379059205805652,0
2026-07-03 08:57:00,68.945,4171.63,7505.3,0.0003627394080092383,0.00013665591000844302,-5.3292830781925815e-05,0.25388158600006966,0
2026-07-03 08:58:00,68.91,4174.12,7505.5,-0.0005076510261802225,0.0005968889858400939,2.664783552952521e-05,0.1926800989164968,0
2026-07-03 08:59:00,68.91,4172.99,7504.9,0.0,-0.00027071574367776297,-7.994137632405529e-05,0.22921668366555287,0
2026-07-03 09:00:00,68.89,4171.56,7505.8,-0.00029023363807856306,-0.0003426799489093524,0.00011992165118801523,0.19154965019283277,0
2026-07-03 09:01:00,68.915,4173.92,7506.6,0.0003628973726230722,0.0005657356001111946,0.00010658424151999135,0.18196606863708126,0
2026-07-03 09:02:00,68.955,4171.48,7505.7,0.0005804251614305311,-0.000584582359029473,-0.00011989449284632858,0.14978543545568473,0
2026-07-03 09:03:00,68.905,4173.62,7505.7,-0.0007251105793633084,0.0005130073738817131,0.0,0.17605030774648533,0
2026-07-03 09:04:00,68.895,4174.88,7505.6,-0.00014512734924898574,0.0003018961956287036,-1.3323207695425943e-05,0.26094338853791815,0
2026-07-03 09:05:00,68.835,4176.55,7504.8,-0.0008708904855214694,0.0004000114973363722,-0.00010658708164568154,0.12875456978288957,0
2026-07-03 09:06:00,68.795,4177.58,7505.7,-0.0005810997312412081,0.00024661502915068745,0.00011992324912046826,0.19444218349438064,0
2026-07-03 09:07:00,68.825,4178.92,7506.4,0.0004360782033578925,0.00032075986575974547,9.326245386831467e-05,0.20677463811479774,0
2026-07-03 09:08:00,68.835,4178.7,7507.0,0.00014529604068269641,-5.264518105163596e-05,7.993179153786834e-05,0.25677370761921126,0
2026-07-03 09:09:00,68.825,4180.33,7507.1,-0.0001452749328102465,0.00039007346782504726,1.3320900492885812e-05,0.25122765307156764,0
2026-07-03 09:10:00,68.815,4178.64,7506.0,-0.00014529604068291846,-0.000404274303703156,-0.00014652795353731207,0.18643271280918122,0
2026-07-03 09:11:00,68.665,4177.91,7505.0,-0.002179757320351583,-0.00017469798786218238,-0.00013322675193183642,0.0021803417709715944,0
2026-07-03 09:12:00,68.66,4174.94,7504.3,-7.281730139097053e-05,-0.0007108817566678916,-9.327115256496654e-05,0.14258426812313096,0
2026-07-03 09:13:00,68.685,4173.46,7503.8,0.00036411302068173335,-0.00035449611251892055,-6.662846634597486e-05,0.21426772886565698,0
2026-07-03 09:14:00,68.665,4173.96,7504.0,-0.0002911843925165192,0.00011980467046535104,2.665316239780502e-05,0.26464662366996955,0
2026-07-03 09:15:00,68.705,4173.15,7503.7,0.000582538411126432,-0.00019406031682156488,-3.9978678038399273e-05,0.22851439544356783,0
2026-07-03 09:16:00,68.725,4172.36,7503.8,0.00029109962884787954,-0.00018930544073425537,1.332675879894829e-05,0.25576643677372063,0
2026-07-03 09:17:00,68.755,4171.92,7503.8,0.0004365223717714972,-0.00010545590505128821,0.0,0.25052011941279184,0
2026-07-03 09:18:00,68.7,4172.34,7504.2,-0.0007999418224128307,0.00010067307139149939,5.3306324795387994e-05,0.19740783309308824,0
2026-07-03 09:19:00,68.74,4171.61,7504.1,0.0005822416302765365,-0.00017496177205134078,-1.3325870845570797e-05,0.2298140059916297,0
2026-07-03 09:20:00,68.735,4171.78,7504.7,-7.273785277850386e-05,4.0751652239823244e-05,7.995629056112286e-05,0.26003755680713214,0
2026-07-03 09:21:00,68.71,4170.73,7503.7,-0.0003637157197935448,-0.00025169112465184273,-0.00013324983010643,0.20310484025738829,0
2026-07-03 09:22:00,68.715,4170.19,7502.6,7.276961141045035e-05,-0.00012947373721150512,-0.00014659434678887528,0.23367620562614394,0
2026-07-03 09:23:00,68.675,4172.08,7503.2,-0.0005821145310340725,0.0004532167599078374,7.997227627742909e-05,0.19290588919223667,0
2026-07-03 09:24:00,68.58,4173.17,7503.7,-0.0013833272661084584,0.0002612605702672077,6.663823435326677e-05,0.09130581442977825,0
2026-07-03 09:25:00,68.56,4174.52,7503.9,-0.0002916302128900261,0.000323495088865311,2.665351759789658e-05,0.24685824962462577,0
2026-07-03 09:26:00,68.53,4174.26,7504.2,-0.0004375729288215169,-6.228260973717425e-05,3.997921081033695e-05,0.24829398185718604,0
2026-07-03 09:27:00,68.56,4173.98,7503.4,0.0004377644827082694,-6.707775749492662e-05,-0.00010660696676534354,0.23517206411099972,0
2026-07-03 09:28:00,68.555,4174.67,7503.1,-7.292882147014179e-05,0.00016530984815466,-3.9981874883299184e-05,0.2672200165992064,0
2026-07-03 09:29:00,68.535,4175.37,7503.3,-0.00029173656188474784,0.00016767792424299266,2.6655648998286097e-05,0.2596660896732028,0
2026-07-03 09:30:00,68.475,4176.11,7502.9,-0.0008754650908295858,0.0001772298023887675,-5.330987698748402e-05,0.17087194139822204,0
2026-07-03 09:31:00,68.555,4174.17,7501.5,0.001168309602044726,-0.0004645471503383902,-0.00018659451678681993,0.05623446903185525,0
2026-07-03 09:32:00,68.58,4175.52,7500.7,0.000364670702355685,0.0003234175896047464,-0.00010664533759918715,0.20499533201028708,0
2026-07-03 09:33:00,68.575,4175.96,7501.6,-7.290755322242326e-05,0.00010537609686922522,0.00011998880104524545,0.24996682388247055,0
2026-07-03 09:34:00,68.565,4176.34,7500.9,-0.00014582573824284406,9.099704020165689e-05,-9.331342646912155e-05,0.2528196419157859,0
2026-07-03 09:35:00,68.59,4177.06,7502.2,0.0003646175162255183,0.00017239975672489471,0.00017331253582897332,0.18891980382996165,0
2026-07-03 09:36:00,68.56,4177.32,7502.0,-0.0004373815424989491,6.22447367284451e-05,-2.665884673824781e-05,0.252374069640482,0
2026-07-03 09:37:00,68.63,4177.76,7502.5,0.0010210035005833173,0.0001053306904905682,6.664889362828497e-05,0.1437242289903074,0
2026-07-03 09:38:00,68.65,4177.71,7503.2,0.0002914177473409829,-1.1968136034656851e-05,9.330223258907644e-05,0.24764128369001664,0
2026-07-03 09:39:00,68.665,4179.21,7502.3,0.00021849963583386867,0.0003590483781785725,-0.000119948821835969,0.21846970416527278,0
2026-07-03 09:40:00,68.64,4177.74,7501.4,-0.00036408650695418654,-0.0003517411185368635,-0.0001199632112819371,0.19481460278618518,0
2026-07-03 09:41:00,68.62,4176.82,7500.8,-0.0002913752913752399,-0.00022021475726108353,-7.998506945361417e-05,0.22984102110980859,0
2026-07-03 09:42:00,68.635,4177.27,7500.4,0.00021859516176037097,0.00010773746534464834,-5.332764505128207e-05,0.26831131742560527,0
2026-07-03 09:43:00,68.61,4178.26,7500.5,-0.00036424564726456055,0.00023699689031353444,1.3332622260220361e-05,0.24619447603005645,0
2026-07-03 09:44:00,68.57,4179.4,7499.7,-0.0005830053927999845,0.0002728408476253552,-0.00010665955602962018,0.19442865431725836,0
2026-07-03 09:45:00,68.57,4179.67,7499.2,0.0,6.460257453233531e-05,-6.666933344001702e-05,0.2684789910752563,0
2026-07-03 09:46:00,68.565,4179.76,7499.9,-7.29181857954675e-05,2.1532800436485644e-05,9.33432899508091e-05,0.25494205090779615,0
2026-07-03 09:47:00,68.54,4179.8,7501.2,-0.0003646175162254073,9.569927460040262e-06,0.00017333564447530314,0.20318367604088705,0
2026-07-03 09:48:00,68.535,4180.32,7500.8,-7.295010213026476e-05,0.00012440786640488533,-5.3324801365106644e-05,0.26867581898634985,0
2026-07-03 09:49:00,68.495,4180.34,7500.5,-0.0005836433938861685,4.784322731321566e-06,-3.9995733788433796e-05,0.23521573158694414,0
2026-07-03 09:50:00,68.475,4180.83,7499.9,-0.00029199211621300236,0.00011721534612019191,-7.99946670222429e-05,0.24784942897837892,0
2026-07-03 09:51:00,68.475,4178.45,7500.1,0.0,-0.0005692649545664397,2.6667022227089276e-05,0.17659440772920232,0
2026-07-03 09:52:00,68.475,4177.52,7499.4,0.0,-0.0002225705704267389,-9.333208890560662e-05,0.2348916459567994,0
2026-07-03 09:53:00,68.5,4178.57,7499.6,0.0003650967506390046,0.00025134529577330866,2.6668800170881468e-05,0.24063340344876877,0
2026-07-03 09:54:00,68.45,4177.8,7499.9,-0.0007299270072992359,-0.0001842735672729079,4.000213344701464e-05,0.18390946042937106,0
2026-07-03 09:55:00,68.405,4176.98,7499.9,-0.0006574141709276837,-0.00019627555172596622,0.0,0.19505771910850417,0
2026-07-03 09:56:00,68.445,4176.84,7499.4,0.0005847525765658723,-3.3517038625863194e-05,-6.666755556739012e-05,0.23059671403544474,0
2026-07-03 09:57:00,68.435,4176.65,7499.9,-0.00014610271020509824,-4.548893421829625e-05,6.667200042675958e-05,0.2645728146637517,0
2026-07-03 09:58:00,68.445,4174.8,7498.7,0.00014612405932612482,-0.00044293871882949976,-0.0001600021333617585,0.18763127343211877,0
2026-07-03 09:59:00,68.48,4177.42,7498.6,0.0005113594857186765,0.0006275749736515124,-1.3335644845069439e-05,0.18632584918381356,0
2026-07-03 10:00:00,68.54,4180.59,7497.9,0.0008761682242990343,0.0007588415816461858,-9.335075880845256e-05,0.08405001962920433,0
2026-07-03 10:01:00,68.52,4181.43,7498.2,-0.000291800408520726,0.0002009285770669944,4.001120313690265e-05,0.26006219524921736,0
2026-07-03 10:02:00,68.55,4184.45,7497.2,0.0004378283712784814,0.0007222409558451659,-0.00013336534101515696,0.13619462540926458,0
2026-07-03 10:03:00,68.59,4182.88,7497.8,0.0005835156819840037,-0.0003751986521525197,8.002987782118609e-05,0.17906465175882214,0
2026-07-03 10:04:00,68.57,4183.05,7498.2,-0.0002915876949993734,4.064185441610135e-05,5.334898236819541e-05,0.2610193882262687,0
2026-07-03 10:05:00,68.585,4185.26,7499.0,0.00021875455738662453,0.0005283226353975934,0.00010669227281212557,0.21143173103361856,0
2026-07-03 10:06:00,68.635,4183.81,7499.8,0.0007290223809872654,-0.00034645398374288927,0.00010668089078547105,0.15910852929714303,0
2026-07-03 10:07:00,68.595,4183.24,7500.0,-0.0005827930356233635,-0.00013623945638086,2.666737779666306e-05,0.22520096952551172,0
2026-07-03 10:08:00,68.605,4181.64,7497.4,0.0001457832203513032,-0.00038247865291007876,-0.0003466666666667173,0.09535711090238808,0
2026-07-03 10:09:00,68.635,4182.36,7498.4,0.0004372859121055672,0.00017218124946172253,0.00013337957158476854,0.20474259116401494,0
2026-07-03 10:10:00,68.65,4181.76,7498.8,0.00021854738835869192,-0.00014345967348561306,5.334471353890535e-05,0.25378247992754627,0
2026-07-03 10:11:00,68.635,4183.19,7499.5,-0.0002184996358339797,0.00034196127946106714,9.334826905638138e-05,0.23161652137121408,0
2026-07-03 10:12:00,68.655,4184.45,7499.6,0.0002913965178115152,0.00030120553931345384,1.3334222281446984e-05,0.253575424544176,0
2026-07-03 10:13:00,68.665,4183.42,7497.5,0.0001456558153085652,-0.00024614943421474855,-0.00028001493412987966,0.13367985050956654,0
2026-07-03 10:14:00,68.665,4183.9,7497.9,0.0,0.00011473865880051726,5.3351117038857865e-05,0.2676332273796153,0
2026-07-03 10:15:00,68.615,4183.45,7497.7,-0.0007281730139082621,-0.00010755515189175835,-2.667413542456476e-05,0.20231923116929773,0
2026-07-03 10:16:00,68.54,4183.82,7498.1,-0.0010930554543465698,8.844374858063553e-05,5.334969390613509e-05,0.15532815582788717,0
2026-07-03 10:17:00,68.545,4183.75,7498.7,7.295010213015374e-05,-1.6731121319724096e-05,8.002027180209481e-05,0.2618824222459632,0
2026-07-03 10:18:00,68.51,4184.48,7498.9,-0.0005106134656064354,0.0001744846130862232,2.6671289690138877e-05,0.24206905380179033,0
2026-07-03 10:19:00,68.48,4184.57,7499.0,-0.00043789227849955203,2.150804878975343e-05,1.3335289175797627e-05,0.2481744113409189,0
2026-07-03 10:20:00,68.475,4185.24,7498.7,-7.301401869175272e-05,0.00016011203062671342,-4.00053340445794e-05,0.26920813609030014,0
2026-07-03 10:21:00,68.495,4184.38,7498.8,0.0002920774005112925,-0.00020548403436837503,1.3335644845069439e-05,0.2545269520291477,0
2026-07-03 10:22:00,68.5,4182.32,7497.6,7.299802905325059e-05,-0.0004923071040393578,-0.00016002560409666966,0.17239139825791716,0
2026-07-03 10:23:00,68.48,4183.51,7496.8,-0.00029197080291964994,0.0002845310736625528,-0.00010670081092623018,0.21822436223859953,0
2026-07-03 10:24:00,68.38,4183.15,7498.0,-0.0014602803738319459,-8.605214281798279e-05,0.00016006829580628157,0.06462425913294068,0
2026-07-03 10:25:00,68.3,4182.23,7498.7,-0.0011699327288681172,-0.00021992995708974838,9.335822886091805e-05,0.1040692199436628,0
2026-07-03 10:26:00,68.31,4182.43,7498.0,0.00014641288433381305,4.7821377590517855e-05,-9.334951391570812e-05,0.2574061134723567,0
2026-07-03 10:27:00,68.355,4181.65,7496.1,0.0006587615283266679,-0.00018649445418106314,-0.00025340090690850747,0.1293002953687089,0
2026-07-03 10:28:00,68.31,4181.73,7496.6,-0.0006583278472679366,1.9131204189726247e-05,6.670135136932487e-05,0.21035451775987762,0
2026-07-03 10:29:00,68.225,4183.05,7497.2,-0.0012443273312839898,0.0003156588301971297,8.003628311503697e-05,0.1158396762659748,0
2026-07-03 10:30:00,68.295,4181.64,7496.1,0.0010260168559912408,-0.0003370746225839216,-0.00014672144267180443,0.11083306988816066,0
2026-07-03 10:31:00,68.355,4181.7,7496.5,0.0008785416209093899,1.434843745506953e-05,5.336108109554871e-05,0.19114260647448555,0
2026-07-03 10:32:00,68.21,4183.82,7496.8,-0.002121278618974598,0.0005069708491760583,4.001867538194759e-05,0.01701223324801937,0
2026-07-03 10:33:00,68.17,4185.85,7496.3,-0.0005864242779649587,0.00048520251827288696,-6.669512325263582e-05,0.18997457969228088,0
2026-07-03 10:34:00,68.205,4185.44,7496.0,0.0005134223265366167,-9.79490426080698e-05,-4.001974307332734e-05,0.24129497294027968,0
2026-07-03 10:35:00,68.14,4185.19,7497.7,-0.0009530093101678405,-5.973087656252485e-05,0.00022678762006411723,0.097680118719498,0
2026-07-03 10:36:00,68.165,4185.82,7498.2,0.00036689169357218,0.00015053080027427335,6.668711738266886e-05,0.23844537754825634,0
2026-07-03 10:37:00,68.265,4184.78,7498.6,0.0014670285337048394,-0.00024845788877680963,5.334613640606278e-05,0.0706533755555534,0
2026-07-03 10:38:00,68.33,4183.48,7498.1,0.0009521716838789551,-0.00031064954430104486,-6.667911343449795e-05,0.15021406766461953,0
2026-07-03 10:39:00,68.41,4182.07,7498.2,0.001170788818966706,-0.00033703997628764526,1.3336711967015802e-05,0.1141780126272649,0
2026-07-03 10:40:00,68.46,4182.66,7499.0,0.0007308872971787395,0.00014107846114486122,0.00010669227281212557,0.1839798321692273,0
2026-07-03 10:41:00,68.445,4181.63,7498.8,-0.0002191060473268891,-0.0002462547756689748,-2.667022269631225e-05,0.2443993734675443,0
2026-07-03 10:42:00,68.375,4181.65,7498.9,-0.001022718971436798,4.782823922688806e-06,1.3335467007991042e-05,0.1554254089943019,0
2026-07-03 10:43:00,68.395,4182.88,7498.8,0.000292504570383878,0.0002941422644173741,-1.3335289175686604e-05,0.25364659214784957,0
2026-07-03 10:44:00,68.39,4184.07,7498.9,-7.310475911970205e-05,0.0002844929809124874,1.3335467007991042e-05,0.26070109155971494,0
2026-07-03 10:45:00,68.4,4184.25,7498.1,0.00014622020763277455,4.302031275771334e-05,-0.0001066823134058259,0.25236346766758544,0
2026-07-03 10:46:00,68.405,4180.51,7496.3,7.30994152045028e-05,-0.0008938280456473047,-0.0002400608154066175,0.047782565523854736,0
2026-07-03 10:47:00,68.54,4179.46,7496.7,0.0019735399459104297,-0.0002511655276509206,5.3359657431029106e-05,0.020663343853213556,0
2026-07-03 10:48:00,68.605,4179.71,7495.5,0.0009483513276917765,5.9816339909923855e-05,-0.00016007043098964502,0.13201074733217966,0
2026-07-03 10:49:00,68.57,4177.09,7493.3,-0.0005101668974566431,-0.00062683774711636,-0.00029350943899675297,0.06774347306419803,0
2026-07-03 10:50:00,68.57,4177.77,7494.6,0.0,0.00016279275763753098,0.0001734883162292089,0.22114876235398045,0
2026-07-03 10:51:00,68.615,4177.5,7494.4,0.0006562636721598736,-6.462777989224566e-05,-2.6685880500698644e-05,0.22895248133520024,0
2026-07-03 10:52:00,68.59,4178.09,7493.6,-0.00036435181811544926,0.0001412327947336589,-0.00010674637062335623,0.2344758029865443,0
2026-07-03 10:53:00,68.62,4179.62,7493.7,0.0004373815424989491,0.0003661960369449879,1.3344720828367684e-05,0.22690492135421092,0
2026-07-03 10:54:00,68.67,4179.32,7493.8,0.0007286505392014586,-7.177686009740558e-05,1.3344542749260668e-05,0.22073891366252252,0
2026-07-03 10:55:00,68.59,4180.67,7494.8,-0.0011649919906799866,0.0003230190557317325,0.00013344364674794384,0.09896240075522877,0
2026-07-03 10:56:00,68.65,4179.98,7495.0,0.0008747630849978982,-0.0001650453157031606,2.668516838344459e-05,0.19540270952117272,0
2026-07-03 10:57:00,68.65,4181.19,7495.3,0.0,0.0002894750692588044,4.002668445624025e-05,0.2579013229469712,0
2026-07-03 10:58:00,68.705,4181.33,7494.1,0.0008011653313910738,3.34832906421223e-05,-0.00016010032953983622,0.16985794636954493,0
2026-07-03 10:59:00,68.745,4180.98,7494.0,0.0005821992576959811,-8.370542387237112e-05,-1.3343830480017083e-05,0.23643211531916247,0
2026-07-03 11:00:00,68.79,4180.6,7493.8,0.0006545930613135464,-9.088778229005001e-05,-2.668801708027857e-05,0.22844810250885383,0
2026-07-03 11:01:00,68.795,4179.38,7492.7,7.268498328238948e-05,-0.00029182414007566937,-0.00014678801142287146,0.212152296129895,0
2026-07-03 11:02:00,68.745,4180.09,7493.2,-0.0007267970055963024,0.00016988165708786696,6.67316187756839e-05,0.20366024397319066,0
2026-07-03 11:03:00,68.625,4180.64,7494.6,-0.0017455814968362349,0.00013157611438985306,0.0001868360646988254,0.020733782522976196,0
2026-07-03 11:04:00,68.59,4180.55,7494.0,-0.0005100182149362364,-2.1527804355381264e-05,-8.005764150198491e-05,0.2349916890106784,0
2026-07-03 11:05:00,68.51,4181.24,7493.9,-0.0011663507799970496,0.00016505005322264843,-1.3344008540250307e-05,0.1391991148475638,0
2026-07-03 11:06:00,68.475,4180.83,7493.2,-0.0005108743249162551,-9.805703571186264e-05,-9.340930623569221e-05,0.2275053259684392,0
2026-07-03 11:07:00,68.55,4179.97,7493.6,0.0010952902519167917,-0.00020570078190207397,5.338173277102953e-05,0.13572551633387347,0
2026-07-03 11:08:00,68.62,4179.6,7493.8,0.0010211524434720065,-8.851738170367884e-05,2.6689441656957413e-05,0.16707259554259407,0
2026-07-03 11:09:00,68.635,4177.37,7493.7,0.00021859516176037097,-0.0005335438797972047,-1.3344364674816589e-05,0.1890232299684954,0
2026-07-03 11:10:00,68.67,4176.46,7494.2,0.0005099439061702071,-0.00021784041155081812,6.672271374630334e-05,0.2150352146541753,0
2026-07-03 11:11:00,68.625,4178.07,7495.5,-0.000655307994757548,0.0003854939350549369,0.00017346748151902958,0.14418348834779338,0
2026-07-03 11:12:00,68.645,4178.98,7496.1,0.00029143897996353196,0.00021780391424752743,8.004802881744766e-05,0.24123600438612064,0
2026-07-03 11:13:00,68.685,4178.92,7497.6,0.0005827081360625375,-1.4357570507494977e-05,0.00020010405410819665,0.16726030360478328,0
2026-07-03 11:14:00,68.655,4180.34,7497.5,-0.0004367765887748343,0.00033980071406003454,-1.333760136579265e-05,0.2326166088500231,0
2026-07-03 11:15:00,68.685,4179.27,7497.3,0.0004369674459252515,-0.0002559600415276142,-2.6675558519428932e-05,0.23418840773772287,0
2026-07-03 11:16:00,68.66,4175.76,7496.8,-0.00036398049064578775,-0.0008398595927040509,-6.669067530973294e-05,0.1074799228428368,0
2026-07-03 11:17:00,68.655,4176.26,7497.9,-7.282260413621344e-05,0.0001197386822997526,0.00014672927115566559,0.23869607731144699,0
2026-07-03 11:18:00,68.66,4176.43,7498.5,7.282790765406055e-05,4.07062778657874e-05,8.00224062738053e-05,0.2594665179285144,0
2026-07-03 11:19:00,68.715,4175.9,7497.8,0.0008010486454996801,-0.0001269026417300978,-9.335200373405961e-05,0.20343135996591166,0
2026-07-03 11:20:00,68.67,4176.76,7498.4,-0.0006548788474132206,0.00020594362891834805,8.002347355207107e-05,0.20206307669708257,0
2026-07-03 11:21:00,68.615,4177.46,7499.2,-0.0008009319935926573,0.00016759402024524306,0.0001066894270778107,0.18408129147537144,0
2026-07-03 11:22:00,68.64,4176.63,7498.1,0.0003643518181155603,-0.00019868532553268814,-0.00014668231277992216,0.2186381589604891,0
2026-07-03 11:23:00,68.655,4173.57,7498.2,0.00021853146853145766,-0.0007326480918827816,1.3336711967015802e-05,0.14914130221960842,0
2026-07-03 11:24:00,68.555,4173.23,7498.0,-0.0014565581530842087,-8.146502874040173e-05,-2.667306820303139e-05,0.10157649991395967,0
2026-07-03 11:25:00,68.605,4173.34,7497.8,0.000729341404711592,2.6358480122334882e-05,-2.6673779674579734e-05,0.21181575707659528,0
2026-07-03 11:26:00,68.595,4172.27,7498.1,-0.00014576197070192976,-0.0002563893667900663,4.0011736776035534e-05,0.24642561117645978,0
2026-07-03 11:27:00,68.645,4172.73,7497.7,0.000728916101756738,0.00011025173346856931,-5.334684786817423e-05,0.2051979003317328,0
2026-07-03 11:28:00,68.685,4173.34,7498.9,0.0005827081360625375,0.0001461872682873011,0.00016004908171840526,0.17810277758726728,0
2026-07-03 11:29:00,68.695,4171.87,7497.7,0.00014559219625809305,-0.0003522358590482,-0.00016002347010890539,0.1991113453435106,0
2026-07-03 11:30:00,68.69,4170.62,7497.4,-7.278550112810311e-05,-0.0002996258272669472,-4.0012270429601315e-05,0.24228777719736766,0
2026-07-03 11:31:00,68.675,4171.37,7498.4,-0.00021837239772892758,0.00017982937788629805,0.00013337957158476854,0.23749160721692403,0
2026-07-03 11:32:00,68.645,4172.28,7498.8,-0.0004368401892974605,0.00021815374804923238,5.334471353890535e-05,0.24450698357378492,0
2026-07-03 11:33:00,68.645,4169.34,7497.5,0.0,-0.0007046506945841413,-0.00017336107110477172,0.12182361484105564,0
2026-07-03 11:34:00,68.645,4169.61,7497.0,0.0,6.475845097764221e-05,-6.668889629879438e-05,0.2684789910752563,0
2026-07-03 11:35:00,68.655,4169.65,7496.7,0.00014567703401557885,9.593223347037494e-06,-4.001600640257674e-05,0.27341372741204645,0
2026-07-03 11:36:00,68.545,4169.49,7497.6,-0.0016022139683926628,-3.837252527183477e-05,0.00012005282324234479,0.05603370770178617,0
2026-07-03 11:37:00,68.585,4169.14,7497.2,0.000583558246407323,-8.394312014170513e-05,-5.33504054631706e-05,0.23456520632577393,0
2026-07-03 11:38:00,68.615,4170.9,7496.6,0.0004374134285922704,0.00042214941210882984,-8.002987782096405e-05,0.20049504039711602,0
2026-07-03 11:39:00,68.635,4171.43,7497.1,0.00029148145449253704,0.00012707089596974974,6.669690259575312e-05,0.2548713770298781,0
2026-07-03 11:40:00,68.605,4170.83,7497.2,-0.00043709477671738384,-0.00014383556717967316,1.3338490883141318e-05,0.23741298155375495,0
2026-07-03 11:41:00,68.555,4170.51,7497.8,-0.0007288098535092047,-7.672333804054077e-05,8.002987782118609e-05,0.19288656689063255,0
2026-07-03 11:42:00,68.555,4170.46,7497.3,0.0,-1.1988941400531417e-05,-6.668622796024426e-05,0.2695768345141738,0
2026-07-03 11:43:00,68.555,4171.23,7498.9,0.0,0.00018463191110806854,0.0002134101609911898,0.1958586967208199,0
2026-07-03 11:44:00,68.515,4172.09,7499.4,-0.0005834731237692736,0.00020617419801838288,6.667644587876609e-05,0.22384693535330574,0
2026-07-03 11:45:00,68.535,4172.52,7499.3,0.00029190688170466217,0.0001030658494902692,-1.333440008521869e-05,0.2707040993780615,0
2026-07-03 11:46:00,68.53,4172.3,7499.7,-7.29554242356878e-05,-5.2725930612784744e-05,5.333831157572355e-05,0.266502953505446,0
2026-07-03 11:47:00,68.57,4171.9,7499.3,0.0005836859769443592,-9.58703832419916e-05,-5.3335466751902594e-05,0.23423285816389877,0
2026-07-03 11:48:00,68.575,4173.46,7498.5,7.291818579568954e-05,0.00037393034348864873,-0.00010667662315155813,0.22392046713395647,0
2026-07-03 11:49:00,68.575,4172.96,7498.0,0.0,-0.00011980467046524002,-6.668000266718543e-05,0.26526159066472443,0
2026-07-03 11:50:00,68.71,4171.82,7497.0,0.001968647466277673,-0.0002731873777847005,-0.00013336889837289867,0.0076115763094999345,0
2026-07-03 11:51:00,68.625,4173.11,7496.3,-0.0012370833939745474,0.0003092175597221303,-9.337068160597539e-05,0.09832800951359544,0
2026-07-03 11:52:00,68.64,4173.19,7496.4,0.00021857923497270448,1.9170354963016223e-05,1.3339914357590743e-05,0.26491765309040843,0
2026-07-03 11:53:00,68.63,4173.69,7495.5,-0.00014568764568767545,0.00011981242167258266,-0.00012005762766120753,0.24259805620997466,0
2026-07-03 11:54:00,68.6,4174.73,7496.1,-0.0004371266210112523,0.0002491799822219587,8.004802881744766e-05,0.2289085928313156,0
2026-07-03 11:55:00,68.63,4174.23,7495.9,0.0004373177842564857,-0.00011976822453185765,-2.668054054788538e-05,0.2527337558544122,0
2026-07-03 11:56:00,68.655,4173.01,7495.9,0.0003642721841761176,-0.0002922694724534214,0.0,0.23770147602753305,0
2026-07-03 11:57:00,68.655,4172.88,7496.0,0.0,-3.1152573322423827e-05,1.3340626209057405e-05,0.27344126465885105,0
2026-07-03 11:58:00,68.625,4173.07,7495.5,-0.0004369674459252515,4.5532102528555995e-05,-6.670224119531554e-05,0.24430627321150267,0
2026-07-03 11:59:00,68.635,4171.91,7495.6,0.000145719489981877,-0.0002779728113834201,1.3341338136241276e-05,0.25136459367187247,0
2026-07-03 12:00:00,68.675,4173.01,7494.6,0.0005827930356230304,0.00026366819993728363,-0.0001334116014728437,0.18891454703330607,0
2026-07-03 12:01:00,68.645,4175.57,7495.0,-0.0004368401892974605,0.0006134660592711505,5.3371761001175244e-05,0.1970539972896606,0
2026-07-03 12:02:00,68.645,4174.3,7494.5,0.0,-0.00030415009208317745,-6.671114076051143e-05,0.23400501971866144,0
2026-07-03 12:03:00,68.665,4174.95,7495.4,0.00029135406803137975,0.00015571473061348762,0.00012008806458063681,0.2336106600094301,0
2026-07-03 12:04:00,68.63,4175.78,7495.9,-0.0005097211097357945,0.00019880477610501046,6.670758064952764e-05,0.23780145278181758,0
2026-07-03 12:05:00,68.605,4176.44,7495.9,-0.0003642721841758956,0.000158054303627031,0.0,0.2505781356554373,0
2026-07-03 12:06:00,68.6,4176.42,7495.6,-7.28809853510759e-05,-4.788767466901156e-06,-4.002187862683915e-05,0.27356801066946485,0
2026-07-03 12:07:00,68.575,4177.24,7495.7,-0.00036443148688036775,0.00019634040637672712,1.334116014728437e-05,0.2506792944715666,0
2026-07-03 12:08:00,68.556,4178.94,7496.1,-0.000277068902661437,0.00040696727983058345,5.336392865240569e-05,0.24313366714418444,0
2026-07-03 12:09:00,68.56,4178.44,7496.7,5.834646128710652e-05,-0.00011964756612925509,8.004162164310102e-05,0.25537790053888315,0
2026-07-03 12:10:00,68.595,4178.78,7497.3,0.0005105017502917697,8.137008070008278e-05,8.003521549482251e-05,0.219331832034864,0
2026-07-03 12:11:00,68.57,4179.48,7497.8,-0.00036445805087848004,0.00016751300618844667,6.669067530973294e-05,0.2457709500808417,0
2026-07-03 12:12:00,68.585,4180.02,7498.0,0.00021875455738662453,0.00012920267593119483,2.6674491184097704e-05,0.2665890235276927,0
2026-07-03 12:13:00,68.605,4180.4,7498.2,0.00029160895239499496,9.090865593930353e-05,2.6673779674579734e-05,0.26511431164928234,0
2026-07-03 12:14:00,68.565,4179.77,7497.9,-0.000583047882807497,-0.00015070328198241167,-4.000960230454709e-05,0.22638221507796158,0
2026-07-03 12:15:00,68.565,4179.73,7497.5,0.0,-9.569904564354914e-06,-5.334827084912952e-05,0.2716971332493559,0
2026-07-03 12:16:00,68.5,4179.36,7497.0,-0.0009480055421862144,-8.852246436963362e-05,-6.668889629879438e-05,0.153515258084788,0
2026-07-03 12:17:00,68.555,4178.96,7496.7,0.0008029197080292594,-9.570843382711303e-05,-4.001600640257674e-05,0.20749754957635758,0
2026-07-03 12:18:00,68.53,4179.42,7497.2,-0.00036467070235590704,0.00011007523402950525,6.669601291231508e-05,0.2483820558532875,0
2026-07-03 12:19:00,68.525,4180.26,7497.3,-7.296074711793388e-05,0.0002009848256456781,1.3338312970123667e-05,0.2689295050330891,0
2026-07-03 12:20:00,68.525,4180.28,7496.7,0.0,4.784391401280175e-06,-8.002881037183496e-05,0.26154433866273247,0
2026-07-03 12:21:00,68.565,4180.45,7497.5,0.0005837285662166902,4.06671323451846e-05,0.00010671362065983736,0.20872829439811663,0
2026-07-03 12:22:00,68.56,4180.78,7497.8,-7.292350324505925e-05,7.8938870217371e-05,4.001333777936544e-05,0.26841124750163264,0
2026-07-03 12:23:00,68.58,4180.01,7497.5,0.00029171528588101125,-0.00018417615851573643,-4.0011736776146556e-05,0.25817286207214857,0
2026-07-03 12:24:00,68.515,4180.13,7497.6,-0.0009477981918926126,2.8708065291649376e-05,1.3337779259714466e-05,0.16435441174004617,0
2026-07-03 12:25:00,68.49,4180.9,7497.0,-0.00036488360213104976,0.00018420479745828722,-8.002560819464488e-05,0.23820573209439283,0
2026-07-03 12:26:00,68.52,4180.53,7497.1,0.00043802014892690977,-8.849769188445933e-05,1.3338668800821907e-05,0.2519715792476102,0
2026-07-03 12:27:00,68.51,4180.38,7498.3,-0.00014594279042601244,-3.58806180076332e-05,0.00016006189059769582,0.2309696228896217,0
2026-07-03 12:28:00,68.52,4180.26,7497.9,0.00014596409283296197,-2.8705524378169756e-05,-5.334542496304717e-05,0.27028013387253075,0
2026-07-03 12:29:00,68.53,4178.44,7497.7,0.00014594279042623448,-0.0004353796175359248,-2.667413542456476e-05,0.22361414412892505,0
2026-07-03 12:30:00,68.535,4177.8,7498.1,7.296074711793388e-05,-0.00015316721072922146,5.334969390613509e-05,0.26207623221306425,0
2026-07-03 12:31:00,68.53,4178.88,7498.8,-7.29554242356878e-05,0.00025850926324855195,9.335698376911061e-05,0.24552551828941194,0
2026-07-03 12:32:00,68.51,4177.77,7498.5,-0.0002918429884721796,-0.00026562141052144383,-4.000640102419517e-05,0.23678103104575082,0
2026-07-03 12:33:00,68.52,4177.71,7498.6,0.00014596409283296197,-1.4361728865042167e-05,1.3336000533437087e-05,0.27000945291959494,0
2026-07-03 12:34:00,68.49,4177.04,7498.5,-0.0004378283712784814,-0.00016037494225307203,-1.3335822686921794e-05,0.2412148813930136,0
2026-07-03 12:35:00,68.415,4176.28,7498.9,-0.0010950503723169414,-0.0001819470246874344,5.334400213374835e-05,0.1307303640331987,0
2026-07-03 12:36:00,68.42,4176.11,7498.7,7.308338814571158e-05,-4.0706082925501264e-05,-2.667057835148423e-05,0.2736885089378033,0
2026-07-03 12:37:00,68.395,4176.58,7499.5,-0.00036539023677295557,0.00011254492817491801,0.00010668515876077755,0.23794002618064108,0
2026-07-03 12:38:00,68.395,4176.77,7499.0,0.0,4.549176599044635e-05,-6.667111140745696e-05,0.26781584001687253,0
2026-07-03 12:39:00,68.455,4177.02,7499.2,0.0008772571094377568,5.9854863925901114e-05,2.667022269631225e-05,0.19311359097895275,0
2026-07-03 12:40:00,68.49,4176.75,7498.7,0.0005112847856254543,-6.463938405865122e-05,-6.667377853641909e-05,0.23528410321168797,0
2026-07-03 12:41:00,68.585,4176.32,7499.0,0.0013870638049349182,-0.00010295085892142453,4.000693453543036e-05,0.08851696671542686,0
2026-07-03 12:42:00,68.6,4176.68,7499.2,0.00021870671429624622,8.620029116546135e-05,2.667022269631225e-05,0.26858172187554563,0
2026-07-03 12:43:00,68.605,4177.59,7499.2,7.288629737622898e-05,0.0002178763994369337,0.0,0.2644769138667613,0
2026-07-03 12:44:00,68.58,4177.63,7500.5,-0.00036440492675471337,9.574898446329527e-06,0.00017335182419464523,0.20239131985823472,0
2026-07-03 12:45:00,68.6,4177.44,7500.6,0.0002916302128899151,-4.548033215012737e-05,1.3332444503744156e-05,0.26824196707850495,0
2026-07-03 12:46:00,68.595,4177.03,7500.2,-7.288629737600694e-05,-9.814623309967185e-05,-5.332906700805662e-05,0.2654633525260742,0
2026-07-03 12:47:00,68.63,4176.38,7498.8,0.0005102412712296722,-0.00015561295944721554,-0.0001866616890215944,0.18765464912355717,0
2026-07-03 12:48:00,68.63,4174.9,7498.7,0.0,-0.00035437388360270994,-1.3335467008102064e-05,0.23349704660151543,0
2026-07-03 12:49:00,68.555,4175.73,7499.0,-0.0010928165525279088,0.0001988071570575567,4.000693453543036e-05,0.15400825918518013,0
2026-07-03 12:50:00,68.57,4176.03,7499.1,0.0002188024214133666,7.184372552826446e-05,1.3335111348267148e-05,0.26789280241718966,0
2026-07-03 12:51:00,68.565,4178.23,7499.9,-7.29181857954675e-05,0.0005268161387728121,0.00010667946820275276,0.21685891744211444,0
2026-07-03 12:52:00,68.56,4177.57,7499.5,-7.292350324505925e-05,-0.00015796162489856158,-5.3334044453845486e-05,0.26383351435044083,0
2026-07-03 12:53:00,68.595,4176.08,7499.5,0.0005105017502917697,-0.00035666667464573365,0.0,0.21400699183893662,0
2026-07-03 12:54:00,68.59,4176.42,7499.3,-7.28916101756516e-05,8.141606482636732e-05,-2.6668444562893967e-05,0.27126921608590326,0
2026-07-03 12:55:00,68.585,4177.25,7499.0,-7.289692375000989e-05,0.00019873480157639456,-4.0003733681848175e-05,0.2708296960989382,0
2026-07-03 12:56:00,68.59,4177.27,7499.3,7.290223809874874e-05,4.787838889352969e-06,4.00053340445794e-05,0.27225350916876767,0
2026-07-03 12:57:00,68.62,4177.53,7499.3,0.0004373815424989491,6.224160755685659e-05,0.0,0.24981892090586955,0
2026-07-03 12:58:00,68.575,4177.19,7498.8,-0.000655785485281335,-8.138780571298465e-05,-6.667288946970995e-05,0.2040947094796539,0
2026-07-03 12:59:00,68.575,4177.05,7499.0,0.0,-3.3515353622726174e-05,2.6670934015982084e-05,0.2719844383249536,0
2026-07-03 13:00:00,68.585,4176.26,7496.0,0.00014582573824273304,-0.00018912869130127685,-0.0004000533404453499,0.08979531645948247,0
2026-07-03 13:01:00,68.6,4176.99,7496.6,0.00021870671429624622,0.00017479754612970133,8.004268943451187e-05,0.25014773369645904,0
2026-07-03 13:02:00,68.555,4176.77,7496.9,-0.0006559766763846175,-5.26695060316662e-05,4.001814155740746e-05,0.2121134171288624,0
2026-07-03 13:03:00,68.575,4177.43,7497.1,0.0002917365618846368,0.0001580168407644411,2.6677693446774953e-05,0.2619428271334866,0
2026-07-03 13:04:00,68.6,4178.89,7497.5,0.0003645643456069436,0.00034949717888754783,5.3353963532565274e-05,0.22567534608553363,0
2026-07-03 13:05:00,68.63,4179.28,7496.5,0.0004373177842564857,9.332621820612452e-05,-0.00013337779259747773,0.22866636385484546,0
2026-07-03 13:06:00,68.62,4178.66,7496.5,-0.0001457088736702694,-0.00014835091211884421,0.0,0.267959977314909,0
2026-07-03 13:07:00,68.65,4178.21,7495.3,0.000437190323520964,-0.0001076900250318591,-0.00016007470152734626,0.21431907725219462,0
2026-07-03 13:08:00,68.605,4178.17,7495.0,-0.000655498907501828,-9.573477637525585e-06,-4.002508238498681e-05,0.21462315650919883,0
2026-07-03 13:09:00,68.595,4179.76,7495.5,-0.00014576197070192976,0.0003805493792736758,6.671114076040041e-05,0.24744089856920098,0
2026-07-03 13:10:00,68.595,4179.56,7495.0,0.0,-4.784963729975722e-05,-6.670669068109536e-05,0.26623825507254695,0
2026-07-03 13:11:00,68.535,4180.03,7495.4,-0.0008746993221080412,0.00011245202844301083,5.336891260832033e-05,0.18394892681082042,0
2026-07-03 13:12:00,68.525,4181.07,7496.0,-0.0001459108484714866,0.0002488020420905457,8.004909677938876e-05,0.25311767830486037,0
2026-07-03 13:13:00,68.49,4181.35,7497.1,-0.0005107624954397982,6.696850327791992e-05,0.0001467449306298274,0.2052702042315836,0
2026-07-03 13:14:00,68.515,4183.29,7496.2,0.0003650167907724988,0.00046396498738432435,-0.00012004641794838289,0.18832684246775483,0
2026-07-03 13:15:00,68.475,4184.42,7496.0,-0.0005838137634095464,0.00027012231999212766,-2.6680184626814984e-05,0.2190996110997463,0
2026-07-03 13:16:00,68.46,4184.73,7496.5,-0.00021905805038335835,7.408434143796327e-05,6.670224119531554e-05,0.25887865570633045,0
2026-07-03 13:17:00,68.46,4184.14,7497.0,0.0,-0.0001409887854172398,6.669779230317197e-05,0.2571299143434532,0
2026-07-03 13:18:00,68.465,4183.63,7496.8,7.303534910918508e-05,-0.00012188884693153934,-2.6677337601643814e-05,0.2706681502293096,0
2026-07-03 13:19:00,68.465,4183.49,7496.1,0.0,-3.3463762330931957e-05,-9.337317255364574e-05,0.259294192616886,0
2026-07-03 13:20:00,68.475,4183.97,7495.9,0.00014606003067241247,0.00011473673894291103,-2.668054054788538e-05,0.2713584155895047,0
2026-07-03 13:21:00,68.425,4182.98,7496.0,-0.0007301935012777871,-0.00023661737536373462,1.3340626209057405e-05,0.17798223144852077,0
2026-07-03 13:22:00,68.405,4184.78,7496.9,-0.000292290829375208,0.00043031522981218373,0.00012006403415143474,0.2104854597354779,0
2026-07-03 13:23:00,68.42,4185.34,7496.4,0.00021928221621236865,0.0001338182652375064,-6.669423361660431e-05,0.2638354314833767,0
2026-07-03 13:24:00,68.44,4184.88,7496.2,0.00029231218941827564,-0.00010990743882222098,-2.6679472813539995e-05,0.26651035913431675,0
2026-07-03 13:25:00,68.425,4185.06,7495.4,-0.00021917007597893612,4.301198600686895e-05,-0.00010672073850748198,0.247541779242143,0
2026-07-03 13:26:00,68.435,4183.8,7494.7,0.000146145414687604,-0.00030107095238784964,-9.339061290924988e-05,0.22916215182845356,0
2026-07-03 13:27:00,68.44,4183.9,7494.6,7.306202966317343e-05,2.390171614319314e-05,-1.3342762218537807e-05,0.27573447727226225,0
2026-07-03 13:28:00,68.43,4183.9,7494.0,-0.0001461133839858464,0.0,-8.005764150198491e-05,0.26099662850556726,0
2026-07-03 13:29:00,68.47,4183.07,7494.9,0.0005845389449070648,-0.00019837950237810986,0.00012009607686147561,0.19317805455777298,0
2026-07-03 13:30:00,68.445,4183.7,7494.0,-0.0003651234117132418,0.00015060709000813688,-0.0001200816555256834,0.22886761363090097,0
2026-07-03 13:31:00,68.43,4183.6,7494.2,-0.00021915406530770287,-2.3902287448751558e-05,2.668801708027857e-05,0.26748872548572067,0
2026-07-03 13:32:00,68.48,4184.55,7494.9,0.0007306736811338865,0.00022707715842806842,9.340556697168267e-05,0.1750916248300911,0
2026-07-03 13:33:00,68.46,4184.05,7496.0,-0.0002920560747664558,-0.00011948716110454782,0.00014676646786493386,0.2208324839220545,0
2026-07-03 13:34:00,68.475,4184.01,7496.7,0.0002191060473268891,-9.560115199369612e-06,9.338313767348616e-05,0.2496089226576576,0
2026-07-03 13:35:00,68.46,4184.13,7495.9,-0.00021905805038335835,2.8680619788223893e-05,-0.00010671362065972634,0.24703617199291816,0
2026-07-03 13:36:00,68.465,4184.7,7496.3,7.303534910918508e-05,0.0001362290368607244,5.3362504836007574e-05,0.2646556846060378,0
2026-07-03 13:37:00,68.43,4185.52,7495.9,-0.0005112101073541098,0.0001959519200900317,-5.3359657431029106e-05,0.23912170832421836,0
2026-07-03 13:38:00,68.405,4184.89,7495.9,-0.0003653368405670543,-0.0001505189319368494,0.0,0.247230376458215,0
2026-07-03 13:39:00,68.42,4185.32,7495.0,0.00021928221621236865,0.00010275060993225615,-0.00012006563588085051,0.2482264069642962,0
2026-07-03 13:40:00,68.35,4185.23,7495.5,-0.0010230926629641868,-2.150373209219847e-05,6.671114076040041e-05,0.15699870247901537,0
2026-07-03 13:41:00,68.36,4185.43,7495.7,0.0001463057790782596,4.7787098917062565e-05,2.6682676272482553e-05,0.26922292868700637,0
2026-07-03 13:42:00,68.385,4185.4,7495.3,0.00036571094207138444,-7.167722313017322e-06,-5.336392865240569e-05,0.2539682499788594,0
2026-07-03 13:43:00,68.37,4185.22,7495.3,-0.0002193463478833424,-4.300664213685579e-05,0.0,0.2707026751285249,0
2026-07-03 13:44:00,68.355,4185.32,7495.2,-0.00021939447125929323,2.38936065486417e-05,-1.3341694128365944e-05,0.2726828305438905,0
2026-07-03 13:45:00,68.35,4185.24,7495.3,-7.314753858544965e-05,-1.9114428526312288e-05,1.3341872131533705e-05,0.2706535848456612,0
2026-07-03 13:46:00,68.355,4185.09,7495.7,7.315288953924082e-05,-3.5840238552520276e-05,5.336677651324173e-05,0.2686018119534334,0
2026-07-03 13:47:00,68.345,4185.03,7496.4,-0.00014629507717067725,-1.4336609248655208e-05,9.338687514182098e-05,0.25847783841553623,0
2026-07-03 13:48:00,68.355,4185.03,7496.4,0.00014631648255192253,0.0,0.0,0.2732940256396256,0
2026-07-03 13:49:00,68.34,4184.05,7496.9,-0.00021944261575601587,-0.0002341679749009451,6.669868203412754e-05,0.2367504527442249,0
2026-07-03 13:50:00,68.355,4184.03,7497.7,0.00021949078138727707,-4.7800575998513395e-06,0.00010671077378643368,0.24687987238524456,0
2026-07-03 13:51:00,68.365,4183.42,7497.4,0.0001462950771704552,-0.00014579245368695481,-4.0012270429601315e-05,0.2664439080116483,0
2026-07-03 13:52:00,68.355,4182.88,7497.4,-0.0001462736780515339,-0.0001290809911507207,0.0,0.2713295180175094,0
2026-07-03 13:53:00,68.355,4182.05,7497.7,0.0,-0.00019842787744328572,4.001387147556379e-05,0.25536117369019407,0
2026-07-03 13:54:00,68.425,4181.4,7498.5,0.0010240655401945187,-0.0001554261665930312,0.00010669938781227017,0.14405795858576703,0
2026-07-03 13:55:00,68.395,4180.83,7498.9,-0.000438436244062812,-0.00013631797962398995,5.334400213374835e-05,0.24169194469662775,0
2026-07-03 13:56:00,68.395,4180.68,7499.2,0.0,-3.587804335491995e-05,4.0005867527170835e-05,0.27194364165984847,0
2026-07-03 13:57:00,68.365,4178.76,7499.1,-0.0004386285547188784,-0.00045925543213065634,-1.3334755707195e-05,0.1962413456567716,0
2026-07-03 13:58:00,68.355,4179.09,7498.8,-0.0001462736780515339,7.897079516405725e-05,-4.0004800576087796e-05,0.26846091722485776,0
2026-07-03 13:59:00,68.36,4180.98,7499.4,7.314753858533862e-05,0.00045225156672845657,8.00128020481683e-05,0.2283693846768201,0
2026-07-03 14:00:00,68.31,4180.36,7500.8,-0.0007314218841427689,-0.00014829059215781815,0.000186681601194838,0.14684449593230658,0
2026-07-03 14:01:00,68.305,4180.83,7501.3,-7.319572536956809e-05,0.00011243050837728141,6.66595563139083e-05,0.2628713251213071,0
2026-07-03 14:02:00,68.235,4179.95,7502.2,-0.0010248151672646033,-0.00021048452101624093,0.00011997920360462544,0.1097603297848534,0
2026-07-03 14:03:00,68.275,4178.42,7502.1,0.0005862094233166637,-0.00036603308652016775,-1.3329423369068394e-05,0.19791582685530512,0
2026-07-03 14:04:00,68.245,4178.32,7502.1,-0.00043939948736726464,-2.393249122878416e-05,0.0,0.24946058554398226,0
2026-07-03 14:05:00,68.28,4178.65,7502.4,0.0005128580848412501,7.897911122167756e-05,3.998880313504927e-05,0.2310668520285008,0
2026-07-03 14:06:00,68.175,4180.4,7502.7,-0.0015377855887522829,0.0004187955440153601,3.998720409481571e-05,0.07319695274749338,0
2026-07-03 14:07:00,68.185,4182.28,7501.7,0.00014668133480011392,0.0004497177303608435,-0.0001332853506070819,0.20479970380093654,0
2026-07-03 14:08:00,68.205,4182.82,7500.7,0.00029331964508316766,0.0001291161758658621,-0.00013330311795989314,0.2406483415632022,0
2026-07-03 14:09:00,68.225,4181.09,7499.8,0.00029323363389766044,-0.00041359656882189455,-0.00011998880104513443,0.2036528908605717,0
2026-07-03 14:10:00,68.21,4180.77,7500.0,-0.00021986075485525003,-7.65350662147446e-05,2.666737779666306e-05,0.26514481327752804,0
2026-07-03 14:11:00,68.225,4180.2,7499.3,0.00021990910423697052,-0.00013633852137295843,-9.333333333327865e-05,0.25210188593321897,0
2026-07-03 14:12:00,68.17,4178.93,7497.9,-0.0008061561011358798,-0.00030381321467864986,-0.00018668409051514345,0.11413559622819547,0
2026-07-03 14:13:00,68.205,4178.86,7498.7,0.0005134223265366167,-1.67506993418165e-05,0.00010669654169825904,0.21341456957131377,0
2026-07-03 14:14:00,68.23,4177.92,7498.2,0.0003665420423724086,-0.0002249417305196788,-6.667822422556924e-05,0.23091310626210299,0
2026-07-03 14:15:00,68.27,4175.9,7497.6,0.0005862523816502208,-0.000483494178921684,-8.001920460898315e-05,0.17077597912545495,0
2026-07-03 14:16:00,68.29,4176.53,7499.1,0.0002929544455838595,0.00015086568164957015,0.00020006402048644567,0.19263762895547887,0
2026-07-03 14:17:00,68.275,4175.75,7499.2,-0.00021965148630842535,-0.00018675790668321035,1.3334933525177561e-05,0.2542804670991811,0
2026-07-03 14:18:00,68.28,4175.84,7498.0,7.32332478945441e-05,2.1553014428521422e-05,-0.0001600170684872282,0.22969651128410978,0
2026-07-03 14:19:00,68.28,4175.49,7496.6,0.0,-8.381547185720706e-05,-0.00018671645772205814,0.20662115400981101,0
2026-07-03 14:20:00,68.32,4173.76,7496.6,0.0005858230814292931,-0.0004143226303977565,0.0,0.19123369276193702,0
2026-07-03 14:21:00,68.34,4173.38,7496.9,0.0002927400468386576,-9.104500498358092e-05,4.001814155740746e-05,0.261088885706479,0
2026-07-03 14:22:00,68.35,4174.99,7496.9,0.00014632718759122199,0.0003857784337875092,0.0,0.2500958154915977,0
2026-07-03 14:23:00,68.355,4174.48,7497.7,7.315288953924082e-05,-0.0001221559812120132,0.00010671077378643368,0.25221201466559307,0
2026-07-03 14:24:00,68.335,4174.34,7497.5,-0.0002925901543414655,-3.353711120890335e-05,-2.6674846953067544e-05,0.2620078817968514,0
2026-07-03 14:25:00,68.29,4173.82,7497.7,-0.0006585205238894831,-0.00012457059080006605,2.6675558519428932e-05,0.20713498598206248,0
2026-07-03 14:26:00,68.235,4173.79,7498.2,-0.0008053887831308559,-7.1876602248943655e-06,6.668711738266886e-05,0.19225830394687793,0
2026-07-03 14:27:00,68.275,4173.23,7498.3,0.0005862094233166637,-0.00013417062190490547,1.3336534101515696e-05,0.23396628403482278,0
2026-07-03 14:28:00,68.255,4173.9,7497.9,-0.00029293299157828745,0.00016054710619828327,-5.334542496304717e-05,0.25797522406562706,0
2026-07-03 14:29:00,68.26,4174.69,7498.2,7.325470661512234e-05,0.00018927142480662518,4.001120313690265e-05,0.26514427476823016,0
2026-07-03 14:30:00,68.235,4173.54,7497.9,-0.0003662467037797157,-0.00027546955582324895,-4.000960230454709e-05,0.22815550220477204,0
2026-07-03 14:31:00,68.24,4173.29,7498.4,7.327617791452745e-05,-5.99011870019428e-05,6.668533856135639e-05,0.26024125154556643,0
2026-07-03 14:32:00,68.24,4174.23,7498.5,0.0,0.00022524195538764502,1.3336178384726338e-05,0.2657714217783136,0
2026-07-03 14:33:00,68.24,4175.41,7499.4,0.0,0.000282686866799553,0.00012002400480093378,0.23694694126072763,0
2026-07-03 14:34:00,68.165,4177.17,7498.5,-0.0010990621336457451,0.000421515491891844,-0.0001200096007679674,0.09222971437224015,0
2026-07-03 14:35:00,68.145,4177.57,7497.8,-0.00029340570674118993,9.575861169164313e-05,-9.335200373405961e-05,0.24646115046289724,0
2026-07-03 14:36:00,68.19,4175.27,7498.5,0.0006603565925600297,-0.0005505592964328843,9.336071914423094e-05,0.12488317040608732,0
2026-07-03 14:37:00,68.165,4173.93,7499.0,-0.00036662267194587095,-0.000320937328603943,6.668000266718543e-05,0.21295627128455275,0
2026-07-03 14:38:00,68.17,4173.13,7498.7,7.335142668507544e-05,-0.0001916658880239952,-4.00053340445794e-05,0.25817632337535573,0
2026-07-03 14:39:00,68.065,4174.94,7498.9,-0.00154026697960985,0.0004337272023635652,2.6671289690138877e-05,0.07599547200474843,0
2026-07-03 14:40:00,68.14,4174.55,7499.0,0.0011018879012709704,-9.341451613664731e-05,1.3335289175797627e-05,0.15094357581590617,0
2026-07-03 14:41:00,68.16,4175.03,7499.3,0.00029351335485761076,0.00011498245319851996,4.00053340445794e-05,0.2647862530757363,0
2026-07-03 14:42:00,68.17,4174.42,7498.7,0.0001467136150234971,-0.00014610673456227907,-8.000746736369635e-05,0.2532968057383781,0
2026-07-03 14:43:00,68.19,4174.3,7497.9,0.0002933841865921938,-2.8746508496935164e-05,-0.00010668515876088858,0.25205405074977,0
2026-07-03 14:44:00,68.185,4174.86,7497.9,-7.332453438912978e-05,0.0001341542294515108,0.0,0.26961127341509683,0
2026-07-03 14:45:00,68.19,4175.86,7498.3,7.33299112707364e-05,0.00023952899019374918,5.3348270849351564e-05,0.25694287108361114,0
2026-07-03 14:46:00,68.175,4175.55,7498.5,-0.0002199736031676114,-7.423620523661079e-05,2.6672712481579097e-05,0.26514481327752804,0
2026-07-03 14:47:00,68.17,4175.88,7499.0,-7.334066740005696e-05,7.903150483157262e-05,6.668000266718543e-05,0.261109352524157,0
2026-07-03 14:48:00,68.16,4176.42,7499.3,-0.00014669209329620791,0.00012931406074878637,4.00053340445794e-05,0.2687449248954161,0
2026-07-03 14:49:00,68.17,4175.67,7499.9,0.0001467136150234971,-0.00017957963997872195,8.00074673634743e-05,0.24576305732323594,0
2026-07-03 14:50:00,68.185,4177.45,7499.5,0.00022003813994420085,0.00042627889656032814,-5.3334044453845486e-05,0.2381653155968146,0
2026-07-03 14:51:00,68.165,4176.69,7498.8,-0.00029331964508316766,-0.0001819291673150758,-9.333955597035093e-05,0.232196602913614,0
2026-07-03 14:52:00,68.195,4175.74,7498.5,0.0004401085601113408,-0.00022745283944936023,-4.000640102419517e-05,0.23802323284361054,0
2026-07-03 14:53:00,68.215,4174.78,7498.7,0.0002932766331844583,-0.00022989937112938286,2.6672001066874174e-05,0.2500717386103884,0
2026-07-03 14:54:00,68.215,4174.97,7499.5,0.0,4.551138024044832e-05,0.00010668515876077755,0.25372247983660057,0
2026-07-03 14:55:00,68.24,4174.71,7499.7,0.000366488309022861,-6.227589659335564e-05,2.6668444562893967e-05,0.25517864006661994,0
2026-07-03 14:56:00,68.24,4174.05,7499.2,0.0,-0.00015809481377149215,-6.666933344001702e-05,0.26215259474182606,0
2026-07-03 14:57:00,68.225,4173.29,7499.5,-0.00021981242672919343,-0.00018207735892006305,4.000426712180705e-05,0.25284594468990806,0
2026-07-03 14:58:00,68.22,4172.54,7499.2,-7.328691828500933e-05,-0.0001797143261071943,-4.000266684445197e-05,0.26057786340250766,0
2026-07-03 14:59:00,68.225,4176.81,7499.1,7.329228965113899e-05,0.0010233574753029107,-1.3334755707195e-05,0.1371570467618884,0
2026-07-03 15:00:00,68.3,4174.78,7500.4,0.0010993037742763612,-0.0004860168406033427,0.00017335413582952874,0.056293131769328375,0
2026-07-03 15:01:00,68.29,4173.27,7501.2,-0.00014641288433370203,-0.0003616957061208792,0.00010666097808109676,0.20965659112492085,0
2026-07-03 15:02:00,68.38,4174.39,7500.1,0.001317908917850108,0.0002683746798073372,-0.00014664320375401552,0.05559818873424327,0
2026-07-03 15:03:00,68.405,4172.4,7500.8,0.0003656039777713005,-0.00047671635855794925,9.333208890538458e-05,0.17464381173790167,0
2026-07-03 15:04:00,68.365,4173.79,7500.6,-0.0005847525765660944,0.00033314159716235636,-2.6663822525585523e-05,0.21409380808668477,0
2026-07-03 15:05:00,68.425,4171.0,7499.0,0.0008776420683098696,-0.0006684572055614124,-0.0002133162680318934,0.06231940083314802,0
2026-07-03 15:06:00,68.415,4171.78,7499.7,-0.00014614541468749298,0.00018700551426520384,9.33457794372039e-05,0.2557729674347749,0
2026-07-03 15:07:00,68.46,4170.96,7500.4,0.0006577504933127365,-0.00019655878306135133,9.33370668159128e-05,0.20042814881728083,0
2026-07-03 15:08:00,68.455,4169.86,7500.2,-7.303534910885201e-05,-0.00026372825440679204,-2.6665244520218678e-05,0.24342711884532964,0
2026-07-03 15:09:00,68.455,4166.79,7500.2,0.0,-0.0007362357489220095,0.0,0.15018202790853052,0
2026-07-03 15:10:00,68.45,4168.57,7499.8,-7.304068366076333e-05,0.00042718735525415497,-5.3331911148979394e-05,0.24310123194841549,0
2026-07-03 15:11:00,68.475,4166.74,7498.6,0.00036523009495970093,-0.00043899946504433185,-0.00016000426678042245,0.18422588861305306,0
2026-07-03 15:12:00,68.54,4166.46,7498.4,0.0009492515516613675,-6.719881730077315e-05,-2.667164537395461e-05,0.17057063339798806,0
2026-07-03 15:13:00,68.56,4167.09,7498.3,0.00029180040852061495,0.0001512074998919477,-1.3336178384615316e-05,0.26524688625912113,0
2026-07-03 15:14:00,68.57,4166.62,7498.2,0.00014585764294028358,-0.00011278854068430544,-1.3336356240789549e-05,0.27178835382944105,0
2026-07-03 15:15:00,68.535,4168.36,7498.7,-0.0005104273005687165,0.00041760467717222305,6.668267050757848e-05,0.21600222057162433,0
2026-07-03 15:16:00,68.535,4170.27,7499.2,0.0,0.00045821378191912565,6.667822422556924e-05,0.23420499327509242,0
2026-07-03 15:17:00,68.505,4167.64,7498.9,-0.0004377325454147929,-0.0006306546098934218,-4.000426712180705e-05,0.15179043155197658,0
2026-07-03 15:18:00,68.51,4167.74,7498.1,7.298737318461868e-05,2.3994394909188088e-05,-0.0001066823134058259,0.255051669099434,0
2026-07-03 15:19:00,68.54,4169.52,7499.5,0.00043789227849955203,0.0004270899816209983,0.00018671396753844327,0.15385670743902047,0
2026-07-03 15:20:00,68.52,4170.76,7500.9,-0.000291800408520726,0.0002973963429842019,0.00018667911194070186,0.19821069506745792,0
2026-07-03 15:21:00,68.535,4170.12,7501.0,0.0002189141856392407,-0.00015344925145543975,1.3331733525356881e-05,0.2628753709223752,0
2026-07-03 15:22:00,68.57,4167.79,7500.4,0.0005106879696505917,-0.0005587369188416735,-7.99893347553926e-05,0.15841969581537496,0
2026-07-03 15:23:00,68.63,4167.85,7500.8,0.0008750182295464981,1.4396118806381253e-05,5.33304890406594e-05,0.1905468201039957,0
2026-07-03 15:24:00,68.575,4169.73,7500.9,-0.0008013988051871479,0.00045107189558146743,1.333191126273725e-05,0.1688095647624137,0
2026-07-03 15:25:00,68.595,4169.8,7499.6,0.0002916514764854661,1.6787657714179005e-05,-0.00017331253582897332,0.22333657219641767,0
2026-07-03 15:26:00,68.605,4171.0,7500.5,0.0001457832203513032,0.0002877835867427514,0.00012000640034126597,0.23176375053687742,0
2026-07-03 15:27:00,68.58,4171.86,7500.7,-0.00036440492675471337,0.0002061855670101309,2.6664889007266268e-05,0.24476582961283488,0
2026-07-03 15:28:00,68.6,4171.4,7500.3,0.0002916302128899151,-0.00011026256873436502,-5.3328356020010403e-05,0.26402139252227086,0
2026-07-03 15:29:00,68.6,4171.51,7501.2,0.0,2.6370043630485895e-05,0.00011999520019201348,0.24601050492825105,0
2026-07-03 15:30:00,68.64,4167.54,7503.7,0.0005830903790089437,-0.0009516937511836465,0.0003332800085320553,-0.03307047497586646,1
2026-07-03 15:31:00,68.58,4167.97,7505.5,-0.0008741258741259417,0.00010317837381301764,0.0002398816583819574,0.10133745706147612,0
2026-07-03 15:32:00,68.635,4167.71,7504.9,0.0008019830854477661,-6.238048738360646e-05,-7.994137632405529e-05,0.20198279867244368,0
2026-07-03 15:33:00,68.605,4166.02,7504.4,-0.00043709477671738384,-0.00040549846318471694,-6.662313954886034e-05,0.1922916637380646,0
2026-07-03 15:34:00,68.665,4167.17,7500.9,0.0008745718242111344,0.00027604284184890027,-0.0004663930494109847,-0.009776273458323992,1
2026-07-03 15:35:00,68.64,4166.42,7501.3,-0.00036408650695418654,-0.00017997825862636763,5.332693410120548e-05,0.23576768655741054,0
2026-07-03 15:36:00,68.625,4166.11,7501.8,-0.00021853146853145766,-7.440440474082433e-05,6.665511311365613e-05,0.25743710418452004,0
2026-07-03 15:37:00,68.57,4167.69,7501.8,-0.0008014571948998794,0.00037925066788924156,0.0,0.1745367986648756,0
2026-07-03 15:38:00,68.565,4167.28,7500.9,-7.29181857954675e-05,-9.83758388939382e-05,-0.00011997120691042973,0.24350369075190148,0
2026-07-03 15:39:00,68.55,4167.73,7499.4,-0.00021877050973528878,0.00010798410473977782,-0.0001999760028796871,0.19247771272413755,0
2026-07-03 15:40:00,68.61,4166.73,7499.7,0.0008752735229760056,-0.000239938767626513,4.000320025610016e-05,0.17871246921979017,0
2026-07-03 15:41:00,68.57,4166.59,7499.9,-0.0005830053927999845,-3.35994892876057e-05,2.6667733376006808e-05,0.23044782022731025,0
2026-07-03 15:42:00,68.51,4167.46,7501.3,-0.0008750182295462761,0.00020880384199073454,0.00018666915558873676,0.12325039285524886,0
2026-07-03 15:43:00,68.55,4166.95,7500.9,0.000583856371332514,-0.00012237669947645635,-5.3324090491080334e-05,0.23523914147215647,0
2026-07-03 15:44:00,68.535,4166.92,7499.7,-0.0002188183807440014,-7.1995104332645e-06,-0.00015998080230372747,0.2216585893029061,0
2026-07-03 15:45:00,68.54,4166.63,7500.4,7.295542423602086e-05,-6.959576857723526e-05,9.33370668159128e-05,0.25352535634056567,0
2026-07-03 15:46:00,68.575,4167.17,7501.0,0.0005106507149108541,0.00012960114049009874,7.999573356087808e-05,0.21354931282413525,0
2026-07-03 15:47:00,68.59,4164.99,7500.1,0.00021873860736421058,-0.0005231368050739871,-0.00011998400213297788,0.17105397012424556,0
2026-07-03 15:48:00,68.6,4164.14,7497.4,0.0001457938474995757,-0.0002040821226459988,-0.00035999520006413377,0.1095126476185293,0
2026-07-03 15:49:00,68.625,4165.0,7497.4,0.00036443148688047877,0.0002065252369036763,0.0,0.24703158774548234,0
2026-07-03 15:50:00,68.605,4165.55,7496.8,-0.00029143897996353196,0.00013205282112860317,-8.002774295079451e-05,0.24594054584502362,0
2026-07-03 15:51:00,68.61,4165.82,7498.3,7.288098535096488e-05,6.48173710553479e-05,0.00020008536975768543,0.21280212625425743,0
2026-07-03 15:52:00,68.6,4165.94,7497.1,-0.00014575134820005164,2.8805853349300747e-05,-0.00016003627488891947,0.22225489096250844,0
2026-07-03 15:53:00,68.63,4167.45,7498.9,0.0004373177842564857,0.000362463213584574,0.00024009283589654373,0.13841176785749765,0
2026-07-03 15:54:00,68.635,4166.59,7498.2,7.285443683535675e-05,-0.00020636120409356362,-9.334702423025032e-05,0.23984782424403356,0
2026-07-03 15:55:00,68.645,4167.36,7497.6,0.00014569825890564658,0.00018480340038240506,-8.001920460898315e-05,0.253895036380332,0
2026-07-03 15:56:00,68.66,4167.95,7498.9,0.0002185155510234793,0.00014157644168011352,0.00017338881775486037,0.21045417996799565,0
2026-07-03 15:57:00,68.695,4166.36,7499.9,0.0005097582289541602,-0.0003814825033889857,0.00013335289175753218,0.16217459211754653,0
2026-07-03 15:58:00,68.72,4164.98,7500.4,0.00036392750564084864,-0.00033122437811428096,6.666755556739012e-05,0.21435091409665535,0
2026-07-03 15:59:00,68.715,4164.65,7501.0,-7.275902211867358e-05,-7.923207314319836e-05,7.999573356087808e-05,0.2588604903123479,0
2026-07-03 16:00:00,68.76,4164.8,7501.1,0.0006548788474132206,3.6017432437418506e-05,1.3331555792639449e-05,0.22872273289542883,0
2026-07-03 16:01:00,68.875,4164.46,7500.4,0.0016724840023267795,-8.163657318482898e-05,-9.331964645198365e-05,0.05940167114600192,0
2026-07-03 16:02:00,68.83,4164.5,7500.4,-0.0006533575317604345,9.605086853881062e-06,0.0,0.21339382681330094,0
2026-07-03 16:03:00,68.75,4164.07,7499.4,-0.0011622838878395658,-0.0001032536919198801,-0.00013332622260142646,0.11159674988491175,0
2026-07-03 16:04:00,68.745,4166.57,7499.6,-7.272727272722435e-05,0.0006003741531721563,2.6668800170881468e-05,0.21828842835038875,0
2026-07-03 16:05:00,68.755,4164.24,7500.6,0.0001454651247361216,-0.0005592129737409524,0.00013334044482382623,0.14860827962203116,0
2026-07-03 16:06:00,68.85,4163.15,7499.1,0.0013817176932586772,-0.0002617524446237862,-0.0001999840012798515,0.04313869932936032,0
2026-07-03 16:07:00,68.89,4161.51,7498.4,0.0005809731299928345,-0.0003939324790120935,-9.33445346775752e-05,0.18598182087052262,0
2026-07-03 16:08:00,68.835,4157.0,7498.4,-0.0007983742197708033,-0.001083741238156355,0.0,0.008153929694011741,0
2026-07-03 16:09:00,68.81,4158.84,7498.9,-0.0003631873320257828,0.00044262689439511504,6.668089192363169e-05,0.22078144023489177,0
2026-07-03 16:10:00,68.84,4162.86,7498.5,0.000435983141985119,0.0009666156909136081,-5.334115670296846e-05,0.12859992310761126,0
2026-07-03 16:11:00,68.785,4161.78,7497.9,-0.0007989540964556952,-0.0002594370216629782,-8.001600320073354e-05,0.15019012640609353,0
2026-07-03 16:12:00,68.785,4162.05,7497.9,0.0,6.487608667460343e-05,0.0,0.27358457961025456,0
2026-07-03 16:13:00,68.8,4162.9,7497.6,0.00021807080031988058,0.00020422628272109833,-4.001120313679163e-05,0.26473360725278927,0
2026-07-03 16:14:00,68.75,4162.23,7498.0,-0.0007267441860464574,-0.00016094549472722708,5.335040546294856e-05,0.1965569503218103,0
