time,OIL_CRUDE_close,GOLD_close,US500_close,OIL_CRUDE_return,GOLD_return,US500_return,anomaly_score_batch,is_anomaly_batch,anomaly_score_rolling,is_anomaly_rolling
2026-07-03 03:22:00,68.365,4186.17,7496.1,-0.0013876716330704086,0.004897053845987598,0.0001200768491835813,0.02391105911673086,0,0.0,0.0
2026-07-03 03:23:00,68.376,4185.35,7495.3,-0.0007307163943529593,0.003640139370817197,8.005657331189298e-05,0.06147397911441732,0,0.0,0.0
2026-07-03 03:24:00,68.395,4192.07,7496.1,-0.000438436244062812,0.004723945201277058,0.00021348989258784812,0.03997277523003551,0,0.0,0.0
2026-07-03 03:25:00,68.46,4186.67,7495.2,0.0002191540653078139,0.004322742374629707,0.00021351553325499317,0.04269993613532996,0,0.0,0.0
2026-07-03 03:26:00,68.465,4188.15,7495.1,0.0,0.0032217883919802848,0.00012009287182102035,0.06972055189028381,0,0.0,0.0
2026-07-03 03:27:00,68.465,4188.77,7495.5,0.0009502923976607569,0.002342676921162745,0.00038704855457383225,0.12342360869641356,0,0.0,0.0
2026-07-03 03:28:00,68.476,4192.48,7496.4,0.0008184741303711718,0.004225311628708983,0.00044040517275889535,0.035315581554841824,0,0.0,0.0
2026-07-03 03:29:00,68.505,4187.57,7494.5,0.002326398033535071,0.0027345761047854467,0.0,0.06901463304509159,0,0.0,0.0
2026-07-03 03:30:00,68.53,4187.88,7494.7,0.003294048751921519,0.0024127531236535216,8.006298287988045e-05,0.07160176508274974,0,0.0,0.0
2026-07-03 03:31:00,68.575,4190.36,7494.9,0.002925045703839224,0.0036982744579536764,0.0004271393675667756,0.014616238282729621,0,0.0,0.0
2026-07-03 03:32:00,68.575,4191.63,7495.5,0.0027783870731885596,0.003519331183428953,0.0004137526026373184,0.03594928905581296,0,0.0,0.0
2026-07-03 03:33:00,68.575,4191.26,7495.4,0.0033652790986904435,0.0032265940284075256,0.00018681611956217203,0.010826875363171617,0,0.0,0.0
2026-07-03 03:34:00,68.565,4192.9,7496.4,0.003072196620583556,0.003189323303593339,0.00036030265422959395,0.03149706321221768,0,0.0,0.0
2026-07-03 03:35:00,68.575,4192.34,7495.8,0.0034386889083992678,0.0015959251348653947,0.0001868061485910122,0.11015158616955589,0,0.0,0.0
2026-07-03 03:36:00,68.605,4189.51,7494.2,0.003363802559415152,0.0005421232124265263,-0.000266801846268816,0.17682711333944784,0,0.0,0.0
2026-07-03 03:37:00,68.585,4186.35,7494.9,0.0032180209171359664,4.299873153756906e-05,-0.00016008324328664614,0.18592690436759396,0,0.0,0.0
2026-07-03 03:38:00,68.58,4185.63,7494.3,0.002983502983502806,6.690002030884656e-05,-0.00013341694128321535,0.19588185745380587,0,0.0,0.0
2026-07-03 03:39:00,68.635,4184.86,7495.8,0.0035090284377514713,-0.001719914028153191,-4.0020810821661534e-05,0.1480103897596085,0,0.0,0.0
2026-07-03 03:40:00,68.64,4182.8,7497.0,0.002629272567922891,-0.0009243623213675001,0.00024015369836694056,0.1921958560297966,0,0.0,0.0
2026-07-03 03:41:00,68.675,4181.85,7497.1,0.0030672606441246586,-0.0015042441173308552,0.0002668410027883983,0.14690757468340782,0,0.0,0.0
2026-07-03 03:42:00,68.695,4182.37,7495.5,0.0033593807054697056,-0.0015278948235402101,0.0,0.14684962829972992,0,0.0,0.0
2026-07-03 03:43:00,68.69,4180.59,7496.6,0.0031251825457094817,-0.002836030225546571,2.6679472813651017e-05,0.06810589302813896,0,0.0,0.0
2026-07-03 03:44:00,68.765,4179.74,7496.5,0.0037953434055908453,-0.0018698194895846454,0.00026686236573492117,0.10987695172807099,0,0.0,0.0
2026-07-03 03:45:00,68.715,4176.86,7495.4,0.0026995476433679944,-0.002631403001041255,9.339933553031976e-05,0.09584123740086203,0,0.0,0.0
2026-07-03 03:46:00,68.755,4177.93,7495.5,0.002624863288370305,-0.0029663322483031163,8.005443701719628e-05,0.07711089583275132,0,0.0,0.0
2026-07-03 03:47:00,68.775,4179.04,7495.6,0.002916514764855993,-0.0030036048029048468,1.3341338136241276e-05,0.06556675032352921,0,0.0,0.0
2026-07-03 03:48:00,68.856,4181.4,7496.7,0.0040977032446225525,-0.0023525145183073137,0.00017343970968863864,0.06835516930583996,0,0.0,0.0
2026-07-03 03:49:00,68.815,4180.68,7496.2,0.003646175162254739,-0.002914450618903275,-2.6679472813539995e-05,0.05495348773869402,0,0.0,0.0
2026-07-03 03:50:00,68.79,4177.38,7496.6,0.0031352533722202036,-0.0035684128672770488,0.00010672643346953947,0.018379602511267468,0,0.0,0.0
2026-07-03 03:51:00,68.835,4176.15,7494.9,0.003352525326142164,-0.003188917080995335,9.340556697168267e-05,0.037562764334536425,0,0.0,0.0
2026-07-03 03:52:00,68.795,4176.95,7496.6,0.0030618940001458927,-0.002245392764580245,0.00022682090488213014,0.1051237891243062,0,0.0,0.0
2026-07-03 03:53:00,68.795,4176.26,7496.4,0.003135024788568197,-0.0022386116307461235,0.00028021296185087863,0.09236184819834303,0,0.0,0.0
2026-07-03 03:54:00,68.745,4179.65,7496.6,0.0016026808479638888,-0.0012449639892374575,0.00010672643346953947,0.20476051333685824,0,0.0,0.0
2026-07-03 03:55:00,68.775,4180.45,7496.2,0.001966783216783341,-0.0005618246150904671,-0.00010670935040690832,0.22244246191779465,0,0.0,0.0
2026-07-03 03:56:00,68.815,4181.67,7497.2,0.0020385875500545936,-4.3043150758759197e-05,1.3338490883141318e-05,0.21768820696183455,0,0.0,0.0
2026-07-03 03:57:00,68.815,4181.75,7497.3,0.001746852027076251,-0.000148241308157826,0.00024014408645189889,0.22234914869947436,0,0.0,0.0
2026-07-03 03:58:00,68.865,4182.0,7496.7,0.002547677973504081,0.0003372729686479392,1.3339380519061805e-05,0.2106996521463826,0,0.0,0.0
2026-07-03 03:59:00,68.865,4182.3,7496.5,0.001454228168399574,0.0006124782881233859,0.0,0.22743554899253987,0,0.0,0.0
2026-07-03 04:00:00,68.875,4182.69,7496.5,0.002328458124135846,0.0013957853507180484,0.0001467566774289164,0.17085348185316301,0,0.0,0.0
2026-07-03 04:01:00,68.9,4178.69,7497.2,0.0021089375318159576,0.00018190826557629158,0.0002268027483156576,0.2112428684246178,0,0.0,0.0
2026-07-03 04:02:00,68.905,4178.52,7497.2,0.0018902217375498243,-0.00012443049121313443,0.00021345856235654992,0.21786017150229503,0,0.0,0.0
2026-07-03 04:03:00,68.915,4179.57,7497.4,0.0008568606947834123,-0.0004376524608982191,9.337441807732993e-05,0.24631382991840695,0,0.0,0.0
2026-07-03 04:04:00,68.925,4179.2,7497.0,0.001598488701591183,-0.00035400939560081834,0.00010672073850748198,0.22611604054634704,0,0.0,0.0
2026-07-03 04:05:00,68.9,4179.8,7497.5,0.0015990696322139009,0.0005793104769018509,0.00012005442467244443,0.22273168080001993,0,0.0,0.0
2026-07-03 04:06:00,68.875,4179.61,7497.6,0.0005810997312414301,0.000828514301449923,0.00036024496657738325,0.22097334810838443,0,0.0,0.0
2026-07-03 04:07:00,68.885,4180.36,7497.6,0.0013082346100734554,0.0008163851614215734,0.00013339380519172828,0.2243016249590583,0,0.0,0.0
2026-07-03 04:08:00,68.89,4178.82,7498.3,0.0013809143106329191,0.0006129886549208763,0.0002534549917294626,0.2244857104979629,0,0.0,0.0
2026-07-03 04:09:00,68.905,4179.32,7498.9,0.0023274419957814985,-7.89539794001648e-05,0.000306805751940864,0.1997375187512006,0,0.0,0.0
2026-07-03 04:10:00,68.875,4179.76,7497.1,0.001454016721192275,-0.0001650540013633517,0.00012006083082094499,0.2315146968203478,0,0.0,0.0
2026-07-03 04:11:00,68.855,4179.48,7496.8,0.000581268618760511,-0.0005237142098731828,-5.335325188060569e-05,0.2523521829885486,0,0.0,0.0
2026-07-03 04:12:00,68.905,4179.57,7496.0,0.0013078543922111496,-0.000521312847492128,-0.00017339575580543887,0.240332421004896,0,0.0,0.0
2026-07-03 04:13:00,68.915,4179.76,7495.9,0.0007260582298702634,-0.0005356288857005786,-0.00010671362065972634,0.25257583795963323,0,0.0,0.0
2026-07-03 04:14:00,68.905,4179.34,7495.8,0.0005808465838961219,-0.0007077445424766848,-9.337690922428532e-05,0.24756171436971802,0,0.0,0.0
2026-07-03 04:15:00,68.91,4180.38,7495.9,0.000508166969146906,-0.0005522761667728915,-8.003735076378415e-05,0.2477637663089547,0,0.0,0.0
2026-07-03 04:16:00,68.915,4179.95,7496.3,0.0002177068214803679,0.0003015299053052978,-0.00012004481673155709,0.2550340798614202,0,0.0,0.0
2026-07-03 04:17:00,68.91,4179.61,7497.7,7.256367462438185e-05,0.00026085791141339243,6.669156485084038e-05,0.25778565831102634,0,0.0,0.0
2026-07-03 04:18:00,68.88,4178.2,7497.1,-0.00050787201625202,-0.00032778491567309054,-4.0013871475341745e-05,0.2526411822341834,0,0.0,0.0
2026-07-03 04:19:00,68.865,4176.59,7496.0,-0.0008705114254624613,-0.0006245214395098619,-0.00013338668800855213,0.24197530955991425,0,0.0,0.0
2026-07-03 04:20:00,68.885,4178.05,7497.7,-0.0002177068214803679,-0.00041868031963254726,2.6675558519428932e-05,0.2476474126654436,0,0.0,0.0
2026-07-03 04:21:00,68.885,4180.07,7497.8,0.00014519056261352858,0.0001100581154700464,2.66752027315853e-05,0.2535438764686903,0,0.0,0.0
2026-07-03 04:22:00,68.88,4179.36,7497.7,-7.25847426872317e-05,-0.00023921384761116382,1.333760136579265e-05,0.25197701995339755,0,0.0,0.0
2026-07-03 04:23:00,68.91,4179.61,7497.8,0.00029031789809841335,0.00018904858309287675,-6.66817812037257e-05,0.2549893305481826,0,0.0,0.0
2026-07-03 04:24:00,68.915,4178.45,7497.8,0.00014512734924898574,-0.0002081678359158179,-0.00014668818093310776,0.2566199406943098,0,0.0,0.0
2026-07-03 04:25:00,68.945,4177.77,7498.6,0.001016333938293812,-0.0004761038911325066,0.00020007736324711978,0.23386379012447434,0,0.0,0.0
2026-07-03 04:26:00,68.935,4178.4,7498.9,0.0011618618836686245,-0.0002584053518619456,0.0002801195176607152,0.23252699890777145,0,0.0,0.0
2026-07-03 04:27:00,68.945,4177.66,7498.4,0.0005805093969957209,-0.00045698480944211806,0.00032017075773738135,0.2339088801214993,0,0.0,0.0
2026-07-03 04:28:00,68.89,4177.73,7499.1,-0.00036276572589433176,-0.0004856738185926579,0.00042690003868783855,0.22611630119845538,0,0.0,0.0
2026-07-03 04:29:00,68.915,4179.12,7499.3,0.00014512734924898574,-5.263989050907636e-05,0.0004669281464286801,0.22253584870510973,0,0.0,0.0
2026-07-03 04:30:00,68.875,4178.64,7498.3,-0.0005079088666375409,-0.00041623010348335043,0.00032017502901604544,0.23140452177517928,0,0.0,0.0
2026-07-03 04:31:00,68.875,4181.02,7498.8,-0.0005804251614308642,0.0002559839232527672,0.0003334978589437654,0.24174008812600012,0,0.0,0.0
2026-07-03 04:32:00,68.885,4180.17,7498.4,-0.0003627920475981483,0.00013398379274631722,9.33619643357364e-05,0.25394415837291123,0,0.0,0.0
2026-07-03 04:33:00,68.936,4180.88,7498.4,0.0008130081300814496,0.0006414245368819849,0.00017340038148083714,0.23564118341342266,0,0.0,0.0
2026-07-03 04:34:00,68.94,4180.65,7498.1,0.001089087344805062,0.0009720848826433315,0.00028014941302023644,0.2142652727654425,0,0.0,0.0
2026-07-03 04:35:00,68.966,4180.52,7495.7,0.0011758728315307554,0.0005911848828998867,-0.00026674846953067544,0.23334599882613244,0,0.0,0.0
2026-07-03 04:36:00,68.995,4181.55,7496.6,0.0015968643391159887,0.00035406105639390617,-0.0001600469471044752,0.2281935704710415,0,0.0,0.0
2026-07-03 04:37:00,68.975,4180.42,7496.6,0.0013792102206735546,0.00025362734964207156,-0.00014671165824176047,0.2404659634078598,0,0.0,0.0
2026-07-03 04:38:00,68.935,4184.73,7497.4,0.00036279204759837036,0.0012249946765368058,-5.334898236819541e-05,0.22798820395905545,0,0.0,0.0
2026-07-03 04:39:00,68.956,4186.12,7496.5,0.0005949357904664332,0.001835608898036467,-0.00017338419269652405,0.16472246550607933,0,0.0,0.0
2026-07-03 04:40:00,68.975,4186.23,7496.3,0.000435129451011651,0.002025003769953626,-0.0003067239217987572,0.13860591392947075,0,0.0,0.0
2026-07-03 04:41:00,68.976,4186.21,7496.8,0.0005947631827083466,0.0018691365115834913,-0.00028004107269063994,0.1492753597956012,0,0.0,0.0
2026-07-03 04:42:00,69.05,4183.05,7495.8,0.0015229530785410006,0.0012901959470135171,-0.00034674063800266275,0.18256533861016983,0,0.0,0.0
2026-07-03 04:43:00,69.065,4182.03,7495.2,0.0025402816083610613,0.0010292670900227119,-0.0005200624074889193,0.14703565913201116,0,0.0,0.0
2026-07-03 04:44:00,69.035,4183.19,7496.4,0.0017412754842920375,0.0009738892398398757,-0.0003867027589242733,0.1858307597590082,0,0.0,0.0
2026-07-03 04:45:00,69.02,4182.83,7497.1,0.00210526315789461,0.0010027185878658251,-0.00016003627488891947,0.19544042879626822,0,0.0,0.0
2026-07-03 04:46:00,68.99,4181.18,7497.6,0.0016696914700544685,3.826817379493086e-05,-0.00016002560409666966,0.2294579294170433,0,0.0,0.0
2026-07-03 04:47:00,68.995,4180.18,7498.9,0.0015968643391159887,2.3922472052184673e-06,6.668089192363169e-05,0.23053548375255728,0,0.0,0.0
2026-07-03 04:48:00,68.97,4180.75,7498.7,0.0004932110943483003,-3.109393237787916e-05,4.0008535154179015e-05,0.2444070140034194,0,0.0,0.0
2026-07-03 04:49:00,68.99,4179.98,7499.2,0.0007252683492890988,-0.00016026216019038309,0.00014670383163717382,0.2465539365742797,0,0.0,0.0
2026-07-03 04:50:00,68.96,4179.78,7497.9,-8.699939100431653e-05,-0.000177011472257238,0.0002935016075882313,0.2418225700473529,0,0.0,0.0
2026-07-03 04:51:00,68.945,4181.91,7498.8,-0.0007246901949418127,8.609247766977468e-05,0.00029346637142158016,0.23469885003390162,0,0.0,0.0
2026-07-03 04:52:00,68.945,4182.94,7499.4,-0.00043494019572309917,0.0006028102439465943,0.00037350265453661713,0.2332002738786083,0,0.0,0.0
2026-07-03 04:53:00,68.915,4185.34,7499.2,-0.0002901283818088629,0.00014576806627930594,0.0002400832288527166,0.2482140571853837,0,0.0,0.0
2026-07-03 04:54:00,68.89,4183.5,7498.4,-0.0009571320842276521,-0.0006258779012545679,0.0002534516107517426,0.22920371439895065,0,0.0,0.0
2026-07-03 04:55:00,68.885,4182.98,7498.8,-0.0013048205871690755,-0.0007763548586675606,0.0003334978589437654,0.21560711073594596,0,0.0,0.0
2026-07-03 04:56:00,68.845,4185.48,7498.8,-0.001899211319879357,-0.00017438207830000607,0.00026678049301032125,0.21963391752684241,0,0.0,0.0
2026-07-03 04:57:00,68.82,4185.42,7499.1,-0.003330919623461326,0.0005665722379604166,0.0004402465380612952,0.15603282366384286,0,0.0,0.0
2026-07-03 04:58:00,68.875,4185.07,7500.0,-0.0027510316368637433,0.0007269197016759321,0.0006404098623118415,0.17161873556217738,0,0.0,0.0
2026-07-03 04:59:00,68.865,4183.43,7499.4,-0.0024625190120953766,5.737248367898573e-05,0.00040019209220432117,0.19180020758981825,0,0.0,0.0
2026-07-03 05:00:00,68.925,4183.45,7498.5,-0.0013764126340191085,0.00014822500555844442,0.00018673887236397846,0.23571143621503032,0,0.0,0.0
2026-07-03 05:01:00,68.92,4180.57,7498.7,-0.0010146398028698655,-0.00014589182957935876,0.0001467136150234971,0.23718596054934848,0,0.0,0.0
2026-07-03 05:02:00,68.915,4180.49,7498.6,-0.0011595043119065895,7.415948595501654e-05,-4.0005867527170835e-05,0.2430600268654819,0,0.0,0.0
2026-07-03 05:03:00,68.925,4180.26,7498.7,-0.000652457590256672,-0.00011720385098357156,0.0,0.25234640236916556,0,0.0,0.0
2026-07-03 05:04:00,68.935,4181.76,7498.4,-0.0007972169879691959,0.00042583935808315765,-0.00010667804565822614,0.24827275191398962,0,0.0,0.0
2026-07-03 05:05:00,68.925,4182.77,7498.6,-0.0005075406032482022,0.0007153486547140098,9.335947398625422e-05,0.24107770816435503,0,0.0,0.0
2026-07-03 05:06:00,68.94,4181.1,7497.6,-7.25215751685715e-05,-0.00019369139938441027,-0.00016002560409666966,0.25503178425394163,0,0.0,0.0
2026-07-03 05:07:00,68.925,4181.09,7497.1,-0.000290086300674397,-0.0004422726598993787,-0.0003066912019626944,0.24816028945259538,0,0.0,0.0
2026-07-03 05:08:00,68.975,4180.92,7497.1,0.0008706377421459077,-0.0010560671295521962,-0.00028002986985276035,0.22919364029060857,0,0.0,0.0
2026-07-03 05:09:00,68.995,4181.78,7497.4,0.0015241689650167256,-0.0004111389984463587,-0.00013336178384726338,0.23235310429764172,0,0.0,0.0
2026-07-03 05:10:00,69.005,4181.92,7496.5,0.001742033824490008,-0.0002534078575560095,-0.00030671574118523726,0.22696964465657948,0,0.0,0.0
2026-07-03 05:11:00,69.03,4182.18,7496.4,0.0026871958747911595,-0.000788440035551341,-0.0003200512081933393,0.19706050100090583,0,0.0,0.0
2026-07-03 05:12:00,69.07,4182.15,7496.5,0.0036326649229874164,-0.0007812835987787148,-0.00034670827165927953,0.15897392507480645,0,0.0,0.0
2026-07-03 05:13:00,69.07,4183.17,7497.1,0.002831215970961809,-0.00045399479578589474,-0.0003866666666666463,0.1833269583740162,0,0.0,0.0
2026-07-03 05:14:00,69.025,4182.63,7498.2,0.0023233863355842654,-0.00019123064088566455,-0.00016001280102406756,0.2231855981992496,0,0.0,0.0
2026-07-03 05:15:00,69.005,4181.67,7499.5,0.001160681900616689,-0.00042548614182069677,0.00013336000533437087,0.23609745754951017,0,0.0,0.0
2026-07-03 05:16:00,69.035,4181.82,7499.3,0.0016686012768425407,0.00029900228916157623,8.001386907063868e-05,0.2246192929580721,0,0.0,0.0
2026-07-03 05:17:00,69.015,4181.63,7499.5,0.001451062903576883,0.0002726953060527837,0.00012002240418196308,0.23087986802728483,0,0.0,0.0
2026-07-03 05:18:00,69.035,4182.18,7499.3,0.0015959376133478642,0.0004593015745433249,8.001386907063868e-05,0.227875845437218,0,0.0,0.0
2026-07-03 05:19:00,69.035,4181.52,7498.7,0.0014506419090447586,-5.739210284660956e-05,4.0008535154179015e-05,0.23125956056419245,0,0.0,0.0
2026-07-03 05:20:00,69.06,4181.43,7499.3,0.001958650707290621,-0.0003203618654623597,9.335075880834154e-05,0.21505178694898575,0,0.0,0.0
2026-07-03 05:21:00,69.05,4180.49,7499.2,0.0015955903684363726,-0.00014589462103287154,0.00021340162185223832,0.22394773589497713,0,0.0,0.0
2026-07-03 05:22:00,69.085,4181.34,7499.4,0.002321363801233156,5.9793020480203296e-05,0.0003067852903122503,0.2042546282167011,0,0.0,0.0
2026-07-03 05:23:00,69.105,4179.7,7498.6,0.0018847408481335037,-0.0002918018043875925,0.00020007736324711978,0.21681642741984436,0,0.0,0.0
2026-07-03 05:24:00,69.075,4180.01,7498.4,0.0011595043119065895,-0.00042326473415610355,0.00013337957158476854,0.23609745754951017,0,0.0,0.0
2026-07-03 05:25:00,69.086,4180.4,7498.2,0.0011738279834794252,-0.00036346941117970655,0.00022677249383051823,0.2302946485226381,0,0.0,0.0
2026-07-03 05:26:00,69.096,4180.73,7498.9,0.000956106040851834,-0.0003467091325578542,0.0003334934101701936,0.22850691264527023,0,0.0,0.0
2026-07-03 05:27:00,69.095,4181.03,7499.7,0.0003619516432604719,-0.00026780483722488313,0.00042686587073959004,0.22747073523683997,0,0.0,0.0
2026-07-03 05:28:00,69.075,4182.0,7499.7,7.239032865213879e-05,-0.000279692195153447,0.0003468007629616743,0.23919117498301,0,0.0,0.0
2026-07-03 05:29:00,69.055,4181.3,7500.8,0.00043462513582026574,-0.00031798174832575743,0.0003467498866394081,0.23407870903413608,0,0.0,0.0
2026-07-03 05:30:00,68.99,4179.99,7501.5,-0.00021737555249623508,-0.0004017533664780748,0.0002666844456296058,0.23925476193522466,0,0.0,0.0
2026-07-03 05:31:00,69.015,4180.85,7500.5,-0.00028970811907003124,-0.00023195642088835733,0.00016001493472717065,0.24967360055415516,0,0.0,0.0
2026-07-03 05:32:00,69.0,4180.78,7500.0,-0.00021734405564011183,-0.0002032700167160506,6.667111140745696e-05,0.25247972200720303,0,0.0,0.0
2026-07-03 05:33:00,69.0,4182.67,7499.7,-0.0005069892083725547,0.0001171637758297095,5.333831157572355e-05,0.2525492578376427,0,0.0,0.0
2026-07-03 05:34:00,68.99,4181.76,7499.2,-0.0006518432679075703,5.739539688920381e-05,6.667822422556924e-05,0.24738681004762436,0,0.0,0.0
2026-07-03 05:35:00,68.985,4180.65,7498.2,-0.0010860121633362585,-0.0001865390548211332,-0.0001466803568334063,0.24258824114194527,0,0.0,0.0
2026-07-03 05:36:00,68.99,4181.61,7498.3,-0.0008689355539464039,0.00026791117787627883,-0.00012001280136542114,0.2487110967443366,0,0.0,0.0
2026-07-03 05:37:00,69.015,4181.08,7497.6,-0.0010132445538104662,-6.218102330834974e-05,-0.00024001920153604583,0.24461963242400836,0,0.0,0.0
2026-07-03 05:38:00,69.03,4180.53,7498.2,-0.0010853049706968099,0.00019857884537155535,-5.334329074768718e-05,0.24774577611973292,0,0.0,0.0
2026-07-03 05:39:00,69.025,4180.63,7497.2,-0.0007238508867173366,0.00014832500400707715,-0.00016003414061660504,0.25181385100500664,0,0.0,0.0
2026-07-03 05:40:00,68.995,4181.46,7496.2,-0.001317198853602708,0.0002535642522247805,-0.0002667306820303139,0.23600460935244655,0,0.0,0.0
2026-07-03 05:41:00,68.99,4179.99,7495.7,-0.0015340974875536206,-0.00017700258088892973,-0.0004267292536238587,0.21292600696786285,0,0.0,0.0
2026-07-03 05:42:00,68.995,4180.95,7496.6,-0.0014472827266805988,-1.913404113340622e-05,-0.0004133498673279945,0.21055441818696036,0,0.0,0.0
2026-07-03 05:43:00,68.97,4177.43,7495.1,-0.0015200868621064734,-0.0010927785748444663,-0.0006133578676479345,0.17853880358810953,0,0.0,0.0
2026-07-03 05:44:00,68.955,4177.32,7495.1,-0.0014481210629210262,-0.0009518570779424307,-0.000759918941979465,0.15108411509465391,0,0.0,0.0
2026-07-03 05:45:00,68.95,4177.2,7495.5,-0.0005797941730684153,-0.000667465711640447,-0.0007998400319936261,0.15585253844203278,0,0.0,0.0
2026-07-03 05:46:00,68.945,4176.61,7497.3,-0.0010142722596537812,-0.001014147840750268,-0.0004266382241183697,0.21547043428367535,0,0.0,0.0
2026-07-03 05:47:00,68.95,4178.4,7498.6,-0.0007246376811593791,-0.0005692717626855082,-0.0001866666666666683,0.2419027286110912,0,0.0,0.0
2026-07-03 05:48:00,68.955,4177.48,7498.5,-0.0006521739130435078,-0.0012408342039894604,-0.00016000640025604085,0.22129801592471848,0,0.0,0.0
2026-07-03 05:49:00,68.95,4176.51,7498.7,-0.0005797941730684153,-0.0012554522497704168,-6.667377853641909e-05,0.22765172542067508,0,0.0,0.0
2026-07-03 05:50:00,68.96,4176.84,7497.9,-0.00036239762267165077,-0.0009113415377990375,-4.000960230454709e-05,0.24667853869240614,0,0.0,0.0
2026-07-03 05:51:00,68.945,4176.94,7498.7,-0.0006522684447021199,-0.0011167947273896806,5.334542496293615e-05,0.22487580856734124,0,0.0,0.0
2026-07-03 05:52:00,68.965,4177.25,7498.8,-0.0007244801854668914,-0.0009160312646493418,0.00016005121638928976,0.2319021638491081,0,0.0,0.0
2026-07-03 05:54:00,68.96,4176.67,7498.4,-0.0010140518615096017,-0.0009233279033997732,2.667306820303139e-05,0.23288825973269173,0,0.0,0.0
2026-07-03 05:55:00,68.975,4176.55,7499.4,-0.0007243752263673686,-0.0009759294651763284,0.0002934428853438309,0.224015341475215,0,0.0,0.0
2026-07-03 05:56:00,68.99,4175.57,7499.8,-7.24690194943145e-05,-0.001408598910428438,0.00048024332328377994,0.17157187169949728,0,0.0,0.0
2026-07-03 05:58:00,68.98,4175.48,7501.0,-0.00014494854326696505,-0.0010789499496410837,0.0007070720546447085,0.17678488233820377,0,0.0,0.0
2026-07-03 05:59:00,68.985,4175.96,7501.0,-0.00014493803898840696,-0.001193508652339692,0.0005869327428433824,0.182436416014441,0,0.0,0.0
2026-07-03 06:00:00,68.99,4175.55,7501.2,0.00028998115122513823,-0.00045003746322502813,0.0008138650585047813,0.1703896861701839,0,0.0,0.0
2026-07-03 06:01:00,68.985,4175.67,7501.7,0.0004350663476180294,-0.00039499008933951973,0.0008805753092020474,0.1534905738709731,0,0.0,0.0
2026-07-03 06:02:00,68.98,4175.02,7501.1,0.0004350978970268926,-0.0005218806856266411,0.0007471149356281792,0.18362341326163528,0,0.0,0.0
2026-07-03 06:03:00,68.99,4173.92,7500.9,0.0006526941765174765,-0.0006440630080375431,0.0004801728622303436,0.2108293264810488,0,0.0,0.0
2026-07-03 06:04:00,68.98,4174.43,7500.6,0.0004350978970268926,-0.0009501244495498939,0.0002667164537379918,0.2261630006138487,0,0.0,0.0
2026-07-03 06:05:00,68.98,4174.71,7500.6,0.0003625552896817652,-0.0006630791769199895,0.0002800560112021788,0.23299129794824508,0,0.0,0.0
2026-07-03 06:06:00,68.98,4175.82,7500.9,0.0004350978970268926,-0.0001652097085845794,0.00029338418659241583,0.24111541741272696,0,0.0,0.0
2026-07-03 06:07:00,68.98,4175.76,7500.9,0.00029002320185633756,-0.0002585686787139885,0.00040011203136880447,0.23068893818177372,0,0.0,0.0
2026-07-03 06:08:00,68.97,4176.59,7500.9,0.00036260787584319054,-8.379339899533544e-05,0.00029338418659241583,0.23797553168706598,0,0.0,0.0
2026-07-03 06:09:00,68.99,4178.11,7500.9,0.00036250271877036333,0.0002058770722364045,0.00028004480716914415,0.2437997059031196,0,0.0,0.0
2026-07-03 06:10:00,69.0,4177.82,7500.3,0.0005800464037124531,0.0002753389662097927,0.0002533873893098004,0.23839244253069275,0,0.0,0.0
2026-07-03 06:11:00,68.995,4178.18,7500.7,0.00028996013048221414,0.00039027426943283317,0.00017334720110939728,0.25125473877727966,0,0.0,0.0
2026-07-03 06:12:00,69.0,4178.0,7500.5,0.0001449485432671871,0.0005819564754034889,9.333582228854276e-05,0.24431429337597776,0,0.0,0.0
2026-07-03 06:14:00,69.0,4177.7,7501.5,0.0002899391127861861,0.0005316754001936097,6.665777896275316e-05,0.25162269220089445,0,0.0,0.0
2026-07-03 06:15:00,69.0,4177.19,7501.9,0.00021743857360290164,0.00029454305117848634,0.00011998400213308891,0.24793046154011905,0,0.0,0.0
2026-07-03 06:16:00,69.0,4177.68,7501.5,0.0001449485432671871,0.0005101124402773216,3.999360102380223e-05,0.25449986043733974,0,0.0,0.0
2026-07-03 06:17:00,68.995,4178.78,7501.6,0.00014495904906874912,0.000744790656349581,-1.3330311795956007e-05,0.24620178171475565,0,0.0,0.0
2026-07-03 06:18:00,68.97,4178.8,7501.5,-0.00014496955639320408,0.000905384884383631,5.332551225811777e-05,0.23717286201053206,0,0.0,0.0
2026-07-03 06:20:00,68.95,4180.75,7501.7,-0.0005797941730684153,0.0016363514394142076,0.00010665386820241096,0.20325648181967676,0,0.0,0.0
2026-07-03 06:21:00,68.935,4181.74,7502.0,-0.0006523630037692518,0.0017511372810179449,0.0001866517345279206,0.17891017498507328,0,0.0,0.0
2026-07-03 06:22:00,68.97,4179.59,7502.1,-0.00014496955639320408,0.001168943471522521,0.0001999840012798515,0.22843991998306,0,0.0,0.0
2026-07-03 06:23:00,68.97,4179.07,7502.1,-0.00014496955639320408,0.0007782902519744006,0.0001599808023038385,0.24148718914702694,0,0.0,0.0
2026-07-03 06:24:00,68.975,4178.59,7502.0,-7.248477819676857e-05,0.0006777209418165064,0.0001466490687784816,0.238128395260634,0,0.0,0.0
2026-07-03 06:25:00,68.97,4178.28,7501.6,0.0,0.00040463631814469103,9.332213467727613e-05,0.25677365157797133,0,0.0,0.0
2026-07-03 06:26:00,68.965,4178.92,7502.0,-0.0003623713581677457,0.0001938675621273589,0.0001466490687784816,0.25381618596682715,0,0.0,0.0
2026-07-03 06:27:00,68.95,4178.77,7502.2,-0.0007246376811593791,0.00022739131891769127,0.00025332320040516443,0.24013562864572074,0,0.0,0.0
2026-07-03 06:28:00,68.97,4178.57,7502.2,-0.0003623450974709064,9.334207717226484e-05,0.0001999813350754831,0.24740760313783688,0,0.0,0.0
2026-07-03 06:29:00,68.98,4178.55,7502.4,-0.00028985507246370723,0.0001316419339396635,0.0002533164455702508,0.24788481537348556,0,0.0,0.0
2026-07-03 06:30:00,68.995,4176.72,7501.7,-7.24637681158713e-05,-0.00023457883524413692,2.6661334399769032e-05,0.25093108821778687,0,0.0,0.0
2026-07-03 06:31:00,68.99,4176.74,7502.1,-0.00014492753623196464,-0.00010772792235924644,2.6659912822246667e-05,0.25257828886983746,0,0.0,0.0
2026-07-03 06:32:00,69.005,4176.55,7502.3,7.246376811598232e-05,-0.0002704850539055892,0.00010664533759907613,0.2525966962300254,0,0.0,0.0
2026-07-03 06:33:00,68.995,4176.68,7501.7,0.0,-0.000502539018565118,1.3330489495588793e-05,0.25111736389950234,0,0.0,0.0
2026-07-03 06:34:00,69.015,4177.29,7501.0,0.000652457590256672,-0.0003613477553364719,-6.665333599942258e-05,0.24997391427718368,0,0.0,0.0
2026-07-03 06:35:00,69.025,4176.99,7501.0,0.0010877447425670095,-0.0008993601626502423,-9.331218257191409e-05,0.23990821428458403,0,0.0,0.0
2026-07-03 06:36:00,69.03,4177.0,7502.6,0.001378109813592543,-0.0011334994523810593,7.997867235398637e-05,0.2219985950963414,0,0.0,0.0
2026-07-03 06:37:00,69.02,4175.67,7501.7,0.0007249528780628456,-0.0009378910371591331,-5.331840418021372e-05,0.24325048832817336,0,0.0,0.0
2026-07-03 06:38:00,69.025,4176.06,7502.7,0.0007974481658692412,-0.0007202559421113364,7.997760627009853e-05,0.2401407820252195,0,0.0,0.0
2026-07-03 06:39:00,69.03,4176.4,7503.4,0.0007973903588258668,-0.0005241002347683432,0.00018661690215937554,0.23962084352808194,0,0.0,0.0
2026-07-03 06:40:00,69.015,4176.07,7503.3,0.000652457590256672,-0.0005289257780713985,0.00022661832142478744,0.2333832020427643,0,0.0,0.0
2026-07-03 06:41:00,69.035,4175.94,7503.2,0.0010150076125570173,-0.0007131029069712413,0.00015995734470797274,0.2348020243035197,0,0.0,0.0
2026-07-03 06:42:00,69.03,4176.95,7503.5,0.0011602610587382323,-0.0004355348583435781,0.00017328250379899934,0.23454850016892065,0,0.0,0.0
2026-07-03 06:43:00,69.035,4177.32,7503.2,0.0009424387414818103,-0.00029914540141717794,0.00013329423369135007,0.23577992430195632,0,0.0,0.0
2026-07-03 06:44:00,69.015,4177.2,7503.1,0.0005073934473760477,-0.0003230785798902236,9.33034762209406e-05,0.24790066092375634,0,0.0,0.0
2026-07-03 06:46:00,69.016,4177.87,7502.7,0.00030436988187543257,0.0002753356700950782,0.00013330311796000416,0.24764083447401164,0,0.0,0.0
2026-07-03 06:47:00,69.015,4176.69,7501.8,0.00036237135816796773,-1.1971058768378562e-05,-3.998880313516029e-05,0.25296796610251987,0,0.0,0.0
2026-07-03 06:48:00,69.0,4176.21,7501.6,-7.245851749870802e-05,-8.140690282654184e-05,-9.33047198858894e-05,0.25538712620051396,0,0.0,0.0
2026-07-03 06:49:00,69.005,4176.29,7501.4,0.00014493803898818491,-9.337559975874932e-05,-3.999093538797904e-05,0.25336122692442925,0,0.0,0.0
2026-07-03 06:50:00,68.995,4175.37,7501.4,-0.00028979207418666775,-0.0004596281321144202,5.332622317011371e-05,0.24930789329529224,0,0.0,0.0
2026-07-03 06:51:00,69.005,4174.55,7502.0,-0.0002897500905471029,-0.0005841527032622862,0.0001333155579255063,0.24280210602367536,0,0.0,0.0
2026-07-03 06:53:00,69.0,4175.8,7502.9,-0.0004345936549327023,-0.0002872875269331887,3.998613813860352e-05,0.24875515997859765,0,0.0,0.0
2026-07-03 06:54:00,68.995,4175.21,7503.3,-0.00036221385105750237,-0.0001101619620323957,0.00021328498873596224,0.24758530359496456,0,0.0,0.0
2026-07-03 06:55:00,68.975,4175.69,7502.7,-0.0007243752263673686,-8.860025957502238e-05,0.0,0.24847516103537642,0,0.0,0.0
2026-07-03 06:56:00,68.975,4177.57,7502.2,-0.000796755034043306,0.0002801455799252839,-0.0001599274995335298,0.2487613999814572,0,0.0,0.0
2026-07-03 06:57:00,68.95,4178.38,7501.8,-0.0009418242411070032,0.0005531516473622489,-0.00019991203870295404,0.25074233862258527,0,0.0,0.0
2026-07-03 06:58:00,68.945,4178.71,7501.9,-0.0013036865358152516,0.0006633237067583675,-0.00017325940931867123,0.23398798708627977,0,0.0,0.0
2026-07-03 06:59:00,68.94,4178.8,7501.4,-0.0013037809647979959,0.00044290690575676805,-0.00027986939428270574,0.23147942624612944,0,0.0,0.0
2026-07-03 07:00:00,68.945,4179.53,7502.1,-0.0013036865358152516,0.000529047331782051,-0.00014660411557732012,0.23941007358675503,0,0.0,0.0
2026-07-03 07:01:00,68.95,4178.09,7499.7,-0.0009418242411070032,0.0002130613808293269,-0.0004531460329730841,0.22605459651152027,0,0.0,0.0
2026-07-03 07:02:00,68.965,4177.59,7497.7,-0.0007389590819519842,-6.701979716927653e-05,-0.0006664267530355206,0.19592374543104146,0,0.0,0.0
2026-07-03 07:03:00,68.965,4178.07,7501.0,-0.0007244801854668914,0.0003304051773054262,-0.00010664107280922153,0.2521565651865909,0,0.0,0.0
2026-07-03 07:04:00,68.975,4180.62,7499.7,-0.00036231884057980057,0.0010559813802466511,-0.000253279300415965,0.23036897997247563,0,0.0,0.0
2026-07-03 07:05:00,68.99,4180.15,7499.7,-0.00021737555249623508,0.0009242653168242132,-0.00022662436345211034,0.23562421314799675,0,0.0,0.0
2026-07-03 07:06:00,69.0,4180.44,7500.4,7.246901949420348e-05,0.0012142636460958922,-0.00013330844908954198,0.22825291361783312,0,0.0,0.0
2026-07-03 07:07:00,68.985,4180.68,7500.5,-0.0002898340699948321,0.0014684217460565474,-0.00019994668088507694,0.2130467239715807,0,0.0,0.0
2026-07-03 07:08:00,69.005,4180.23,7499.4,7.246376811598232e-05,0.001060874562957892,-0.00046648629196710534,0.1998502186925602,0,0.0,0.0
2026-07-03 07:09:00,69.005,4178.99,7499.0,0.00014493803898818491,0.0009053436833117434,-0.0005730811776152311,0.19427719202123772,0,0.0,0.0
2026-07-03 07:10:00,69.025,4178.47,7499.5,0.0007249003262053133,0.0006657582339686385,-0.00042651312194275093,0.2242981016349418,0,0.0,0.0
2026-07-03 07:11:00,68.985,4177.9,7499.1,0.00014498006524110707,7.899329035776503e-05,-0.0004132121244434517,0.23632022992491175,0,0.0,0.0
2026-07-03 07:12:00,68.975,4178.15,7500.2,0.00036258158085566983,-5.504525677424432e-05,-0.00021328214561844305,0.24939083047658184,0,0.0,0.0
2026-07-03 07:13:00,69.01,4178.15,7499.8,0.0009427804771922066,-0.0001340126498370342,-0.00027992908463181365,0.24054510263706774,0,0.0,0.0
2026-07-03 07:14:00,69.01,4178.27,7499.4,0.0010153756890050047,-0.00012683066909158214,-0.00026661689817897294,0.2425865565458003,0,0.0,0.0
2026-07-03 07:15:00,68.995,4179.04,7499.4,0.0007252157516863811,-0.00011723806265295789,-0.00035989922821622056,0.23786349628257103,0,0.0,0.0
2026-07-03 07:16:00,69.02,4176.74,7499.4,0.0010152284263957867,-0.0003231141502457735,-4.000160006401021e-05,0.2445127402538642,0,0.0,0.0
2026-07-03 07:17:00,69.02,4177.38,7498.7,0.0007975059812947993,-5.026821684273042e-05,0.00013337423476533772,0.23691544912997337,0,0.0,0.0
2026-07-03 07:18:00,69.04,4178.38,7498.9,0.001087508156311312,7.419693782062531e-05,-0.0002799626716438741,0.23493962077756747,0,0.0,0.0
2026-07-03 07:19:00,69.05,4179.12,7498.9,0.001087350489307859,-0.0003587984557315016,-0.00010667093350402723,0.2429293303978639,0,0.0,0.0
2026-07-03 07:20:00,69.03,4177.3,7498.2,0.0005797941730687484,-0.0006817937155363385,-0.00020000800032005106,0.2463385014852736,0,0.0,0.0
2026-07-03 07:21:00,69.025,4175.73,7498.2,0.00036231884057968955,-0.0011266756609352724,-0.0002933176897231826,0.22446430549829793,0,0.0,0.0
2026-07-03 07:22:00,69.03,4173.84,7497.4,0.000652315720808927,-0.0016360974769654701,-0.0004133057796147366,0.19216603183672015,0,0.0,0.0
2026-07-03 07:23:00,69.015,4173.38,7497.5,0.00014491703499763808,-0.0016386658150387978,-0.00025335360162137555,0.20262337580712786,0,0.0,0.0
2026-07-03 07:24:00,69.005,4174.36,7498.1,0.0,-0.0011079232063250233,-0.00012001600213351615,0.23585255418317075,0,0.0,0.0
2026-07-03 07:25:00,69.005,4174.54,7498.1,-0.0002897500905471029,-0.0009405356506090312,-0.00018667911194070186,0.2391213800070841,0,0.0,0.0
2026-07-03 07:26:00,69.015,4175.05,7499.1,0.00043487714720602533,-0.0006821608942290114,0.0,0.2401049749041298,0,0.0,0.0
2026-07-03 07:27:00,69.005,4174.98,7499.1,0.00043494019572309917,-0.0007587089980015671,-0.0001466627556597766,0.24234259530916652,0,0.0,0.0
2026-07-03 07:29:00,68.965,4176.0,7499.5,-0.0006520794087813142,-0.0005145818125246171,-4.0001066695105614e-05,0.25067751148931305,0,0.22769395717355018,0.0
2026-07-03 07:30:00,68.96,4179.97,7500.4,-0.0007245326764239168,0.0004068669568983996,0.00013334400085329712,0.24909818895058944,0,0.2169667940604018,0.0
2026-07-03 07:31:00,68.995,4179.75,7500.4,0.0,0.00016989547838730523,0.00013334400085329712,0.25279694581912154,0,0.24717944338923126,0.0
2026-07-03 07:32:00,69.005,4179.05,7500.0,-0.00021732831063459024,0.0005530629150964916,8.000640051220032e-05,0.25048699410732334,0,0.24315042816315136,0.0
2026-07-03 07:33:00,69.065,4178.86,7500.2,0.0006519849319037707,0.0003542890519894204,0.00020003467267670771,0.24225614094470682,0,0.2447226214286271,0.0
2026-07-03 07:34:00,69.065,4178.64,7501.6,0.00036210892236376857,6.222507287523271e-05,0.00036005280774520365,0.23818409132202556,0,0.23376444819071085,0.0
2026-07-03 07:35:00,69.075,4177.89,7501.8,0.00036205648081111264,-0.0002943203353814594,0.0003867233860967989,0.2345767725492613,0,0.2265969581181057,0.0
2026-07-03 07:36:00,69.045,4177.09,7501.0,0.00021729682746629564,-5.027170660476532e-05,0.0003734229548424395,0.23124996190503794,0,0.22755118300937116,0.0
2026-07-03 07:37:00,69.025,4177.96,7502.5,0.0,0.0005340383597600695,0.0005734709663651749,0.2215403100166528,0,0.13675955582902277,0.0
2026-07-03 07:38:00,68.99,4174.21,7501.3,-0.0005794582065768994,8.864738466263233e-05,0.000520180329180775,0.22558831080928682,0,0.16062316266883908,0.0
2026-07-03 07:39:00,69.015,4174.14,7500.3,0.0,0.00018210658986239636,0.0003734578192731153,0.2431278839095503,0,0.23769878904523983,0.0
2026-07-03 07:40:00,69.045,4174.07,7500.2,0.0005796681399898862,-6.947172740257024e-05,0.0002800709513075539,0.2361444990346362,0,0.2570693968712256,0.0
2026-07-03 07:41:00,69.08,4176.07,7499.9,0.0010868777624810644,0.0003665074475271979,0.00024006081540650648,0.235218068897173,0,0.23157434461745713,0.0
2026-07-03 07:42:00,69.12,4175.2,7499.3,0.0015214083894805608,3.592771344052004e-05,2.6669867050799212e-05,0.23077817783008375,0,0.23767059686908482,0.0
2026-07-03 07:43:00,69.14,4174.27,7498.9,0.0019563799724657827,-0.00017006069490133058,-2.6669867050799212e-05,0.22172806983725396,0,0.22524712196240115,0.0
2026-07-03 07:44:00,69.155,4175.05,7498.7,0.0027550206626549834,-0.00022749042145586706,-0.00010667377825190894,0.20487117656818649,0,0.15560249536271403,0.0
2026-07-03 07:45:00,69.135,4175.15,7498.9,0.002537703016241455,-0.001153118323815816,-0.0001999893339021952,0.20040435115348265,0,0.12139478943823534,0.0
2026-07-03 07:46:00,69.12,4173.49,7498.8,0.0018117254873541988,-0.0014976972306957048,-0.00021332195616230454,0.19107699270607126,0,0.10380575114547719,0.0
2026-07-03 07:47:00,69.12,4172.78,7498.4,0.0016665459024709506,-0.0015003409865879114,-0.00021333333333339866,0.19370026749006208,0,0.11677173951496878,0.0
2026-07-03 07:48:00,69.12,4169.78,7498.7,0.0007963512633026859,-0.002172841396935965,-0.00019999466680886702,0.153827661579434,0,0.09206358685264471,0.0
2026-07-03 07:49:00,69.115,4171.26,7499.9,0.0007239556939115932,-0.0017661248635919558,-0.00022661832142489846,0.19687143379516253,0,0.1057578285440951,0.0
2026-07-03 07:50:00,69.13,4170.96,7500.1,0.0007962359753890258,-0.0016587320393788296,-0.00022661227971954023,0.20263925615546757,0,0.14489347029687488,0.0
2026-07-03 07:51:00,69.13,4172.68,7499.9,0.001231081178941107,-0.0010557589135019585,-0.00014664711371825678,0.22533144042150477,0,0.19615405799266405,0.0
2026-07-03 07:52:00,69.155,4173.06,7499.9,0.001883375588554781,-0.0011728211854588055,-0.0003465511496167917,0.19778651634424604,0,0.16728434512900808,0.0
2026-07-03 07:53:00,69.17,4172.01,7499.9,0.0026090737788087015,-0.0005270458362180985,-0.0001866343167185036,0.2091776720555123,0,0.15324873958135027,0.0
2026-07-03 07:54:00,69.165,4171.3,7499.6,0.0021734405564008963,-0.00068037967102208,-9.332960014929448e-05,0.22125229439526584,0,0.22580024002290183,0.0
2026-07-03 07:55:00,69.155,4171.01,7499.5,0.0015931638786299551,-0.000733097432481844,-9.33308445107972e-05,0.22784134804606193,0,0.2448857691404095,0.0
2026-07-03 07:56:00,69.14,4171.82,7500.3,0.0008685581933989273,-0.00101770324731143,5.333404445395651e-05,0.2321081956459547,0,0.23528276695105033,0.0
2026-07-03 07:57:00,69.19,4171.03,7500.2,0.0010127314814813992,-0.0009987545506802142,0.00012001120104532248,0.23019923096001854,0,0.21950737507747914,0.0
2026-07-03 07:58:00,69.18,4171.09,7500.9,0.0005785363031531876,-0.0007618098493868963,0.0002667057835148423,0.2322794099639196,0,0.23288735382485343,0.0
2026-07-03 07:59:00,69.16,4171.11,7501.1,7.230135203517563e-05,-0.0009437012730387773,0.0003200554762825547,0.22340123844808957,0,0.18384053822325663,0.0
2026-07-03 08:00:00,69.17,4170.35,7502.2,0.0005062558761841363,-0.0011496592936779404,0.0004400645427995453,0.1963776712227338,0,0.13636957128633748,0.0
2026-07-03 08:01:00,69.21,4169.01,7502.1,0.0013020833333332593,-0.0010734421311658915,0.00044007041126592483,0.19354498825004246,0,0.10085661511792088,0.0
2026-07-03 08:02:00,69.215,4167.8,7503.2,0.0013744212962962798,-0.0011934489716686203,0.0006401365624666422,0.17350142699454513,0,0.016216777614273314,0.0
2026-07-03 08:03:00,69.19,4166.07,7504.9,0.0010127314814813992,-0.0008897351898661254,0.0008268099803965256,0.14048379091830338,0,0.021505505215562715,0.0
2026-07-03 08:04:00,69.13,4164.78,7504.2,0.00021702958836722352,-0.0015534874354512507,0.0005733409778796439,0.15142805597318532,0,0.02439594296490022,0.0
2026-07-03 08:05:00,69.09,4168.42,7506.2,-0.0005786199913205836,-0.0006089725147208069,0.0008133224890334301,0.16067936243688713,0,0.05817927145042623,0.0
2026-07-03 08:06:00,69.11,4167.68,7506.7,-0.0002893099956603473,-0.0011982706557895906,0.0009066787557168166,0.12574939786816353,0,0.01581131490358434,0.0
2026-07-03 08:07:00,69.115,4169.93,7506.4,-0.0005784108162824042,-0.0007500491246231755,0.0008666782223762937,0.1592582109643098,0,0.035482176688195866,0.0
2026-07-03 08:08:00,69.02,4170.05,7507.5,-0.002168570189388541,-0.0004697975316454439,0.0010133468446247296,0.11845948288290353,0,0.02049708043980747,0.0
2026-07-03 08:09:00,69.01,4170.09,7506.9,-0.0022410178558519567,-0.0002900774338935319,0.0009733852472131321,0.1149178430002793,0,-0.006252761529341511,1.0
2026-07-03 08:10:00,69.02,4168.15,7506.9,-0.0019521365049527395,-0.0006856852417042036,0.0009867324488299634,0.12458375952781164,0,0.018748952288549336,0.0
2026-07-03 08:11:00,68.98,4166.66,7507.8,-0.0023141452126120843,-0.001236870238888521,0.0009999600015999643,0.0770039303727128,0,-0.033215846279492145,1.0
2026-07-03 08:12:00,68.975,4166.36,7506.2,-0.0031073854603267392,-0.0011196275260547672,0.0007999786672354681,0.09311719197590163,0,-0.009707007389880395,1.0
2026-07-03 08:13:00,68.96,4164.35,7506.5,-0.0031801098583407184,-0.0016158845769330688,0.0007465770774173208,0.07222278317220332,0,-0.043087356201687466,1.0
2026-07-03 08:14:00,68.95,4162.3,7505.9,-0.0030364372469634526,-0.0021121476057930355,0.0006399061470983014,0.06219877185875955,0,-0.04615160726506551,1.0
2026-07-03 08:15:00,68.94,4162.89,7505.9,-0.003325140957062378,-0.0017888186842831555,0.0004931886646584172,0.08051981773697947,0,-0.03700870715515969,1.0
2026-07-03 08:16:00,68.915,4162.53,7505.5,-0.004262389828059376,-0.001554325847143656,0.0004532064355313725,0.07368667359654224,0,0.006242866833005678,0.0
2026-07-03 08:17:00,68.915,4164.07,7505.7,-0.004334320595246632,-0.0008949565718125996,0.00033319117176677793,0.1240179800795751,0,-0.019615282069647355,1.0
2026-07-03 08:18:00,68.935,4165.42,7505.3,-0.003685503685503577,-0.000156022342399309,5.3298511639043866e-05,0.18086115156776994,0,0.04157146830728509,0.0
2026-07-03 08:19:00,68.945,4165.67,7505.7,-0.002676117459858296,0.00021369676189375575,0.00019988806268500525,0.208944589486239,0,0.08783369163392585,0.0
2026-07-03 08:20:00,68.915,4166.03,7505.2,-0.002532928064842954,-0.000573358730646234,-0.00013322320215292116,0.21711946112012148,0,0.12516374844667688,0.0
2026-07-03 08:21:00,68.935,4166.44,7505.0,-0.0025321950513673697,-0.00029752764127777276,-0.00022646435850637303,0.21273466878583508,0,0.09008264202882499,0.0
2026-07-03 08:22:00,68.905,4165.96,7504.6,-0.0030384142371409073,-0.0009520543510322943,-0.000239795374613605,0.1979724169362891,0,0.04048588115068397,0.0
2026-07-03 08:23:00,68.915,4163.32,7504.5,-0.0015212981744420206,-0.0016138895217084892,-0.0003996003996004083,0.16872410200925408,0,0.05097340150184082,0.0
2026-07-03 08:24:00,68.895,4163.94,7503.1,-0.0016664251557746423,-0.001474788313921449,-0.0005062009617817775,0.16344028821441803,0,0.055579948322329265,0.0
2026-07-03 08:25:00,68.92,4163.77,7503.5,-0.0014488554042305646,-0.0010508259059772707,-0.00045291665001523373,0.20287537350155704,0,0.11871835786280222,0.0
2026-07-03 08:26:00,68.875,4164.49,7503.9,-0.0015221803421282543,-0.0005208008332813208,-0.0005194597618477514,0.20000199257640605,0,0.14497934028912063,0.0
2026-07-03 08:27:00,68.875,4165.03,7504.2,-0.0014498006524101825,-0.0003192234948492523,-0.0002664464043057313,0.22672971496165034,0,0.17908547354750992,0.0
2026-07-03 08:28:00,68.885,4165.18,7504.3,-0.0010875870069604332,0.00019931081681412444,-0.00029307933124622654,0.239005823359777,0,0.1818690651638168,0.0
2026-07-03 08:29:00,68.905,4164.78,7505.0,-0.0006526468455402279,0.0005958244239963051,-0.00011990567420294695,0.2503481209344604,0,0.19068958982616735,0.0
2026-07-03 08:30:00,68.96,4166.58,7505.1,0.0002901073397156839,0.0008864034360742679,-0.00010658282151365661,0.23891865847315275,0,0.18261049288915426,0.0
2026-07-03 08:31:00,69.03,4166.68,7504.9,0.0016687223391134154,0.000996989811484994,-7.994137632405529e-05,0.20421639164566596,0,0.13584437555703416,0.0
2026-07-03 08:32:00,69.05,4166.79,7506.7,0.00195893491982857,0.0006532070786515742,0.00013323207695492556,0.2112377183497306,0,0.1260845853372693,0.0
2026-07-03 08:33:00,68.925,4167.32,7507.3,-0.00014506419090454248,0.0004561364760335973,0.0002664783552956962,0.24856696881531348,0,0.18926571961947086,0.0
2026-07-03 08:34:00,68.955,4169.38,7508.4,0.00014504315033736503,0.0008906130346379992,0.0003597266077781658,0.2234897105681139,0,0.14625915025731528,0.0
2026-07-03 08:35:00,68.92,4170.67,7508.7,7.255314517884415e-05,0.0011137701840842062,0.0004663433352876112,0.20562164633088387,0,0.08390977386234832,0.0
2026-07-03 08:36:00,68.955,4172.65,7508.7,0.0002901283818088629,0.0014904810821709802,0.0004930046635576169,0.1876864841022099,0,0.012796849023140044,0.0
2026-07-03 08:37:00,68.955,4172.75,7508.9,0.0007256367462447066,0.001629876427041932,0.0005729819044317797,0.16310430043389978,0,-0.003909269222996059,1.0
2026-07-03 08:38:00,68.98,4172.36,7508.9,0.0009431908873249739,0.0021713440235195947,0.0005863148777400795,0.11313680023478034,0,-0.033813162120357676,1.0
2026-07-03 08:39:00,69.005,4170.19,7508.1,0.0015966325567893236,0.0015009822427796138,0.000666391224960261,0.14712061512601382,0,0.010343414020377972,0.0
2026-07-03 08:40:00,68.99,4170.43,7508.3,0.0010156703424260005,0.0015995119807290514,0.000639701472646026,0.15316217170335422,0,0.046149107152124946,0.0
2026-07-03 08:41:00,68.99,4170.34,7509.1,0.0016696914700544685,0.0014047338329543635,0.000692972987379914,0.14530608861196526,0,0.0051524540794066764,0.0
2026-07-03 08:42:00,69.0,4171.44,7511.3,0.001814882032667775,0.001539004520975773,0.0009461368300418549,0.08473677236815458,0,-0.02101974561320208,1.0
2026-07-03 08:43:00,69.0,4171.51,7509.4,0.0016694490818029983,0.001519742244032729,0.0006796103567288103,0.14385488304494848,0,0.07352195734339118,0.0
2026-07-03 08:44:00,68.96,4171.03,7509.9,0.0007982004208693105,0.0015006795076810686,0.0006528980679545437,0.16599945204218558,0,0.0839255529090982,0.0
2026-07-03 08:45:00,68.96,4170.76,7509.3,0.0,0.0010032208669941145,0.0005596194587680348,0.20466514835016741,0,0.1168068856112523,0.0
2026-07-03 08:46:00,68.905,4172.86,7509.7,-0.0018108068955526857,0.0014831952537750492,0.0006395821396687484,0.17116612136257403,0,0.026386253391220693,0.0
2026-07-03 08:47:00,68.905,4171.9,7508.7,-0.0020999275887038094,0.0012263636996343585,0.0002664286570663865,0.20257289332276068,0,0.0340752122232848,0.0
2026-07-03 08:48:00,68.92,4172.88,7507.8,-7.254261878841817e-05,0.0013341907988828616,6.660184087481369e-05,0.21895343822647295,0,0.14239036022236623,0.0
2026-07-03 08:49:00,68.935,4173.02,7507.9,-0.00029004423174527894,0.0008730314818989893,-6.659208353310131e-05,0.24383104619997514,0,0.16575873438255267,0.0
2026-07-03 08:50:00,68.915,4173.51,7507.3,-7.254788160182546e-05,0.0006809457473260228,-0.00018645038422093752,0.24004010832536243,0,0.19043630411100027,0.0
2026-07-03 08:51:00,68.905,4172.65,7506.3,-0.0007251105793633084,0.0,-0.00031962923009298816,0.24032555181335435,0,0.20855427683836208,0.0
2026-07-03 08:52:00,68.905,4173.39,7505.7,-0.0007251105793633084,0.00015337607093646177,-0.00042616095566594403,0.22918221366559682,0,0.19605236679120946,0.0
2026-07-03 08:53:00,68.88,4173.95,7505.4,-0.0014496955639317077,0.0003810792932537055,-0.00046611354525960547,0.21170096657908505,0,0.1589541519097793,0.0
2026-07-03 08:54:00,68.9,4173.11,7505.9,-0.0015216288674732015,0.0007002079041962261,-0.00029301687510829844,0.21842208588691442,0,0.13186712375938403,0.0
2026-07-03 08:55:00,68.915,4172.51,7505.7,-0.001087114074503348,0.0004987495294250799,-0.00034628344631948416,0.23319228383875312,0,0.15840882047777072,0.0
2026-07-03 08:56:00,68.92,4171.06,7505.7,-0.0010146398028698655,0.0001726477937051829,-0.00045278395546743955,0.22374443464619898,0,0.18901979936320917,0.0
2026-07-03 08:57:00,68.945,4171.63,7505.3,-0.0007971014492754724,4.554782041710226e-05,-0.0007987964799701652,0.16084002703658312,0,0.06699745312903183,0.0
2026-07-03 08:58:00,68.91,4174.12,7505.5,-0.0013043478260870156,0.0006256727180324884,-0.0005193490824831892,0.1965897822304084,0,0.1206589273699874,0.0
2026-07-03 08:59:00,68.91,4172.99,7504.9,-0.0007250580046402888,0.0004699079124341754,-0.0006657878267354311,0.19510741159534017,0,0.0911279737299493,0.0
2026-07-03 09:00:00,68.89,4171.56,7505.8,-0.0010150812064964043,0.0001918115643193552,-0.00046608871665798635,0.2227015065891666,0,0.19527876933689792,0.0
2026-07-03 09:01:00,68.915,4173.92,7506.6,0.00014512734924898574,0.00025402242107341877,-0.0004127994460496609,0.23330520170814212,0,0.20195798780527152,0.0
2026-07-03 09:02:00,68.955,4171.48,7505.7,0.0007256367462447066,-0.00010067355401621736,-0.000399536537616374,0.2333415191175532,0,0.20171060221708836,0.0
2026-07-03 09:03:00,68.905,4173.62,7505.7,-0.0002176436448055874,0.00017733555721699545,-0.00027970910253338754,0.24789360923681664,0,0.20571695944011592,0.0
2026-07-03 09:04:00,68.895,4174.88,7505.6,-0.0005802567636179479,0.0004457203655865438,-0.0003063439843363769,0.2503696943434363,0,0.18344080535865193,0.0
2026-07-03 09:05:00,68.835,4176.55,7504.8,-0.0011608503228617284,0.0007284036698127494,-0.0003330092043744015,0.22290894725806093,0,0.14090355492682805,0.0
2026-07-03 09:06:00,68.795,4177.58,7505.7,-0.001596400841738621,0.0011815033611735082,-7.993285640062187e-05,0.21133555492510037,0,0.042522255151878796,0.0
2026-07-03 09:07:00,68.825,4178.92,7506.4,-0.0011610187939916639,0.0013250618801501357,9.326245386831467e-05,0.21423520154308828,0,0.07460909788272618,0.0
2026-07-03 09:08:00,68.835,4178.7,7507.0,-0.0006533101045296252,0.0011380107571963283,0.00021317984384583433,0.22478600941636612,0,0.11455131549915787,0.0
2026-07-03 09:09:00,68.825,4180.33,7507.1,-0.0010885341074020616,0.0017301245354184314,0.00015987423227081798,0.17437827018131574,0,0.03306411178715918,0.0
2026-07-03 09:10:00,68.815,4178.64,7506.0,-0.001451062903576994,0.0014691396785149191,3.996962308638885e-05,0.20164860552664005,0,0.056112606343861726,0.0
2026-07-03 09:11:00,68.665,4177.91,7505.0,-0.0036999419616946527,0.001642268392207047,-9.326245386831467e-05,0.1316623466582309,0,-0.06684205217793326,1.0
2026-07-03 09:12:00,68.66,4174.94,7504.3,-0.004133729784610907,0.0007934548365984284,-0.0001332391776478481,0.14423055485382763,0,-0.0010579892693574067,1.0
2026-07-03 09:13:00,68.685,4173.46,7503.8,-0.003265128428384778,-0.00015811716002411824,-0.00022650056625139747,0.18373274959029173,0,0.10326187374839702,0.0
2026-07-03 09:14:00,68.665,4173.96,7504.0,-0.003555362066463341,0.00023244723807147594,-0.00011992165118779319,0.1869218134755396,0,0.08487379768238024,0.0
2026-07-03 09:15:00,68.705,4173.15,7503.7,-0.002685440557410379,0.00038115237465108365,-0.0002797836339897275,0.20692970132838467,0,0.12492160520081796,0.0
2026-07-03 09:16:00,68.725,4172.36,7503.8,-0.0027570195167961886,-0.00037374937708445355,-0.0003730050888551828,0.19255149810606298,0,0.1417190517729554,0.0
2026-07-03 09:17:00,68.755,4171.92,7503.8,-0.0029004423174534555,0.00010547815163941543,-0.00025314094621420313,0.20638171451967996,0,0.1383564388643344,0.0
2026-07-03 09:18:00,68.7,4172.34,7504.2,-0.0029751106596037635,-0.0003066881987339176,-0.00019984811543227732,0.20662569324392588,0,0.15303814930628523,0.0
2026-07-03 09:19:00,68.74,4171.61,7504.1,-0.00224980042093037,-0.0007832560456828563,-0.0001998507780857084,0.22069067895821565,0,0.14868837622047038,0.0
2026-07-03 09:20:00,68.735,4171.78,7504.7,-0.0014527493281033532,-0.0011420909602424256,-1.3324805457903821e-05,0.21133202513942284,0,0.12842060206016886,0.0
2026-07-03 09:21:00,68.71,4170.73,7503.7,-0.0012355549095138807,-0.001639705283920434,-0.0002664641539097401,0.1851883954340522,0,0.07943189760659508,0.0
2026-07-03 09:22:00,68.715,4170.19,7502.6,-0.00159825644751177,-0.002089056502637132,-0.0005062346797398698,0.11795585079162108,0,-0.0010696713573749017,1.0
2026-07-03 09:23:00,68.675,4172.08,7503.2,-0.0023243989249654984,-0.001584224758896302,-0.0005061942187292168,0.14444083593913337,0,0.0507644005575445,0.0
2026-07-03 09:24:00,68.58,4173.17,7503.7,-0.003559752996730947,-0.0017127834405417097,-0.0004529045836608736,0.11127506045813762,0,0.004583707855465025,0.0
2026-07-03 09:25:00,68.56,4174.52,7503.9,-0.003705587444597813,-0.0009859667260161409,-0.0002797761790568343,0.15962627319402123,0,0.08414370635942126,0.0
2026-07-03 09:26:00,68.53,4174.26,7504.2,-0.0019660671375519856,-0.0008736425629081168,-0.00010659560293135861,0.2233136439672555,0,0.14491031076143462,0.0
2026-07-03 09:27:00,68.56,4173.98,7503.4,-0.0014564520827263783,-0.00022994342433668713,-0.00011993123942277695,0.23099760537503222,0,0.20914287424048272,0.0
2026-07-03 09:28:00,68.555,4174.67,7503.1,-0.0018926985513575412,0.00028992730252586085,-9.32860683919845e-05,0.2277834285371459,0,0.16197149801905153,0.0
2026-07-03 09:29:00,68.535,4175.37,7503.3,-0.001893249836161237,0.00033780869965216453,-9.328358208948728e-05,0.22800902933940326,0,0.1672940704848216,0.0
2026-07-03 09:30:00,68.475,4176.11,7502.9,-0.003347645731751725,0.0007092963349029091,-0.00010661407039191939,0.1820757404586118,0,0.08501124659902792,0.0
2026-07-03 09:31:00,68.555,4174.17,7501.5,-0.0024736267733719286,0.0004338072457794606,-0.0003065113675737585,0.2137530009413221,0,0.1385954365719001,0.0
2026-07-03 09:32:00,68.58,4175.52,7500.7,-0.002545269434950148,0.0008629120404994861,-0.00041312401716464553,0.18334076698031504,0,0.10454465897977827,0.0
2026-07-03 09:33:00,68.575,4175.96,7501.6,-0.00181950509461426,0.0008676186504454897,-0.0003464726419870612,0.19905316386467953,0,0.1372399179956132,0.0
2026-07-03 09:34:00,68.565,4176.34,7500.9,-0.002545824847250522,0.0011338547946717625,-0.00042643354965965496,0.1703970111033627,0,0.06706599001228286,0.0
2026-07-03 09:35:00,68.59,4177.06,7502.2,-0.002109551174801716,0.0012656467982492536,-0.0003331245752661305,0.17867220796814787,0,0.0849876546448961,0.0
2026-07-03 09:36:00,68.56,4177.32,7502.0,-0.0021830883423081815,0.001580059126339961,-0.0002265548995828981,0.18096473492511084,0,0.08119167144201067,0.0
2026-07-03 09:37:00,68.63,4177.76,7502.5,-0.001236993378447293,0.0018152650119060976,-1.3328712712978863e-05,0.1703867472174107,0,0.07689557888973353,0.0
2026-07-03 09:38:00,68.65,4177.71,7503.2,-0.00036403349108105054,0.0013494467987191783,0.0,0.2232016211018088,0,0.1370067229236684,0.0
2026-07-03 09:39:00,68.665,4179.21,7502.3,0.0012394284047827497,0.0014473409901825107,-0.00018657462318583118,0.1967722540112909,0,0.08536088680099374,0.0
2026-07-03 09:40:00,68.64,4177.74,7501.4,0.001166861143523823,0.0007713461667446797,-0.0003331600900864373,0.22207759336612598,0,0.13345191687400076,0.0
2026-07-03 09:41:00,68.62,4176.82,7500.8,0.0013132934481250302,0.000613282354237521,-0.0004530796087524047,0.20675662514914395,0,0.11434808535409846,0.0
2026-07-03 09:42:00,68.635,4177.27,7500.4,0.0010939323220537922,0.0007882165223600524,-0.00039981874883388,0.21542194522979408,0,0.13865955132540492,0.0
2026-07-03 09:43:00,68.61,4178.26,7500.5,0.0008022755451826402,0.000859948211475503,-0.0003465234369793846,0.22289258199865475,0,0.17209322413197892,0.0
2026-07-03 09:44:00,68.57,4179.4,7499.7,0.0005106879696505917,0.0009651839238198345,-0.0004797888928871341,0.19548545798289851,0,0.13214693081505507,0.0
2026-07-03 09:45:00,68.57,4179.67,7499.2,0.0013873676524278622,0.0008524679666006563,-0.0004931426515080162,0.19287084693496787,0,0.1046787910429483,0.0
2026-07-03 09:46:00,68.565,4179.76,7499.9,0.00014586828094209636,0.0013391883895481627,-0.0002132906751983743,0.21516701882863237,0,0.1582585039653306,0.0
2026-07-03 09:47:00,68.54,4179.8,7501.2,-0.0005832604257799412,0.0010250220331837756,6.666044502523505e-05,0.23051233012961592,0,0.1759293251804347,0.0
2026-07-03 09:48:00,68.535,4180.32,7500.8,-0.0005833029529712652,0.001044071303364813,-0.00010664391596459932,0.2329531464182808,0,0.18292048167387287,0.0
2026-07-03 09:49:00,68.495,4180.34,7500.5,-0.0010209290454312736,0.0009577764262487243,-5.332693410120548e-05,0.2279861617147319,0,0.18209142316041987,0.0
2026-07-03 09:50:00,68.475,4180.83,7499.9,-0.0016766292462458976,0.0009025486825660067,-0.0003065767374903494,0.20219520019476617,0,0.1602045750467126,0.0
2026-07-03 09:51:00,68.475,4178.45,7500.1,-0.0012397899649942978,0.00027050836421449453,-0.00025326579578777153,0.24106005081094872,0,0.19987066260285674,0.0
2026-07-03 09:52:00,68.475,4177.52,7499.4,-0.0022584875418912853,-5.744705296617525e-05,-0.000413195601466243,0.19628197359239663,0,0.14315416805817438,0.0
2026-07-03 09:53:00,68.5,4178.57,7499.6,-0.002184996358339464,0.00020585440348885875,-0.000479795287343987,0.1970009892356978,0,0.16036335867123097,0.0
2026-07-03 09:54:00,68.45,4177.8,7499.9,-0.0031311439598048496,-0.0003373843381883068,-0.00031990189675168423,0.19108625893933012,0,0.1229754863257509,0.0
2026-07-03 09:55:00,68.405,4176.98,7499.9,-0.0034236596736596514,-0.00018191653860699653,-0.00019996267363420195,0.1813036787611641,0,0.12523929080084267,0.0
2026-07-03 09:56:00,68.445,4176.84,7499.4,-0.002550276887205105,4.788331793292855e-06,-0.00018664675767920968,0.21256323370146357,0,0.16086665060951527,0.0
2026-07-03 09:57:00,68.435,4176.65,7499.9,-0.0029139651781161513,-0.00014842229494405057,-6.666311130076874e-05,0.21067240806598064,0,0.14841307620732436,0.0
2026-07-03 09:58:00,68.445,4174.8,7498.7,-0.0024048972452995754,-0.0008280959059513426,-0.00023998400106661766,0.2117494567824551,0,0.1490904170837321,0.0
2026-07-03 09:59:00,68.48,4177.42,7498.6,-0.0013125273443195251,-0.0004737522132362004,-0.00014667253356792642,0.232113005137834,0,0.19310482898360237,0.0
2026-07-03 10:00:00,68.54,4180.59,7497.9,-0.000437509114773027,0.00022011307112768108,-0.00017335182419464523,0.2561803465886495,0,0.2172092529968912,0.0
2026-07-03 10:01:00,68.52,4181.43,7498.2,-0.0006563115292058663,0.00039954447145285066,-0.00022666968892914863,0.2560563647151436,0,0.21056073582329626,0.0
2026-07-03 10:02:00,68.55,4184.45,7497.2,0.00014590020426008543,0.0011124934207378256,-0.0005332480136511775,0.18827021767320307,0,0.10799767699596563,0.0
2026-07-03 10:03:00,68.59,4182.88,7497.8,0.000802509666593787,0.0006123933096031653,-0.0003999573378840049,0.2251610998858169,0,0.17663124368699795,0.0
2026-07-03 10:04:00,68.57,4183.05,7498.2,0.0010949704357980927,0.000648272628542168,-0.0003066462235851164,0.22883191671487352,0,0.17454739033152106,0.0
2026-07-03 10:05:00,68.585,4185.26,7499.0,0.0016064257028112205,0.001059598213751789,-0.00012000160002123561,0.20555404223146273,0,0.13849599942762136,0.0
2026-07-03 10:06:00,68.635,4183.81,7499.8,0.0023366192040892297,0.0012827723198796104,-3.999946667376797e-05,0.1833405786921385,0,0.08654068036087792,0.0
2026-07-03 10:07:00,68.595,4183.24,7500.0,0.0017524644030668668,0.0013692334207853207,8.000640051220032e-05,0.18839079442507628,0,0.1163816735850911,0.0
2026-07-03 10:08:00,68.605,4181.64,7497.4,0.0015328467153286063,0.0007347011058809194,-0.0002933489786123289,0.21434535117158926,0,0.14383137509926402,0.0
2026-07-03 10:09:00,68.635,4182.36,7498.4,0.002702702702702675,0.0010914835559383551,-0.00020000266670217037,0.1790017603062814,0,0.054550400577380476,0.0
2026-07-03 10:10:00,68.65,4181.76,7498.8,0.0035816095314671337,0.0011443674616591348,-0.00014666862224821386,0.14456227780588532,0,0.04757953869551279,0.0
2026-07-03 10:11:00,68.635,4183.19,7499.5,0.0027759514939003083,0.0015202880646612016,1.3334400085440734e-05,0.1461239663188193,0,0.06012131736879245,0.0
2026-07-03 10:12:00,68.655,4184.45,7499.6,0.003214729305180075,0.0018675254091198301,-4.000053334030085e-05,0.10587220844662382,0,-0.013332906207663031,1.0
2026-07-03 10:13:00,68.665,4183.42,7497.5,0.003214259624516158,0.0020647695697997293,-0.00016002773814127735,0.09461272487942052,0,-0.02413009575189351,1.0
2026-07-03 10:14:00,68.665,4183.9,7497.9,0.0027015186915888556,0.0015511966716297287,-9.335075880845256e-05,0.15495405711635474,0,0.10391104924883598,0.0
2026-07-03 10:15:00,68.615,4183.45,7497.7,0.001094251531952084,0.0006841139647753014,-2.667413542456476e-05,0.233720709204287,0,0.20490650960113382,0.0
2026-07-03 10:16:00,68.54,4183.82,7498.1,0.00029188558085246896,0.0005715747961820838,-1.3336534101404673e-05,0.25024502304316165,0,0.23297784581331749,0.0
2026-07-03 10:17:00,68.545,4183.75,7498.7,-7.293946024788944e-05,-0.00016728602325266628,0.00020007469455274318,0.24473868077873134,0,0.21774638498187093,0.0
2026-07-03 10:18:00,68.51,4184.48,7498.9,-0.0011663507799970496,0.00038251157097479727,0.00014670970151242635,0.24323576412579356,0,0.18275176938288606,0.0
2026-07-03 10:19:00,68.48,4184.57,7499.0,-0.0013125273443195251,0.0003633712243458209,0.00010669227281212557,0.24230869139848488,0,0.17420957697721257,0.0
2026-07-03 10:20:00,68.475,4185.24,7498.7,-0.001603849238171584,-4.778675637973073e-06,-4.00053340445794e-05,0.23728538976628882,0,0.20857525825481543,0.0
2026-07-03 10:21:00,68.495,4184.38,7498.8,-0.0020397756246812726,0.00013623945638063795,-0.0001333368889837594,0.22145964478879632,0,0.20514736888975676,0.0
2026-07-03 10:22:00,68.5,4182.32,7497.6,-0.0013849405933377135,-0.00021992522542335635,-0.00031999999999998696,0.2208674006812668,0,0.20746328587795065,0.0
2026-07-03 10:23:00,68.48,4183.51,7496.8,-0.0018220246337730117,0.00044719296735240555,-8.002774295079451e-05,0.2321160036897002,0,0.20248221460548316,0.0
2026-07-03 10:24:00,68.38,4183.15,7498.0,-0.0037153056020982067,0.00018888857008958482,-5.334471353879433e-05,0.1813989890958293,0,0.13684396056796339,0.0
2026-07-03 10:25:00,68.3,4182.23,7498.7,-0.005098324836125379,0.0001123928680746289,-1.3335467008102064e-05,0.10988886219879135,0,0.06936853754796957,0.0
2026-07-03 10:26:00,68.31,4182.43,7498.0,-0.004735193414438732,-0.0001816795316491593,-0.00020001333422225986,0.11137941968145104,0,0.07278761207660289,0.0
2026-07-03 10:27:00,68.355,4181.65,7496.1,-0.004369674459252737,-0.0006691440930111092,-0.00046669155688305874,0.11471905226066681,0,0.0408089924785785,0.0
2026-07-03 10:28:00,68.31,4181.73,7496.6,-0.005170028398747584,-0.00040397569452754745,-0.00012004001333776326,0.10382707126625657,0,0.05830249044208635,0.0
2026-07-03 10:29:00,68.225,4183.05,7497.2,-0.006407922522391529,-0.00020315973135098808,-9.335947398603217e-05,0.0734007287080406,0,0.06544521590658192,0.0
2026-07-03 10:30:00,68.295,4181.64,7496.1,-0.00466370327187926,-0.000432657256570379,-0.00021339877562442933,0.11026648863092814,0,0.1117421588216212,0.0
2026-07-03 10:31:00,68.355,4181.7,7496.5,-0.0026991537788153552,-0.0005067139599695958,-0.0002133873914725859,0.20925643349313583,0,0.19173318389333627,0.0
2026-07-03 10:32:00,68.21,4183.82,7496.8,-0.00488730031366269,1.6731401254688194e-05,-0.00025337725205698547,0.09356524820622536,0,0.10100954074774626,0.0
2026-07-03 10:33:00,68.17,4185.85,7496.3,-0.00496277915632759,0.000327400298245184,-0.000346717518569295,0.08364008371490705,0,0.06697142488535934,0.0
2026-07-03 10:34:00,68.205,4185.44,7496.0,-0.004015771028037518,0.00020790666663472734,-0.0004000533404453499,0.14486644092929274,0,0.11997130992944488,0.0
2026-07-03 10:35:00,68.14,4185.19,7497.7,-0.004892296458561374,-1.1946746184210433e-05,-0.00013335644845102745,0.10784126715126852,0,0.11236437903364294,0.0
2026-07-03 10:36:00,68.165,4185.82,7498.2,-0.0048178699175122075,0.00034413700476521036,-8.001280204839034e-05,0.1181721417717142,0,0.09783717178888784,0.0
2026-07-03 10:37:00,68.265,4184.78,7498.6,-0.003430656934306553,0.0005881902867308497,0.00013337601365770446,0.18147189688638787,0,0.12557908727353295,0.0
2026-07-03 10:38:00,68.33,4183.48,7498.1,-0.0021904205607476968,-7.17101190161884e-06,0.0001734073204566755,0.22612493805515793,0,0.1677110474549242,0.0
2026-07-03 10:39:00,68.41,4182.07,7498.2,0.0004387247733255162,-0.00025817864527921675,2.6673779674579734e-05,0.24747061446491836,0,0.21833336426207228,0.0
2026-07-03 10:40:00,68.46,4182.66,7499.0,0.002342606149341009,0.00010281596181949126,4.000693453543036e-05,0.2162359942022261,0,0.1285340787979788,0.0
2026-07-03 10:41:00,68.445,4181.63,7498.8,0.0019762845849800037,-0.00019127636326254915,0.00010669511869831894,0.21992311758343286,0,0.1441957964453529,0.0
2026-07-03 10:42:00,68.375,4181.65,7498.9,0.0002925901543413545,0.0,0.0003735275676683969,0.2345557314065318,0,0.1865054829178317,0.0
2026-07-03 10:43:00,68.395,4182.88,7498.8,0.0012443273312836567,0.00027500579903549927,0.00029346637142158016,0.22508317846431142,0,0.16179298400658143,0.0
2026-07-03 10:44:00,68.39,4184.07,7498.9,0.0024184683034078613,0.0002438412163372483,0.00022675132049299052,0.2094212838114174,0,0.13037800967692675,0.0
2026-07-03 10:45:00,68.4,4184.25,7498.1,0.0015374478365912658,0.0006241570292995213,0.0002668054054775215,0.21560689131072064,0,0.13956015482048822,0.0
2026-07-03 10:46:00,68.405,4180.51,7496.3,0.0007314753858531642,-0.0002845732596790107,-2.6679116921224377e-05,0.24775724408920874,0,0.21953533112191004,0.0
2026-07-03 10:47:00,68.54,4179.46,7496.7,0.004838000293212241,-0.001042109842201544,-1.3339024650615983e-05,0.11689035499226907,0,0.04731063191060836,0.0
2026-07-03 10:48:00,68.605,4179.71,7495.5,0.006381106058383379,-0.0014668466380783896,-0.00010671931486205821,0.027014115679389605,0,-0.01603658737501057,1.0
2026-07-03 10:49:00,68.57,4177.09,7493.3,0.0053515138186348565,-0.0019950112771893735,-0.0003601921024546373,0.0371724520479223,0,-0.050297971449021706,1.0
2026-07-03 10:50:00,68.57,4177.77,7494.6,0.0063105371294391865,-0.001772918314341565,-0.0004134601277724359,0.0163722217998854,0,-0.04600506464846221,1.0
2026-07-03 10:51:00,68.615,4177.5,7494.4,0.0066016284016723326,-0.001987663110214921,-0.0005067882958577075,-0.0004146111652334472,1,-0.03703418164720418,1.0
2026-07-03 10:52:00,68.59,4178.09,7493.6,0.004760858419394998,-0.0015986503472105174,-0.0006667911343450905,0.06551386584057717,0,-0.01668473313253238,1.0
2026-07-03 10:53:00,68.62,4179.62,7493.7,0.004244109468754642,-0.0009226768145179642,-0.0005868153265494724,0.13107046966488306,0,0.02914588914454952,0.0
2026-07-03 10:54:00,68.67,4179.32,7493.8,0.0038006139453297116,-0.0006575690985564098,-0.0005868075004666906,0.13962041216252608,0,0.06290998323811892,0.0
2026-07-03 10:55:00,68.59,4180.67,7494.8,0.0018989190768332609,-0.0004757737898848369,-0.0005600746766235565,0.19566256421142147,0,0.13479609191342495,0.0
2026-07-03 10:56:00,68.65,4179.98,7495.0,0.002995105559208344,-0.0003945829736252682,-0.0005067477463061021,0.16641627603845882,0,0.11774521229089074,0.0
2026-07-03 10:57:00,68.65,4181.19,7495.3,0.004021937842778822,-0.00011000442409092592,-0.0004800704103268272,0.1435965151293198,0,0.1006957349305696,0.0
2026-07-03 10:58:00,68.705,4181.33,7494.1,0.004532495065428854,-0.0003705580843821332,-0.0006267669493785766,0.11663816912716829,0,0.03289074651877344,0.0
2026-07-03 10:59:00,68.745,4180.98,7494.0,0.005190817370960721,-0.0007385153690068202,-0.0006534291696115302,0.06386783965307519,0,0.003416567466322906,0.0
2026-07-03 11:00:00,68.79,4180.6,7493.8,0.0057017543859649855,-0.0008723188146022576,-0.0005734786145823456,0.053695622549543076,0,0.04211887594569452,0.0
2026-07-03 11:01:00,68.795,4179.38,7492.7,0.00570133762151892,-0.0002703019488052849,-0.0004802369168790399,0.058126598429101284,0,0.052488321134126825,0.0
2026-07-03 11:02:00,68.745,4180.09,7493.2,0.002990954187335859,0.00015073717657299035,-0.00046687209038642763,0.17399726613040256,0,0.15948458994818804,0.0
2026-07-03 11:03:00,68.625,4180.64,7494.6,0.00029152394140363747,0.00022250347512153823,-0.00012007204322583842,0.2557509019549159,0,0.24755193879141935,0.0
2026-07-03 11:04:00,68.59,4180.55,7494.0,0.00029167274318231406,0.0008283278550378359,9.341678566188172e-05,0.23393048757309426,0,0.19306377829579774,0.0
2026-07-03 11:05:00,68.51,4181.24,7493.9,-0.0008750182295462761,0.0008305866526878702,-9.340058175233423e-05,0.23407368094528969,0,0.21374235307730743,0.0
2026-07-03 11:06:00,68.475,4180.83,7493.2,-0.002040370181447204,0.0007971274685816265,-0.00016011955593508986,0.21205324137361642,0,0.2206238022917814,0.0
2026-07-03 11:07:00,68.55,4179.97,7493.6,-0.0005831753899986358,0.0004499663721939662,0.0,0.25589837990213926,0,0.22079415559164134,0.0
2026-07-03 11:08:00,68.62,4179.6,7493.8,0.0,-4.78512400636788e-06,1.3344542749260668e-05,0.2575913949771402,0,0.22642312517306146,0.0
2026-07-03 11:09:00,68.635,4177.37,7493.7,-0.0005096839959224386,-0.00046658308050107067,-1.3344364674816589e-05,0.24577413387285413,0,0.21044457484014217,0.0
2026-07-03 11:10:00,68.67,4176.46,7494.2,0.0011663507799970496,-0.0010070156218979776,-8.005550515033377e-05,0.23454741799448764,0,0.19998145994389066,0.0
2026-07-03 11:11:00,68.625,4178.07,7495.5,-0.0003641660597233365,-0.0004569399853587841,6.671114076040041e-05,0.24977413585884484,0,0.19572468869177445,0.0
2026-07-03 11:12:00,68.645,4178.98,7496.1,-7.283321194473391e-05,-0.0005285576594222796,0.00010673355302648346,0.24478519121814812,0,0.20080351521187018,0.0
2026-07-03 11:13:00,68.685,4178.92,7497.6,-0.00029109962884787954,-0.000576371632949324,0.0004670340667991546,0.21432576837522643,0,0.14329630702005086,0.0
2026-07-03 11:14:00,68.655,4180.34,7497.5,-0.001309186122627204,-0.00015307415964660454,0.00046704029890576315,0.2083372333317141,0,0.13656224472754797,0.0
2026-07-03 11:15:00,68.685,4179.27,7497.3,-0.0015263846489316224,-0.00031813615270537277,0.0004670527636179145,0.2044495807190505,0,0.12471047474057323,0.0
2026-07-03 11:16:00,68.66,4175.76,7496.8,-0.001962351915110183,-0.0008661571812086377,0.0005471992739600751,0.18079370147895096,0,0.1100723191829992,0.0
2026-07-03 11:17:00,68.655,4176.26,7497.9,-0.001309186122627204,-0.0009162482147513362,0.0006272353600598191,0.18323663249083516,0,0.09955331965665193,0.0
2026-07-03 11:18:00,68.66,4176.43,7498.5,0.0005100182149362364,-0.001007022848176331,0.0005203746697621803,0.19165580211214767,0,0.13152378344021193,0.0
2026-07-03 11:19:00,68.715,4175.9,7497.8,0.0018224230937453623,-0.0011122938369354518,0.000507072324526403,0.1744612207394759,0,0.09675486360912144,0.0
2026-07-03 11:20:00,68.67,4176.76,7498.4,0.0023354254853305,-0.0010714524877786236,0.0006004883972297037,0.1541235273084659,0,0.09128145317419978,0.0
2026-07-03 11:21:00,68.615,4177.46,7499.2,0.0020445418035779372,-0.0008060600407095997,0.000800725991565665,0.12328490313536222,0,0.045955731932646904,0.0
2026-07-03 11:22:00,68.64,4176.63,7498.1,0.0013129102844640084,-0.0007990487970009896,0.0006005124372798765,0.18485619669214115,0,0.11386681925280712,0.0
2026-07-03 11:23:00,68.655,4173.57,7498.2,0.0005100553774408656,-0.0014427217915591317,0.0005871520456910417,0.16003435054149284,0,0.10526126144322179,0.0
2026-07-03 11:24:00,68.555,4173.23,7498.0,-0.001165586071246394,-0.0009910541800224326,0.0005738153382175426,0.18301158519564698,0,0.13185467228554282,0.0
2026-07-03 11:25:00,68.605,4173.34,7497.8,-0.0009465559924275446,-0.0007470441474358713,0.0004803714872836373,0.20175347635794888,0,0.13391121654164212,0.0
2026-07-03 11:26:00,68.595,4172.27,7498.1,-0.00043715846994540897,-0.0013882007721266465,0.00034687479154160705,0.19450693848205186,0,0.12402816451255921,0.0
2026-07-03 11:27:00,68.645,4172.73,7497.7,0.0,-0.0014955802612121039,0.0002134443243819728,0.19728183198062132,0,0.1256745533737586,0.0
2026-07-03 11:28:00,68.685,4173.34,7498.9,0.0,-0.0013352732284895863,0.00017338881775486037,0.2191156286894359,0,0.14626116308874731,0.0
2026-07-03 11:29:00,68.695,4171.87,7497.7,0.0005826232612335946,-0.0020261509829344604,2.6675558519428932e-05,0.16712965894888132,0,0.05088442959501793,0.0
2026-07-03 11:30:00,68.69,4170.62,7497.4,7.279609812904653e-05,-0.0020697394521054235,1.3338135061990997e-05,0.16850049698798047,0,0.05473081013869663,0.0
2026-07-03 11:31:00,68.675,4171.37,7498.4,0.00021846781240908442,-0.0010513056305918589,0.0002134243944083014,0.22420545350674537,0,0.16406782286700106,0.0
2026-07-03 11:32:00,68.645,4172.28,7498.8,-0.00014565581530845417,-0.0009530057994474594,0.00012003360941070795,0.2323799479140406,0,0.1705286561120256,0.0
2026-07-03 11:33:00,68.645,4169.34,7497.5,-0.0002184678124089734,-0.0016976221318207863,-0.00013336000533437087,0.20256373036920083,0,0.11347351837047975,0.0
2026-07-03 11:34:00,68.645,4169.61,7497.0,-0.001018700429309627,-0.0015062621231350937,-0.00010669796473639082,0.20348351098934225,0,0.13090956159452988,0.0
2026-07-03 11:35:00,68.655,4169.65,7496.7,-0.000218435998252553,-0.0017022764056351392,-0.00022671503254023673,0.1987405463296824,0,0.12036318459713141,0.0
2026-07-03 11:36:00,68.545,4169.49,7497.6,-0.0010201850907235466,-0.0019078578849349714,-0.00021335609131634126,0.17014917442945598,0,0.08791805605944436,0.0
2026-07-03 11:37:00,68.585,4169.14,7497.2,-0.0008012820512821595,-0.0017933118327454478,-0.00012003040770336426,0.18685237478396816,0,0.11336253679830355,0.0
2026-07-03 11:38:00,68.615,4170.9,7496.6,-0.0005826232612338167,-0.0006397400786377627,-0.00021338454562425113,0.24402337935662577,0,0.1932111663385277,0.0
2026-07-03 11:39:00,68.635,4171.43,7497.1,0.0011669462475385473,-0.0004313205838162304,-0.0001200320085356088,0.24541319326898753,0,0.2025242849325632,0.0
2026-07-03 11:40:00,68.605,4170.83,7497.2,0.0,-0.0006014367389189923,-8.002347355229311e-05,0.25455013279806404,0,0.2081941290724474,0.0
2026-07-03 11:41:00,68.555,4170.51,7497.8,-0.0005831328814052128,-0.00042183271935902766,-4.001013590115843e-05,0.25366852780306115,0,0.20893025332993387,0.0
2026-07-03 11:42:00,68.555,4170.46,7497.3,-0.0013110933061400987,-0.0005440083590357858,-5.334969390613509e-05,0.23347337204203172,0,0.2094685847905468,0.0
2026-07-03 11:43:00,68.555,4171.23,7498.9,-0.0018926985513575412,-0.0005055902466610807,0.0,0.22715477827966252,0,0.20515183527248815,0.0
2026-07-03 11:44:00,68.515,4172.09,7499.4,-0.0026202780406141546,5.273414559914258e-05,0.00022673619910107412,0.200893839201444,0,0.13642977432114395,0.0
2026-07-03 11:45:00,68.535,4172.52,7499.3,-0.0022565147765322147,0.00045556775731192545,0.00025342118601123786,0.22141284267492106,0,0.13964388574702963,0.0
2026-07-03 11:46:00,68.53,4172.3,7499.7,-0.0021113942482707815,0.0002229483359184048,0.0001733703190014424,0.22851076643194768,0,0.18164063324139246,0.0
2026-07-03 11:47:00,68.57,4171.9,7499.3,-0.0010925777551169524,-9.107730066060249e-05,6.667733504017725e-05,0.241976052727221,0,0.19985069665546212,0.0
2026-07-03 11:48:00,68.575,4173.46,7498.5,-0.001019739238109052,0.0009881659926991304,0.00013337779259758875,0.22401796539993718,0,0.15660357233997008,0.0
2026-07-03 11:49:00,68.575,4172.96,7498.0,-0.001019739238109052,0.0008034324553136685,0.0001333866880084411,0.2318447345500052,0,0.19733259148941762,0.0
2026-07-03 11:50:00,68.71,4171.82,7497.0,0.0008011069841962204,0.0005204273740002652,4.001760774752228e-05,0.24334471465800644,0,0.20669157005907413,0.0
2026-07-03 11:51:00,68.625,4173.11,7496.3,0.001167116492814868,0.0008682116997522638,-0.00017338881775508241,0.22754517182239703,0,0.20661862740878623,0.0
2026-07-03 11:52:00,68.64,4173.19,7496.4,0.0008019246190860141,0.0009714233630915281,-0.00010670650376143342,0.23123722395903717,0,0.20577032361651132,0.0
2026-07-03 11:53:00,68.63,4173.69,7495.5,0.00021861109086929176,0.0006689203768970309,-0.0001467331857109011,0.24612943448796726,0,0.21481649783336693,0.0
2026-07-03 11:54:00,68.6,4174.73,7496.1,-0.0005099439061704292,0.0007910956194876473,-0.00013338490883141318,0.24202771974476756,0,0.21478777305536956,0.0
2026-07-03 11:55:00,68.63,4174.23,7495.9,0.0003644049267543803,0.0008151854666815783,-0.0001733980686122738,0.23870840750832784,0,0.21663549705870444,0.0
2026-07-03 11:56:00,68.655,4173.01,7495.9,0.001458682809422962,0.000599447070022574,-0.00025340766624881716,0.22808459393188008,0,0.20391993975916084,0.0
2026-07-03 11:57:00,68.655,4172.88,7496.0,0.001458682809422962,0.0005802717206255803,-0.00017339575580543887,0.22906224139047832,0,0.20573814693097353,0.0
2026-07-03 11:58:00,68.625,4173.07,7495.5,0.0010210779665960068,0.0004411168887834549,-0.00045339983197534295,0.2222903113981492,0,0.18072622799431554,0.0
2026-07-03 11:59:00,68.635,4171.91,7495.6,0.001751441290228417,-4.3143843972748286e-05,-0.0005067072032428621,0.1997625111249398,0,0.18174882052494495,0.0
2026-07-03 12:00:00,68.675,4173.01,7494.6,0.002042751878602145,0.00011743502727368238,-0.0006267251610150293,0.17473188436481774,0,0.1084166809973851,0.0
2026-07-03 12:01:00,68.645,4175.57,7495.0,0.0016780971837151437,0.0007837403830019962,-0.000626691734336049,0.1644517314033102,0,0.10546055883242167,0.0
2026-07-03 12:02:00,68.645,4174.3,7494.5,0.0010937727869331226,0.0005752774515210834,-0.0006400597389090157,0.18778818219931703,0,0.12280760889670211,0.0
2026-07-03 12:03:00,68.665,4174.95,7495.4,0.0013124316441852635,0.0003570179179863686,-0.0004134160165366607,0.21965346831990995,0,0.21139014577277604,0.0
2026-07-03 12:04:00,68.63,4175.78,7495.9,0.0008020415603353648,0.0006757793029408266,-0.0002800746865830872,0.2351754290912142,0,0.22165640817414645,0.0
2026-07-03 12:05:00,68.605,4176.44,7495.9,-0.0015281618396156826,0.0011074303301676913,-0.00014672535680948506,0.2113812344684312,0,0.19488084946392925,0.0
2026-07-03 12:06:00,68.6,4176.42,7495.6,-0.0003642987249545815,0.0007931734365977938,-9.337940050424542e-05,0.2478829998630761,0,0.21803058900033,0.0
2026-07-03 12:07:00,68.575,4177.24,7495.7,-0.0009469696969696129,0.0009704806155483858,-9.337815484766754e-05,0.22832187944097393,0,0.219609081184736,0.0
2026-07-03 12:08:00,68.556,4178.94,7496.1,-0.001078245665161015,0.001257879717947441,8.004802881744766e-05,0.21539832285222466,0,0.18068192299028463,0.0
2026-07-03 12:09:00,68.56,4178.44,7496.7,-0.0005830903790086106,0.0008886802260266169,8.004162164310102e-05,0.2365171042170381,0,0.20481730847379193,0.0
2026-07-03 12:10:00,68.595,4178.78,7497.3,-0.000509981057846387,0.001090021393167273,0.00018676876692591549,0.23154638518494575,0,0.1765698652978548,0.0
2026-07-03 12:11:00,68.57,4179.48,7497.8,-0.001238074430121694,0.0015504396107364204,0.00025347189797098046,0.195833937637102,0,0.1300381757615956,0.0
2026-07-03 12:12:00,68.585,4180.02,7498.0,-0.0010195907071590682,0.0017110484844999885,0.00026680896478126215,0.18177133771975124,0,0.12346873966866267,0.0
2026-07-03 12:13:00,68.605,4180.4,7498.2,-0.00029143897996353196,0.0017565006098627656,0.00036021612967784833,0.17398720432789638,0,0.09260578857337987,0.0
2026-07-03 12:14:00,68.565,4179.77,7497.9,-0.0010198878123407473,0.001884029137733112,0.0003068466833875405,0.15624389966975327,0,0.08324739399032965,0.0
2026-07-03 12:15:00,68.565,4179.73,7497.5,-0.001601747360757133,0.0016103484055871586,0.00038694526725913114,0.18016297907313894,0,0.09274409640807513,0.0
2026-07-03 12:16:00,68.5,4179.36,7497.0,-0.0021123169932260044,0.0009076605110200919,0.00026684456304204573,0.21178400917169415,0,0.16989993658474667,0.0
2026-07-03 12:17:00,68.555,4178.96,7496.7,-0.0013110933061400987,0.0011163548379369281,0.0002935486023083467,0.2122013196919853,0,0.1741340082373221,0.0
2026-07-03 12:18:00,68.53,4179.42,7497.2,-0.0019660671375519856,0.0010706715050479154,0.00024014729033816629,0.20853687838936635,0,0.16857313129809448,0.0
2026-07-03 12:19:00,68.525,4180.26,7497.3,-0.001529943173539161,0.0010728534549235835,0.00018676876692591549,0.2169132173330559,0,0.1667830993002099,0.0
2026-07-03 12:20:00,68.525,4180.28,7496.7,-0.001166095765614772,0.0009194433536696689,0.00010672500967201515,0.2277237793605119,0,0.21742183288333428,0.0
2026-07-03 12:21:00,68.565,4180.45,7497.5,-0.0005102040816326037,0.0009649412654857414,0.00025348204279840303,0.2337484886118394,0,0.2050058632819724,0.0
2026-07-03 12:22:00,68.56,4180.78,7497.8,-0.00021873860736421058,0.0008474495121180148,0.0002801606254252409,0.2360361439870648,0,0.20679674940292436,0.0
2026-07-03 12:23:00,68.58,4180.01,7497.5,0.00035007876772286117,0.00025604579151661255,0.00018676378383419845,0.24749769984077957,0,0.1994923137240795,0.0
2026-07-03 12:24:00,68.515,4180.13,7497.6,-0.0006563593932322753,0.00040445716583237257,0.00012005282324234479,0.2505391019684997,0,0.2172665655967153,0.0
2026-07-03 12:25:00,68.49,4180.9,7497.0,-0.0015307238136891277,0.0005073251044562799,-4.001440518586197e-05,0.24072849487339154,0,0.2313247050555145,0.0
2026-07-03 12:26:00,68.52,4180.53,7497.1,-0.0007291818579553411,0.0002512274254213853,-9.336071914423094e-05,0.2526446865920649,0,0.23019668064399962,0.0
2026-07-03 12:27:00,68.51,4180.38,7498.3,-0.001093533571480454,8.612398983731673e-05,4.001066951198062e-05,0.24043021330444625,0,0.22693471289548706,0.0
2026-07-03 12:28:00,68.52,4180.26,7497.9,-0.0012389767509657368,-3.3489618218252026e-05,-4.000960230454709e-05,0.2412192635841,0,0.2328339222943459,0.0
2026-07-03 12:29:00,68.53,4178.44,7497.7,-0.0005104645227156368,-0.0003181993267573624,-2.667413542456476e-05,0.2508182901739372,0,0.21861958137173598,0.0
2026-07-03 12:30:00,68.535,4177.8,7498.1,-0.00043754101947057755,-0.0004617523141445812,8.002667555850884e-05,0.24552725423438249,0,0.20711571813685115,0.0
2026-07-03 12:31:00,68.53,4178.88,7498.8,0.0004379562043794749,-0.00011485012059253563,0.00024009603841546046,0.24135357725101203,0,0.20566289886013078,0.0
2026-07-03 12:32:00,68.51,4177.77,7498.5,-0.0006564072642404328,-0.0002847598445545607,0.00024010564648446753,0.2403799807538572,0,0.18946573337803535,0.0
2026-07-03 12:33:00,68.52,4177.71,7498.6,-0.00014592149423620082,-0.0004091476807787098,0.00018673638158261952,0.24539894193195244,0,0.20048092010917506,0.0
2026-07-03 12:34:00,68.49,4177.04,7498.5,-0.0005107624954397982,-0.000770287015640192,0.00016005762074344787,0.23846592897777713,0,0.1764321689271351,0.0
2026-07-03 12:35:00,68.415,4176.28,7498.9,-0.0016052535570959536,-0.0009568737022400686,0.0002934624568142752,0.21206342979222054,0,0.1515886003664471,0.0
2026-07-03 12:36:00,68.42,4176.11,7498.7,-0.0021147815941077175,-0.0010381657477066542,0.00016005335111701768,0.21462961906734146,0,0.1416072550677968,0.0
2026-07-03 12:37:00,68.395,4176.58,7499.5,-0.002406651108518232,-0.0010045972282684001,0.00022673317506471946,0.20406161038429305,0,0.14814227310183953,0.0
2026-07-03 12:38:00,68.395,4176.77,7499.0,-0.0026975794692329913,-0.0007751177628760875,0.00020006668889638313,0.20910176537460212,0,0.14688632089032416,0.0
2026-07-03 12:39:00,68.455,4177.02,7499.2,-0.0008757206451142086,-0.000743996000124314,0.00021340162185223832,0.22931070108234702,0,0.17072837821966508,0.0
2026-07-03 12:40:00,68.49,4176.75,7498.7,0.0,-0.00099260924681277,0.0002267573696144165,0.22696097008457305,0,0.17814678773964931,0.0
2026-07-03 12:41:00,68.585,4176.32,7499.0,0.000948628137769969,-0.001007049345417954,0.00025343132677968505,0.21905091104116714,0,0.16232394208952716,0.0
2026-07-03 12:42:00,68.6,4176.68,7499.2,0.001313676835498212,-0.0008850870016601231,0.00012002720616677287,0.22613710150927974,0,0.16312393006788123,0.0
2026-07-03 12:43:00,68.605,4177.59,7499.2,0.001240513718622438,-0.000638716252099214,0.00017338188025983747,0.22974896523428817,0,0.17061464284773947,0.0
2026-07-03 12:44:00,68.58,4177.63,7500.5,0.000729607471180449,-0.00019385225107926285,0.0003734478573429456,0.2357767609226793,0,0.13097128970255284,0.0
2026-07-03 12:45:00,68.6,4177.44,7500.6,0.0009484205150651626,-8.616975441633201e-05,0.00033341779917583914,0.22642103774918587,0,0.14644064835824389,0.0
2026-07-03 12:46:00,68.595,4177.03,7500.2,0.0009484897125346947,-0.0004427023508691841,0.00018669653811276277,0.23787565714469272,0,0.18948280771394782,0.0
2026-07-03 12:47:00,68.63,4176.38,7498.8,0.001751569113997764,-0.00033271338537077533,4.000800160031126e-05,0.22332797127180287,0,0.17814586518333275,0.0
2026-07-03 12:48:00,68.63,4174.9,7498.7,0.0016053706946876911,-0.0006726172951211362,1.3335822686810772e-05,0.22519881835349925,0,0.17847271312470148,0.0
2026-07-03 12:49:00,68.555,4175.73,7499.0,0.0009490436560084525,-0.00031361921360595346,6.668000266718543e-05,0.24314837799999328,0,0.21787812580282662,0.0
2026-07-03 12:50:00,68.57,4176.03,7499.1,0.002265585032521944,-5.986188665507708e-05,2.6670578351595253e-05,0.21240154920834015,0,0.18314136925561503,0.0
2026-07-03 12:51:00,68.565,4178.23,7499.9,0.0021192633732824984,0.0005076494632565431,0.00016002773814127735,0.20995098031350667,0,0.14265698614057976,0.0
2026-07-03 12:52:00,68.56,4177.57,7499.5,0.0024124570509540533,0.00023703604384439636,0.0,0.2190229719689547,0,0.18046274895479925,0.0
2026-07-03 12:53:00,68.595,4176.08,7499.5,0.0029241903647927447,-0.00016519942443571356,6.667555674089165e-05,0.19567823700206977,0,0.14004723245444434,0.0
2026-07-03 12:54:00,68.59,4176.42,7499.3,0.001972098458841609,-0.00014364307568559553,1.3334755707417045e-05,0.22329680234428712,0,0.18895122895869693,0.0
2026-07-03 12:55:00,68.585,4177.25,7499.0,0.0013870638049349182,0.00011971030107149616,4.000693453543036e-05,0.23867766880163754,0,0.20320702855116307,0.0
2026-07-03 12:56:00,68.59,4177.27,7499.3,7.290223809874874e-05,0.00022747299057557235,4.00053340445794e-05,0.25696817058333216,0,0.21386485091566726,0.0
2026-07-03 12:57:00,68.62,4177.53,7499.3,0.00029154518950447184,0.00020351092255088687,1.3334755707417045e-05,0.25308528436604716,0,0.22851753157050447,0.0
2026-07-03 12:58:00,68.575,4177.19,7498.8,-0.0004372859121055672,-9.574898446251812e-05,-5.333902282900205e-05,0.2562119655313326,0,0.2298607834787052,0.0
2026-07-03 12:59:00,68.575,4177.05,7499.0,-7.290755322242326e-05,-0.0001388346981422428,-0.0001999866675554962,0.25412273812197894,0,0.21525295906002317,0.0
2026-07-03 13:00:00,68.585,4176.26,7496.0,-0.00021865889212824285,-0.00028246964648193096,-0.0006132842705917074,0.2101096345736319,0,0.11102217782910972,0.0
2026-07-03 13:01:00,68.6,4176.99,7496.6,7.289161017554058e-05,-9.576182119830356e-06,-0.00047998720034125864,0.23180310480684474,0,0.17765654934819453,0.0
2026-07-03 13:02:00,68.555,4176.77,7496.9,-0.0010928165525279088,9.338230716560147e-05,-0.00025337387315316207,0.24514641712771545,0,0.21587313197870817,0.0
2026-07-03 13:03:00,68.575,4177.43,7497.1,-0.0008013988051871479,0.0006060025389831303,-0.00021337031752166613,0.23983538518740416,0,0.22341998321097417,0.0
2026-07-03 13:04:00,68.6,4178.89,7497.5,0.0006564072642400998,0.0007567539088975117,-0.00020002667022267495,0.24333991149563583,0,0.21750271120175985,0.0
2026-07-03 13:05:00,68.63,4179.28,7496.5,0.0008750182295464981,0.0007782511140963511,-0.00034670827165927953,0.22211535708723074,0,0.2087551771967613,0.0
2026-07-03 13:06:00,68.62,4178.66,7496.5,0.0008021585356960959,0.00010291439197951391,-0.00045333937785829725,0.231204896247655,0,0.18157841587044737,0.0
2026-07-03 13:07:00,68.65,4178.21,7495.3,0.0013127187864645506,0.00015319910857281016,-0.0005600373358223276,0.20583020876334857,0,0.1428696901669328,0.0
2026-07-03 13:08:00,68.605,4178.17,7495.0,0.0001457832203513032,0.0005004693396679638,-0.0006000400026668906,0.2145923767626735,0,0.12736783625293235,0.0
2026-07-03 13:09:00,68.595,4179.76,7495.5,7.289692374978785e-05,0.0007997279967053572,-0.0005067139599695958,0.20471572643956376,0,0.16016892218008844,0.0
2026-07-03 13:10:00,68.595,4179.56,7495.0,0.00014580447619749748,0.0005529953917051689,-0.0005334044539272442,0.21842629370212552,0,0.16260316374191425,0.0
2026-07-03 13:11:00,68.535,4180.03,7495.4,-0.0008018661612481104,0.0006607186032980827,-0.0005200485378635822,0.20718625920019113,0,0.16832957686828948,0.0
2026-07-03 13:12:00,68.525,4181.07,7496.0,-0.0013844360244826825,0.0008473906830113176,-0.00044004107049988583,0.20041461095437507,0,0.182971523392844,0.0
2026-07-03 13:13:00,68.49,4181.35,7497.1,-0.001239518775063897,0.0009958847933659865,-0.00022670293913695794,0.21987132978243884,0,0.2061626670394177,0.0
2026-07-03 13:14:00,68.515,4183.29,7496.2,-0.0008749544294568423,0.0014938772578734216,-0.00037338311774903765,0.18095426892912908,0,0.09695496280105809,0.0
2026-07-03 13:15:00,68.475,4184.42,7496.0,-0.001603849238171584,0.0019539013375604597,0.0,0.1413609878752432,0,0.08304241565109394,0.0
2026-07-03 13:16:00,68.46,4184.73,7496.5,-0.0020408163265306367,0.0018530089849388975,-1.3339380519172828e-05,0.15504028656495694,0,0.11616203438627426,0.0
2026-07-03 13:17:00,68.46,4184.14,7497.0,-0.0013857486689521359,0.0017645213885371103,1.3338846723387476e-05,0.1738902361248053,0,0.1227863446725922,0.0
2026-07-03 13:18:00,68.465,4183.63,7496.8,-0.0016040831206708406,0.0014841661021249841,-4.0015472649423955e-05,0.198529595863999,0,0.1346898706140746,0.0
2026-07-03 13:19:00,68.465,4183.49,7496.1,-0.0019679300291544077,0.0011007707788430743,-0.00018672890963644662,0.20254363810542608,0,0.1588014242870604,0.0
2026-07-03 13:20:00,68.475,4183.97,7495.9,-0.0022584875418912853,0.0011222028674797713,-8.003735076378415e-05,0.20255233368915332,0,0.17104581609789027,0.0
2026-07-03 13:21:00,68.425,4182.98,7496.0,-0.0028417371028855998,0.0010338242403067355,-6.669779230306094e-05,0.19514838184797023,0,0.18555315138319778,0.0
2026-07-03 13:22:00,68.405,4184.78,7496.9,-0.003568827385287743,0.0015724437019679627,0.00021346710605296693,0.1524864498220328,0,0.04682479863308797,0.0
2026-07-03 13:23:00,68.42,4185.34,7496.4,-0.002696596457984146,0.0017160622952154814,0.0001867911941293432,0.16215641239068634,0,0.09974663962975017,0.0
2026-07-03 13:24:00,68.44,4184.88,7496.2,-0.0022596399154457547,0.0012249507148736072,9.338936695346689e-05,0.20355964429442724,0,0.13587837328124797,0.0
2026-07-03 13:25:00,68.425,4185.06,7495.4,-0.0024783147459727095,0.001315927992420196,5.336891260832033e-05,0.19359699335413133,0,0.15768312157587278,0.0
2026-07-03 13:26:00,68.435,4183.8,7494.7,-0.0014591084847157543,0.0009019074025784501,-9.339061290924988e-05,0.21895587099079883,0,0.24004188064287568,0.0
2026-07-03 13:27:00,68.44,4183.9,7494.6,-0.0012404232032106055,0.0006768602295583737,-0.00018676627534675028,0.23142452906129712,0,0.22442158266339335,0.0
2026-07-03 13:28:00,68.43,4183.9,7494.0,-0.0008760402978534865,0.0006098508854794904,-0.00041349321737738087,0.22070538980959215,0,0.18804720853737378,0.0
2026-07-03 13:29:00,68.47,4183.07,7494.9,-0.0006567904838357119,-5.2590186193191e-05,-0.00017342120007468598,0.2525408136711371,0,0.23591409542172087,0.0
2026-07-03 13:30:00,68.445,4183.7,7494.0,-0.0004381161007667167,-0.0001720668575334594,-0.00026680896478126215,0.25053885913605084,0,0.22251360496352135,0.0
2026-07-03 13:31:00,68.43,4183.6,7494.2,-0.00043821209465366717,-0.00027002936868070204,-0.00030680984459419136,0.24601249933301145,0,0.21274867808050185,0.0
2026-07-03 13:32:00,68.48,4184.55,7494.9,0.0002921413964360742,9.798907302327464e-05,-0.0002801120448179262,0.24786346192299252,0,0.22912502989316835,0.0
2026-07-03 13:33:00,68.46,4184.05,7496.0,-7.303001533642828e-05,0.00010039128699235178,-0.0001067121972041507,0.25646833377871214,0,0.2523196715360181,0.0
2026-07-03 13:34:00,68.475,4184.01,7496.7,0.00014606003067241247,0.0001242981338549498,8.004162164310102e-05,0.2526553855499579,0,0.23964060033068418,0.0
2026-07-03 13:35:00,68.46,4184.13,7495.9,-0.00021905805038335835,3.824119197792797e-05,0.0,0.2546088618674862,0,0.24357159862570815,0.0
2026-07-03 13:36:00,68.465,4184.7,7496.3,0.0005845816587506381,0.00041119010848733595,4.002134471714491e-05,0.2476749294593084,0,0.23096130073995152,0.0
2026-07-03 13:37:00,68.43,4185.52,7495.9,0.00036547036035394775,0.0001768312790637605,-0.0001333884672330976,0.25507862111654894,0,0.24087544221665025,0.0
2026-07-03 13:38:00,68.405,4184.89,7495.9,-0.00021923414206370673,-0.00010751814667386839,-6.669868203401652e-05,0.2550965719978615,0,0.23779380616235063,0.0
2026-07-03 13:39:00,68.42,4185.32,7495.0,-0.0002922267679719148,0.0001051404102385689,-0.00016008110776122297,0.25667525646815875,0,0.24184241183949928,0.0
2026-07-03 13:40:00,68.35,4185.23,7495.5,-0.001096090610157141,4.062068405219499e-05,1.334151612986112e-05,0.2440160621132747,0,0.24373719066687904,0.0
2026-07-03 13:41:00,68.36,4185.43,7495.7,-0.0010959304449478235,0.0003895979731345367,0.00013342762218626625,0.24560794122784213,0,0.2218071018644992,0.0
2026-07-03 13:42:00,68.385,4185.4,7495.3,-0.0008036236119227658,0.00035851717297252783,9.340058175211219e-05,0.24545192603056998,0,0.22423147705139385,0.0
2026-07-03 13:43:00,68.37,4185.22,7495.3,-0.0008768084173608193,0.0003154951122159577,0.0001734721110222548,0.24526857279618586,0,0.20658689223465437,0.0
2026-07-03 13:44:00,68.355,4185.32,7495.2,-0.001679567693880446,0.0005378824643145208,4.002721850859814e-05,0.23380681568515588,0,0.20960119550384465,0.0
2026-07-03 13:45:00,68.35,4185.24,7495.3,-0.0013879757469500431,0.00036809522671310546,0.0001734721110222548,0.24049164391516853,0,0.2158867256418714,0.0
2026-07-03 13:46:00,68.355,4185.09,7495.7,-0.0010960105217010518,0.000356152595850423,0.0002001547863681452,0.2431264380201809,0,0.22629608587824862,0.0
2026-07-03 13:47:00,68.345,4185.03,7496.4,-0.0019713785046729937,0.00011470767466015275,0.0002001360925429907,0.2215749850039772,0,0.2176965130858653,0.0
2026-07-03 13:48:00,68.355,4185.03,7496.4,-0.0015337423312882237,0.00023422282238483305,5.33617929561192e-05,0.23807465016116358,0,0.2375001760044395,0.0
2026-07-03 13:49:00,68.34,4184.05,7496.9,-0.001971522453450003,9.560206596148646e-06,2.667840516501485e-05,0.22886968245572875,0,0.23231576558529216,0.0
2026-07-03 13:50:00,68.355,4184.03,7497.7,-0.0015337423312882237,-2.3899831028240115e-05,0.00024013127176192306,0.22333437860702315,0,0.22506432534619392,0.0
2026-07-03 13:51:00,68.365,4183.42,7497.4,-0.001460600306726234,-0.000305876167945085,0.00014673905793527453,0.22881026549236888,0,0.21870877854217874,0.0
2026-07-03 13:52:00,68.355,4182.88,7497.4,-0.0010960105217010518,-0.0006307460004970622,0.0002001093931349729,0.23059360576347065,0,0.2057909971866025,0.0
2026-07-03 13:53:00,68.355,4182.05,7497.7,-0.0007309407207075624,-0.0006786319353675463,0.00024013127176192306,0.2322397379581458,0,0.21205606238586794,0.0
2026-07-03 13:54:00,68.425,4181.4,7498.5,7.307804735456891e-05,-0.0009366069977922997,0.000466977985323469,0.20914760344722394,0,0.15078143997518995,0.0
2026-07-03 13:55:00,68.395,4180.83,7498.9,0.0006583760058522792,-0.0010513161761718237,0.0004536054966313152,0.20404726897305075,0,0.15470247586913627,0.0
2026-07-03 13:56:00,68.395,4180.68,7499.2,0.0005119953188998938,-0.0011348893662060933,0.0004669343757086608,0.19046936973759399,0,0.15752950148190742,0.0
2026-07-03 13:57:00,68.365,4178.76,7499.1,-0.0002924617971779009,-0.0015864672432740479,0.0005069843768761295,0.15946713754944536,0,0.0820466555770778,0.0
2026-07-03 13:58:00,68.355,4179.09,7498.8,-0.00021939447125929323,-0.0014646780814390192,0.00046695929449125373,0.17125340655459387,0,0.12940143718600172,0.0
2026-07-03 13:59:00,68.36,4180.98,7499.4,7.314753858533862e-05,-0.0010369577475557445,0.0005603586295228613,0.1918507673679143,0,0.14847190947700728,0.0
2026-07-03 14:00:00,68.31,4180.36,7500.8,-0.0005852231163129273,-0.001166002427578805,0.0007337931770576844,0.16753775375121222,0,0.08763056516916679,0.0
2026-07-03 14:01:00,68.305,4180.83,7501.3,-0.0007314753858532752,-0.0010178992566468592,0.0007470950011341237,0.17459713625693074,0,0.07733894008299302,0.0
2026-07-03 14:02:00,68.235,4179.95,7502.2,-0.0016094813080693715,-0.0012138503188746652,0.0007737047115949913,0.1200449941149413,0,0.05475273291602234,0.0
2026-07-03 14:03:00,68.275,4178.42,7502.1,-0.001170360617365196,-0.0015794390960159888,0.0007603649751881658,0.1204569823810564,0,0.017263629687951476,0.0
2026-07-03 14:04:00,68.245,4178.32,7502.1,-0.0013901082821188293,-0.0013694865023125002,0.000693620029612374,0.14471248759999117,0,0.06127530737106446,0.0
2026-07-03 14:05:00,68.28,4178.65,7502.4,-0.0010972130787799683,-0.0012858416407148798,0.0006268589033970873,0.1618704976948077,0,0.12137389768235018,0.0
2026-07-03 14:06:00,68.175,4180.4,7502.7,-0.0027791998829810316,-0.0007218973949544294,0.0007069117293996285,0.14995559350078574,0,0.0802892320859292,0.0
2026-07-03 14:07:00,68.185,4182.28,7501.7,-0.00248701631190118,-0.00014344183911574326,0.000573532157814638,0.16957786214057397,0,0.08031247035745681,0.0
2026-07-03 14:08:00,68.205,4182.82,7500.7,-0.0021944261575599366,0.00018412022811764572,0.00040012270429601315,0.20717794360480873,0,0.1592467136438327,0.0
2026-07-03 14:09:00,68.225,4181.09,7499.8,-0.002922908293752302,-7.413784856735717e-05,0.00017336800693468213,0.2046237193036225,0,0.19379055398690753,0.0
2026-07-03 14:10:00,68.21,4180.77,7500.0,-0.0027048760874333055,-1.4351217341834754e-05,0.0001466881809333298,0.21094313146375593,0,0.22394789776909774,0.0
2026-07-03 14:11:00,68.225,4180.2,7499.3,-0.0024855618100738663,-0.00011481385803280286,1.3334755707417045e-05,0.21800222197393487,0,0.23545231467722905,0.0
2026-07-03 14:12:00,68.17,4178.93,7497.9,-0.0028523367220067986,4.068192478157151e-05,-0.00016001920230435118,0.20771629980420825,0,0.2075548876985227,0.0
2026-07-03 14:13:00,68.205,4178.86,7498.7,-0.0021944261575599366,-5.503590494593258e-05,-1.3335467008102064e-05,0.22490216593129042,0,0.2326273625417341,0.0
2026-07-03 14:14:00,68.23,4177.92,7498.2,-0.0019016968987711769,-0.0007318858258110739,-0.00016001280102406756,0.224569595630928,0,0.17889912219230958,0.0
2026-07-03 14:15:00,68.27,4175.9,7497.6,-0.0005855658029572108,-0.001066893760345966,-0.0004266211604094794,0.22347566459457563,0,0.15101473960907058,0.0
2026-07-03 14:16:00,68.29,4176.53,7499.1,-0.00021960325012815307,-0.001028503909510814,-0.0002932824977003312,0.23128161586481216,0,0.17974855113487603,0.0
2026-07-03 14:17:00,68.275,4175.75,7499.2,0.0005862094233166637,-0.001004796708094502,-0.0003998827010743833,0.2237615344972097,0,0.18202629673172943,0.0
2026-07-03 14:18:00,68.28,4175.84,7498.0,7.32332478945441e-05,-0.0006174582737015211,-0.0005465136428467465,0.2170182318271135,0,0.1429600607449934,0.0
2026-07-03 14:19:00,68.28,4175.49,7496.6,0.0005128580848412501,-0.0006773057113863556,-0.0007331280574772725,0.17403164611179245,0,0.08143815173654811,0.0
2026-07-03 14:20:00,68.32,4173.76,7496.6,0.0005858230814292931,-0.0011702344058486247,-0.0007730859458305872,0.15692721116929292,0,0.014934864848550222,0.0
2026-07-03 14:21:00,68.34,4173.38,7496.9,0.0024202420242025457,-0.0016792651420916016,-0.0007730550335213193,0.10789071434492103,0,-0.02409387847818467,1.0
2026-07-03 14:22:00,68.35,4174.99,7496.9,0.0024198870719365217,-0.0017430683741882502,-0.0006398549662076647,0.12285819068481996,0,0.02476335411467301,0.0
2026-07-03 14:23:00,68.355,4174.48,7497.7,0.0021992522542335635,-0.0019938701641476486,-0.00039996267015074416,0.13299508251912545,0,0.04219092831060878,0.0
2026-07-03 14:24:00,68.335,4174.34,7497.5,0.0016123122022719816,-0.0016144115529682646,-0.0003066748446625134,0.18899006220785225,0,0.0918051535466623,0.0
2026-07-03 14:25:00,68.29,4173.82,7497.7,0.0011728485559303614,-0.0016623731991954882,-0.0003066666666666773,0.19565241144149742,0,0.1000918872480272,0.0
2026-07-03 14:26:00,68.235,4173.79,7498.2,0.0001465738365702407,-0.0015334194536146262,-0.0001466803568334063,0.21320760528799465,0,0.11644260421206831,0.0
2026-07-03 14:27:00,68.275,4173.23,7498.3,0.00154026697960985,-0.001363985517824129,5.3348270849351564e-05,0.20488189656025813,0,0.11620449659196319,0.0
2026-07-03 14:28:00,68.255,4173.9,7497.9,0.0007330840847443731,-0.0011869265780619642,-0.00010668515876088858,0.2342680920687239,0,0.14409115550412338,0.0
2026-07-03 14:29:00,68.26,4174.69,7498.2,0.0004396892862377211,-0.0007731119791667407,0.0,0.23747069929226605,0,0.189084537629089,0.0
2026-07-03 14:30:00,68.235,4173.54,7497.9,-0.0005126702797714211,-0.0005651476328455418,4.001280409715591e-05,0.24120438295910107,0,0.22635737671972983,0.0
2026-07-03 14:31:00,68.24,4173.29,7498.4,-0.0007321716210281215,-0.0007757636123767453,-9.33445346775752e-05,0.24438891846814148,0,0.19278244924409876,0.0
2026-07-03 14:32:00,68.24,4174.23,7498.5,-0.0005126327352619198,-0.00036400646590439845,-9.334328995092012e-05,0.25151036899212514,0,0.21338616706727925,0.0
2026-07-03 14:33:00,68.24,4175.41,7499.4,-0.0005858230814295151,-0.00010297329399600041,0.00018671645772205814,0.24677300714580502,0,0.21887021369460974,0.0
2026-07-03 14:34:00,68.165,4177.17,7498.5,-0.0016842413591094951,0.00040234798790095283,0.0002534482298641727,0.22652748163104852,0,0.18521581792501196,0.0
2026-07-03 14:35:00,68.145,4177.57,7497.8,-0.002561475409835978,0.0009128459710188164,0.00016007256623007393,0.204283638392956,0,0.15617444239481032,0.0
2026-07-03 14:36:00,68.19,4175.27,7498.5,-0.0021949078138718825,0.00045287033531571375,0.0002134215475730894,0.22620071850364937,0,0.1870477448168552,0.0
2026-07-03 14:37:00,68.165,4173.93,7499.0,-0.0027066569129479134,-0.00025389282369525645,0.0002801157811895827,0.20636945347478858,0,0.12819813410580455,0.0
2026-07-03 14:38:00,68.17,4173.13,7498.7,-0.002706458927657085,-0.0003233935723729875,0.00013337423476533772,0.2159077832597298,0,0.1732257778833533,0.0
2026-07-03 14:39:00,68.065,4174.94,7498.9,-0.003951123143337898,0.00014373529707678578,0.00018672890963644662,0.17130739506450077,0,0.11715533211415174,0.0
2026-07-03 14:40:00,68.14,4174.55,7499.0,-0.0021965148630840314,0.0001748997321400214,0.00017338650519493903,0.22667659835819098,0,0.20451610443734314,0.0
2026-07-03 14:41:00,68.16,4175.03,7499.3,-0.0010991426687184669,0.00029709209136052905,0.00014670187511667265,0.24375452957799865,0,0.2326575308321222,0.0
2026-07-03 14:42:00,68.17,4174.42,7498.7,-0.0015378982057855373,0.0002851508304120287,5.334542496293615e-05,0.23754796347363355,0,0.23241918752551344,0.0
2026-07-03 14:43:00,68.19,4174.3,7497.9,-0.0009523111859937039,9.583363281362445e-05,0.0,0.24394677575965767,0,0.24282107143250237,0.0
2026-07-03 14:44:00,68.185,4174.86,7497.9,-0.001098740111339036,4.0721586513026153e-05,-4.000960230454709e-05,0.24617750016058965,0,0.22906998902543158,0.0
2026-07-03 14:45:00,68.19,4175.86,7498.3,-0.0006594856012310801,0.0005558830153777894,5.3348270849351564e-05,0.24965541858907447,0,0.23351945410226338,0.0
2026-07-03 14:46:00,68.175,4175.55,7498.5,-0.0009525205158265049,0.0005415391693364136,1.3336178384726338e-05,0.24625214054707278,0,0.2339640763173222,0.0
2026-07-03 14:47:00,68.17,4175.88,7499.0,-0.001025791324736125,0.00039528248323650317,6.668000266718543e-05,0.24627657590676855,0,0.23951262625668163,0.0
2026-07-03 14:48:00,68.16,4176.42,7499.3,-0.0011723329425556983,0.000241892412960798,-1.333440008521869e-05,0.24452774326657017,0,0.22659617940868715,0.0
2026-07-03 14:49:00,68.17,4175.67,7499.9,7.335142668507544e-05,-0.0003590947938436617,0.00018670400746811922,0.24817496734177924,0,0.22230917566870262,0.0
2026-07-03 14:50:00,68.185,4177.45,7499.5,0.0005869836378311621,-2.872483285731864e-05,0.00022673317506471946,0.23400563380257539,0,0.20974830580771503,0.0
2026-07-03 14:51:00,68.165,4176.69,7498.8,-0.00036662267194587095,0.0003400977661323079,4.000800160031126e-05,0.25631714352445367,0,0.24732654706618584,0.0
2026-07-03 14:52:00,68.195,4175.74,7498.5,0.0004401085601113408,0.0004336440716541379,-6.667555674089165e-05,0.2528202561161649,0,0.21373535587273923,0.0
2026-07-03 14:53:00,68.215,4174.78,7498.7,0.0006601144198328246,0.00039538667618788104,0.0,0.24998936595212723,0,0.2119457614595009,0.0
2026-07-03 14:54:00,68.215,4174.97,7499.5,0.0022037758025417187,7.185732010750456e-06,8.001173505456372e-05,0.217442260241351,0,0.1828905168397682,0.0
2026-07-03 14:55:00,68.24,4174.71,7499.7,0.0014675667742880538,3.832748439958067e-05,9.33457794372039e-05,0.23217637281376408,0,0.2135561688917923,0.0
2026-07-03 14:56:00,68.24,4174.05,7499.2,0.0011737089201877549,-0.0002347288522476232,-1.3334577893986399e-05,0.2413443464287901,0,0.22353967248616613,0.0
2026-07-03 14:57:00,68.225,4173.29,7499.5,0.0008068065131288105,-0.00027069628834663906,0.00010668515876077755,0.24606894500967408,0,0.2324630096865588,0.0
2026-07-03 14:58:00,68.22,4172.54,7499.2,0.0004399472063352228,-0.0004216275782766843,0.00017338188025983747,0.24518986873417398,0,0.2301624430374244,0.0
2026-07-03 14:59:00,68.225,4176.81,7499.1,0.0005866392901663353,0.000467081530877822,0.0001600448125476106,0.24607815281566997,0,0.23530771291906183,0.0
2026-07-03 15:00:00,68.3,4174.78,7500.4,0.0016131397565626315,-0.0002586293601797296,0.0002800634810555813,0.21942570906157055,0,0.15295839156573704,0.0
2026-07-03 15:01:00,68.29,4173.27,7501.2,0.0016868353502017541,-0.0005460358515644304,0.00036007201440280134,0.20996832348960548,0,0.08328694303953232,0.0
2026-07-03 15:02:00,68.38,4174.39,7500.1,0.003080533959219478,-0.00035681101947371285,0.00014668622483005045,0.18046266001788097,0,0.06804153275515035,0.0
2026-07-03 15:03:00,68.405,4172.4,7500.8,0.003594483568075235,-0.000962546870286185,0.00020001866840901883,0.1567981437558943,0,0.04386561850190973,0.0
2026-07-03 15:04:00,68.365,4173.79,7500.6,0.002860495819275277,-0.00045022714917608564,9.33345777944794e-05,0.19201101736509218,0,0.11252044938420036,0.0
2026-07-03 15:05:00,68.425,4171.0,7499.0,0.003519835740998678,-0.0015440041173442332,-6.667111140745696e-05,0.1457532974066153,0,-0.007747046228544829,1.0
2026-07-03 15:06:00,68.415,4171.78,7499.7,0.0036675713342624316,-0.001175572043891182,0.00012001920307236347,0.15680776143049796,0,0.028664441843129662,0.0
2026-07-03 15:07:00,68.46,4170.96,7500.4,0.003885915389691297,-0.0011447072854152696,0.00025338401013530465,0.1356736719694791,0,0.03794550078237757,0.0
2026-07-03 15:08:00,68.455,4169.86,7500.2,0.0035182877666202206,-0.0011785052146460195,0.00020003467267670771,0.1521015059887072,0,0.07127898060173654,0.0
2026-07-03 15:09:00,68.455,4166.79,7500.2,0.0035182877666202206,-0.00195929551589602,9.333955597035093e-05,0.1274114393223822,0,0.0036421048001638034,0.0
2026-07-03 15:10:00,68.45,4168.57,7499.8,0.003077373974208708,-0.0014707608432682484,1.3333866688114426e-05,0.16470892079001598,0,0.05709450301690655,0.0
2026-07-03 15:11:00,68.475,4166.74,7498.6,0.003443728018757364,-0.001751296702243721,-8.00085342436141e-05,0.144537306416204,0,0.007318747001980652,0.0
2026-07-03 15:12:00,68.54,4166.46,7498.4,0.004617075851960584,-0.001636598463083061,-0.0001466764450963609,0.11815230463864046,0,-0.01272071180729939,1.0
2026-07-03 15:13:00,68.56,4167.09,7498.3,0.004983875696276785,-0.001306158838501159,-0.00012001280136542114,0.09219470024037135,0,-0.004460594736263146,1.0
2026-07-03 15:14:00,68.57,4166.62,7498.2,0.005056797361670862,-0.002439660889530626,-0.00012001440172826339,0.024122879682720866,0,-0.07744931768248775,1.0
2026-07-03 15:15:00,68.535,4168.36,7498.7,0.003440702781844829,-0.0015378055849649686,-0.00022665457842241388,0.14386225335119662,0,0.049713293510883605,0.0
2026-07-03 15:16:00,68.535,4170.27,7499.2,0.003587640943036874,-0.0007188607494842403,-0.0002666240068255332,0.16844953321844508,0,0.05826291623022084,0.0
2026-07-03 15:17:00,68.505,4167.64,7498.9,0.0018280198888562804,-0.0016170027237512041,-0.0001599978666951829,0.1892573854890578,0,0.11499408665332983,0.0
2026-07-03 15:18:00,68.51,4167.74,7498.1,0.0015349755134859144,-0.001116863196241935,-0.0003599616040955711,0.20562247288152385,0,0.12236446453562982,0.0
2026-07-03 15:19:00,68.54,4169.52,7499.5,0.0025597893659037307,-0.0010230509920239328,-0.00014665493427201692,0.20814397990608546,0,0.1435831373413448,0.0
2026-07-03 15:20:00,68.52,4170.76,7500.9,0.001388381439532349,-5.7540158235336314e-05,0.00025336711561529945,0.22794147915049673,0,0.16642046242612762,0.0
2026-07-03 15:21:00,68.535,4170.12,7501.0,0.0017540013155008527,-0.0003979116827828033,0.00017334026694393323,0.21879252309993763,0,0.1732700328315449,0.0
2026-07-03 15:22:00,68.57,4167.79,7500.4,0.0016067776803974088,-0.0007600168786082717,0.0,0.22189321797445438,0,0.1580831311236029,0.0
2026-07-03 15:23:00,68.63,4167.85,7500.8,0.0025564239281279377,-0.0004820305717696538,7.999786672363562e-05,0.20820210282200913,0,0.1464340582981739,0.0
2026-07-03 15:24:00,68.575,4169.73,7500.9,0.001752976407859208,0.0007055791148580237,9.33308445107972e-05,0.21245958559469663,0,0.1113837690091305,0.0
2026-07-03 15:25:00,68.595,4169.8,7499.6,0.0021183345507669316,0.0002950652142101884,-2.666737779666306e-05,0.21606683156151146,0,0.1342507059503089,0.0
2026-07-03 15:26:00,68.605,4171.0,7500.5,0.001898503103322513,0.0010223820060768496,0.000253380631051181,0.19702349023523058,0,0.061032354206937756,0.0
2026-07-03 15:27:00,68.58,4171.86,7500.7,0.0005836008170410079,0.0012960642847883452,0.0003067321028487058,0.21065386199541308,0,0.05883699606644832,0.0
2026-07-03 15:28:00,68.6,4171.4,7500.3,0.0005834305717618005,0.0010342949156365577,0.0002667271248149028,0.22122440305197205,0,0.10021299284546614,0.0
2026-07-03 15:29:00,68.6,4171.51,7501.2,0.00043750911477324905,0.0011736131444672893,0.00040009602304547087,0.2079394547013364,0,0.05096387523658896,0.0
2026-07-03 15:30:00,68.64,4167.54,7503.7,0.0015320639089517751,-0.00019672005297044493,0.0006667822422552483,0.18124583079007406,0,0.05930359721708578,0.0
2026-07-03 15:31:00,68.58,4167.97,7505.5,0.0006565988181221893,-0.0005515230428725371,0.0008400896095583921,0.15254800774477378,0,0.051763820934316085,0.0
2026-07-03 15:32:00,68.635,4167.71,7504.9,0.0018976717027956447,1.679607643656489e-05,0.000800117350544749,0.14547680337276803,0,0.01661491410465965,0.0
2026-07-03 15:33:00,68.605,4166.02,7504.4,0.001386658881915137,-0.00041269369010532575,0.0008402128539228837,0.14132611091131553,0,0.034313595602306735,0.0
2026-07-03 15:34:00,68.665,4167.17,7500.9,0.0018237525532536214,-0.0005636140371074738,0.00018667911194070186,0.2145648563769984,0,0.17661464098655155,0.0
2026-07-03 15:35:00,68.64,4166.42,7501.3,0.0017513134851139256,-0.001040577736431736,5.332693410120548e-05,0.2136698151870895,0,0.16730147441306592,0.0
2026-07-03 15:36:00,68.625,4166.11,7501.8,0.0013131976362443787,-0.0009616030234141926,0.00010665244634044946,0.22647735305024602,0,0.1729588085564453,0.0
2026-07-03 15:37:00,68.57,4167.69,7501.8,0.0,-2.3993531344079777e-05,0.00018665671164219688,0.24967016259315256,0,0.21205159380098787,0.0
2026-07-03 15:38:00,68.565,4167.28,7500.9,-0.0009471076788576394,-0.000136761159830745,1.333191126273725e-05,0.24099166001695982,0,0.21799875977237132,0.0
2026-07-03 15:39:00,68.55,4167.73,7499.4,-0.00036456434560705464,-0.00047964736325856183,-0.0001999760028796871,0.2545507904024216,0,0.19539685003184482,0.0
2026-07-03 15:40:00,68.61,4166.73,7499.7,0.00021867483052706582,-0.0007362463427503796,1.3334044482338214e-05,0.24068159667146932,0,0.18649705471197675,0.0
2026-07-03 15:41:00,68.57,4166.59,7499.9,-0.0005101668974566431,-0.0010573004075761228,-7.99946670222429e-05,0.2409574794548915,0,0.1611791864212051,0.0
2026-07-03 15:42:00,68.51,4167.46,7501.3,-0.0010207057451151469,-0.001054685440067371,7.999253403023765e-05,0.2237781309640608,0,0.17151101571573985,0.0
2026-07-03 15:43:00,68.55,4166.95,7500.9,-0.0007288629737608465,-0.0010667881286857694,7.999680012793497e-05,0.22428243450691387,0,0.1789594435627978,0.0
2026-07-03 15:44:00,68.535,4166.92,7499.7,-0.0009475218658892004,-0.0011003209868848396,-0.00019996800511923318,0.22635408282350472,0,0.17402651875491637,0.0
2026-07-03 15:45:00,68.54,4166.63,7500.4,-0.0014568764568764214,-0.00021835423295268885,-0.0004397830403667369,0.21302081766522346,0,0.15488422615811515,0.0
2026-07-03 15:46:00,68.575,4167.17,7501.0,-7.290755322242326e-05,-0.00019193996118016532,-0.0005995603224302481,0.2147745710563247,0,0.15054204357667994,0.0
2026-07-03 15:47:00,68.59,4164.99,7500.1,-0.0006556421650761868,-0.0006526365798005251,-0.0006395821396686374,0.19279903827525108,0,0.1200135651487898,0.0
2026-07-03 15:48:00,68.6,4164.14,7497.4,-7.28809853510759e-05,-0.0004512700371097633,-0.0009327860988219694,0.11486084191800838,0,0.0733921583433288,0.0
2026-07-03 15:49:00,68.625,4165.0,7497.4,-0.000582538411126543,-0.000520737094958923,-0.0004666106733858255,0.2276969002444112,0,0.15883761507776967,0.0
2026-07-03 15:50:00,68.605,4165.55,7496.8,-0.0005099067599066975,-0.0002088123616917903,-0.0005998960180235713,0.21324039261794625,0,0.1412769730409763,0.0
2026-07-03 15:51:00,68.61,4165.82,7498.3,-0.00021857923497270448,-6.960929980248665e-05,-0.00046655469354017765,0.23253558027363996,0,0.18273440600120933,0.0
2026-07-03 15:52:00,68.6,4165.94,7497.1,0.00043750911477324905,-0.00041989687332788517,-0.0006265163027540099,0.19888276039062935,0,0.14134175889612216,0.0
2026-07-03 15:53:00,68.63,4167.45,7498.9,0.0009480055421862144,4.079399512391113e-05,-0.00026663467050624945,0.23998058707232056,0,0.20552323376275933,0.0
2026-07-03 15:54:00,68.635,4166.59,7498.2,0.001239970824216119,-0.0002735301950940183,-0.00016001280102406756,0.2442760430932292,0,0.18745586772064848,0.0
2026-07-03 15:55:00,68.645,4167.36,7497.6,0.0005101297186997922,0.0001511977017949473,-0.00028001120044796046,0.24395629446857586,0,0.1879001214907125,0.0
2026-07-03 15:56:00,68.66,4167.95,7498.9,0.0013125273443197472,0.0003264060058705276,-0.00013333511113478025,0.24048925063265542,0,0.17867990948044915,0.0
2026-07-03 15:57:00,68.695,4166.36,7499.9,0.002700335717413349,-0.00026394974396881654,-0.0001866343167185036,0.20633662714462842,0,0.12769123478422684,0.0
2026-07-03 15:58:00,68.72,4164.98,7500.4,0.0024799416484317938,-0.0004727678517861822,-6.665866762656236e-05,0.21492181900699697,0,0.14991427836486904,0.0
2026-07-03 15:59:00,68.715,4164.65,7501.0,0.0026263952724885353,-0.0005447668781739523,0.00017334026694393323,0.20035674880512266,0,0.1411597864456109,0.0
2026-07-03 16:00:00,68.76,4164.8,7501.1,0.0032098044937263204,-0.00043920386499396447,9.332835582109844e-05,0.1782382263067821,0,0.1213896498346354,0.0
2026-07-03 16:01:00,68.875,4164.46,7500.4,0.0043747721472839896,-0.0006503214411699432,-7.99893347553926e-05,0.15067612576545014,0,0.06869133955431106,0.0
2026-07-03 16:02:00,68.83,4164.5,7500.4,0.003499052339991149,-0.00011764734129005028,3.999946667376797e-05,0.1728255391700504,0,0.10230975167032064,0.0
2026-07-03 16:03:00,68.75,4164.07,7499.4,0.0021865889212828726,-1.681019370158854e-05,0.0002667591431695371,0.20451921138505136,0,0.13494331939371834,0.0
2026-07-03 16:04:00,68.745,4166.57,7499.6,0.0017486338797814138,0.0003769507803119687,0.00029343505748680165,0.21465746018945236,0,0.13388924897475524,0.0
2026-07-03 16:05:00,68.755,4164.24,7500.6,0.002186429560527614,-0.000314484281787597,0.0005068829367196326,0.1812408954313675,0,0.08974169596639603,0.0
2026-07-03 16:06:00,68.85,4163.15,7499.1,0.003498032356799241,-0.0006409302370241621,0.00010669084992609434,0.16715827290626123,0,0.1085810909155362,0.0
2026-07-03 16:07:00,68.89,4161.51,7498.4,0.004227405247813509,-0.0010633854544230825,0.00017340038148083714,0.14055067407856964,0,0.0757249475165015,0.0
2026-07-03 16:08:00,68.835,4157.0,7498.4,0.0029870319102434095,-0.0025075285846259954,-6.667644587876609e-05,0.10211478459435408,0,-0.01245034073140161,1.0
2026-07-03 16:09:00,68.81,4158.84,7498.9,0.0025497195308514797,-0.0018600342246297696,9.335573871060987e-05,0.1620857597540838,0,0.09472161899072784,0.0
2026-07-03 16:10:00,68.84,4162.86,7498.5,0.0028407021633041207,-0.001079820317899105,0.00012003841229191181,0.19117205122886377,0,0.15346202643706813,0.0
2026-07-03 16:11:00,68.785,4161.78,7497.9,0.0018205651034080006,-0.0014803440540314128,-0.00013335289175742115,0.197350085676109,0,0.1381766416366062,0.0
2026-07-03 16:12:00,68.785,4162.05,7497.9,0.0013101390203071883,-0.001034476137443563,-0.0002666702222696715,0.22648570372817084,0,0.15446027132821977,0.0
2026-07-03 16:13:00,68.8,4162.9,7497.6,0.0011641443538998875,-0.0004994021579934893,-0.0003733134232839497,0.22950269776918025,0,0.17428283247051818,0.0
2026-07-03 16:14:00,68.74,4162.23,7498.0,0.0003638215818961843,-0.0005810812433217905,-0.000399946673776852,0.2300391813440294,0,0.16503016279790506,0.0
2026-07-03 16:15:00,68.71,4163.93,7499.5,-0.0007271669575336093,-0.00020889358432574223,-0.00021330204903280414,0.2501048907210531,0,0.2002223651446482,0.0
2026-07-03 16:16:00,68.68,4163.71,7500.2,-0.002831215970961809,-0.00018009537851249036,-2.6665244520218678e-05,0.21084449274772343,0,0.13811229698497546,0.0
2026-07-03 16:17:00,68.67,4164.4,7501.8,-0.0023245677756791316,-2.401248649308574e-05,0.00018665671164219688,0.22153710728056653,0,0.18593424162909278,0.0
2026-07-03 16:18:00,68.72,4162.67,7500.7,-0.00043636363636367914,-0.0003362095257763986,0.00017334720110939728,0.24780895711755124,0,0.20373191003253965,0.0
2026-07-03 16:19:00,68.725,4162.28,7500.5,-0.00029093024947279833,-0.0010296238872741226,0.00012000640034126597,0.23215466700019483,0,0.17916292311996995,0.0
2026-07-03 16:20:00,68.685,4162.84,7500.1,-0.001018107773979926,-0.0003361958004340915,-6.66613337599875e-05,0.24305634546417215,0,0.19159391488449684,0.0
2026-07-03 16:21:00,68.575,4162.3,7499.9,-0.00399419026869996,-0.00020417232143921105,0.00010667946820275276,0.16955964185852285,0,0.043939201460792665,0.0
2026-07-03 16:22:00,68.61,4163.25,7501.7,-0.004064450573377898,0.00041811746217113033,0.0004400938866957471,0.1370678084862636,0,0.019158558624851052,0.0
2026-07-03 16:23:00,68.575,4163.99,7501.9,-0.0037771482530688516,0.0016815010825113053,0.0004667662434651998,0.11571413903492545,0,-0.0633952288802283,1.0
2026-07-03 16:24:00,68.57,4163.3,7502.3,-0.003487865135881507,0.0010724144232525656,0.00045339983197534295,0.14212879631592268,0,-0.0010736836649913872,1.0
2026-07-03 16:25:00,68.595,4163.34,7502.3,-0.0035589773387566526,0.00011530534296144701,0.0005067680202708313,0.15039771407474983,0,0.05908107947540753,0.0
2026-07-03 16:26:00,68.54,4164.84,7502.1,-0.0035618230718905686,0.0007352623156438032,0.0005601568439164151,0.14562638991384846,0,0.006805569993595051,0.0
2026-07-03 16:27:00,68.565,4165.84,7501.6,-0.003198371738024286,0.0009106089547217255,0.0004934715053548366,0.15194381397827184,0,0.06221172646087969,0.0
2026-07-03 16:28:00,68.585,4166.28,7501.6,-0.0031250000000000444,0.0008119339883254639,0.0005335040546308178,0.15665959206627694,0,0.053895759343186134,0.0
2026-07-03 16:29:00,68.625,4166.15,7501.4,-0.0016729706139073652,0.0009418028316552363,0.0004534542544678555,0.1921524462004257,0,0.10347648206289484,0.0
2026-07-03 16:30:00,68.695,4166.0,7502.2,-0.00021830883423079595,0.0004971265126934021,0.0003600240016001788,0.24103880228218377,0,0.16799399328455994,0.0
2026-07-03 16:31:00,68.71,4165.84,7502.4,0.00043680838672077726,0.0005115630051084619,0.00029332551131977525,0.24033928888453182,0,0.18416469657630358,0.0
2026-07-03 16:32:00,68.73,4165.18,7502.2,0.00087374399300999,0.0001873018922295966,5.332053640461076e-05,0.24371428544654922,0,0.22048321662610426,0.0
2026-07-03 16:33:00,68.73,4164.17,7502.2,0.0001455180442375692,0.00036034564354126,0.0001999813350754831,0.2500805782145518,0,0.21461341756356817,0.0
2026-07-03 16:34:00,68.755,4164.82,7502.4,0.0004365223717714972,0.0006102424632652426,0.0002533164455702508,0.23450367733593197,0,0.1704423795297571,0.0
2026-07-03 16:35:00,68.745,4164.98,7502.6,0.0008735531775496685,0.0005140721238383605,0.00033332888894821444,0.23226888669634788,0,0.16781751380437837,0.0
2026-07-03 16:36:00,68.705,4165.93,7503.0,0.0018957345971564177,0.000872113975446398,0.0004133388445179964,0.1955409421420135,0,0.07180469159701974,0.0
2026-07-03 16:37:00,68.755,4165.3,7502.7,0.002113394548899583,0.0004924037710922757,0.00013330311796000416,0.21218883997750088,0,0.14194557801503388,0.0
2026-07-03 16:38:00,68.78,4165.53,7503.2,0.0029894276339774706,0.00036983758366382347,0.00017328943334349312,0.18072397032154086,0,0.13627081737537922,0.0
2026-07-03 16:39:00,68.75,4165.08,7504.2,0.0026250546886394943,0.0004275454567290726,0.0002532556682617315,0.1929530140986569,0,0.13931215705090189,0.0
2026-07-03 16:40:00,68.69,4165.55,7505.1,0.0013849405933377135,0.0005308238097296858,0.0003732188795435576,0.2278168917377702,0,0.1316103260590622,0.0
2026-07-03 16:41:00,68.745,4166.93,7505.7,0.002990954187335859,0.0005018199978870097,0.0004798656376214794,0.16483760201248554,0,0.08115653004371359,0.0
2026-07-03 16:42:00,68.77,4165.53,7507.6,0.0029898636330489836,-7.441476388925228e-05,0.0007998293697344394,0.11444970646037156,0,0.037716149819485456,0.0
2026-07-03 16:43:00,68.75,4165.91,7505.7,0.002405773857257598,-8.880824140478083e-05,0.0005465500693184744,0.17558475396232087,0,0.13344260585233253,0.0
2026-07-03 16:44:00,68.745,4163.85,7505.7,0.0017486338797814138,-0.0005520684564884748,0.0005732263310849195,0.16807550653105097,0,0.13408755785473864,0.0
2026-07-03 16:45:00,68.77,4164.3,7506.2,0.001091782516922768,-0.0004080652904464577,0.0005331769347658444,0.20059709423099958,0,0.1581736852277938,0.0
2026-07-03 16:46:00,68.74,4164.56,7506.2,0.0004366176684615919,-0.0003072609605745402,0.0005065045851995187,0.21403599737865892,0,0.1628534776737931,0.0
2026-07-03 16:47:00,68.665,4167.69,7507.4,-0.0009457296668121673,0.0006026150130364893,0.0006931300151955533,0.19672009180806138,0,0.09078627096390823,0.0
2026-07-03 16:48:00,68.665,4166.89,7506.2,-0.0009457296668121673,0.0006531913922822596,0.0005331769347658444,0.2075823074762153,0,0.11839722880270337,0.0
2026-07-03 16:49:00,68.685,4166.71,7506.1,-0.001018107773979926,0.00045380112465842615,0.0004931755171679875,0.21519177751594043,0,0.1530483105577547,0.0
2026-07-03 16:50:00,68.67,4168.45,7506.6,-0.0010909884355225774,0.0008331372539605031,0.0005331485085171561,0.20012156599816272,0,0.11703018825833245,0.0
2026-07-03 16:51:00,68.665,4167.66,7506.6,-0.0005821992576958701,0.00041527342034064496,0.00047980807676939463,0.22729478134588837,0,0.16385496666732108,0.0
2026-07-03 16:52:00,68.67,4167.45,7507.6,-0.0012362737255471323,0.0005161693035313775,0.000653098217974879,0.2040117811285156,0,0.11733615678223663,0.0
2026-07-03 16:53:00,68.635,4166.96,7506.4,-0.002108170979935986,0.00034329365050789207,0.0004264846998613958,0.20689679948436962,0,0.15457645979857115,0.0
2026-07-03 16:54:00,68.615,4168.54,7507.4,-0.0019636363636363896,0.0008307163367811121,0.0004264278670611521,0.199104486844295,0,0.13330469895450509,0.0
2026-07-03 16:55:00,68.625,4168.15,7506.7,-0.0009462803901586492,0.0006241672768301232,0.0002131883652449762,0.23335533035514405,0,0.19666943399342857,0.0
2026-07-03 16:56:00,68.645,4167.51,7506.4,-0.0014546512473635476,0.00013919120311589595,9.326245386831467e-05,0.2354174231225315,0,0.21735507076676397,0.0
2026-07-03 16:57:00,68.615,4168.97,7506.9,-0.00225388977751928,0.00082582528513786,-9.323885129741694e-05,0.2102074674454093,0,0.1131308595608781,0.0
2026-07-03 16:58:00,68.58,4169.51,7507.1,-0.002472727272727293,0.0008641569308986963,0.00018652490773685138,0.20913211508236867,0,0.1503461731377459,0.0
2026-07-03 16:59:00,68.59,4169.77,7506.9,-0.0022547094334133266,0.001421761110510733,0.00015987849234577745,0.1926788234757365,0,0.1046266870540592,0.0
2026-07-03 17:00:00,68.615,4169.97,7505.7,-0.00225388977751928,0.0013615733736762614,-6.661160107646058e-05,0.19606746880830606,0,0.08357207114531928,0.0
2026-07-03 17:01:00,68.575,4168.95,7505.6,-0.002400349141693181,0.0010541329696291957,-7.993392129168608e-05,0.20267282435390077,0,0.10676619274817589,0.0
2026-07-03 17:02:00,68.605,4170.19,7505.6,-0.000873807616689759,0.0005998526761827883,-0.00023976343341225448,0.24401884056119494,0,0.18586445814840896,0.0
2026-07-03 17:03:00,68.595,4172.19,7505.1,-0.001019442219471478,0.0012719318244540645,-0.00014654552236814666,0.21194306938223023,0,0.09846130144436382,0.0
2026-07-03 17:04:00,68.595,4171.63,7504.1,-0.0013103297663246138,0.0011807877198077854,-0.00026644995403735106,0.20727244831285574,0,0.10380480161507932,0.0
2026-07-03 17:05:00,68.605,4171.28,7504.6,-0.0009465559924275446,0.0006789094267654061,-0.00026643220632505127,0.23587246154717417,0,0.175604003229895,0.0
2026-07-03 17:06:00,68.61,4171.65,7504.6,-0.0008009903152990105,0.0009573717625717126,-0.00026643220632505127,0.22163652447764948,0,0.13840160631915444,0.0
2026-07-03 17:07:00,68.605,4172.32,7505.4,-0.0009465559924275446,0.001168580306902367,-0.0002930363897917232,0.21457634283922633,0,0.125435621058757,0.0
2026-07-03 17:08:00,68.575,4172.11,7505.4,-0.0008741895534348787,0.0012359129917252076,-0.0001332196525631879,0.2141192994758131,0,0.12465662892225837,0.0
2026-07-03 17:09:00,68.57,4171.01,7504.6,-0.0006558332726080973,0.0005925335968948175,-0.000372965340863618,0.23535503808036123,0,0.1690781321180898,0.0
2026-07-03 17:10:00,68.515,4174.01,7506.0,-0.0016029143897996478,0.001405899499778318,-9.325002997317977e-05,0.1976368392708776,0,0.12959365664313072,0.0
2026-07-03 17:11:00,68.5,4173.82,7507.3,-0.0021123169932260044,0.001514093547465789,0.00011989768730691353,0.1927370876727144,0,0.10322511757791741,0.0
2026-07-03 17:12:00,68.51,4173.35,7506.0,-0.0015302776360852643,0.0010506192176964468,-0.00011988970147458478,0.21051299462930456,0,0.1503212865908577,0.0
2026-07-03 17:13:00,68.51,4172.05,7504.6,-0.0010207057451151469,0.0006091842926387869,-0.00033301807622121427,0.22974054147984901,0,0.16586674515351757,0.0
2026-07-03 17:14:00,68.475,4172.16,7505.4,-0.0016766292462458976,0.0005731731006743956,-0.000199816169124456,0.2309788126285265,0,0.1653700983668091,0.0
2026-07-03 17:15:00,68.39,4173.17,7506.0,-0.0032791663630400425,0.0007673916119299573,3.996962308638885e-05,0.18381377564077456,0,0.12891839120644305,0.0
2026-07-03 17:16:00,68.37,4173.42,7506.7,-0.0029894276339773596,0.0010722124275897027,0.0001465572372627566,0.1869642570799035,0,0.11818698978489783,0.0
2026-07-03 17:17:00,68.43,4172.84,7505.9,-0.0025508344872822164,0.000635462652780916,3.9970155617075065e-05,0.21749248928327114,0,0.1748701445438975,0.0
2026-07-03 17:18:00,68.46,4170.87,7505.9,-0.0019680734747431483,-0.00031638060586880457,0.00010659418262237708,0.23132188749170263,0,0.19139548787760619,0.0
2026-07-03 17:19:00,68.4,4171.66,7506.4,-0.0028427727968509675,7.191433564202043e-06,0.00030649911381774864,0.19489006053547814,0,0.15086930604497995,0.0
2026-07-03 17:20:00,68.43,4169.96,7505.8,-0.0025508344872822164,-0.00031644962697296997,0.00015990192681814008,0.2189662913419157,0,0.1934570103603428,0.0
2026-07-03 17:21:00,68.48,4169.92,7505.4,-0.0018947675265995612,-0.00041470401399912316,0.00010660128454542672,0.2310148526720568,0,0.19957274120610674,0.0
2026-07-03 17:22:00,68.49,4169.55,7504.9,-0.001676262663071304,-0.0006638992215360906,-6.66187012018371e-05,0.22861068088542358,0,0.17815517887061172,0.0
2026-07-03 17:23:00,68.48,4170.07,7504.5,-0.00138534451330663,-0.0004889612210607908,-0.00011991366216324018,0.231490400199102,0,0.20135255396629353,0.0
2026-07-03 17:24:00,68.505,4169.63,7503.9,-0.0009479364153419656,-0.0003308551166264495,-9.32761239773594e-05,0.24382775888338853,0,0.20971823100728038,0.0
2026-07-03 17:25:00,68.505,4168.74,7503.7,-0.0001459534408524421,-0.0012625748381054347,-0.00030642152944315715,0.21846773387160295,0,0.1343665398009934,0.0
2026-07-03 17:26:00,68.505,4169.4,7503.1,7.299270072991249e-05,-0.0010589819398058031,-0.0005594554633490123,0.20604593184731723,0,0.13355355614738762,0.0
2026-07-03 17:27:00,68.465,4168.03,7502.9,-0.000656838417749217,-0.0012747552925109762,-0.00041300293098855967,0.20686584962117677,0,0.12033386158574155,0.0
2026-07-03 17:28:00,68.52,4167.42,7502.9,0.00014596409283296197,-0.0011097661820927973,-0.00022652772965925383,0.22815537380686612,0,0.1639311853386755,0.0
2026-07-03 17:29:00,68.51,4167.38,7502.6,0.0005111354508946508,-0.0011456895229329245,-0.00037306472673004354,0.21702127199417925,0,0.15878624544648984,0.0
2026-07-03 17:30:00,68.465,4168.38,7502.0,0.001096651557245254,-0.0011478085004924532,-0.0005329070077271236,0.2014309650987945,0,0.12962991010217628,0.0
2026-07-03 17:31:00,68.495,4166.26,7502.7,0.0018282872604944433,-0.00171561932419928,-0.000532857314132662,0.15377790323546003,0,0.0751575190610575,0.0
2026-07-03 17:32:00,68.495,4167.61,7503.0,0.0009498757854742301,-0.0012533430469418017,-0.00038636272798731053,0.21233021956538328,0,0.13081320077902864,0.0
2026-07-03 17:33:00,68.475,4167.72,7503.4,0.0002191060473268891,-0.0007552381157887034,-0.0003330713172304822,0.23415457483225638,0,0.15473871045143678,0.0
2026-07-03 17:34:00,68.54,4166.89,7502.5,0.0020467836257309635,-0.001143429713830857,-0.0005195566449962552,0.1785660854322318,0,0.12214143080385159,0.0
2026-07-03 17:35:00,68.56,4167.28,7503.6,0.0018997515709482382,-0.0006426920162304617,-0.00029310666417969866,0.2206780065411852,0,0.16458491617200238,0.0
2026-07-03 17:36:00,68.565,4168.32,7504.4,0.0012412383177569097,-0.00038370040672253136,-0.0001332374024035632,0.23973073478973222,0,0.18823762424922436,0.0
2026-07-03 17:37:00,68.685,4167.44,7504.3,0.0028471309680246915,-0.0005060498135291969,-7.99477674585658e-05,0.1983943004152543,0,0.16889861558150976,0.0
2026-07-03 17:38:00,68.72,4167.3,7504.9,0.003504672897196137,-0.00066425743452736,5.330135252168411e-05,0.17040680157856197,0,0.15285737268284388,0.0
2026-07-03 17:39:00,68.735,4167.25,7503.6,0.0033574191664842434,-0.0005707940512708065,-3.997921081033695e-05,0.17492919504718657,0,0.15325709386058667,0.0
2026-07-03 17:40:00,68.66,4167.78,7503.4,0.002262608568717628,-0.00023028540998004665,-3.9980276396955894e-05,0.21849135060764063,0,0.17813418039178291,0.0
2026-07-03 17:41:00,68.655,4167.38,7503.2,0.002189621195533231,-0.0004844821796899934,1.3327824499143048e-05,0.21462734809173695,0,0.19299759444553882,0.0
2026-07-03 17:42:00,68.655,4167.32,7503.6,0.0027751405827793896,-0.00017034426335704733,9.32972583935765e-05,0.19911365902830225,0,0.1774187407214809,0.0
2026-07-03 17:43:00,68.67,4168.32,7504.9,0.002189141856392407,0.00021596095425935324,0.0002665635954097745,0.2084905465208995,0,0.15368354344909502,0.0
2026-07-03 17:44:00,68.705,4167.65,7504.4,0.002846299810246533,6.478890813887972e-05,0.0002399168288325093,0.18829727322244671,0,0.16155236412964025,0.0
2026-07-03 17:45:00,68.66,4167.72,7504.9,0.002848170598115818,-0.00015833489269212464,0.0003865635830444525,0.18092463826210153,0,0.14398153689855592,0.0
2026-07-03 17:46:00,68.65,4167.8,7504.9,0.002262938900649658,0.00036963607648110575,0.000293227771335669,0.2052297913959164,0,0.1652430094773255,0.0
2026-07-03 17:47:00,68.66,4168.86,7505.6,0.002408934958755937,0.00029993209537360066,0.00034652805544443943,0.20032353865671926,0,0.15252324402710848,0.0
2026-07-03 17:48:00,68.66,4168.53,7506.2,0.0027017159547280123,0.00019435086810037916,0.0003731641655781992,0.192634102744354,0,0.14835063681783867,0.0
2026-07-03 17:49:00,68.64,4168.42,7506.1,0.0014590020426028527,0.00036718031913474114,0.00047984005331569435,0.21035416044286032,0,0.16663661413332553,0.0
2026-07-03 17:50:00,68.655,4167.59,7505.9,0.0013856476079345814,7.43890499319555e-05,0.0003065195372886631,0.22688435920798355,0,0.19404394996284463,0.0
2026-07-03 17:51:00,68.655,4166.4,7505.9,0.0013126230584117327,-0.0004606172270843478,0.00019988273546189816,0.23147088422114964,0,0.19413445155860182,0.0
2026-07-03 17:52:00,68.68,4165.61,7505.4,-7.279609812904653e-05,-0.0004391184996064279,0.00014658262596101146,0.24515413696723615,0,0.21546837842714345,0.0
2026-07-03 17:53:00,68.715,4167.11,7505.7,-7.275902211867358e-05,-4.5593069853522294e-05,0.00010659702327808773,0.24658040418563,0,0.21509145615402508,0.0
2026-07-03 17:54:00,68.66,4166.92,7506.2,-0.0010911471593803013,-7.918891355207514e-05,0.00034650034650018924,0.2262845417620773,0,0.17800008892815716,0.0
2026-07-03 17:55:00,68.695,4165.03,7506.3,0.0005097582289541602,-0.0006598236951086411,0.0003864914572060396,0.22193556292518818,0,0.18876309628384735,0.0
2026-07-03 17:56:00,68.665,4165.49,7506.8,0.0001456558153085652,-0.0004535223569726021,0.00047979528734409804,0.21933596497929841,0,0.16377197097304924,0.0
2026-07-03 17:57:00,68.705,4164.98,7506.1,0.0007282790765421598,-0.0005615119549254866,0.0003331734100964212,0.22814765144785798,0,0.1853659938842222,0.0
2026-07-03 17:58:00,68.715,4164.84,7506.0,0.000655307994757548,-0.0008348687240902208,0.00014657090700742614,0.23437050628494666,0,0.18957604466041023,0.0
2026-07-03 17:59:00,68.725,4164.87,7505.9,0.00029109962884787954,-0.0006670425779515821,0.00019988273546189816,0.23220788004643206,0,0.19496625252416144,0.0
2026-07-03 18:00:00,68.74,4164.98,7504.7,0.0011651616661811914,-0.000657433800735352,-2.6649255819521933e-05,0.237292747048569,0,0.20165550266611942,0.0
2026-07-03 18:01:00,68.68,4164.49,7505.4,0.0004369992716679594,-0.000794183981956964,6.662313954874932e-05,0.23655466340120823,0,0.21340370156174415,0.0
2026-07-03 18:02:00,68.745,4164.75,7504.9,0.001237984270317627,-0.0009858810322245226,-9.326369644013788e-05,0.2312615183668848,0,0.19567346581357425,0.0
2026-07-03 18:03:00,68.68,4164.5,7504.9,0.0002912904165455199,-0.0009667676615017218,-0.0001731901627988197,0.23438902449029353,0,0.16810978165387241,0.0
2026-07-03 18:04:00,68.655,4164.87,7504.4,0.00021853146853145766,-0.000851641629202482,-0.00022648246093182056,0.23542840554447647,0,0.18851260400241987,0.0
2026-07-03 18:05:00,68.66,4163.93,7504.5,7.282790765406055e-05,-0.0008782053896856379,-0.00018651993764895458,0.2387176784923698,0,0.20584339088345366,0.0
2026-07-03 18:06:00,68.67,4163.67,7505.1,0.00021848372296262575,-0.0006552419354837191,-0.00010658282151365661,0.247182891244209,0,0.22078812171119988,0.0
2026-07-03 18:07:00,68.676,4164.05,7504.1,-5.824111822949618e-05,-0.0003744949719247659,-0.00017320862312453222,0.2491274573443285,0,0.19870942248361095,0.0
2026-07-03 18:08:00,68.665,4164.02,7503.8,-0.0007276431637924796,-0.0007415211021545298,-0.00025314094621420313,0.23916074084063188,0,0.16957217109762912,0.0
2026-07-03 18:09:00,68.655,4165.18,7504.5,-7.282260413621344e-05,-0.0004175746114635226,-0.00022647944365983275,0.24928791700319214,0,0.20407362617693714,0.0
2026-07-03 18:10:00,68.635,4164.86,7504.4,-0.0008734260135379035,-4.0816032537582814e-05,-0.0002531207119353951,0.24380808946956983,0,0.1742791272336524,0.0
2026-07-03 18:11:00,68.655,4164.71,7504.5,-0.00014563460278171902,-0.00018725288021326225,-0.00030638887408751536,0.24602044848208054,0,0.17689759900106028,0.0
2026-07-03 18:12:00,68.62,4164.67,7504.9,-0.0012371734226037656,-7.443012931618309e-05,-0.00015986997242256606,0.24156750789781867,0,0.1842569860613263,0.0
2026-07-03 18:13:00,68.65,4164.61,7504.7,-0.0009459361129301458,-5.522421029391378e-05,-0.00017319477751132073,0.246648743261822,0,0.18121816905441995,0.0
2026-07-03 18:14:00,68.635,4164.17,7503.9,-0.0013095671153144917,-0.00016807247285022253,-0.0002664570537843636,0.23225078267456817,0,0.1748972334909294,0.0
2026-07-03 18:15:00,68.61,4163.57,7504.1,-0.00189118417224321,-0.000338537039793696,-7.994989806381358e-05,0.23036338205076046,0,0.17713363585752434,0.0
2026-07-03 18:16:00,68.595,4164.28,7505.1,-0.0012376237623763497,-5.042634272145463e-05,-3.9971220720969036e-05,0.24127339711181223,0,0.18727929781771296,0.0
2026-07-03 18:17:00,68.635,4163.75,7504.9,-0.0016001163720997802,-0.000240110450807407,0.0,0.2291736303163906,0,0.17477321907742338,0.0
2026-07-03 18:18:00,68.66,4163.88,7504.6,-0.0002912055911474809,-0.00014887741625646544,-3.997388372922739e-05,0.25852782234477895,0,0.2045858087432511,0.0
2026-07-03 18:19:00,68.66,4164.82,7503.9,7.282790765406055e-05,-1.2005176632245984e-05,-6.662757848729939e-05,0.2574759316452716,0,0.2049969842625987,0.0
2026-07-03 18:20:00,68.68,4165.4,7503.7,0.0002912904165455199,0.0003530318713329539,-0.00010660270504370128,0.2553937490634695,0,0.1754220260993486,0.0
2026-07-03 18:21:00,68.695,4164.45,7503.7,0.0003640599970873293,0.00018733473113852206,-0.00018653981958938193,0.25433557931556416,0,0.1896224844203317,0.0
2026-07-03 18:22:00,68.685,4165.19,7502.0,0.00013105014852343722,0.0002737719287710938,-0.00027984701696415204,0.24990643629398201,0,0.16817937899128643,0.0
2026-07-03 18:23:00,68.685,4166.07,7502.6,0.000291269205563216,0.0004923127170377573,-0.000159918974386275,0.2542848927444826,0,0.147692384392894,0.0
2026-07-03 18:24:00,68.655,4167.36,7502.0,0.0,0.0005233867443903417,-0.00033313345326135835,0.24826028525584004,0,0.1558613980058448,0.0
2026-07-03 18:25:00,68.675,4166.52,7502.6,0.0005827930356230304,0.0003985728211755024,-0.00023985928255410016,0.25087946090775537,0,0.16963613240621062,0.0
2026-07-03 18:26:00,68.685,4166.46,7502.5,0.0004369674459252515,0.00042019732466358484,-0.0002665067626090867,0.24936497874550057,0,0.19226531617045345,0.0
2026-07-03 18:27:00,68.68,4166.03,7502.0,0.0008743806470417059,0.00032655648586787933,-0.00038641420938312354,0.22902036248326418,0,0.15832366337730508,0.0
2026-07-03 18:28:00,68.67,4166.61,7502.0,0.00029133284777849155,0.0004802370450054383,-0.0003597745412874387,0.24001017701063732,0,0.16938913769777975,0.0
2026-07-03 18:29:00,68.66,4166.7,7501.9,0.0003642456472643385,0.0006075640523801606,-0.00026652807206917206,0.2401484707700064,0,0.18325025497201963,0.0
2026-07-03 18:30:00,68.625,4167.32,7502.2,0.00021862702229991093,0.0009006693774813446,-0.0002531949201104444,0.23224433905532377,0,0.1318129742315634,0.0
2026-07-03 18:31:00,68.635,4167.94,7501.8,0.0005831328814054348,0.0008789034358880343,-0.00043970100331780504,0.20896508625093724,0,0.10272403395205765,0.0
2026-07-03 18:32:00,68.635,4168.02,7501.4,0.0,0.001025517862503822,-0.00046636197684180036,0.20351596356666346,0,0.09528304248691288,0.0
2026-07-03 18:33:00,68.615,4168.59,7502.0,-0.0006554034372269202,0.0011311565174789706,-0.0003464541747728589,0.21307140248203377,0,0.1131877124627223,0.0
2026-07-03 18:34:00,68.58,4168.88,7502.9,-0.0011651616661811914,0.0009748320455627013,-0.00013326403603464154,0.22037812634107423,0,0.14884877763128518,0.0
2026-07-03 18:35:00,68.585,4169.55,7502.9,-0.0013832265579500902,0.0009963028760744397,-0.00010661407039191939,0.21735608250520938,0,0.16263597613013087,0.0
2026-07-03 18:36:00,68.605,4168.69,7503.0,-0.0013101390203069663,0.001018141651358384,-9.32873115929711e-05,0.21604602987539467,0,0.16872763558712245,0.0
2026-07-03 18:37:00,68.625,4168.82,7503.0,-0.0008735531775496685,0.0008715088627408996,0.00013329778725679198,0.22925257813803995,0,0.17251353534287295,0.0
2026-07-03 18:38:00,68.63,4168.11,7503.2,-0.000800757079420622,0.0004896701207612875,7.997227627742909e-05,0.24353999638618573,0,0.2035153051049624,0.0
2026-07-03 18:39:00,68.6,4169.09,7504.2,-0.0008011069841964424,0.0004151309222146793,0.0002932551319647647,0.23867137975716912,0,0.18463313661617875,0.0
2026-07-03 18:40:00,68.585,4168.59,7504.3,-0.0013105205678922704,0.0004968174879755871,0.00022658811611964147,0.23505855409044085,0,0.1939224632641215,0.0
2026-07-03 18:41:00,68.57,4169.48,7504.6,-0.0016743102569704016,0.0007248359518630121,0.00027990669776745136,0.21968515572803932,0,0.13586966580582155,0.0
2026-07-03 18:42:00,68.565,4168.24,7504.9,-0.001674432149097349,0.0005304810575055274,0.0003865635830444525,0.22074896091465568,0,0.15695003938529462,0.0
2026-07-03 18:43:00,68.61,4168.17,7505.3,-0.000873743993010101,0.0003744050919094466,0.0004398826979472581,0.22075677342525662,0,0.16913088652357755,0.0
2026-07-03 18:44:00,68.605,4170.15,7505.5,-0.0008010486454994581,0.0008279933760528824,0.00047987843079755343,0.20387952561806277,0,0.1591876963195874,0.0
2026-07-03 18:45:00,68.605,4171.47,7504.4,-0.00029143897996353196,0.000995843851684164,0.000293247314121059,0.2288784161037863,0,0.13884120041313935,0.0
2026-07-03 18:46:00,68.585,4171.0,7504.5,-0.0007284912945292321,0.0007341756359258156,0.00035991362073106714,0.22844987260256572,0,0.16377931594790568,0.0
2026-07-03 18:47:00,68.585,4170.2,7503.6,-0.0007284912945292321,0.000523030119816914,0.00029327858799699236,0.24376375874151468,0,0.18548989847747716,0.0
2026-07-03 18:48:00,68.636,4170.15,7502.2,0.0003060555272171861,0.000374227256698223,2.6659557451402804e-05,0.2543200301716397,0,0.20485930217890197,0.0
2026-07-03 18:49:00,68.645,4170.94,7502.8,0.0009477981918926126,0.0004941375141522819,-1.3328179770399906e-05,0.24324975585973319,0,0.19951025211508938,0.0
2026-07-03 18:50:00,68.626,4171.51,7503.3,0.0005977983524094732,0.00047007470830195963,5.3312719082043714e-05,0.24609933860909533,0,0.2187378585634034,0.0
2026-07-03 18:51:00,68.67,4171.53,7502.8,0.0009474528095618773,0.0006812691756883371,-2.665600426499104e-05,0.23292816605825617,0,0.17506343341044583,0.0
2026-07-03 18:52:00,68.675,4173.7,7503.3,0.0007285974499089409,0.0011705950364850892,3.998400639737554e-05,0.2184681798561398,0,0.14451563357619918,0.0
2026-07-03 18:53:00,68.655,4175.38,7503.6,0.0003642721841761176,0.0017441958105712807,5.331058748270223e-05,0.17833906315479087,0,0.09521167948471032,0.0
2026-07-03 18:54:00,68.645,4175.03,7504.0,0.0006559766763849506,0.0014247713529809136,-2.6651741691252617e-05,0.20817071586863117,0,0.10464733004522608,0.0
2026-07-03 18:55:00,68.64,4175.57,7503.9,0.0008019246190860141,0.0016744270844577525,-5.330277307680209e-05,0.18505474432690483,0,0.08855267856765747,0.0
2026-07-03 18:56:00,68.655,4176.27,7505.1,0.0012396091585242797,0.0016285004365055311,6.662580284100272e-05,0.1875187388448452,0,0.1044955224749845,0.0
2026-07-03 18:57:00,68.655,4173.92,7504.8,0.0013126230584117327,0.0013626854499741992,-1.3324627909705455e-05,0.20590788616513622,0,0.11203733719356657,0.0
2026-07-03 18:58:00,68.725,4175.42,7504.7,0.0016761405042995392,0.001739372434425679,-7.994350658868665e-05,0.14937278946779986,0,0.042047711011184874,0.0
2026-07-03 18:59:00,68.735,4174.92,7504.1,0.0018949056191239766,0.001143843746628015,-0.00018652987808931432,0.19559452757089685,0,0.10432881928296478,0.0
2026-07-03 22:59:00,68.737,4174.92,7504.2,0.0019240580132642293,0.0008270465807016514,-2.6651031394875346e-05,0.20912560786216727,0,0.14795096168367078,0.0
2026-07-06 00:00:00,68.577,4178.08,7507.6,-0.00011664358095786476,0.0016974346679452523,0.00041308548204410656,0.1807205932995219,0,0.057196214650896526,0.0
2026-07-06 00:01:00,68.457,4177.21,7506.5,-0.0018662972953269463,0.0016809745335955029,0.0003864811557119374,0.1717472206592533,0,0.04549425449343414,0.0
2026-07-06 00:02:00,68.491,4174.2,7506.8,-0.0021125939740077593,0.0009711880867595557,0.0006131534749806988,0.18427291727446027,0,0.051252227868682665,0.0
2026-07-06 00:03:00,68.492,4177.12,7506.0,-0.002228858620438312,0.0014816803885935315,0.000426507437223389,0.18026137062014086,0,0.04557464970818281,0.0
2026-07-06 00:04:00,68.432,4180.45,7502.6,-0.0028269169119575777,0.002143108850272357,-9.329228472798601e-05,0.12001850968134464,0,0.0178129340901948,0.0
2026-07-06 00:05:00,68.451,4181.68,7503.6,-0.0031891655744867853,0.002433160015629987,0.00010662685930595828,0.10070577113023027,0,0.019059124205175748,0.0
2026-07-06 00:06:00,68.441,4184.43,7504.0,-0.00340735347651977,0.002570860387665741,9.329228472809703e-05,0.08346340483425851,0,-0.013766068205585347,1.0
2026-07-06 00:07:00,68.521,4183.76,7505.3,-0.0019517879251329529,0.0020070029554195568,0.00022655791886561083,0.14075295686845868,0,0.07244187362554377,0.0
2026-07-06 00:08:00,68.502,4182.11,7502.5,-0.0020831815864229553,0.0016957961978716352,-0.00019989339019188535,0.17105197038099873,0,0.07892770736553756,0.0
2026-07-06 00:09:00,68.441,4179.71,7503.1,-0.0028991841491841086,0.0009914814025391294,-0.00010661122882760221,0.19588799388990524,0,0.10340319328708758,0.0
2026-07-06 00:10:00,68.431,4181.93,7503.3,-0.0032626902629088184,0.0013552763590476413,-0.00023983691090057047,0.1482701042490821,0,0.06832033739442567,0.0
2026-07-06 00:11:00,68.422,4180.68,7503.0,-0.0033937804966863716,0.001619580634032225,-0.00023984649824115856,0.133835638616715,0,0.032586876743180615,0.0
2026-07-06 00:12:00,68.382,4181.25,7502.3,-0.004990905783921251,0.0013962667228686332,-0.0003197995922554764,0.06573281144362397,0,0.00898429344624796,0.0
2026-07-06 00:13:00,68.326,4182.02,7504.2,-0.005950389175820248,0.001700631389344176,1.3326048426742787e-05,0.047284937054957066,0,-0.005442988385413683,1.0
2026-07-06 00:14:00,68.291,4181.2,7505.4,-0.006488499643568901,0.001504220440152082,0.0001599104501479598,0.05568872434584515,0,-0.00991551224240228,1.0
2026-07-06 00:15:00,68.331,4180.05,7505.3,-0.0035872085393061637,0.00047150844407006787,-0.0003063562256913066,0.16832122371724584,0,0.1279757581638311,0.0
2026-07-06 00:16:00,68.351,4179.5,7507.1,-0.0015484172546269548,0.0005482128023250876,7.993072670364754e-05,0.23707098614568567,0,0.2028015437832283,0.0
2026-07-06 00:17:00,68.321,4180.63,7506.3,-0.0024820779372473067,0.0015404149298070546,-6.660627697552268e-05,0.18970134842652048,0,0.15178252051805635,0.0
2026-07-06 00:18:00,68.336,4179.11,7504.9,-0.002277638264322923,0.0004764047956486994,-0.00014654942712499786,0.227185312403534,0,0.18047299425234298,0.0
2026-07-06 00:19:00,68.331,4177.65,7506.5,-0.0014759176993219825,-0.0006697843533591818,0.0005198197958040662,0.189638911723855,0,0.0975119784959394,0.0
2026-07-06 00:20:00,68.342,4179.36,7508.1,-0.0015923799506215586,-0.000554800941248601,0.0005997121381737802,0.1820375567644132,0,0.07932614043038766,0.0
2026-07-06 00:21:00,68.371,4180.0,7507.0,-0.001022778743735575,-0.0010586866072560541,0.0003997867803837707,0.2014989355462828,0,0.1325131111984037,0.0
2026-07-06 00:22:00,68.406,4181.54,7506.9,-0.001678317596065404,-0.000530623171501321,0.00021318268423642373,0.2201946915163948,0,0.15577954570746405,0.0
2026-07-06 00:23:00,68.342,4181.8,7507.7,-0.002335698227788896,-7.412526212835502e-05,0.0006931022992335834,0.16668817535081093,0,0.06497083345269417,0.0
2026-07-06 00:24:00,68.351,4182.15,7508.7,-0.0013150012419456125,0.0005837725583830444,0.0007463581719555634,0.189394357180731,0,0.07798407074235914,0.0
2026-07-06 00:25:00,68.366,4182.82,7507.9,-0.0009498619046922618,0.0002128203963240871,0.0006130635853556221,0.20974003666343438,0,0.15321387934842529,0.0
2026-07-06 00:26:00,68.382,4182.47,7507.2,-0.0005846072900528299,0.00042816001224688094,0.0005597760895641457,0.22108058574814016,0,0.17240872949442804,0.0
2026-07-06 00:27:00,68.382,4183.09,7507.3,0.0,0.0004400597907323611,0.0006664622848993051,0.2155867698601111,0,0.14149097648400194,0.0
2026-07-06 00:28:00,68.372,4184.78,7509.3,0.0006732429821738606,0.0006599681493630882,0.0006796194131286626,0.1989468426630594,0,0.11282933235863069,0.0
2026-07-06 00:29:00,68.346,4184.82,7508.9,0.0008053769896474439,0.0008657801588061176,0.00046633090841252667,0.2090978608856936,0,0.15057937846739428,0.0
2026-07-06 00:30:00,68.351,4185.38,7509.7,0.0002926929212216933,0.0012751043647802884,0.0005862523816502208,0.1893160422107526,0,0.07070217853274086,0.0
2026-07-06 00:31:00,68.346,4185.77,7510.6,-7.315181928568837e-05,0.0015001794473024077,0.00046622530670958895,0.18886187054353154,0,0.1063074256767299,0.0
2026-07-06 00:32:00,68.331,4187.69,7511.9,0.00014636788103228326,0.0016887406921921588,0.0007460399930723227,0.14388714719467732,0,0.04520480344457867,0.0
2026-07-06 00:33:00,68.351,4186.9,7512.0,0.00021950362912659394,0.001864033251098851,0.0009460485815933062,0.09976874058020968,0,0.0020251925702390317,0.0
2026-07-06 00:34:00,68.361,4186.53,7512.2,0.00043903938183254,0.002125596926501716,0.0007593419036835414,0.10709267107662856,0,0.03572369188689817,0.0
2026-07-06 00:35:00,68.332,4186.34,7512.1,-0.00014632290538763026,0.0016701121702844546,0.00053275795474228,0.17037084226826793,0,0.1217998466808442,0.0
2026-07-06 00:36:00,68.322,4187.62,7512.4,-0.000716678123765857,0.0018229665071769485,0.0007193286266151677,0.14607723354025964,0,0.07424713809430261,0.0
2026-07-06 00:37:00,68.362,4189.34,7512.9,-0.0006432184311319089,0.0018653414770635202,0.0007992646764976019,0.1167799459563641,0,0.05850212904585006,0.0
2026-07-06 00:38:00,68.381,4190.42,7513.7,0.0005706593310117469,0.0020613133100577663,0.0007991795090374065,0.10176713322845665,0,0.031142177821000927,0.0
2026-07-06 00:39:00,68.351,4190.59,7513.5,0.0,0.0020181007376589566,0.0006392584601861984,0.12946368745125114,0,0.09448981236045695,0.0
2026-07-06 00:40:00,68.351,4189.99,7513.1,-0.00021940730772607164,0.001714154565580106,0.000692603790673818,0.1564546093368222,0,0.10571267310121002,0.0
2026-07-06 00:41:00,68.351,4188.71,7512.8,-0.00045333567313043943,0.0014919413647915825,0.0007459505541347333,0.16917152988951695,0,0.0939931708391687,0.0
2026-07-06 00:42:00,68.326,4188.13,7512.8,-0.0008189289579130232,0.0012048509594582146,0.0007326202496236167,0.17825327483379994,0,0.105165817021732,0.0
2026-07-06 00:43:00,68.331,4186.59,7512.4,-0.000599660679810432,0.0004325197501422462,0.00041282143475407374,0.2392170962989556,0,0.20125112165661685,0.0
2026-07-06 00:44:00,68.321,4188.76,7513.1,-0.0003657858543295589,0.0009414980811601747,0.0005593362543117042,0.20436484107522856,0,0.1659951593947151,0.0
2026-07-06 00:45:00,68.301,4188.48,7514.5,-0.0007315181928574388,0.0007406734872339449,0.0006391733358190876,0.20717510621591662,0,0.1637920050340098,0.0
2026-07-06 00:46:00,68.291,4188.92,7514.7,-0.0008047288795248742,0.0007525497100890899,0.0005458951348760177,0.20586355179668236,0,0.19283647013135052,0.0
2026-07-06 00:47:00,68.281,4189.67,7514.6,-0.0007317323030542333,0.00047281436782586894,0.0003594297048683526,0.2376065358242908,0,0.22497134942074426,0.0
2026-07-06 00:48:00,68.282,4187.5,7514.9,-0.0010094951061433433,0.00014330411521656927,0.00038604898828542566,0.2299275984747739,0,0.21329216025181513,0.0
2026-07-06 00:49:00,68.281,4184.32,7515.1,-0.0011702578955836707,-0.0005278834739032012,0.0003860387103644669,0.21959697260925098,0,0.15732806049841952,0.0
2026-07-06 00:50:00,68.291,4183.93,7514.4,-0.0006000117075454225,-0.0005756818605272551,0.00030617270803090513,0.22913775346984078,0,0.16884791703739216,0.0
2026-07-06 00:51:00,68.286,4184.8,7513.4,-0.0005269166593484531,-0.0006734135379999895,0.0001331132527553347,0.23663294675025576,0,0.1931148395950762,0.0
2026-07-06 00:52:00,68.291,4186.65,7513.0,-0.0010385886896228103,-0.0006421059164452014,1.3310439377578476e-05,0.23481571252579098,0,0.20424988535588157,0.0
2026-07-06 00:53:00,68.301,4184.42,7511.9,-0.0011699156198359262,-0.0014318373814558027,-0.0002395623993505236,0.19897188429639417,0,0.09688282991111496,0.0
2026-07-06 00:54:00,68.301,4185.7,7512.0,-0.0007315181928574388,-0.0011669001262353262,-0.00019964064683564153,0.22223986080045938,0,0.17149567610178235,0.0
2026-07-06 00:55:00,68.306,4186.69,7510.6,-0.0006583663735717504,-0.000787591378499708,-0.0003327521262861399,0.23057696537892447,0,0.1713418264355019,0.0
2026-07-06 00:56:00,68.301,4186.51,7510.4,-0.0007315181928574388,-0.0005252213688701213,-0.0003194547971462347,0.23564603992831884,0,0.20134251132415154,0.0
2026-07-06 00:57:00,68.271,4188.69,7510.1,-0.0008049644352076113,0.00013371122672878322,-0.0003593866467894724,0.231681879188251,0,0.19665548847113673,0.0
2026-07-06 00:58:00,68.276,4188.94,7510.8,-0.0008049055333597677,0.0005613160113600024,-0.00021298120440860213,0.24578968724405253,0,0.2361288941974951,0.0
2026-07-06 00:59:00,68.276,4188.17,7510.7,-0.0006586554646448306,-0.00014085314030887197,-0.00031944204123468545,0.24023128638626112,0,0.2115254357516802,0.0
2026-07-06 01:00:00,68.301,4191.38,7510.5,0.0,0.0006923752769503189,-0.0005323042118571264,0.20605626525952886,0,0.11033960214951499,0.0
2026-07-06 01:01:00,68.311,4190.88,7510.3,0.0002928643598718583,0.0004679010341568368,-0.0005855190493299078,0.21557001970770967,0,0.06155911048816831,0.0
2026-07-06 01:02:00,68.321,4189.44,7510.8,0.0005858145018378114,-5.489692505622479e-05,-0.0005056822718442211,0.2202129939061669,0,0.12703750984532902,0.0
2026-07-06 01:03:00,68.346,4188.88,7510.6,0.0009372894759966943,0.00032955223880604123,-0.0005721965694818199,0.2097878498666847,0,0.09433501804510991,0.0
2026-07-06 01:04:00,68.351,4189.4,7511.0,0.0010251753782164474,0.0012140562863260929,-0.000545568255911455,0.17486220649715328,0,0.06939135367531168,0.0
2026-07-06 01:05:00,68.321,4190.19,7512.1,0.00043929653980767647,0.0014962009402641474,-0.00030607899499612845,0.1951792912353016,0,0.14761505002460068,0.0
2026-07-06 01:06:00,68.361,4189.75,7511.5,0.0010983217643441012,0.001182852227107567,-0.0002528815183537869,0.21560805108183195,0,0.176119972954714,0.0
2026-07-06 01:07:00,68.391,4190.09,7511.6,0.0014643217993588475,0.0008216593218923762,-0.00018634367097025706,0.2192335874791398,0,0.17162189901594066,0.0
2026-07-06 01:08:00,68.381,4190.48,7511.5,0.0011712859255355035,0.0014482293842394967,-5.3248845165665415e-05,0.2029969806318418,0,0.16489820967897995,0.0
2026-07-06 01:09:00,68.391,4189.44,7511.0,0.001317696666227386,0.0008935184079126302,-0.00013312034078805102,0.2256560073187403,0,0.17176190518562845,0.0
2026-07-06 01:10:00,68.381,4189.57,7510.2,0.0010980001756801805,0.0006878942553665279,-5.325806193923199e-05,0.23658887165771647,0,0.1948702836118189,0.0
2026-07-06 01:11:00,68.351,4189.34,7511.0,0.0007320537034596342,0.0006759807094691705,7.988922028134837e-05,0.23880723211108518,0,0.20847190477505284,0.0
2026-07-06 01:12:00,68.311,4189.9,7515.3,0.0005859003090624704,0.000288873132172629,0.0006924009001212372,0.19981419397411904,0,0.1373781937216027,0.0
2026-07-06 01:13:00,68.316,4188.88,7515.1,0.0005858574023083207,-1.4323432658280844e-05,0.0005725089204877687,0.21152135118978038,0,0.17884963922527297,0.0
2026-07-06 01:14:00,68.301,4187.4,7515.9,0.00036616087644270046,-0.00018385118082608898,0.0006923455869625172,0.19703765718614763,0,0.13133095102580294,0.0
2026-07-06 01:15:00,68.301,4187.03,7515.7,0.0,-0.0010378443376645174,0.0006923640237002093,0.18060478972974126,0,0.08530092259007394,0.0
2026-07-06 01:16:00,68.276,4188.82,7516.2,-0.0005123625770375728,-0.0004915435421678493,0.0007855877927644972,0.1716665306970167,0,0.06835216476247008,0.0
2026-07-06 01:17:00,68.276,4188.01,7515.5,-0.0006586554646448306,-0.0003413344026884646,0.0006257655642540882,0.20769082338937944,0,0.14901859540021234,0.0
2026-07-06 01:18:00,68.256,4187.82,7515.3,-0.0013168290755860568,-0.00025305093485616936,0.0006257822277846437,0.1964183819821525,0,0.15526227619761762,0.0
2026-07-06 01:19:00,68.256,4187.84,7515.6,-0.0013898845664291892,-0.000372368358237285,0.0006124350951937085,0.19204981328624293,0,0.15276359262672784,0.0
2026-07-06 01:20:00,68.266,4189.45,7514.7,-0.0008050233456768918,-0.00017660297027100036,0.00034610827864378635,0.22928411848917907,0,0.20245044974421883,0.0
2026-07-06 01:21:00,68.276,4189.92,7515.2,-0.0012433990140577889,4.057521331812808e-05,0.0004925780469946517,0.21317473185092412,0,0.1941803278845421,0.0
2026-07-06 01:22:00,68.286,4189.57,7514.6,-0.0015352897311050606,-0.00012410234625037653,0.0003993822887267129,0.21571717794272915,0,0.1897870904699518,0.0
2026-07-06 01:23:00,68.286,4190.95,7514.3,-0.0013892747985551068,0.00011215898894634257,0.00037276176529332794,0.22372404555891123,0,0.20642230367683073,0.0
2026-07-06 01:24:00,68.316,4189.53,7513.8,-0.001096635522217837,2.1482584784626724e-05,0.00037278657968320417,0.22705510297015002,0,0.22346421422965418,0.0
2026-07-06 01:25:00,68.301,4189.59,7513.0,-0.0011699156198359262,4.773759598286631e-06,0.0003728262895794643,0.22699500617366203,0,0.22309580938652263,0.0
2026-07-06 01:26:00,68.251,4190.67,7513.3,-0.0014630363857148776,0.00031747244195989843,0.0003062175475969653,0.22716535885767059,0,0.21683989764556288,0.0
2026-07-06 01:27:00,68.251,4190.63,7513.8,-0.0008783358463497759,0.00017422850187376326,-0.000199592830625539,0.2507103355275127,0,0.22872621602517063,0.0
2026-07-06 01:28:00,68.251,4200.72,7514.1,-0.0009514608583640616,0.002826531196883142,-0.00013306542827107304,0.089302363627079,0,0.0769407395515096,0.0
2026-07-06 01:30:00,68.231,4197.82,7515.0,-0.001024875184843621,0.00248841763385399,-0.00011974613818699353,0.12331648961581854,0,0.08502706469462895,0.0
2026-07-06 01:31:00,68.251,4201.0,7515.5,-0.0007320537034596342,0.0033364938870752425,-2.6610961054829296e-05,0.07179606410218753,0,0.054301249064218515,0.0
2026-07-06 01:32:00,68.251,4198.15,7515.8,-0.00036616087644258943,0.002227357585190992,-5.321838162897219e-05,0.14632770983375504,0,0.10403077282839857,0.0
2026-07-06 01:33:00,68.231,4195.93,7515.7,-0.0006590895775968608,0.0018911129629586299,2.6611669216913825e-05,0.16253888034203362,0,0.16227949084892734,0.0
2026-07-06 01:34:00,68.256,4194.86,7515.0,0.0,0.001681065566332851,-3.9918566125174415e-05,0.1959200678414758,0,0.18518698611379109,0.0
2026-07-06 01:35:00,68.251,4195.27,7514.8,-7.325363338017699e-05,0.0017741843050356199,-0.0001064452605248345,0.18281308605545105,0,0.1892024337931364,0.0
2026-07-06 01:36:00,68.256,4194.3,7513.4,-0.00014648580552556467,0.0011576698611990288,-0.0001729942645748439,0.23259947479881105,0,0.2104446061103707,0.0
2026-07-06 01:37:00,68.271,4195.36,7513.2,-7.323217528842907e-05,0.001298354145186531,-0.00026612731530761824,0.21418088496855925,0,0.20527444371845377,0.0
2026-07-06 01:38:00,68.236,4197.32,7513.7,-0.0007322145095627342,0.001849831844318084,-0.00011976685385794994,0.17298806972894065,0,0.17688158371970036,0.0
2026-07-06 01:40:00,68.231,4198.72,7513.1,-0.0008054359605190742,0.001853994917620172,-0.00015969551388683723,0.16603967880360937,0,0.1772946467101773,0.0
2026-07-06 01:41:00,68.241,4198.5,7513.9,-0.0010978394519586265,0.0021410516215423225,1.3308845058457308e-05,0.14248679489151184,0,0.13421364947452413,0.0
2026-07-06 01:42:00,68.256,4198.12,7513.5,-0.000658848333113693,0.002035998749280843,6.655131106092504e-05,0.15362255610182618,0,0.17161052983481218,0.0
2026-07-06 01:43:00,68.246,4198.16,7513.1,-7.325899986831974e-05,0.001787303700840237,-2.6619461488297524e-05,0.1772147109698743,0,0.20503572743640064,0.0
2026-07-06 01:44:00,68.236,4196.31,7513.3,-0.0002197769996044041,0.0013554047959376536,-6.654422529217552e-05,0.22640934210463315,0,0.2262610691672839,0.0
2026-07-06 01:45:00,68.201,4195.57,7512.5,-0.0007325899986815321,-0.0012259803081378084,-0.00021293301925717767,0.2140059707525782,0,0.1285440928517494,0.0
2026-07-06 01:46:00,68.191,4185.43,7514.6,-0.0005862437894796901,-0.002951531985649569,-5.322687957409755e-05,0.0942326257021342,0,0.0733295897375652,0.0
2026-07-06 01:47:00,68.191,4180.6,7513.5,-0.0008791079984176164,-0.00485598666984044,-0.0002661166921694713,0.0428039163978442,0,-0.04804939206908865,1.0
2026-07-06 01:48:00,68.201,4181.37,7514.6,-0.0007325899986815321,-0.003996998677989083,-0.00015966364192765425,0.044794013230844754,0,-0.016733275623540544,1.0
2026-07-06 01:49:00,68.191,4181.82,7515.1,-0.0005862437894796901,-0.0033627825059047156,-7.983288316448789e-05,0.05865752661681001,0,0.06803074460827674,0.0
2026-07-06 01:50:00,68.216,4183.07,7515.8,-0.00058602906704186,-0.002810582474742862,0.00010645375914841715,0.09739116167003481,0,0.10298870648730263,0.0
2026-07-06 01:51:00,68.226,4181.09,7516.3,-0.0003662949993407105,-0.003379996996617729,0.00019960611060843014,0.05032055634008625,0,0.08897957207936136,0.0
2026-07-06 01:52:00,68.196,4181.53,7515.8,-0.0008790436005625679,-0.003044608158691675,0.0003194292863417658,0.07728395076519301,0,0.04860198019355777,0.0
2026-07-06 01:53:00,68.196,4182.7,7515.8,-0.0010985630794920764,-0.003017619465313981,0.0003460576052813913,0.06896573225306701,0,0.05845597303974226,0.0
2026-07-06 01:54:00,68.206,4182.61,7515.4,-0.0004396506243039555,-0.0035046172319480595,0.0002262533771644204,0.05014270079438732,0,0.07053269547867858,0.0
2026-07-06 01:55:00,68.196,4182.09,7515.5,-0.0005129633157948676,-0.003960730889413955,0.00031944204123468545,0.03531644571971382,0,-0.0014991962461246011,1.0
2026-07-06 01:56:00,68.221,4185.03,7516.7,-0.0002930789408126522,-0.003208288674526716,0.00037264270219194984,0.06736379659504188,0,0.08409809243880972,0.0
2026-07-06 01:57:00,68.211,4184.71,7517.7,-0.0006592827004219259,-0.0031942869665468887,0.0005589938111398851,0.052063343835230036,0,0.047548384759143025,0.0
2026-07-06 01:58:00,68.221,4183.98,7517.0,-0.00036632183571183585,-0.00337767021742863,0.0005190933170062806,0.03902956268787838,0,0.058291380973095386,0.0
2026-07-06 01:59:00,68.206,4183.02,7517.2,-0.0004396506243039555,-0.003167068209927293,0.0005190794990217462,0.05764742753034979,0,0.08373850445362174,0.0
2026-07-06 02:00:00,68.181,4181.36,7514.4,-0.00029325083209919,-0.0033869057124538138,0.0002529118136438413,0.05440727565936798,0,0.12544771014926137,0.0
2026-07-06 02:01:00,68.256,4173.88,7510.5,0.0009532049683975696,-0.0027595730904590443,-0.0005456045564634637,0.08752850947852753,0,0.034799906662133284,0.0
2026-07-06 02:02:00,68.246,4175.63,7510.7,0.000806558050182371,-0.0011888245706358491,-0.0003726625407599604,0.21725635725475712,0,0.16934847118870605,0.0
2026-07-06 02:03:00,68.286,4176.03,7512.6,0.0012463160364217796,-0.0012770933928354378,-0.00026614856412854326,0.21499810019354,0,0.16390597307292942,0.0
2026-07-06 02:04:00,68.301,4175.32,7513.8,0.0016131161003651862,-0.0015543471502837969,-0.00017298505675245046,0.19384242367650034,0,0.11750801049865045,0.0
2026-07-06 02:05:00,68.331,4175.9,7512.3,0.0016858215081507755,-0.0017140521196155056,-0.0004656856222889916,0.16320654172281468,0,0.06267618559411658,0.0
2026-07-06 02:06:00,68.366,4172.88,7512.4,0.002052003634977817,-0.001963602792573238,-0.0005188723174966992,0.1277795210547008,0,0.019223417364797046,0.0
2026-07-06 02:07:00,68.431,4172.97,7513.4,0.0034459499090855328,-0.002047097593464442,-0.00031932728385541953,0.11446524790448254,0,-0.0024134214573119372,1.0
2026-07-06 02:08:00,68.446,4175.28,7515.9,0.003665904158601574,-0.0017739737490137797,1.3305303493860166e-05,0.14179202605011237,0,0.018880714265209764,0.0
2026-07-06 02:09:00,68.551,4176.46,7516.3,0.0050582060229305,-0.0014703737618375623,0.00011975410490472349,0.0726266886699608,0,0.02791370555113737,0.0
2026-07-06 02:10:00,68.531,4175.38,7515.3,0.004912311572526473,-0.0016044609274310506,-2.6611669216913825e-05,0.08645281133358618,0,-0.008903965360454569,1.0
2026-07-06 02:11:00,68.526,4175.68,7515.3,0.00447076413421077,-0.0022341536380861005,-0.00018625194566757042,0.0719632414070891,0,0.020639420184533797,0.0
2026-07-06 02:12:00,68.541,4176.4,7515.9,0.004837929366231286,-0.001985800688697803,-0.00023943493355682577,0.0701136248401113,0,0.03930791807731793,0.0
2026-07-06 02:13:00,68.511,4175.24,7517.1,0.004250890488265879,-0.002088920119120985,1.3303179460022463e-05,0.09308673899312137,0,0.05401660695422883,0.0
2026-07-06 02:14:00,68.481,4174.82,7517.3,0.004031903351611188,-0.00196030619026466,1.3302825520256079e-05,0.11463488774624186,0,0.08063620967310925,0.0
2026-07-06 02:15:00,68.461,4177.24,7521.2,0.004106715947258088,-0.0009853253486903357,0.0009049292025977707,0.07225295192050551,0,-0.03986826549230005,1.0
2026-07-06 02:16:00,68.491,4179.59,7519.1,0.0034429207688702057,0.0013680316635840128,0.0011450635776579787,0.03127728218625703,0,-0.03171843627579041,1.0
2026-07-06 02:17:00,68.481,4179.71,7518.6,0.0034434252556925227,0.0009770980666390372,0.0010518327186548326,0.05703409227999767,0,-0.006886436997397105,1.0
2026-07-06 02:18:00,68.491,4177.24,7517.7,0.0030020794892071656,0.00028974887632515767,0.0006788595160129862,0.1534205407036079,0,0.1253237445738119,0.0
2026-07-06 02:19:00,68.491,4178.24,7517.4,0.0027818040731468763,0.0006993475949148564,0.00047911842210335287,0.16608443461691214,0,0.14153891098767007,0.0
2026-07-06 02:20:00,68.501,4178.05,7517.7,0.0024878898303843933,0.0005148590722958701,0.0007188211333413186,0.15778426592383143,0,0.1237122023725361,0.0
2026-07-06 02:21:00,68.491,4178.93,7516.7,0.001828394231050412,0.001449838001572168,0.0005723869868483611,0.14791205562431348,0,0.13544438359314948,0.0
2026-07-06 02:22:00,68.486,4177.13,7514.2,0.0008037293039704352,0.000996891901930752,0.0001064764287805886,0.22463690918447982,0,0.2336745866636888,0.0
2026-07-06 02:23:00,68.446,4177.69,7515.0,0.0,0.0005772067981069107,-0.00011974613818699353,0.2581248799919784,0,0.26083526342110125,0.0
2026-07-06 02:24:00,68.456,4177.15,7515.2,-0.001385829528380289,0.0001652116864521158,-0.00014634860237094927,0.23526023657214673,0,0.24000037382118744,0.0
2026-07-06 02:25:00,68.406,4173.44,7512.8,-0.001823992061986579,-0.0004646283691545072,-0.00033265471770915767,0.21499724038649526,0,0.18493639423073643,0.0
2026-07-06 02:26:00,68.351,4171.21,7511.5,-0.002553775209409581,-0.0010704843283010357,-0.0005056351709180618,0.1767836694451687,0,0.10735415855172903,0.0
2026-07-06 02:27:00,68.346,4173.99,7510.8,-0.002845012474285369,-0.0005770520065127016,-0.0006785614497265557,0.15097075348836908,0,0.06598615643942696,0.0
2026-07-06 02:28:00,68.316,4175.59,7511.3,-0.002846258265095991,8.382751650204412e-05,-0.0007715741442844148,0.13676298886538357,0,0.04259757760239635,0.0
2026-07-06 02:29:00,68.296,4174.5,7508.0,-0.0027014792424174816,-7.665001125789495e-05,-0.0012371463158314944,0.05613450393827468,0,0.02955754900950569,0.0
2026-07-06 02:30:00,68.291,4175.67,7509.4,-0.0024831655979317135,-0.00037584625254949433,-0.0015688985800138555,0.04520823040069888,0,0.007559507250169406,0.0
2026-07-06 02:31:00,68.296,4177.53,7510.0,-0.0028470893986070056,-0.0004928713103439231,-0.0012102512268755694,0.05008005930830706,0,0.04669899840229541,0.0
2026-07-06 02:32:00,68.266,4180.03,7509.5,-0.0031395569574040882,7.656033552549957e-05,-0.0012103317106908484,0.04721116158406613,0,0.049147787286136335,0.0
2026-07-06 02:33:00,68.301,4180.09,7508.6,-0.002774087106335088,0.0006822686750103113,-0.0012104766085371255,0.03847368221649372,0,0.05264122675343208,0.0
2026-07-06 02:34:00,68.296,4181.05,7509.9,-0.0028470893986070056,0.0006725319751859082,-0.0009976853699417143,0.06840596554344891,0,0.06873512648380231,0.0
2026-07-06 02:35:00,68.311,4180.78,7508.9,-0.0027736821360271335,0.0006534148705734655,-0.0011705707862776915,0.04626389042459744,0,0.07139691590356878,0.0
2026-07-06 02:36:00,68.301,4180.05,7510.9,-0.002774087106335088,0.0002680111894670656,-0.0007716152034802359,0.1411227658303607,0,0.10322767079761441,0.0
2026-07-06 02:37:00,68.291,4182.88,7512.3,-0.0028472972578338362,0.001376543224654192,-0.00025285459529955645,0.17491463221492604,0,0.1741865280594435,0.0
2026-07-06 02:38:00,68.291,4182.67,7512.2,-0.0022645589223622142,0.0011920463222498956,-0.000372588157019349,0.1788187414166479,0,0.17084585070775787,0.0
2026-07-06 02:39:00,68.291,4184.66,7512.5,-0.0024103073507071304,0.0017978765426187593,-0.0003592718756653124,0.1403358811960615,0,0.1422022543714157,0.0
2026-07-06 02:40:00,68.301,4184.07,7512.9,-0.001534953074291745,0.0025470595000767204,1.331061654763488e-05,0.10913182908759789,0,0.1174427273579357,0.0
2026-07-06 02:41:00,68.311,4185.3,7514.1,-0.00058521455428584,0.0033779167196090754,0.00034613592491528067,0.06548192005879627,0,0.07141960596525454,0.0
2026-07-06 02:42:00,68.276,4185.24,7514.0,-0.0010242003921225873,0.0026952628060921135,0.00042605315013055645,0.0872465000993502,0,0.10185593232483603,0.0
2026-07-06 02:43:00,68.226,4187.11,7515.5,-0.0013174073423503074,0.0027588915578395934,0.0005591575359791268,0.07076813336932486,0,0.08561604615607232,0.0
2026-07-06 02:44:00,68.251,4185.82,7514.2,-0.0006588965678809844,0.002711702000239402,0.000825785828449721,0.055683440868074974,0,0.07159656972296236,0.0
2026-07-06 02:45:00,68.346,4186.44,7516.8,0.0008053769896474439,0.002579226806715962,0.0009854315924042734,0.04166256805667046,0,0.019257088437492964,0.0
2026-07-06 02:46:00,68.326,4188.25,7517.8,0.0004392643785871009,0.002566109638949321,0.0010386151797603382,0.04536293615534348,0,0.03475971678280454,0.0
2026-07-06 02:47:00,68.356,4186.17,7516.1,0.0013183722497287498,0.001468888979265781,0.0008788867434583736,0.1127939826354325,0,0.12678787442914058,0.0
2026-07-06 02:48:00,68.326,4185.13,7516.6,0.0003660268517298171,0.0012057156664091462,0.0010654449564500013,0.11682160505482331,0,0.09209215882504207,0.0
2026-07-06 02:49:00,68.311,4185.24,7515.0,0.00021963218929377248,0.0010021406106119901,0.0006791035832700576,0.19497484469885396,0,0.20797903325183226,0.0
2026-07-06 02:50:00,68.271,4184.42,7514.5,-0.0005855572308999246,0.000870650931166006,0.0007457816724154576,0.19135879009505263,0,0.19790632358156945,0.0
2026-07-06 02:51:00,68.286,4183.05,7514.5,-0.00021961611103793466,0.0007176947644167431,0.0004793034123740103,0.21800572747704633,0,0.21810447836847474,0.0
2026-07-06 02:52:00,68.271,4183.2,7513.8,-0.0002928643598716363,7.650231419487064e-05,0.0001996725370392305,0.2446437184058476,0,0.22484355466535777,0.0
2026-07-06 02:53:00,68.246,4184.91,7515.4,-0.0006589448097114037,0.0005355430861146981,0.00042597374936770294,0.2322881441796869,0,0.23078761313561663,0.0
2026-07-06 02:54:00,68.241,4183.53,7515.7,-0.0007321608996793127,-0.0002700338856681528,0.0004259567387687735,0.223382435073806,0,0.22759544485301147,0.0
2026-07-06 02:55:00,68.261,4186.98,7514.7,-0.0005856429627678628,0.0006954950562489959,0.00023958790879685665,0.24121768755391615,0,0.23087575480783656,0.0
2026-07-06 02:56:00,68.276,4185.53,7514.6,-0.0005123625770375728,5.495424461798848e-05,6.654156851793047e-05,0.25123312997313685,0,0.2360021897871286,0.0
2026-07-06 02:57:00,68.266,4185.06,7512.7,-0.00014646435057696916,-4.300828626302433e-05,-0.00017301038062289553,0.24982177444621112,0,0.23601260898796012,0.0
2026-07-06 02:58:00,68.271,4175.43,7513.4,0.0006595725969571475,-0.0027895135308122487,-0.00027942252677803925,0.1010531520476724,0,0.06914273102944546,0.0
2026-07-06 02:59:00,68.201,4179.59,7513.7,-0.0007325899986815321,-0.0014883583144997825,-6.65406829735149e-05,0.20723572359901504,0,0.17680946725671653,0.0
2026-07-06 03:00:00,68.181,4177.36,7511.9,-0.0024141866385744004,-0.002168907233831119,-0.0006518731375053655,0.07736594211556957,0,0.0560185306846569,0.0
2026-07-06 03:01:00,68.166,4180.43,7512.4,-0.002341714720604071,-0.0018671282755327034,-0.000718295245949685,0.09577894213123894,0,0.07681023369227957,0.0
2026-07-06 03:02:00,68.331,4185.51,7512.6,-0.00036573234244241526,-0.0001576620156371611,-0.0004656670347653602,0.23383120770422583,0,0.20663754371704557,0.0
2026-07-06 03:03:00,68.356,4190.69,7512.9,0.0004390715101132425,0.0013285130927831457,-0.0004922438336483204,0.17644329992354807,0,0.15708418026111481,0.0
2026-07-06 03:04:00,68.366,4187.27,7510.9,0.0008051411924872021,0.0004850378950791434,-0.0005455755156354991,0.21517602822992782,0,0.16300178815093008,0.0
2026-07-06 03:05:00,68.346,4185.3,7510.9,0.0010985630794919654,0.00021030393698540095,-0.00047907379067146927,0.21757352106554873,0,0.17537175761764262,0.0
2026-07-06 03:06:00,68.406,4180.74,7509.3,0.0017573148229506064,-0.0005522286369994411,-0.0006919954754142088,0.15934394251499617,0,0.08795068649991111,0.0
2026-07-06 03:07:00,68.451,4177.52,7510.0,0.0026365513907806726,-0.001357812201185582,-0.0005057361122201565,0.15402418218784542,0,0.07558598185879828,0.0
2026-07-06 03:08:00,68.471,4180.3,7510.6,0.003296896521407966,-0.0011015768558940708,-0.0006386885594911185,0.12764197806449418,0,0.06473756687226218,0.0
2026-07-06 03:09:00,68.401,4181.07,7511.0,0.0023446315265016615,-0.0005880201647890937,-0.0006253575847890991,0.16310844731549062,0,0.1140129276227313,0.0
2026-07-06 03:10:00,68.441,4181.13,7509.4,0.0026369376364250297,-0.0013971884269806667,-0.0007052843094201844,0.11733174587686102,0,0.08607977418313906,0.0
2026-07-06 03:11:00,68.461,4180.44,7508.4,0.0027095904856757613,-0.0012160944969932252,-0.0008250605487983842,0.10379180006647226,0,0.09274300758281784,0.0
2026-07-06 03:12:00,68.531,4184.07,7510.4,0.003881873846424355,-0.00023655574830483417,-0.0003061482556204753,0.15867805069860857,0,0.10920993644725296,0.0
2026-07-06 03:13:00,68.576,4187.44,7511.8,0.004467489856600837,0.0028763504597129064,-0.0002129528575610662,0.018533024717934943,0,-0.017177428456533583,1.0
2026-07-06 03:14:00,68.606,4188.75,7511.1,0.005938329350009486,0.002191602525606573,-0.0003460345768395712,-0.024376465217652132,1,-0.009640278939531566,1.0
2026-07-06 03:15:00,68.666,4190.13,7510.3,0.007113418694357554,0.0030569546316334684,-0.00021299538066266166,-0.06970188277627065,1,-0.07758427195973716,1.0
2026-07-06 03:16:00,68.621,4190.74,7510.4,0.006674881905935459,0.002466253471532731,-0.00026622650551089144,-0.042967524976025295,1,-0.03246140108077333,1.0
2026-07-06 03:17:00,68.591,4186.94,7510.4,0.0038050079758820132,0.00034165489988069453,-0.00029284135984886106,0.1575002319563487,0,0.1579834096404688,0.0
2026-07-06 03:18:00,68.591,4185.82,7511.3,0.003437884018959503,-0.0011620997974080005,-0.00021296703004158868,0.16429724840642912,0,0.13085303672840448,0.0
2026-07-06 03:19:00,68.611,4188.65,7511.4,0.003583652692858985,0.0003295703405796768,6.656991838527304e-05,0.16968113084829567,0,0.14205884412614267,0.0
2026-07-06 03:20:00,68.601,4187.23,7510.7,0.003731015714160346,0.00046113779179490777,-2.6627967354087012e-05,0.17068381483019424,0,0.15411125403697973,0.0
2026-07-06 03:21:00,68.621,4184.86,7510.4,0.0031429991521210177,0.0009854714715575863,0.00014648502523528784,0.15529251538378475,0,0.14802255276521098,0.0
2026-07-06 03:22:00,68.646,4181.65,7508.6,0.0028487531226717433,0.0009886248300425837,-0.00018641810918773594,0.17180941317954074,0,0.1642040425779427,0.0
2026-07-06 03:23:00,68.621,4182.45,7507.4,0.002190708475120706,0.0005143171542711933,-0.0004260644955130788,0.19435839486430861,0,0.19097345431633928,0.0
2026-07-06 03:24:00,68.591,4184.34,7506.0,0.002777737167585226,0.0007820964489952953,-0.0006656903208627218,0.12601463920441214,0,0.14569799523617144,0.0
2026-07-06 03:25:00,68.551,4185.13,7505.5,0.00160722374015565,0.0009566791752468884,-0.0005193490824831892,0.17058609558754706,0,0.1758078738473014,0.0
2026-07-06 03:26:00,68.561,4185.25,7502.7,0.0014606856458423412,0.0011505965879190505,-0.0007591497522774215,0.13014751337440084,0,0.1352992733587725,0.0
2026-07-06 03:27:00,68.591,4187.86,7503.2,0.0008755161897533448,0.0009058165852866562,-0.0009586706433745151,0.08675636562496414,0,0.15380258795588975,0.0
2026-07-06 03:28:00,68.571,4187.5,7503.2,-7.29118058795386e-05,1.4328563513910098e-05,-0.0011448654117521828,0.0840283421160728,0,0.12423217181552437,0.0
2026-07-06 03:29:00,68.551,4189.46,7504.4,-0.0008016791534266599,0.00016950164130102863,-0.0008920131538656673,0.11987638441838777,0,0.15658147487294694,0.0
2026-07-06 03:30:00,68.511,4188.56,7506.2,-0.002257303468965688,-0.0003746900454162372,-0.000545916940734803,0.18688272213552903,0,0.15904053260509748,0.0
2026-07-06 03:31:00,68.516,4190.36,7507.3,-0.0015301438335202366,-9.06761097085873e-05,-0.0004127609714528191,0.20970841564238418,0,0.19607462810588427,0.0
2026-07-06 03:32:00,68.531,4191.9,7507.5,-0.0008747503316759442,0.0011846360349085927,-0.0003861312313591103,0.19471678403994702,0,0.20419543593060657,0.0
2026-07-06 03:33:00,68.546,4192.8,7507.9,-0.0006560627487569581,0.0016675346765986365,-0.000452651338649801,0.16318969981127762,0,0.17671062392655074,0.0
2026-07-06 03:34:00,68.521,4197.74,7507.5,-0.0013117430149685028,0.0021701502870854483,-0.0005192107995846129,0.09500150537593188,0,0.11753801527265068,0.0
2026-07-06 03:35:00,68.501,4193.51,7506.4,-0.0014577046981821828,0.0014997981959434803,-0.0005725165430652268,0.15028782466959623,0,0.1421011498131896,0.0
2026-07-06 03:36:00,68.476,4195.63,7506.7,-0.002113055770099459,0.0025735627954102114,-0.0004926501917340564,0.06283671846691807,0,0.0833461602232054,0.0
2026-07-06 03:37:00,68.406,4199.5,7507.0,-0.0034961978848001563,0.004268649934834334,-0.00021308899129002246,0.005364969637595807,0,0.025104770055434433,0.0
2026-07-06 03:38:00,68.416,4196.69,7506.4,-0.0029874236749682925,0.0034047029850923227,-0.0001332019074513635,0.05398867356576753,0,0.061689492751121455,0.0
2026-07-06 03:39:00,68.391,4196.32,7507.8,-0.002915834438920406,0.0028630560614097966,0.00023980815347734996,0.07986005423156395,0,0.09107688073121134,0.0
2026-07-06 03:40:00,68.411,4196.17,7507.9,-0.0020422750944552037,0.0026379108892675696,0.0003197655052959991,0.09753695428775533,0,0.10113379375936482,0.0
2026-07-06 03:41:00,68.431,4196.75,7508.2,-0.0018961217018422794,0.0027477450570456696,0.0007330694283391725,0.06945853829100579,0,0.06351855799526884,0.0
2026-07-06 03:42:00,68.466,4199.61,7507.4,-0.0018223965243253648,0.002805728940318053,0.0005597611685681514,0.06459633290077005,0,0.09638278070894346,0.0
2026-07-06 03:43:00,68.511,4199.55,7507.3,-0.0008750054687841624,0.0028776119402984524,0.0005464335216973648,0.0654068739008632,0,0.11672192311994872,0.0
2026-07-06 03:44:00,68.531,4198.13,7505.0,-0.00029175358492217196,0.002069479121414197,7.995309418484808e-05,0.15554755248206092,0,0.20134344284910832,0.0
2026-07-06 03:45:00,68.581,4199.61,7504.0,0.0010217337361884127,0.0026381381668161286,-0.0002930910447362933,0.09402300130492625,0,0.12951294667804653,0.0
2026-07-06 03:46:00,68.636,4198.13,7502.7,0.0017514157277132014,0.0018542559589154184,-0.0006127369360489077,0.09492345667293167,0,0.12435930140966295,0.0
2026-07-06 03:47:00,68.606,4200.15,7503.0,0.001094395237191792,0.001968081299649427,-0.0005994005994005569,0.09969427642638151,0,0.127233199801279,0.0
2026-07-06 03:48:00,68.586,4199.78,7502.4,0.0005835497330259898,0.0016647586338482956,-0.0007325617016742392,0.11455215782541306,0,0.14627539839988424,0.0
2026-07-06 03:49:00,68.621,4194.55,7500.0,0.001459406605274216,-0.0007599327257047372,-0.0009990009990009652,0.0831083724858841,0,0.1042085363409806,0.0
2026-07-06 03:50:00,68.686,4192.68,7498.1,0.00270069050086863,-0.00019792488869707636,-0.0011057231162739933,0.036739722733127644,0,0.07637240000562473,0.0
2026-07-06 03:51:00,68.791,4193.06,7500.6,0.004600151878030312,-0.0006125420973727147,-0.0008126074040523124,0.07820540338468451,0,0.04743267494115411,0.0
2026-07-06 03:52:00,68.841,4192.86,7499.2,0.006359091307779785,-0.0015811406119776716,-0.0010390302384440941,-0.04856756583799393,1,-0.010873628808128144,1.0
2026-07-06 03:53:00,68.786,4192.48,7499.0,0.005408091674462101,-0.001003171547100279,-0.0009858254289671908,-0.003255726838055417,1,0.053320918447925636,0.0
2026-07-06 03:54:00,68.786,4190.9,7498.9,0.005775613750347297,-0.0012916078850040424,-0.0011854338154986266,-0.053563400680422424,1,-0.004704410095731193,1.0
2026-07-06 03:55:00,68.806,4192.61,7501.3,0.005773925245939893,-0.000848392700963152,-0.0008790740420090426,-0.01271729899723184,1,0.05820498178065159,0.0
2026-07-06 03:56:00,68.846,4192.61,7502.0,0.006064502929958637,-0.0009864776315006152,-0.0008257638315442017,0.0030876288694678955,0,0.058153616853579226,0.0
2026-07-06 03:57:00,68.821,4191.65,7500.4,0.005185055355943158,-0.0018954140979757783,-0.0009324133521592115,-0.0014746732334071089,1,0.0547359849046023,0.0
2026-07-06 03:58:00,68.816,4187.45,7499.9,0.0044518398505351,-0.002881261087497533,-0.0009857072449482862,-0.0381902488382756,1,0.0002926874441020466,0.0
2026-07-06 03:59:00,68.831,4185.94,7501.3,0.004377580948767612,-0.002903673778563487,-0.0004930046635576169,0.018458853342843917,0,0.051871534647994766,0.0
2026-07-06 04:00:00,68.806,4186.3,7502.2,0.00328079205610865,-0.0031693419150824464,-0.00023987206823028462,0.04677514629207746,0,0.06105193410001697,0.0
2026-07-06 04:01:00,68.846,4185.32,7501.4,0.003059618858908042,-0.0030513585810826305,-0.0001732709557892287,0.06677143301603983,0,0.0702828342281786,0.0
2026-07-06 04:02:00,68.836,4186.36,7500.8,0.003352476459784981,-0.0032832160756163242,-0.0002932160469145684,0.02244462769767297,0,0.06747266288552178,0.0
2026-07-06 04:03:00,68.871,4185.15,7502.8,0.004155366984515796,-0.0034835158032087143,5.331627212634693e-05,-0.008254636464553378,1,0.04385157383300964,0.0
2026-07-06 04:04:00,68.891,4185.27,7502.9,0.003934655571909529,-0.002212394654968919,0.00038666666666653526,0.059394852427756106,0,0.050732139334260684,0.0
2026-07-06 04:05:00,69.011,4182.59,7501.9,0.004731677488862163,-0.002406575269278899,0.0005067950547470446,0.025243231199312266,0,0.034910185045415876,0.0
2026-07-06 04:06:00,69.071,4181.63,7501.4,0.004070299893881524,-0.00272593285094902,0.00010665813401589119,0.04251913539877816,0,0.10237872755986288,0.0
2026-07-06 04:07:00,69.091,4179.31,7499.6,0.0036315567757585487,-0.003231684339567553,5.333902282922409e-05,0.026600075387397393,0,0.0978614586314075,0.0
2026-07-06 04:08:00,69.026,4181.32,7499.9,0.003489082080655903,-0.0026619089417242447,0.00012001600213351615,0.060844631087219936,0,0.10799757028529122,0.0
2026-07-06 04:09:00,69.031,4180.9,7499.4,0.003561771290669702,-0.0023861223126296904,6.667644587876609e-05,0.08720445763316786,0,0.11753289521478583,0.0
2026-07-06 04:10:00,68.956,4178.16,7498.8,0.002180042438159502,-0.003446540460476877,-0.0003332755655686137,0.040201775120847216,0,0.057945614794340905,0.0
2026-07-06 04:11:00,68.961,4178.91,7498.4,0.0016703947941782982,-0.0032676542774071615,-0.0004798720341242513,0.0423910499788267,0,0.07924801342035637,0.0
2026-07-06 04:12:00,68.956,4180.18,7496.5,0.0019616105549178364,-0.0027363925900300012,-0.0005199722681455965,0.07260310878048803,0,0.10972689931514062,0.0
2026-07-06 04:13:00,68.986,4180.24,7497.0,0.0024703557312253377,-0.0017218116037206466,-0.00038667182229090713,0.1542610464380329,0,0.14950461073485827,0.0
2026-07-06 04:14:00,69.021,4180.8,7496.8,0.0027603841292440645,-0.001227920132634397,-0.0005998960180235713,0.14816312456307712,0,0.16860128583770423,0.0
2026-07-06 04:15:00,68.996,4181.32,7498.2,0.0027613870883351765,-0.0011895946301030413,-0.0005331769347658444,0.16082030766429,0,0.1933928926662989,0.0
2026-07-06 04:16:00,69.021,4180.52,7497.5,0.002541905121575594,-0.001146865711582179,-0.0005199029514489917,0.16676446463773048,0,0.20411680309640023,0.0
2026-07-06 04:17:00,69.006,4181.7,7496.7,0.002469637980126782,-0.001113138860489693,-0.0005466083617747808,0.17211451721603482,0,0.19725809652432086,0.0
2026-07-06 04:18:00,68.996,4182.53,7496.7,0.0018149874402868527,-0.0006260229621398716,-0.0008130298022072102,0.13734307529881223,0,0.17543263826325378,0.0
2026-07-06 04:19:00,68.986,4183.69,7496.2,0.0013789899986935694,-0.00037751447337941446,-0.0008929880446226779,0.09801988841580045,0,0.15846729619922278,0.0
2026-07-06 04:20:00,69.021,4185.15,7497.7,0.00014490443552483967,0.0006120609478814654,-0.0005598581692637383,0.20835692094431002,0,0.18592886168833184,0.0
2026-07-06 04:21:00,69.031,4183.86,7497.8,-0.0005791142447625353,0.0005332848673842427,-0.0004799104167221291,0.229653519404743,0,0.21578173374727633,0.0
2026-07-06 04:22:00,69.031,4181.69,7497.8,-0.0008684199099736611,0.0005694719941806703,-0.000240012800682754,0.2475850549462157,0,0.22215845729942446,0.0
2026-07-06 04:23:00,69.036,4176.18,7498.1,0.00014487294642595572,-0.0012292768790715947,-0.00024000320004258224,0.22431130057997528,0,0.20292677835945316,0.0
2026-07-06 04:24:00,69.026,4178.36,7497.5,-7.243122655054002e-05,-0.0006075246956397384,-0.00025335360162137555,0.24632550212907878,0,0.21563265315994107,0.0
2026-07-06 04:25:00,69.016,4179.3,7497.5,0.000870120076570613,0.0002728473777930951,-0.00017336107110477172,0.24574723632055068,0,0.19243620295212033,0.0
2026-07-06 04:26:00,69.076,4177.75,7497.4,0.0016676092284044763,-0.0002775843461572114,-0.00013336178384726338,0.23424112741044162,0,0.19182622965324292,0.0
2026-07-06 04:27:00,69.081,4179.2,7497.3,0.0018127501595219808,-0.000234439665277697,0.00010671646768489751,0.22272133992834614,0,0.1827497733489566,0.0
2026-07-06 04:28:00,69.071,4177.95,7496.3,0.0012321340561851635,-0.0005478154364342291,-9.337068160597539e-05,0.24225579788531842,0,0.20126753186268548,0.0
2026-07-06 04:29:00,69.051,4177.53,7494.8,0.0004346503238144006,-0.0007821469575202133,-0.00026678049301032125,0.23519224039415754,0,0.18681209527518766,0.0
2026-07-06 04:30:00,69.016,4174.63,7494.9,0.00028987187663065406,-0.0015999732142002454,-0.000440105625350129,0.19061971161379565,0,0.18146685685529723,0.0
2026-07-06 04:31:00,69.046,4175.53,7493.8,0.0003622086031789262,-0.0011936314142739768,-0.0004934978326108785,0.20719114543964823,0,0.196960455218963,0.0
2026-07-06 04:32:00,69.021,4173.73,7493.1,0.0002173724023997181,-0.0019059234282708948,-0.00048021129296882403,0.16495750673488363,0,0.17310471126241417,0.0
2026-07-06 04:33:00,69.001,4174.09,7491.3,7.246796915771903e-05,-0.0020179173849319554,-0.0007203169394532916,0.12031166383617886,0,0.12884459272220755,0.0
2026-07-06 04:34:00,68.966,4174.86,7493.2,-0.0002899138955732017,-0.0021105770265005264,-0.00040020276940311295,0.15401193278777353,0,0.18331022191702268,0.0
2026-07-06 04:35:00,68.931,4171.13,7492.2,-0.0013039509714435349,-0.003349939667634305,-0.0007335582912093574,0.00785162212198065,0,0.08011695894537563,0.0
2026-07-06 04:36:00,68.911,4172.67,7493.0,-0.0017383494372094077,-0.002674563680428954,-0.0006401877884180118,0.05756605998140962,0,0.07447583784695622,0.0
2026-07-06 04:37:00,68.896,4174.01,7491.9,-0.0019556431168605837,-0.0018365780342396443,-0.0007868974899304382,0.09453925016100806,0,0.09704481230113315,0.0
2026-07-06 04:38:00,68.896,4175.36,7492.7,-0.002027927458137846,-0.00019635168982190532,-0.0007201824462197415,0.1611435912647866,0,0.15299516707087207,0.0
2026-07-06 04:39:00,68.871,4173.19,7491.4,-0.0022455306696027577,-0.001237327563924584,-0.0008136045348450249,0.11776370411318937,0,0.12491091792856968,0.0
2026-07-06 04:40:00,68.881,4171.73,7490.1,-0.0019560681581083372,-0.0018113081137991482,-0.000986995665221646,0.05581240453131153,0,0.08792173477140142,0.0
2026-07-06 04:41:00,68.906,4174.32,7491.0,-0.002461057386067389,-0.0008210160971815483,-0.0008536292581428073,0.11476877961216803,0,0.12885347803599956,0.0
2026-07-06 04:42:00,68.816,4174.67,7491.3,-0.0038360764899176836,-0.0010839395099540017,-0.0008002881037173504,0.08088538858241878,0,0.08044471331830061,0.0
2026-07-06 04:43:00,68.836,4174.27,7491.4,-0.0034022961879804914,-0.0008808147536469857,-0.000653655803529829,0.12568194663516075,0,0.10368606230975219,0.0
2026-07-06 04:44:00,68.806,4172.34,7490.0,-0.0035481021274131885,-0.0012423609166181127,-0.000640444041201893,0.10988273228294387,0,0.09078868599478551,0.0
2026-07-06 04:45:00,68.796,4175.48,7491.5,-0.003187666628028274,0.00020361085892628417,-0.0004536418097639272,0.17770916457537222,0,0.13362577317024837,0.0
2026-07-06 04:46:00,68.811,4174.69,7491.4,-0.0034035280827274805,-0.00020117206677960908,-0.00032026475219526507,0.17154864712503115,0,0.12856075955183754,0.0
2026-07-06 04:47:00,68.756,4173.33,7490.0,-0.003839411193694686,-9.583753620856506e-05,-0.000413713950167538,0.14535049780085152,0,0.11342483829391425,0.0
2026-07-06 04:48:00,68.746,4173.04,7489.3,-0.0036955986145129627,-0.0002515518352503854,-0.00026697635924344265,0.1690904066870781,0,0.11695891024130634,0.0
2026-07-06 04:49:00,68.751,4174.13,7490.6,-0.0031174781776526217,-0.00017485616284129701,-0.00034698126301169196,0.18580160726993528,0,0.16760980484482618,0.0
2026-07-06 04:50:00,68.796,4173.07,7489.5,-0.0019584802193496342,0.00046510178296998994,-0.00036037478978134807,0.2097459761404432,0,0.1784338691098939,0.0
2026-07-06 04:51:00,68.656,4174.92,7490.4,-0.0037004251861095794,0.0005392230873757509,-0.0003469905244896099,0.15487968974927213,0,0.11583349407849175,0.0
2026-07-06 04:52:00,68.671,4175.18,7489.7,-0.003265791918253491,0.0002803059887255266,-0.00029365047584717363,0.17945629033720478,0,0.1431154058402434,0.0
2026-07-06 04:53:00,68.656,4173.61,7490.4,-0.0034835113794704498,-0.0004191255364807134,-0.00030696544636776846,0.17670798798621584,0,0.1586263857380989,0.0
2026-07-06 04:54:00,68.656,4173.82,7490.8,-0.003121778397293329,0.00015096365130751188,-8.009183864154945e-05,0.20044714112916268,0,0.16696539338259708,0.0
2026-07-06 04:55:00,68.661,4172.92,7491.6,-0.003193914141780718,0.0002852533601169771,0.00020026434894049316,0.19537504494994334,0,0.1285404526658407,0.0
2026-07-06 04:56:00,68.576,4171.78,7490.3,-0.004789133021797953,-0.0006084823396385053,-9.344546789480379e-05,0.11451420025167025,0,0.12937342650679784,0.0
2026-07-06 04:57:00,68.501,4172.93,7491.8,-0.0045774238549174395,-0.0004167994116899276,6.67440898107774e-05,0.1313732756569289,0,0.0772565431645198,0.0
2026-07-06 04:58:00,68.546,4172.95,7492.1,-0.004212911848451295,-0.0003162229563493657,9.344047841541858e-05,0.155133766980739,0,0.10559689599479227,0.0
2026-07-06 04:59:00,68.541,4174.09,7492.1,-0.0038514083074150385,0.0004194289056020928,0.0002803738317758153,0.16610659123282862,0,0.09616442785986423,0.0
2026-07-06 05:00:00,68.486,4174.81,7491.0,-0.004506075934647358,-0.0001604605937518544,-6.674230794900815e-05,0.1313606957980878,0,0.12855463387513322,0.0
2026-07-06 05:01:00,68.491,4172.84,7492.0,-0.004650419264361938,-0.0004431466767591541,8.009183864166047e-05,0.1209993249122262,0,0.11152895210510194,0.0
2026-07-06 05:02:00,68.506,4167.33,7491.5,-0.0036360463086857475,-0.0014377008288345428,0.00020026702269682062,0.14124812478170273,0,0.11020174768200319,0.0
2026-07-06 05:03:00,68.491,4169.27,7492.2,-0.0037093067233001653,-0.000903418131625755,0.00038721909924821496,0.15365109086455814,0,0.1112149338595968,0.0
2026-07-06 05:04:00,68.471,4170.55,7492.8,-0.00407266803391948,-0.0008576637526861441,0.0002937014391370951,0.14345510253441257,0,0.10590477958503697,0.0
2026-07-06 05:05:00,68.436,4169.8,7492.8,-0.005232862375719516,-0.0007835957700205176,0.0004406168636090779,0.07263655437486127,0,0.07890449292404034,0.0
2026-07-06 05:06:00,68.481,4167.38,7492.9,-0.002548939641109471,-0.0018060226303737714,0.0003337605468332061,0.11546378587799744,0,0.12679376298250572,0.0
2026-07-06 05:07:00,68.536,4167.05,7493.3,-0.0019658953561183523,-0.0019472214371596408,0.00048066010654634894,0.10983686845613738,0,0.12283722716903217,0.0
2026-07-06 05:08:00,68.471,4167.73,7493.0,-0.0026945933348869744,-0.0014088522885463695,0.0003471109687067653,0.1552132035183107,0,0.13930030032651675,0.0
2026-07-06 05:09:00,68.486,4167.34,7493.1,-0.002476112794220442,-0.0015525346085838443,0.00030704330645603406,0.15123689223878595,0,0.150399850511787,0.0
2026-07-06 05:10:00,68.451,4169.75,7494.1,-0.0030585048280684646,-0.0007596599024184414,0.00033370708526891946,0.18271057465746737,0,0.16197128227166752,0.0
2026-07-06 05:11:00,68.416,4171.15,7494.3,-0.002333177788147456,-0.00015101467479117225,0.0005340240043789635,0.1810753534893867,0,0.16742451874232406,0.0
2026-07-06 05:12:00,68.401,4169.26,7492.5,-0.0014598327031722924,-0.000879477968717457,9.343548946838531e-05,0.22366697721527845,0,0.2003135913800584,0.0
2026-07-06 05:13:00,68.351,4166.51,7490.8,-0.002844804948501811,-0.0015432727447008965,-0.0001735161036291455,0.15738202774117577,0,0.1563159189220903,0.0
2026-07-06 05:14:00,68.346,4166.51,7492.3,-0.002845012474285369,-0.0018159646773308058,2.669478517369761e-05,0.13466162516703473,0,0.16011097119091733,0.0
2026-07-06 05:15:00,68.386,4165.75,7493.5,-0.0014601524399148191,-0.0021701586419502483,0.0003337338139099977,0.11532765342577367,0,0.1637808776762868,0.0
2026-07-06 05:16:00,68.386,4166.44,7493.4,-0.0015330481377116012,-0.001533727629144832,0.0001868659903896397,0.1785171710539198,0,0.20023706074447906,0.0
2026-07-06 05:17:00,68.406,4167.05,7493.3,-0.0014597261553731533,-6.718930346283347e-05,0.00024027230861656257,0.22368983812670434,0,0.21265323184579338,0.0
2026-07-06 05:18:00,68.431,4166.34,7491.8,-0.000876027507263788,-0.0007027609149803382,-5.338885774530677e-05,0.24044153302892812,0,0.20995160077810293,0.0
2026-07-06 05:19:00,68.426,4165.6,7491.7,-0.0006572125425362563,-0.001186893814964396,-0.00014680760196461584,0.22500769888332833,0,0.2126261740920345,0.0
2026-07-06 05:20:00,68.411,4165.5,7491.9,-0.0003653048103338108,-0.0010312245191615999,-0.00012011531069833215,0.24205649022877068,0,0.21459716870440737,0.0
2026-07-06 05:21:00,68.461,4164.63,7492.1,-0.0002920518099910341,-0.0006598870273408775,-0.00010676774012718937,0.25185331430273117,0,0.22192473779034705,0.0
2026-07-06 05:22:00,68.446,4164.8,7491.3,-0.0013131784755457954,-0.0005399503245701043,-0.0002669051018909796,0.2263713573510771,0,0.21528532134157857,0.0
2026-07-06 05:23:00,68.451,4165.15,7491.8,-0.0002920944633495459,-0.0006190420204763569,-0.00016014947284126446,0.2502957996096229,0,0.2238475619348596,0.0
2026-07-06 05:24:00,68.442,4162.91,7492.5,-0.0006424670735626359,-0.001063028214640549,-8.007366777440517e-05,0.23650345857827387,0,0.2200954642147968,0.0
2026-07-06 05:25:00,68.471,4164.67,7492.8,0.000292179807453552,-0.0012182984591402324,-0.00017346979623977798,0.2245460287899198,0,0.21137225606403653,0.0
2026-07-06 05:26:00,68.461,4163.3,7493.4,0.0006577408793264627,-0.0018819749949053888,-0.00012009126936474157,0.19437429917287746,0,0.16533528373272627,0.0
2026-07-06 05:27:00,68.501,4164.55,7494.0,0.0014619669303082006,-0.001129696876663977,0.00020020020020017348,0.212014531599858,0,0.1852481534600623,0.0
2026-07-06 05:28:00,68.461,4165.34,7493.8,0.0016093400242864764,-0.0002808105584770626,0.0004004912692903151,0.2112903881214201,0,0.1545911241639179,0.0
2026-07-06 05:29:00,68.466,4165.68,7494.0,0.001755772100781261,-0.00019920749020163608,0.00022689961694011274,0.21967127896429112,0,0.1798134776487002,0.0
2026-07-06 05:30:00,68.496,4166.32,7492.8,0.0016085163629981913,0.0001368301026225538,-9.341429238673982e-05,0.23225034017198087,0,0.21330530471051795,0.0
2026-07-06 05:31:00,68.481,4165.61,7492.5,0.0013891732225894682,-0.00019921083706953002,-0.00012010569300979768,0.24781206057181226,0,0.21775648561320082,0.0
2026-07-06 05:32:00,68.441,4166.46,7495.0,0.000511651024763804,-0.00014158697399846432,0.00022686933660742703,0.23575031547648945,0,0.20630129879132758,0.0
2026-07-06 05:33:00,68.406,4165.82,7494.7,-0.00036533150180462215,-0.00012480978508722096,0.0003870898849407389,0.24026277998776513,0,0.20666786365548373,0.0
2026-07-06 05:34:00,68.391,4166.07,7494.8,-0.0005115014760470604,0.00011282888419428261,0.0004137912623303208,0.23601444245602748,0,0.21224201521528763,0.0
2026-07-06 05:35:00,68.391,4167.42,7495.5,-0.00029235064536403677,0.0004609290601369498,0.00048051896047729414,0.22876904055813868,0,0.19376818992197514,0.0
2026-07-06 05:36:00,68.396,4169.13,7495.5,-0.0009494456697973774,0.0010805281621657503,0.0004538113479530814,0.19923525058907454,0,0.1830039565715511,0.0
2026-07-06 05:37:00,68.401,4166.92,7494.8,-0.0006574525903632056,0.0005090280445638751,0.00046720862867588586,0.2239120506167016,0,0.20802347673896238,0.0
2026-07-06 05:38:00,68.431,4166.03,7494.1,-0.00029217980745344097,0.00021127690479327832,0.00030700232253932924,0.24465055594715102,0,0.22070573931084414,0.0
2026-07-06 05:39:00,68.426,4165.59,7494.0,-0.00023377458285833708,0.000643780432437957,0.00020020020020017348,0.2433306513747252,0,0.21495956375962477,0.0
2026-07-06 05:40:00,68.381,4166.36,7493.3,-0.0013144250850725125,0.0004057944567035232,6.673072816565373e-05,0.24197241153037335,0,0.21176500043499447,0.0
2026-07-06 05:41:00,68.351,4164.76,7492.4,-0.001606754210426331,0.00035068335214849533,-0.00013345077001092331,0.23093737109870938,0,0.21718542451349077,0.0
2026-07-06 05:42:00,68.361,4163.65,7491.5,-0.0020437657844410984,-0.00021610978377029078,-0.00033360021350414826,0.2109715623473044,0,0.20548227767740163,0.0
2026-07-06 05:43:00,68.376,4162.09,7490.7,-0.0012415827989656902,-0.000780248431100472,-0.00041367530491875915,0.20791565858093114,0,0.21724881039029414,0.0
2026-07-06 05:44:00,68.371,4162.8,7489.7,-0.00138755002482982,-0.0006913637149277285,-0.0005737923672270995,0.18900895866044853,0,0.21988451287358524,0.0
2026-07-06 05:45:00,68.381,4164.01,7490.2,-0.0016789301565054426,-0.0005544461299178405,-0.00034699978646168805,0.21272670648106928,0,0.21725600398640632,0.0
2026-07-06 05:46:00,68.381,4164.13,7490.4,-0.0014602590499553925,-0.0003552901015696497,-0.0002802802802803761,0.22045149299682415,0,0.22549897908986893,0.0
2026-07-06 05:47:00,68.381,4164.3,7489.7,-0.0008766674946304454,-0.0005184257139153603,-0.0007071380920613546,0.17992101147490286,0,0.20640168486735755,0.0
2026-07-06 05:48:00,68.371,4164.57,7489.8,-0.000511651024764026,-0.00030006097238954865,-0.0006537953487130155,0.19244167594835487,0,0.19140499491598578,0.0
2026-07-06 05:49:00,68.381,4163.15,7488.1,-0.00014621806962911155,-0.0007009003689328885,-0.0008939531408442836,0.1242548819263265,0,0.15750475833666122,0.0
2026-07-06 05:50:00,68.406,4163.57,7488.9,0.0002193271044435008,-0.0009238329709989612,-0.0008805283169902589,0.12499613481096716,0,0.17084095228264018,0.0
2026-07-06 05:51:00,68.401,4163.67,7487.4,7.310369027413444e-05,-0.0013096257492570818,-0.001080648389033434,0.07310068537072989,0,0.1484894144412351,0.0
2026-07-06 05:52:00,68.401,4161.66,7487.5,0.0,-0.0012623232507463777,-0.0009740086459946173,0.08975945502124472,0,0.16722434895952137,0.0
2026-07-06 05:53:00,68.381,4162.32,7488.1,-0.0007306630036094663,-0.000890536073912096,-0.0008006298287986935,0.15292176863245371,0,0.18335282395850605,0.0
2026-07-06 05:54:00,68.371,4162.61,7486.1,-0.000803788033788444,-0.0007153848554467546,-0.001054176674673002,0.08881847681828248,0,0.16991639079869086,0.0
2026-07-06 05:55:00,68.366,4165.9,7486.7,-0.00021935917871929167,-0.00011040812603813066,-0.000880786836240377,0.13403353967754666,0,0.18252946428799133,0.0
2026-07-06 05:56:00,68.366,4166.06,7487.2,0.00021945545785717613,0.0003121428365620016,-0.0006940366237787599,0.19367431076944858,0,0.1961086546871018,0.0
2026-07-06 05:57:00,68.371,4165.15,7488.1,0.0001462822369477923,0.00036026082883999777,-0.000453847694053211,0.23562996520362178,0,0.2213703532167,0.0
2026-07-06 05:58:00,68.396,4165.0,7488.6,0.0002925002925002751,0.0006991679660939276,-0.00028034763106243865,0.23199442186062869,0,0.19215406453491196,0.0
2026-07-06 05:59:00,68.391,4165.16,7489.5,0.0002925216831699551,0.000566926107427701,-2.6703339252587277e-05,0.24767908069086586,0,0.1981104539206558,0.0
2026-07-06 06:00:00,68.371,4165.09,7489.0,-0.0001462394524796018,0.00025936537136073134,-0.00016020934020455346,0.25649301408713887,0,0.22073466273847264,0.0
2026-07-06 06:01:00,68.406,4165.9,7489.2,0.00036559863119878244,0.000425058775782583,-0.0001602050624799345,0.256183622949451,0,0.21175771160530155,0.0
2026-07-06 06:02:00,68.421,4163.7,7488.8,0.0005849578099179631,-0.00014408183848435563,-0.00012016502663658724,0.2550752942918221,0,0.20625410047249176,0.0
2026-07-06 06:03:00,68.411,4161.97,7490.2,0.0005850433663396881,-0.0006243141548826214,5.340596544622933e-05,0.24151381821462808,0,0.18890020375461325,0.0
2026-07-06 06:04:00,68.401,4163.19,7491.1,0.00029247890495898154,9.608109244219065e-06,0.0004006356752714879,0.23147089816068184,0,0.1772330567841659,0.0
2026-07-06 06:05:00,68.426,4162.34,7491.0,0.00029237201415077685,-0.00029541955581380286,0.0002804150142210471,0.2402263253062481,0,0.1723043007328588,0.0
2026-07-06 06:06:00,68.431,4162.86,7490.5,0.00043859007909241576,-0.00019453991310558472,0.00041402890188857455,0.23136826975403701,0,0.1752492533131132,0.0
2026-07-06 06:07:00,68.456,4162.66,7490.0,0.0008040818116694659,0.00024028873093917547,0.00033388981636051085,0.2323398776341528,0,0.18963788846818985,0.0
2026-07-06 06:08:00,68.496,4162.31,7490.0,0.0016817537035140884,-2.4025062943522357e-06,0.0002537359276717499,0.21736247103102807,0,0.1723477330056986,0.0
2026-07-06 06:09:00,68.521,4161.48,7489.6,0.002193912623773331,-0.0002714642976402448,0.0004675331614591993,0.1875051285268141,0,0.1518800449586764,0.0
2026-07-06 06:10:00,68.546,4163.18,7491.4,0.0026328876927128597,-0.000652920137305113,0.0006277799297420561,0.15233363185304155,0,0.11363429264716052,0.0
2026-07-06 06:11:00,68.531,4163.28,7493.0,0.002413480384986677,-0.0006672971584664733,0.0007746554119030247,0.1251622403479351,0,0.10552543162473405,0.0
2026-07-06 06:12:00,68.541,4162.59,7493.5,0.002486434306943064,-0.0006146237230351126,0.0007211442154886338,0.1467004976645817,0,0.12807534169280982,0.0
2026-07-06 06:13:00,68.511,4163.7,7494.3,0.0016813848763084227,-0.000312124849940032,0.0007611569585770361,0.1525312290286261,0,0.1383302683439424,0.0
2026-07-06 06:14:00,68.531,4163.38,7494.7,0.0020470529748066735,-0.0004273545313985272,0.0006943053608385874,0.15366905379082335,0,0.16062766825935126,0.0
2026-07-06 06:15:00,68.531,4163.63,7494.8,0.0023401734653583084,-0.00035053264155160413,0.0007744692215250204,0.12713564720983467,0,0.14234216531547672,0.0
2026-07-06 06:16:00,68.566,4164.02,7494.9,0.002338976113206437,-0.00045128303607844256,0.0007610959782085036,0.13722703594562385,0,0.15507724213094642,0.0
2026-07-06 06:17:00,68.566,4163.43,7493.5,0.0021192323994094764,-6.484617047330943e-05,0.0006276038884733826,0.17099417899928238,0,0.16799098676402568,0.0
2026-07-06 06:18:00,68.576,4163.84,7495.1,0.002411892824253359,0.0004493064582395956,0.0006541881391686211,0.17026937208076448,0,0.13773630133602255,0.0
2026-07-06 06:19:00,68.566,4163.82,7495.0,0.0024122454350083977,0.0001513262666368309,0.0005206177997889583,0.18501370387343524,0,0.15534365634810793,0.0
2026-07-06 06:20:00,68.551,4162.61,7495.3,0.0018267909858824538,6.486735826460865e-05,0.0005740221599253026,0.18299162181586553,0,0.1739423925197759,0.0
2026-07-06 06:21:00,68.536,4161.77,7494.8,0.0015343923075799015,-0.00026183921630784646,0.0005740604766037993,0.18398428403085737,0,0.19384651913589585,0.0
2026-07-06 06:22:00,68.581,4160.38,7494.5,0.0018259904172022168,-0.000547726693988837,0.0006008010680906839,0.1715729807837011,0,0.17537212184471906,0.0
2026-07-06 06:23:00,68.576,4161.65,7495.2,0.0011679514132212354,-0.0001585657963969478,0.0006942590120160297,0.18356657386750153,0,0.16872569206970522,0.0
2026-07-06 06:24:00,68.576,4163.2,7495.7,0.0008026736329007633,0.00041331449388204433,0.0008144627216406519,0.17395928458939103,0,0.13553712325232198,0.0
2026-07-06 06:25:00,68.581,4161.42,7495.3,0.0005106060163977411,-0.00042275376034672796,0.0005205969511707931,0.20833534634367146,0,0.2001265809877668,0.0
2026-07-06 06:26:00,68.571,4161.96,7495.0,0.0005836774598355632,-0.0003170577045021883,0.0002669157880688111,0.2415665345428301,0,0.21246870687145542,0.0
2026-07-06 06:27:00,68.571,4163.4,7495.9,0.00043769422681316783,0.00019459038723468325,0.0003202775738972985,0.23878856477206406,0,0.22299881470340366,0.0
2026-07-06 06:28:00,68.566,4162.25,7496.2,0.0008027907927194988,-0.00034824795254218,0.0002535260131031336,0.2387248068151252,0,0.21791356275511486,0.0
2026-07-06 06:29:00,68.561,4161.15,7496.0,0.00043775809487689443,-0.0005356224990273883,0.00017345590884221274,0.24218974840232227,0,0.2129943651032527,0.0
2026-07-06 06:30:00,68.561,4161.48,7497.0,0.00043775809487689443,-0.0005163763350731765,0.0002935368522174464,0.23635991774235715,0,0.22325557460210138,0.0
2026-07-06 06:31:00,68.551,4160.32,7496.5,-0.00021876731907943814,-0.0008885644161172879,0.0002134784987124494,0.2316346433360954,0,0.18131430804425508,0.0
2026-07-06 06:32:00,68.551,4159.61,7496.4,-0.00021876731907943814,-0.000917512723884073,0.00038700206845931895,0.2195587776288664,0,0.18554181866936814,0.0
2026-07-06 06:33:00,68.536,4158.7,7496.9,-0.0005832944470367529,-0.0012344374423609583,0.00024015690250944743,0.21379710806416113,0,0.18757350470533052,0.0
2026-07-06 06:34:00,68.536,4159.49,7495.1,-0.0004375346381588763,-0.00103991046683094,1.3342228152080082e-05,0.2375596024295618,0,0.20321537422987435,0.0
2026-07-06 06:35:00,68.521,4159.88,7495.6,-0.00043763037738331345,-0.00065583852438722,4.002508238487579e-05,0.2433744602976649,0,0.2272653283443719,0.0
2026-07-06 06:36:00,68.561,4160.07,7495.4,0.0003647717987627086,-0.0004084800457498927,8.005550515011173e-05,0.24662206125539765,0,0.22148090983135416,0.0
2026-07-06 06:37:00,68.571,4158.96,7496.9,-0.00014581298027160905,-0.0003413149760358447,0.0003202348388817722,0.23690201151839801,0,0.22074419356950392,0.0
2026-07-06 06:38:00,68.586,4159.13,7497.0,0.00014582361175929925,-0.0006055290569845218,0.00024015369836694056,0.2330952465890198,0,0.23129847355031957,0.0
2026-07-06 06:39:00,68.581,4159.45,7497.5,7.291180587976065e-05,-0.0009007494235203639,0.00024013767893604765,0.23103825542895706,0,0.2251020349227778,0.0
2026-07-06 06:40:00,68.566,4159.69,7496.8,-0.00021871947040730255,-0.0004157234790048703,0.00020012541192482303,0.2415033217824457,0,0.23219892455952013,0.0
2026-07-06 06:41:00,68.591,4159.78,7497.0,0.0002916684895946098,-0.0005237916750762128,0.00026684456304204573,0.23632275467096336,0,0.24835309524767268,0.0
2026-07-06 06:42:00,68.581,4160.64,7498.8,0.00014583424479752694,-0.0006629197290674016,0.0003868781600608884,0.22620409664857444,0,0.2208121055929747,0.0
2026-07-06 06:43:00,68.581,4160.42,7499.1,0.00021876731907943814,-0.0004396660460087576,0.00038686267708976096,0.23231185239892355,0,0.22818576893810877,0.0
2026-07-06 06:44:00,68.596,4160.13,7498.9,0.000510494304342135,-0.00024512454489733493,0.0003868729989326969,0.2317467886698084,0,0.23521958126895748,0.0
2026-07-06 06:45:00,68.611,4160.17,7498.9,0.0007292775776315263,-0.0003147918528983995,0.0002534347072160603,0.23972901821863185,0,0.2430277080681441,0.0
2026-07-06 06:46:00,68.606,4158.69,7498.4,0.0008023223585358341,-0.00039179678486267466,0.0002534516107517426,0.23690008313101862,0,0.24827630263424966,0.0
2026-07-06 06:47:00,68.602,4159.36,7497.7,0.0007439716415515996,-6.010178838877778e-05,0.00017341657328850957,0.24156582511215335,0,0.2317462619767799,0.0
2026-07-06 06:48:00,68.616,4160.3,7498.4,0.0011672697560405343,0.00038473561449503535,0.00020008270084970192,0.2368999289109246,0,0.22099931341078988,0.0
2026-07-06 06:49:00,68.601,4160.07,7497.9,0.0009484066767828647,0.00013944017175182566,0.0003735774039037576,0.22942474035556987,0,0.19914805980309813,0.0
2026-07-06 06:50:00,68.536,4160.32,7498.2,0.0002189109907910769,0.00010577228189267984,0.0003468701638293936,0.23735134789321233,0,0.21080180063868037,0.0
2026-07-06 06:51:00,68.526,4159.68,7497.5,-0.0005104943043422461,-9.374842250231552e-05,0.00028017183872774964,0.24046607907363887,0,0.23204998733934895,0.0
2026-07-06 06:52:00,68.541,4160.2,7498.1,-0.0004375027343921367,0.00029815146094214207,0.00016006616067976154,0.25119516102559036,0,0.22672503747625616,0.0
2026-07-06 06:53:00,68.541,4158.36,7497.7,-0.0006561105765024999,-0.0001851348719564827,9.337068160597539e-05,0.2471761997851254,0,0.2264418782328897,0.0
2026-07-06 06:54:00,68.541,4159.19,7498.8,-0.0005832519210861031,-6.250826431386525e-05,0.00017339113037673215,0.24808082480340432,0,0.23143658305143644,0.0
2026-07-06 06:55:00,68.531,4158.46,7499.3,-0.0005104570778519113,-0.00029569511189520004,0.0003334756162629571,0.23304663149336902,0,0.23504309642838855,0.0
2026-07-06 06:56:00,68.566,4160.86,7500.5,-0.00036447930486493973,0.0002596291150012142,0.00046685340802987696,0.23067319151262744,0,0.2107146450557757,0.0
2026-07-06 06:57:00,68.561,4160.33,7500.2,-0.00029162596054299605,-7.450776803574755e-05,0.00018669653811276277,0.24854827565215099,0,0.24085746748106113,0.0
2026-07-06 06:58:00,68.551,4159.65,7500.2,-0.0004374389408144941,-0.00018507746814033776,0.00014668426877895158,0.2484955744603335,0,0.23258497736497769,0.0
2026-07-06 06:59:00,68.561,4159.61,7499.9,-0.0005102338328765166,-0.00012499609387217614,0.00013335289175753218,0.24438037366617466,0,0.24203275529493407,0.0
2026-07-06 07:00:00,68.626,4158.44,7499.7,0.0002186238358281578,-0.00041584839081110214,0.00010668231340593692,0.24714490715655313,0,0.2560610411806357,0.0
2026-07-06 07:01:00,68.661,4157.99,7498.8,0.0008016791534268819,-0.00016832223608875818,5.334471353890535e-05,0.2479482688134168,0,0.25010854227679796,0.0
2026-07-06 07:02:00,68.631,4157.62,7498.6,0.000422728200343947,-0.00041833358978293766,0.00012003681128880395,0.24462907419157798,0,0.2638845789205709,0.0
2026-07-06 07:03:00,68.676,4155.9,7498.3,0.0008744316194473356,-0.0010576160373051424,-1.3336178384615316e-05,0.23222385172458676,0,0.2198667550930133,0.0
2026-07-06 07:04:00,68.681,4153.99,7497.2,0.001166163758545835,-0.0014615138687570361,-9.335947398603217e-05,0.21238711964897056,0,0.17847534069629323,0.0
2026-07-06 07:05:00,68.666,4153.93,7498.7,0.0018968133535659515,-0.0015359395431119305,6.668267050757848e-05,0.1840545024506498,0,0.17906081989104672,0.0
2026-07-06 07:06:00,68.651,4153.87,7499.7,0.001824125149578304,-0.0013967420570814015,0.00029343114371460643,0.1826709240994887,0,0.16033022725579044,0.0
2026-07-06 07:07:00,68.651,4155.61,7501.7,0.001604878831648282,-0.0011033123407528933,0.00048012163081301296,0.18103768394035213,0,0.17840975196152759,0.0
2026-07-06 07:08:00,68.691,4153.75,7499.4,0.002188471134065839,-0.001108610125145404,0.00022673619910107412,0.1922848381414916,0,0.18593471769194736,0.0
2026-07-06 07:09:00,68.646,4153.26,7499.3,0.0015319297938460874,-0.001425758380838471,6.667733504017725e-05,0.19913399337172094,0,0.19520808292624425,0.0
2026-07-06 07:10:00,68.646,4153.4,7501.0,0.0016780726970275772,-0.0012167966025885546,0.00022668782419699163,0.19534573820287937,0,0.19350445559810986,0.0
2026-07-06 07:11:00,68.621,4155.49,7501.6,0.0008021468366243845,-0.0012905985781784812,0.00014665688954074163,0.22041872726778217,0,0.20558815906122252,0.0
2026-07-06 07:12:00,68.641,4154.19,7500.8,0.001166844124210531,-0.0014758444642613,7.999786672363562e-05,0.20640929802675217,0,0.20324172959664427,0.0
2026-07-06 07:13:00,68.676,4152.23,7500.2,0.0018234599057636025,-0.0017838039258111227,0.0,0.18050516430364838,0,0.17412603015371098,0.0
2026-07-06 07:14:00,68.691,4152.14,7500.9,0.0018961217018420573,-0.001795841437057688,0.00013333511113478025,0.16967135448813825,0,0.18854944137219792,0.0
2026-07-06 07:15:00,68.706,4152.17,7501.7,0.0011657389327659473,-0.0015077769548195175,0.0002666773337600681,0.1904631914480489,0,0.2087586060653817,0.0
2026-07-06 07:16:00,68.716,4151.55,7501.6,0.0008010369787796456,-0.0015488252737499986,0.00037339307622552553,0.18205743595336,0,0.17922474768016572,0.0
2026-07-06 07:17:00,68.701,4152.17,7501.7,0.001019947254156106,-0.0013108461090719503,0.00041341050329379847,0.19622536143903435,0,0.18745107182165943,0.0
2026-07-06 07:18:00,68.711,4152.27,7502.4,0.000509639466480305,-0.000873457012921186,0.0005467906058704841,0.19192014655906392,0,0.20285836872830165,0.0
2026-07-06 07:19:00,68.696,4151.63,7502.1,0.00021840101338077567,-0.0005681284740693959,0.0006535773355387242,0.194640025596791,0,0.1900269489839594,0.0
2026-07-06 07:20:00,68.686,4151.9,7500.6,0.00029126496373765853,-0.000488693839328258,0.00025337725205698547,0.2336590439518465,0,0.24005340322484897,0.0
2026-07-06 07:21:00,68.681,4150.86,7498.0,0.0004369929061485145,-0.0007246254697427235,-0.00022667573369594685,0.2388089810167483,0,0.23635110683903304,0.0
2026-07-06 07:22:00,68.671,4150.92,7498.0,0.0002913286040990837,-0.0011285948392654177,-0.0004932215364517045,0.21339237387511312,0,0.1997374487103834,0.0
2026-07-06 07:23:00,68.646,4151.69,7498.6,-0.0006551076560248337,-0.0004959374059585464,-0.0001066752006826377,0.2507442320078659,0,0.23470785328062077,0.0
2026-07-06 07:24:00,68.666,4151.86,7498.4,0.0002913498237333556,-0.0003370846034200792,-0.00012001120104554452,0.25138717986210096,0,0.24983487803623694,0.0
2026-07-06 07:25:00,68.676,4153.17,7498.5,0.0004370247356000334,-5.537631819707567e-05,-0.0003332888948139878,0.23487304490564354,0,0.22777695063636794,0.0
2026-07-06 07:26:00,68.686,4153.0,7498.7,0.0009472318969412363,-0.0005992073136982246,-0.00038658419537174193,0.22946718406845068,0,0.21325833017210855,0.0
2026-07-06 07:27:00,68.701,4153.13,7497.4,0.0008741131393772417,-0.00025516406327097396,-0.00045328498293517594,0.23081897432612075,0,0.20169970198120546,0.0
2026-07-06 07:28:00,68.676,4153.99,7497.7,0.0,0.00042386861999466063,-0.00033332444468148203,0.24739899507366397,0,0.22021614129215344,0.0
2026-07-06 07:29:00,68.676,4152.72,7496.7,-0.00021836921867490755,0.00013968700477340334,-0.0005599328080629906,0.2213048000036375,0,0.20532727796947697,0.0
2026-07-06 07:30:00,68.671,4154.36,7495.4,-0.0005094169359298739,0.0005274350520330096,-0.0008398096431475599,0.14993491572719764,0,0.1694871584226289,0.0
2026-07-06 07:31:00,68.686,4152.3,7494.5,-0.0004365795447929255,0.0001806554178560571,-0.0009464647541858051,0.11082553396443273,0,0.16529905051590876,0.0
2026-07-06 07:32:00,68.731,4155.2,7494.9,0.00043667486645038167,0.0007297389076073024,-0.000906461202127562,0.11160320532816659,0,0.15848678428326174,0.0
2026-07-06 07:33:00,68.751,4156.88,7494.0,0.0005821484187393811,0.0011102360877301987,-0.0011196417146512871,0.06205274566246044,0,0.07675502898400044,0.0
2026-07-06 07:34:00,68.701,4156.52,7493.5,7.278444159775077e-05,0.0011778506273441014,-0.0011463456898735958,0.057732489940116594,0,0.07681097421543359,0.0
2026-07-06 07:35:00,68.681,4159.7,7494.8,-7.279503829038525e-05,0.0018786579638239154,-0.0007732714716156552,0.0964301262610292,0,0.10000288047293004,0.0
2026-07-06 07:36:00,68.681,4159.28,7495.9,0.0,0.0020284952997691175,-0.0002800746865830872,0.14214112874255763,0,0.11885918071273871,0.0
2026-07-06 07:37:00,68.681,4158.74,7496.3,0.00014562187823075057,0.0018839197093656335,-0.00022672712723392774,0.15604802177660998,0,0.12885656870987383,0.0
2026-07-06 07:38:00,68.681,4157.3,7496.0,0.0005098621915333723,0.001351256958010083,-0.00034673138985952257,0.19656472785208517,0,0.1320271605300537,0.0
2026-07-06 07:39:00,68.671,4154.73,7495.7,7.281624093447014e-05,0.0006912564489167661,-0.0003600768163875001,0.23027676484858572,0,0.1969542961740685,0.0
2026-07-06 07:40:00,68.691,4156.61,7498.3,0.00021841691420587672,0.0008282829742098929,-2.6672001066874174e-05,0.23743214171734434,0,0.16777428614583112,0.0
2026-07-06 07:41:00,68.701,4157.05,7498.0,0.00021838511487026757,0.000975198651577136,-9.334951391570812e-05,0.23495533236668376,0,0.17448460771665597,0.0
2026-07-06 07:42:00,68.711,4157.73,7498.5,0.0001455582888167939,0.0011075983655699506,0.0001467175287432898,0.2222373210300534,0,0.14641972363309763,0.0
2026-07-06 07:43:00,68.722,4156.11,7498.8,0.000669811870231074,0.0005103526970453576,0.0001467116582418715,0.24398910468048224,0,0.21244884589206015,0.0
2026-07-06 07:44:00,68.761,4155.35,7498.5,0.0012376958471662647,0.0006333198481958124,0.00024010564648446753,0.22293560682356245,0,0.1876866277874269,0.0
2026-07-06 07:45:00,68.756,4154.96,7497.9,0.0012377859649632672,0.0001444265783419052,0.00033353790324741617,0.22694791021243843,0,0.2192944996932113,0.0
2026-07-06 07:46:00,68.736,4153.24,7497.5,0.0007279503829018541,0.00022638056017143526,0.00040029354860227073,0.23320671112910268,0,0.2189099833484327,0.0
2026-07-06 07:47:00,68.741,4154.5,7496.2,0.0001454947549142105,-0.00016846361185984815,0.00017345128020385125,0.2504706798620965,0,0.24731868514627664,0.0
2026-07-06 07:48:00,68.721,4155.17,7496.1,-0.00043635728934854345,-0.0004113662169704657,0.0002802241793435911,0.23891731099643787,0,0.23167482446719706,0.0
2026-07-06 07:49:00,68.721,4154.34,7496.4,0.0002911165776335878,-0.0005244772068943027,0.00038700206845931895,0.22718317537587368,0,0.23331199327396618,0.0
2026-07-06 07:50:00,68.816,4154.59,7496.8,0.001965609120426315,-0.0012284539750462287,0.00026685168383422386,0.18721730990672147,0,0.18685621828201182,0.0
2026-07-06 07:51:00,68.811,4155.77,7496.8,0.001892808782632871,-0.0008438960589330913,0.00012006563588107255,0.21114921484598137,0,0.2199256516938935,0.0
2026-07-06 07:52:00,68.816,4155.84,7498.4,0.001965609120426315,-0.0006973265941125906,0.0002801382015127363,0.2031156891453305,0,0.21128404072358536,0.0
2026-07-06 07:53:00,68.816,4156.18,7499.1,0.001965609120426315,-0.000269405623842367,0.0004135538954108675,0.1975972821775575,0,0.21643748985758854,0.0
2026-07-06 07:54:00,68.816,4156.05,7499.8,0.002111517234349325,0.0003177101761127066,0.0005469802686874914,0.18216170316054353,0,0.13855461771517047,0.0
2026-07-06 07:55:00,68.786,4154.6,7500.0,0.0013830050516079329,-0.0004835671376433037,0.00022671805609264517,0.22876099638325736,0,0.2364246465198705,0.0
2026-07-06 07:56:00,68.806,4151.84,7499.1,0.0015283620325761138,-0.0012532925993192778,0.00014670578821029956,0.20472471494530797,0,0.22089600196130188,0.0
2026-07-06 07:57:00,68.796,4151.28,7498.7,0.001237065389821268,-0.0015513272867646588,2.6672001066874174e-05,0.19669228990127074,0,0.22404289635476982,0.0
2026-07-06 07:58:00,68.821,4149.67,7498.2,0.001440586711678904,-0.0015495258787663335,-8.001280204839034e-05,0.20127081135223746,0,0.19278283795187762,0.0
2026-07-06 07:59:00,68.821,4147.89,7497.9,0.0008725876587019066,-0.0017952759695332166,-8.001600320073354e-05,0.19174139824254488,0,0.19010547556938961,0.0
2026-07-06 08:00:00,68.821,4147.92,7499.3,0.0009453720402583521,-0.0016943604751911145,0.00018671894797206434,0.1832394668952541,0,0.1682634081937459,0.0
2026-07-06 08:01:00,68.881,4147.5,7499.4,0.0021095204841712345,-0.0013820535292927705,0.000253417805935241,0.17971865977336382,0,0.16006998546899448,0.0
2026-07-06 08:02:00,68.861,4148.82,7499.2,0.0017456830712385685,-0.0013671922012276072,0.00040020276940322397,0.1762555400014364,0,0.1565838013886679,0.0
2026-07-06 08:03:00,68.846,4147.0,7499.2,0.0018189490839772837,-0.0019662252085955734,0.00041354837849016945,0.13867035541280037,0,0.14506130797173755,0.0
2026-07-06 08:04:00,68.941,4146.55,7499.0,0.003201350387799895,-0.0018751474361751175,0.00034683314657701914,0.11395302971411259,0,0.09459364505540135,0.0
2026-07-06 08:05:00,69.021,4147.78,7498.2,0.002978958381771646,-0.0016391509150122108,0.0001867463451072915,0.1479633399025383,0,0.13109799130401167,0.0
2026-07-06 08:06:00,69.021,4147.45,7498.1,0.003051837642237265,-0.0020020357238250686,0.0001734073204566755,0.13476272329543387,0,0.12096809371653705,0.0
2026-07-06 08:07:00,69.046,4148.61,7497.7,0.0033422459893048817,-0.0017397204897205976,-9.335324869308437e-05,0.145399034962098,0,0.06453883715087327,0.0
2026-07-06 08:08:00,69.036,4148.71,7497.4,0.0031969309462915874,-0.001797323503794357,-0.00022669386993112717,0.14207772567189692,0,0.07048362667573427,0.0
2026-07-06 08:09:00,69.081,4151.24,7496.4,0.00385084863985119,-0.0011573489250611413,-0.0004533454225447153,0.140042807978989,0,0.015207280729697126,0.0
2026-07-06 08:10:00,69.116,4150.25,7495.4,0.004797487860901839,-0.0010470322052665848,-0.0006133333333333546,0.1001986107791365,0,0.005006484230640207,0.0
2026-07-06 08:11:00,69.131,4150.4,7495.1,0.004723425282678884,-0.0003468341747274728,-0.0005333973410142079,0.12232925776700088,0,0.014306638247079673,0.0
2026-07-06 08:12:00,69.111,4151.21,7495.5,0.0045787545787545625,-1.686226898689469e-05,-0.00042674063504333226,0.13256393842293823,0,0.02495468292518921,0.0
2026-07-06 08:13:00,69.066,4150.48,7494.4,0.0035599598959621392,0.00019519624452057904,-0.0005067882958577075,0.15444199683167026,0,0.06764984516092865,0.0
2026-07-06 08:14:00,69.041,4151.9,7494.5,0.0031966986820883836,0.0009667565919055932,-0.000453460302217934,0.13549841499267373,0,0.02574216888775449,0.0
2026-07-06 08:15:00,69.071,4148.67,7494.8,0.0036326121387366683,0.00018081351617205144,-0.0006000560052271675,0.14655452873864733,0,0.03300595956759378,0.0
2026-07-06 08:16:00,69.056,4148.34,7495.4,0.0025406135218710713,0.00020253164556960357,-0.0005333760034136326,0.182535312534025,0,0.0865761909798306,0.0
2026-07-06 08:17:00,69.106,4150.42,7496.3,0.0035578919853036517,0.0003856518238922746,-0.0003867079155109865,0.16344990138514703,0,0.056427614944339455,0.0
2026-07-06 08:18:00,69.126,4149.68,7496.3,0.0040670481945210835,0.000646250301422846,-0.0003867079155109865,0.1376113235705032,0,0.036184345263734374,0.0
2026-07-06 08:19:00,69.066,4149.0,7495.6,0.0018131445728957196,0.0005908526365290268,-0.00045339378583808543,0.19680271224443419,0,0.11512696019944013,0.0
2026-07-06 08:20:00,68.996,4149.59,7495.6,-0.0003622086031788152,0.00043637801426310574,-0.0003467498866394081,0.24389238263348573,0,0.18392538557948485,0.0
2026-07-06 08:21:00,69.016,4151.03,7496.3,-7.244172063569643e-05,0.0008631809907291288,-0.0002400608154066175,0.23661180767623718,0,0.13536140554138093,0.0
2026-07-06 08:22:00,69.016,4150.69,7495.4,-0.00043449294673114647,0.000501372748944906,-0.00030676073996027675,0.2504491671498504,0,0.17867117199344834,0.0
2026-07-06 08:23:00,68.976,4149.86,7496.1,-0.0008691117677733784,0.0002771945978388146,-0.00017339344306011029,0.24906302112083634,0,0.17932245238617184,0.0
2026-07-06 08:24:00,68.956,4152.51,7497.1,-0.001809470042413941,0.0003059326851737598,9.337815484777856e-05,0.23210324672257876,0,0.15048693928000034,0.0
2026-07-06 08:25:00,68.906,4154.36,7499.5,-0.003038370276057578,0.0009903017890486865,0.0005470021613256382,0.1600672561170171,0,0.0072010037333951615,0.0
2026-07-06 08:26:00,68.921,4154.78,7499.2,-0.003037711012425559,0.0010553199691596404,0.000547024055716383,0.15830828002385466,0,0.011061804093993932,0.0
2026-07-06 08:27:00,68.891,4156.55,7499.6,-0.0031832848605866104,0.0012863719252940164,0.0005469948635847821,0.1466212928865649,0,0.01655044482815493,0.0
2026-07-06 08:28:00,68.846,4156.36,7499.7,-0.0031853589320359754,0.0014167036101848662,0.0007071947053800542,0.13951634454112266,0,-0.010337499468870748,1.0
2026-07-06 08:29:00,68.876,4156.43,7499.2,-0.002389884271664533,0.0010910667405286123,0.0006271265594768316,0.17159024722433985,0,0.04052797478455772,0.0
2026-07-06 08:30:00,68.906,4157.84,7498.8,-0.0023888462596457494,0.0022103469304619594,0.0005337033676682257,0.09729801315569864,0,-0.009747876485740048,1.0
2026-07-06 08:31:00,68.906,4157.65,7498.7,-0.0021721501390175035,0.002244271202456849,0.00044027003228652717,0.10872264588717462,0,-0.017378501168878735,1.0
2026-07-06 08:32:00,68.901,4157.5,7499.7,-0.0029664573264260863,0.0017058514559971094,0.00045355708816341433,0.14624973829026083,0,0.05297405281893619,0.0
2026-07-06 08:33:00,68.876,4157.25,7500.8,-0.0036165842085467137,0.0018242370496037719,0.0006002961460986889,0.11191510079720968,0,0.02552149247186075,0.0
2026-07-06 08:34:00,68.816,4157.0,7501.0,-0.003619726059131856,0.0019281754639672855,0.000720422647953356,0.09667733887858898,0,-0.018442800163914974,1.0
2026-07-06 08:35:00,68.821,4158.61,7501.9,-0.0025363789205170573,0.0021737087278501654,0.0008404930892789153,0.07908540381082407,0,-0.02427846208615303,1.0
2026-07-06 08:36:00,68.856,4157.78,7501.2,-0.002318303002202593,0.0016261024372263844,0.000653655803529718,0.15131636005308668,0,0.05672376144122471,0.0
2026-07-06 08:37:00,68.846,4158.18,7501.9,-0.0024631969398400955,0.0018045192486069173,0.0008671985484429712,0.10419035851580127,0,-0.011301837801126369,1.0
2026-07-06 08:38:00,68.801,4156.99,7502.2,-0.002537114358617476,0.0017181302501771967,0.0008137564867063407,0.11733360622742017,0,0.03840922398120117,0.0
2026-07-06 08:39:00,68.826,4155.88,7502.1,-0.0018852601659030688,0.0008115573472429194,0.0006669245441570659,0.18208282898711897,0,0.07371485275778766,0.0
2026-07-06 08:40:00,68.806,4156.32,7502.7,-0.0014512524308479824,0.00047179348924974995,0.0004266951130074137,0.215578997800346,0,0.122326825215407,0.0
2026-07-06 08:41:00,68.821,4155.12,7502.9,-0.0014509365795621898,8.18334544789856e-05,0.0004933859611691016,0.2048188063924662,0,0.15072328188988848,0.0
2026-07-06 08:42:00,68.786,4155.12,7502.8,-0.0015241468406613778,-0.0003440353177516231,0.0004266894234359331,0.21012362491829945,0,0.14635307975401374,0.0
2026-07-06 08:43:00,68.746,4154.96,7502.9,-0.0014525172123290853,-0.0003368331905800881,0.00042668373401610893,0.20745478551979846,0,0.15966195251997228,0.0
2026-07-06 08:44:00,68.716,4155.74,7502.8,-0.0023230152738256127,-0.00016600784808129543,0.0004800512054619066,0.18847036923093263,0,0.1491397534790707,0.0
2026-07-06 08:45:00,68.721,4155.48,7501.6,-0.002684816997068462,-0.0005676024089432685,0.00037339307622552553,0.19529422272085362,0,0.15103142677357517,0.0
2026-07-06 08:46:00,68.756,4154.95,7501.0,-0.002176878646271807,-0.0006494053130975397,0.00030671983143748527,0.21333772255716676,0,0.16855954937430678,0.0
2026-07-06 08:47:00,68.776,4154.09,7501.5,-0.0018141971814632507,-0.0008202044497894745,0.00024000960038406127,0.21750959226486016,0,0.16315410685597131,0.0
2026-07-06 08:48:00,68.811,4154.49,7501.5,-0.0009437249549915094,-0.0006639004149378014,9.332337883960484e-05,0.23566399077445255,0,0.18861818641580058,0.0
2026-07-06 08:49:00,68.831,4155.61,7501.5,0.00021797256451994151,-0.0003343757517441093,6.665777896275316e-05,0.24991066067859774,0,0.225112199692516,0.0
2026-07-06 08:50:00,68.791,4155.48,7501.9,-0.00043591345664839576,-0.000752655334354535,0.0,0.24402300505623775,0,0.19477066368093499,0.0
2026-07-06 08:51:00,68.736,4154.71,7501.8,-0.0017427675148133925,-0.0007383748057857575,7.99872020478265e-05,0.22307341578576795,0,0.16609944434664203,0.0
2026-07-06 08:52:00,68.686,4153.63,7501.4,-0.00232402753972627,-0.0010942287250672589,-6.664978205517258e-05,0.21116626358443863,0,0.12559873513655834,0.0
2026-07-06 08:53:00,68.676,4152.63,7499.9,-0.0018168340576445452,-0.0010488358162996647,-0.0003065767374903494,0.2070587861563083,0,0.12422070864365614,0.0
2026-07-06 08:54:00,68.701,4151.73,7500.7,-0.001816174120245262,-0.0009985851372033006,-0.000186614414630637,0.21696549225717743,0,0.14846231961637563,0.0
2026-07-06 08:55:00,68.716,4151.1,7501.6,-0.0013080254628957677,-0.0012559186973090108,-0.0001466138856677235,0.20860201271598022,0,0.14722093142015102,0.0
2026-07-06 08:56:00,68.731,4149.82,7501.0,-0.0013077403699452983,-0.0012755347619323176,-0.00025323541563926355,0.204374983650916,0,0.11378902144880537,0.0
2026-07-06 08:57:00,68.696,4149.15,7501.3,-0.001308405780246047,-0.00143678160919547,-0.00019992536119850524,0.1994528729763546,0,0.1309086282316947,0.0
2026-07-06 08:58:00,68.736,4150.09,7501.4,-0.0001454630087567299,-0.0011720931128097467,-0.00019992269655733086,0.22818573888887128,0,0.17891982101240922,0.0
2026-07-06 08:59:00,68.721,4150.34,7502.1,7.276325746574663e-05,-0.001299407566402011,-9.329850189265798e-05,0.2320005045152218,0,0.2060802708665374,0.0
2026-07-06 09:00:00,68.651,4149.13,7502.2,-0.00101861148702731,-0.0015281026499945893,7.998293697331071e-05,0.19202371041981225,0,0.17354049372386476,0.0
2026-07-06 09:01:00,68.636,4152.3,7500.2,-0.0017453022281692654,-0.0006377934752522796,-0.00010665244634056048,0.22678869496398613,0,0.1832598874889984,0.0
2026-07-06 09:02:00,68.606,4152.07,7500.7,-0.002471792485750912,-0.00048626775057847293,-0.00010664533759918715,0.21814718482765105,0,0.1633990990979295,0.0
2026-07-06 09:03:00,68.596,4152.28,7501.2,-0.0031245004432430834,-0.0005319545840765105,-3.999200159965355e-05,0.19986436865173934,0,0.13761982849074916,0.0
2026-07-06 09:04:00,68.546,4152.7,7503.6,-0.004140576193866097,-0.0007002582051731654,0.0002799440111977969,0.1511633808940761,0,0.08136559921792763,0.0
2026-07-06 09:05:00,68.441,4151.18,7504.3,-0.005087874867351738,-0.001034778172437134,0.00031991895386518365,0.08123097381745858,0,0.037206756143817965,0.0
2026-07-06 09:06:00,68.436,4149.93,7504.5,-0.004364525139664788,-0.0011505014790441637,0.00035991362073106714,0.10215336331998714,0,0.0357773642555439,0.0
2026-07-06 09:07:00,68.401,4149.74,7504.6,-0.004149317182540968,-0.0009365302157390287,0.00042658703708653434,0.12637194821071884,0,0.048518214601863674,0.0
2026-07-06 09:08:00,68.426,4148.38,7504.5,-0.0036402819034305756,-0.0010234477909180084,0.0006133415112201668,0.12428662770886312,0,0.0644965658191109,0.0
2026-07-06 09:09:00,68.406,4148.74,7503.8,-0.0042939695200940875,-0.0007201817073845262,0.0004132947591559688,0.12071216691632791,0,0.08999299971233454,0.0
2026-07-06 09:10:00,68.416,4148.05,7505.1,-0.004365795447930587,-0.0007347450073474926,0.00046656713234516367,0.1060970567691365,0,0.08406220562549882,0.0
2026-07-06 09:11:00,68.466,4148.32,7504.8,-0.0038556110052232473,-0.0003614614609790401,0.0005065991201174125,0.13638872321049478,0,0.09521168996215224,0.0
2026-07-06 09:12:00,68.396,4147.88,7504.4,-0.004367066495865823,-0.0003060867888602381,0.0004132617013050677,0.12289802238677894,0,0.0868498288279943,0.0
2026-07-06 09:13:00,68.466,4147.52,7503.1,-0.003928072625698498,-0.0006192636786189754,0.0002266243634523324,0.15912883610195322,0,0.11149771956538668,0.0
2026-07-06 09:14:00,68.456,4150.93,7504.3,-0.0038561720580317926,0.00014215702809883268,0.0002932512229909534,0.16107887285004613,0,0.11631644315890305,0.0
2026-07-06 09:15:00,68.436,4150.45,7504.5,-0.003131782494063984,0.000318138983353089,0.0003065767374903494,0.19396083093459954,0,0.10933355480869511,0.0
2026-07-06 09:16:00,68.456,4150.36,7504.3,-0.002622530450492322,-0.0004672109433326854,0.0005466520892776217,0.1729897694682811,0,0.11249888159109156,0.0
2026-07-06 09:17:00,68.431,4152.32,7504.7,-0.002550797306357988,6.0210930933335405e-05,0.0005332835602009922,0.17443061961776618,0,0.1264364116899081,0.0
2026-07-06 09:18:00,68.456,4152.55,7504.2,-0.0020409353315061773,6.50245166511354e-05,0.00039993601023846637,0.2069217180671683,0,0.17644547663627408,0.0
2026-07-06 09:19:00,68.406,4153.1,7506.0,-0.0020424240655909642,9.632287427474573e-05,0.0003198464736926532,0.21269958729878474,0,0.16577112444706976,0.0
2026-07-06 09:20:00,68.416,4152.59,7505.5,-0.00036527812276276883,0.00033966245742167445,0.00015990831923029525,0.25189020641710264,0,0.2148626741216032,0.0
2026-07-06 09:21:00,68.526,4153.55,7504.3,0.0013150973172013636,0.0008723038701856645,-2.6650676260842054e-05,0.22772680254291489,0,0.11934186316072426,0.0
2026-07-06 09:22:00,68.541,4153.23,7504.3,0.0020467537024313476,0.0008410165456147478,-3.997548170453502e-05,0.20874517836320317,0,0.1109468485746441,0.0
2026-07-06 09:23:00,68.536,4153.52,7504.1,0.001607576067576666,0.001239037889489536,-5.330135252179513e-05,0.20312480411992384,0,0.06387877692335575,0.0
2026-07-06 09:24:00,68.516,4154.43,7503.9,0.0016080460778293837,0.0013715007448045213,1.3326581198791487e-05,0.19407931599364642,0,0.06335971007948704,0.0
2026-07-06 09:25:00,68.481,4152.88,7503.2,0.0009500701590270388,0.001164402550596133,-0.0002531611837284231,0.2168072847734644,0,0.09454796419107636,0.0
2026-07-06 09:26:00,68.511,4151.73,7503.1,0.0006572605380772423,0.0008220195163342048,-0.00022652169278325474,0.23710312013163853,0,0.1554227719046018,0.0
2026-07-06 09:27:00,68.491,4152.48,7504.0,0.0013889701152114409,0.0011090002603737492,-5.330206278975069e-05,0.2199323004295326,0,0.12203458442783555,0.0
2026-07-06 09:28:00,68.496,4154.11,7502.1,0.00043817369205156886,0.0015889013193424173,-0.00013327824499209662,0.1994201481196357,0,0.07172227974597511,0.0
2026-07-06 09:29:00,68.491,4152.87,7502.7,0.0005112773168165496,0.00046736514467826673,-0.00021321109230709734,0.24877894452195626,0,0.19605489766316037,0.0
2026-07-06 09:30:00,68.476,4154.0,7502.9,0.000584487696533964,0.0008553289402355446,-0.00021320541008729155,0.23532543341210466,0,0.18630470500018664,0.0
2026-07-06 09:31:00,68.446,4155.2,7504.2,-0.00014607923337628392,0.001166163899035233,-1.332569326928379e-05,0.2322864403145518,0,0.14926709505967284,0.0
2026-07-06 09:32:00,68.376,4156.34,7505.8,-0.0008037293039703242,0.0009681334771887151,0.0001465748131170841,0.22161216614725915,0,0.1398569486641223,0.0
2026-07-06 09:33:00,68.416,4156.52,7505.9,-0.0005843169335048026,0.0009560390603364777,0.00022653980437614685,0.23366594700497795,0,0.16162233628620265,0.0
2026-07-06 09:34:00,68.421,4157.0,7506.0,0.00021927901061302713,0.0009390575714525173,0.0,0.230326930340726,0,0.18595885338021279,0.0
2026-07-06 09:35:00,68.396,4156.18,7506.3,-0.0002923292797005761,0.0008645206967219377,0.00010658850176548107,0.24111702848943967,0,0.1815149069086488,0.0
2026-07-06 09:36:00,68.436,4157.04,7505.2,-0.0013133701076961657,0.0008402450915481197,0.00011993123942266593,0.22777002869751084,0,0.14661504118117924,0.0
2026-07-06 09:37:00,68.411,4157.82,7504.8,-0.0018966749828569496,0.0011051639326500329,6.662846634597486e-05,0.21111391069229762,0,0.11788411309112395,0.0
2026-07-06 09:38:00,68.381,4157.69,7504.6,-0.002261585152328771,0.001003967718946619,6.663024213438007e-05,0.20926337013717672,0,0.11316244345708537,0.0
2026-07-06 09:39:00,68.346,4158.49,7505.3,-0.0024811722809271464,0.0009772700466730289,0.00018656965044860918,0.20511166087587113,0,0.10495993164539319,0.0
2026-07-06 09:40:00,68.291,4160.36,7506.2,-0.0027744921949153234,0.0018011596771396743,0.0003998294061200447,0.14528287043692995,0,0.05671676693447725,0.0
2026-07-06 09:41:00,68.231,4161.51,7506.7,-0.004086934944753429,0.0023556445144554683,0.0004798016819713702,0.06287669134849272,0,-0.01935683665416399,1.0
2026-07-06 09:42:00,68.186,4161.53,7507.0,-0.004453139828590524,0.0021794204908873738,0.0003997867803837707,0.06252230363214162,0,-0.03996088786478513,1.0
2026-07-06 09:43:00,68.166,4163.55,7508.7,-0.0048177995795374295,0.002272448250046466,0.0008797536689726382,0.0027097548858706633,0,-0.050314700332440454,1.0
2026-07-06 09:44:00,68.071,4163.53,7509.9,-0.006132192550846072,0.0025668995176828524,0.0009596545243713006,-0.04906205574115341,1,-0.07832547999527528,1.0
2026-07-06 09:45:00,68.096,4164.63,7509.0,-0.005549389567147567,0.0025589792970630576,0.0008130189659998344,-0.007432068200094455,1,-0.08287483056426748,1.0
2026-07-06 09:46:00,68.131,4162.55,7509.1,-0.004602168132542439,0.001768867924528461,0.000652967671437299,0.06761696241700044,0,0.05266884660975979,0.0
2026-07-06 09:47:00,68.126,4163.19,7509.2,-0.0036562536562536607,0.0016480846129045545,0.00045298302645946364,0.129032759778494,0,0.10769875321277966,0.0
2026-07-06 09:48:00,68.116,4164.67,7509.0,-0.004384939195509752,0.001960774878985161,0.0004130084333657802,0.07707482018075262,0,0.064883426903518,0.0
2026-07-06 09:49:00,68.016,4165.82,7509.7,-0.005919235322488725,0.0021217223959586473,0.0004929389821475283,0.02557944642548393,0,0.02384870061913713,0.0
2026-07-06 09:50:00,67.916,4164.03,7509.7,-0.00701795426633145,0.0018887536150984374,0.00045295285293689425,-0.007075339928223623,1,0.006017132998099695,0.0
2026-07-06 09:51:00,67.916,4163.59,7509.7,-0.007598340054941977,0.001575640359486652,0.0005995842882269287,0.00893184238191802,0,-0.02857461317154364,1.0
2026-07-06 09:52:00,67.796,4162.38,7510.0,-0.008989782344944408,0.0010967285741085853,0.000692889883807668,0.001966226132372295,0,-0.012770572451734408,1.0
2026-07-06 09:53:00,67.856,4163.42,7509.6,-0.007677571255173321,0.001378169127568496,0.0006662580284091391,-2.9684797697937526e-05,1,0.004545860171633054,0.0
2026-07-06 09:54:00,67.856,4164.0,7509.9,-0.007169402744857223,0.0013250001803539746,0.000612900217179746,0.014146398972632257,0,0.0427520522046011,0.0
2026-07-06 09:55:00,67.841,4163.69,7509.3,-0.006589448097113815,0.0008004115028505954,0.000412991926673989,0.05831693199628851,0,0.05199178924095704,0.0
2026-07-06 09:56:00,67.816,4164.36,7509.9,-0.006082279315853367,0.0006848475673493226,0.00042628585130621843,0.07807462751986027,0,0.07831744380920869,0.0
2026-07-06 09:57:00,67.821,4164.15,7510.0,-0.005353005015692469,0.0006295761414671919,0.0003996270147861303,0.08464199006959605,0,0.09051813291731525,0.0
2026-07-06 09:58:00,67.851,4164.36,7510.6,-0.004621072088724532,0.00019454552004893877,0.0002530398071571849,0.12150248256675833,0,0.12607737804663,0.0
2026-07-06 09:59:00,67.886,4164.36,7510.7,-0.0027177505839491856,0.0001993500707331286,0.00010652605227767786,0.21528762601064655,0,0.18131531676387108,0.0
2026-07-06 10:00:00,67.961,4164.25,7511.4,-0.0019824953007520074,-9.124460036069593e-05,0.00031961646024769585,0.21307891487908964,0,0.18757701721789105,0.0
2026-07-06 10:01:00,67.986,4163.4,7511.5,-0.002128252924513019,0.0002042017513301797,0.00031961220385934297,0.21272336522739205,0,0.19537708302532275,0.0
2026-07-06 10:02:00,67.976,4161.6,7512.4,-0.0022018025423480303,-0.00038191867294057325,0.00042614393011231044,0.19721989132266782,0,0.1877045797332335,0.0
2026-07-06 10:03:00,67.986,4161.32,7512.0,-0.0019085090140348315,-0.0008043854615132906,0.0003995205753095643,0.20344857073481637,0,0.17810335828447182,0.0
2026-07-06 10:04:00,67.906,4160.92,7511.9,-0.0016172665255234087,-0.0011762390117671107,0.0002929544455836375,0.1980701748530967,0,0.14839997274068684,0.0
2026-07-06 10:05:00,67.936,4161.09,7511.9,0.0002944814182226363,-0.0007060467864062892,0.0002929544455836375,0.22943824889258208,0,0.21660643799394091,0.0
2026-07-06 10:06:00,67.951,4160.88,7512.7,0.000515342481889336,-0.0006508806102426545,0.00039948333488681875,0.22112080559027047,0,0.2126750345734173,0.0
2026-07-06 10:07:00,68.046,4161.54,7511.8,0.003687533187798797,-0.00020180761967913963,0.0002396804260984542,0.15718563875085523,0,0.10776841967778339,0.0
2026-07-06 10:08:00,68.061,4161.89,7512.7,0.0030211035133225206,-0.00036748634536021285,0.0004128049430061065,0.16936315523030127,0,0.1299005554103595,0.0
2026-07-06 10:09:00,68.156,4161.5,7513.0,0.004421127092667065,-0.0006003842459173514,0.00041278845257597396,0.12925762613330044,0,0.07656225407855777,0.0
2026-07-06 10:10:00,68.201,4160.31,7512.0,0.005306525552394525,-0.000811779935585788,0.0003595541528504942,0.0684636506608014,0,0.04810116172283385,0.0
2026-07-06 10:11:00,68.216,4157.88,7509.2,0.005898313082458362,-0.0015560614356106006,-9.321029574294037e-05,0.03226853785900574,0,0.027581617155937876,0.0
2026-07-06 10:12:00,68.181,4158.67,7506.8,0.005308090414473332,-0.0013159948608958416,-0.00042609853528630115,0.06066836335938064,0,0.038366246340131416,0.0
2026-07-06 10:13:00,68.096,4158.01,7506.6,0.003610853193025898,-0.001524844153723337,-0.0005325806193912097,0.11874623590673372,0,0.09846475749226224,0.0
2026-07-06 10:14:00,68.101,4157.99,7507.9,0.0031670742126506113,-0.0015296468124753604,-0.00037280146990292806,0.13892206580615712,0,0.11936775836339575,0.0
2026-07-06 10:15:00,68.226,4156.19,7506.3,0.0038992951840026713,-0.0019355226031099182,-0.0006789679686874939,0.07376420683884533,0,0.01888245466193328,0.0
2026-07-06 10:16:00,68.106,4154.71,7505.4,0.0017650692789690225,-0.0020872363933323035,-0.000812088131531663,0.0782229552084821,0,-0.028108034258612857,1.0
2026-07-06 10:17:00,68.056,4154.09,7506.7,0.0011768859597505177,-0.001804594386774383,-0.0007587455407059851,0.11339800645353926,0,0.07015823166240553,0.0
2026-07-06 10:18:00,68.016,4156.03,7506.7,0.00044126731974225564,-0.001271231243932247,-0.0007055378061767703,0.168219766022575,0,0.12505910441009727,0.0
2026-07-06 10:19:00,68.046,4156.34,7508.7,0.002061673489824223,-0.0011007181104178976,-0.0004259907613253233,0.1865121294494148,0,0.17355835546638743,0.0
2026-07-06 10:20:00,68.061,4156.0,7509.1,0.0018399670277908786,-0.0012232371806426556,-0.0003727419161595469,0.19223880838257407,0,0.17490263254803057,0.0
2026-07-06 10:21:00,68.066,4156.49,7509.1,0.0016923959912291675,-0.0010550652746534883,-0.0004791885740146329,0.19407623900613236,0,0.17680127696452863,0.0
2026-07-06 10:22:00,68.021,4154.96,7508.6,-0.0003673985245276068,-0.0015811454413510173,-0.0004259964322798071,0.19707987208800037,0,0.1261924382156393,0.0
2026-07-06 10:23:00,68.091,4154.11,7508.1,0.0004407810640452148,-0.0018693430148323253,-0.0006122965112408396,0.14563228329115963,0,0.09696334561097131,0.0
2026-07-06 10:24:00,68.116,4154.82,7509.5,-0.0005868889019309265,-0.0016051904361409353,-0.0004658591774258092,0.19031785756498237,0,0.106553525070337,0.0
2026-07-06 10:25:00,68.146,4155.23,7510.0,-0.0008064397882727725,-0.0012210628534894408,-0.00026624068157610203,0.21357174466165885,0,0.1469668946815545,0.0
2026-07-06 10:26:00,68.086,4155.82,7510.2,-0.0019057112700832102,-0.0004954447939816697,0.00013316997816015252,0.224675313841468,0,0.20103350003908638,0.0
2026-07-06 10:27:00,68.106,4155.07,7509.9,-0.0011000132001584007,-0.0008656613773154742,0.00041295891724835165,0.2080972595634778,0,0.195672624857473,0.0
2026-07-06 10:28:00,68.141,4154.52,7509.3,0.0006608317669172248,-0.0008393438207219273,0.0003596834785388747,0.2224869915778268,0,0.22384722383583633,0.0
2026-07-06 10:29:00,68.041,4155.38,7509.7,-0.0008810443312139427,-0.0006277071373427257,0.00023974746600252672,0.23114086562042202,0,0.21809870697856376,0.0
2026-07-06 10:30:00,68.066,4155.11,7509.3,-0.0023451470114032036,-0.00025985337532685726,0.00039966428200322035,0.19806309008400208,0,0.20689791539273317,0.0
2026-07-06 10:31:00,68.246,4153.8,7508.3,0.0020556191818634773,-0.0002190285242531509,0.0003863884669705886,0.20222836857843512,0,0.21888414916478782,0.0
2026-07-06 10:32:00,68.236,4154.4,7508.2,0.0026448806864936003,7.462524885104571e-05,0.0001998214927998454,0.19799177506944954,0,0.18961847943652405,0.0
2026-07-06 10:33:00,68.266,4154.96,7508.0,0.003675605739825949,-0.00025745723683412436,0.00017317862709309573,0.16113560197008786,0,0.14963928227620765,0.0
2026-07-06 10:34:00,68.316,4154.26,7506.7,0.003967904064897221,-0.000500440291217763,-0.0002663576917442123,0.15683546888436384,0,0.1038359544224543,0.0
2026-07-06 10:35:00,68.321,4154.88,7507.1,0.0038201025550608225,-0.0002694898941288937,-0.00026634350321608213,0.16632219894584555,0,0.1278198154846506,0.0
2026-07-06 10:36:00,68.296,4154.17,7507.1,0.003379073252431475,-0.0005581632579411133,-0.00026634350321608213,0.17512893419040548,0,0.1516455708127536,0.0
2026-07-06 10:37:00,68.231,4150.9,7506.7,0.003087281868834557,-0.000977145387681344,-0.0002530431771569086,0.18136827745537154,0,0.15064200349601214,0.0
2026-07-06 10:38:00,68.236,4150.52,7506.8,0.0021295031648824736,-0.0008642043662779875,-0.0001731463352911966,0.21151878515767936,0,0.17466017668491313,0.0
2026-07-06 10:39:00,68.231,4151.05,7507.3,0.001688296435492287,-0.0009073798624247287,-0.00029296224781938385,0.2216634206216176,0,0.18440796047088748,0.0
2026-07-06 10:40:00,68.181,4152.38,7509.5,0.0005136031461860924,-0.0006858826105894389,-6.657789613850884e-05,0.24487860434158726,0,0.21761487147992092,0.0
2026-07-06 10:41:00,68.206,4153.3,7508.9,0.0017624768674910918,-0.0006063785245750131,-0.00017309792016195757,0.22690182653384616,0,0.19394846087723583,0.0
2026-07-06 10:42:00,68.256,4151.7,7509.3,0.0022024491234253762,-0.0008110573347741568,-7.989453920820289e-05,0.21549462648737477,0,0.20055256985568815,0.0
2026-07-06 10:43:00,68.271,4150.14,7509.5,0.0019078088082065126,-0.0010542734178677904,2.6633640951789772e-05,0.2090914779780022,0,0.2196048055952396,0.0
2026-07-06 10:44:00,68.356,4149.01,7509.4,0.004629561587866204,-0.00153295246162799,-3.994833348874849e-05,0.1167635609099148,0,0.11359537519690033,0.0
2026-07-06 10:45:00,68.346,4149.17,7508.4,0.0041136543942643655,-0.001429565041599301,-0.00011985138428360909,0.14273072873071563,0,0.14428753364569302,0.0
2026-07-06 10:46:00,68.336,4148.79,7508.0,0.0013187586085632308,-0.0012061245124946884,-3.995578226767549e-05,0.22187621734050245,0,0.20531875980493075,0.0
2026-07-06 10:47:00,68.411,4147.38,7507.6,0.0025646286417726483,-0.0016897746967069471,-7.991262885909123e-05,0.17873262220583352,0,0.16756829170091847,0.0
2026-07-06 10:48:00,68.426,4148.68,7508.8,0.0023437728884070363,-0.0015114465602555915,0.00010655301012252316,0.178095340850694,0,0.20581415188291302,0.0
2026-07-06 10:49:00,68.386,4148.76,7508.6,0.0010246501551611775,-0.0013239421702060383,0.0002531072242131227,0.2087709587425267,0,0.2121953258718402,0.0
2026-07-06 10:50:00,68.401,4148.44,7508.3,0.001170943048257378,-0.0015499845964265235,0.00015984867658613844,0.19358972452738737,0,0.20719788770720715,0.0
2026-07-06 10:51:00,68.446,4151.78,7509.1,0.0021963218929366146,-0.0005753255162885829,0.0002664144609769714,0.2019213991202905,0,0.21641348657374004,0.0
2026-07-06 10:52:00,68.451,4151.82,7509.1,0.003224340842139295,0.00022163868076807702,0.0003197143884796638,0.169836834820683,0,0.1683551398736014,0.0
2026-07-06 10:53:00,68.486,4152.26,7508.9,0.0036637552025324815,0.00041922457908882826,0.0002797463632973063,0.1462608386591533,0,0.1511842517954941,0.0
2026-07-06 10:54:00,68.401,4152.4,7509.0,0.0024915361052895157,0.0003252189205138478,0.00022644625897449977,0.20094605132122084,0,0.19422598878958425,0.0
2026-07-06 10:55:00,68.386,4151.84,7508.6,0.0030067027470996877,-0.00013004590138665506,-0.00011984819228971766,0.19855849970923756,0,0.17104490637341663,0.0
2026-07-06 10:56:00,68.326,4151.81,7508.6,0.0017593760079757104,-0.0003587508727999067,-3.9952589593550414e-05,0.22671853233279016,0,0.21002238223262748,0.0
2026-07-06 10:57:00,68.336,4150.82,7508.9,0.001172058134083498,-0.00021196136522394493,-5.326728190380159e-05,0.2466773698298626,0,0.21266345424794525,0.0
2026-07-06 10:58:00,68.216,4150.92,7510.4,-0.0008056129249609523,0.00018794546689981928,0.00011984819228971766,0.24064677548332603,0,0.20838061129569851,0.0
2026-07-06 10:59:00,68.161,4150.38,7510.3,-0.0028527122710514385,0.0003301992523516706,0.00011984978826551362,0.21286132741782104,0,0.18791142700137908,0.0
2026-07-06 11:00:00,68.251,4150.23,7508.6,-0.0013899862464518131,0.00025547278130311213,2.663683341341816e-05,0.2396587967554749,0,0.2039282145562623,0.0
2026-07-06 11:01:00,68.281,4150.17,7509.8,-0.0008048466401310295,0.0003326271033241568,0.00023974427277573263,0.24002580704286258,0,0.2088439197052498,0.0
2026-07-06 11:02:00,68.241,4149.03,7509.1,-0.0024849804855944235,0.000397841528868792,0.00019979753849441728,0.218360770337376,0,0.1877345775992426,0.0
2026-07-06 11:03:00,68.216,4150.03,7509.4,-0.0030690088562828066,0.00032540470703912305,7.990624334097696e-05,0.20427959132715395,0,0.17510358756207184,0.0
2026-07-06 11:04:00,68.211,4148.85,7508.5,-0.002559003304769991,2.1693228820174326e-05,-1.3318061955702731e-05,0.21354756592192053,0,0.15800013325224527,0.0
2026-07-06 11:05:00,68.326,4148.61,7508.9,-0.0010964751977310394,4.097925967361249e-05,7.991156453512893e-05,0.24123331750721683,0,0.20097336949373878,0.0
2026-07-06 11:06:00,68.341,4150.29,7509.7,-0.001534056044180887,-0.00035888221437552215,7.990305096483574e-05,0.23219010506729448,0,0.2008212741456431,0.0
2026-07-06 11:07:00,68.256,4150.68,7508.7,-0.0028487531226716323,-0.0002745783776751942,-5.3268700643260836e-05,0.21033552503081165,0,0.16952406232006828,0.0
2026-07-06 11:08:00,68.271,4150.23,7508.7,-0.0031393277458167113,-0.0004888903874036288,-2.6635059729107624e-05,0.1972984016945144,0,0.15473715392462423,0.0
2026-07-06 11:09:00,68.251,4150.18,7508.6,-0.002192950395461968,-0.0005346305750889568,-5.3269410041245635e-05,0.22868401699827862,0,0.1805576479768119,0.0
2026-07-06 11:10:00,68.271,4149.25,7507.6,-0.0016816307431344324,-0.000623819800377734,-0.00013318061955625016,0.22701868106585776,0,0.1747014723037032,0.0
2026-07-06 11:11:00,68.371,4149.53,7507.2,0.0006586072651699748,-0.0005491580780432326,-0.00018645286737883904,0.2463613542409669,0,0.21879670044814603,0.0
2026-07-06 11:12:00,68.341,4149.46,7507.2,7.31678763754573e-05,-0.0003276461036613165,-0.00022639800769752583,0.25282333767886617,0,0.20666200873078783,0.0
2026-07-06 11:13:00,68.371,4149.63,7506.8,0.002272194206637712,-0.00031077447891070253,-0.00047933532168720205,0.19252789851474483,0,0.1607151667386595,0.0
2026-07-06 11:14:00,68.391,4149.65,7507.1,0.003374363639031097,-0.00017588750909569573,-0.0004260815147197894,0.16621513959382705,0,0.14060539000727834,0.0
2026-07-06 11:15:00,68.431,4149.07,7507.4,0.0026373239952526273,-0.000279502581784552,-0.0001598167434675446,0.2135760975010927,0,0.19682723306635186,0.0
2026-07-06 11:16:00,68.441,4148.9,7507.7,0.0023432580073519116,-0.0003060115609723191,-0.0002796346107752923,0.21292053769541103,0,0.2094861626062629,0.0
2026-07-06 11:17:00,68.441,4147.2,7508.6,0.002930789408127188,-0.0004410669481782481,-6.658587580399278e-05,0.194731217155435,0,0.20472366924307778,0.0
2026-07-06 11:18:00,68.466,4148.55,7508.4,0.003664829365544797,-0.000356623928019717,-0.00013316643140592888,0.17633626435798722,0,0.16971132775797287,0.0
2026-07-06 11:19:00,68.441,4147.18,7506.9,0.0033718901643431387,-0.00040252118056816055,-0.00021309182926021464,0.17495754269467917,0,0.19717991333561746,0.0
2026-07-06 11:20:00,68.506,4147.5,7506.8,0.002634429060679677,-0.0002675594958310157,-0.0002796681271557411,0.2073998928705964,0,0.20262041912875228,0.0
2026-07-06 11:21:00,68.456,4148.14,7506.7,0.0016827380342694376,-0.000518036089044327,-0.0003994833348869298,0.2148865826766152,0,0.2065978364809477,0.0
2026-07-06 11:22:00,68.331,4148.7,7508.3,0.00109880450070321,-0.0004770302697389983,-5.327153834877585e-05,0.24295360764481572,0,0.2319931272076317,0.0
2026-07-06 11:23:00,68.326,4147.34,7508.9,0.0008056129249607302,-0.0006963469494459806,2.6635769174498947e-05,0.2409275271239838,0,0.22265992387434497,0.0
2026-07-06 11:24:00,68.281,4147.01,7508.9,0.0004395539992088082,-0.0007638222920451909,3.995418586688615e-05,0.2373167687823829,0,0.21694395826688034,0.0
2026-07-06 11:25:00,68.251,4146.88,7510.0,-0.00029295015453112416,-0.0005711875640175279,0.00031967606159089,0.2307648261394447,0,0.21292732646264473,0.0
2026-07-06 11:26:00,68.326,4144.34,7509.2,-0.0006581737871319548,-0.001250744060170561,0.00026641091219103963,0.21351606475782198,0,0.17804865828376776,0.0
2026-07-06 11:27:00,68.266,4143.85,7509.7,-0.0010974378484363,-0.0013519831496145995,0.000333013640238633,0.1920793847147742,0,0.1424345892227415,0.0
2026-07-06 11:28:00,68.291,4143.22,7509.7,-0.0011700867326790432,-0.0015447160349235656,0.0003863164064581426,0.17021092919368858,0,0.1451987890980418,0.0
2026-07-06 11:29:00,68.266,4143.68,7510.1,-0.0018277258703630617,-0.0014386755509498972,0.0003996216914654571,0.16734425980422168,0,0.14947417111459999,0.0
2026-07-06 11:30:00,68.196,4139.96,7509.7,-0.0034341161169645362,-0.0021956727652220343,0.0003063643871381583,0.07576392271576526,0,0.029469885171784727,0.0
2026-07-06 11:31:00,68.301,4138.36,7507.7,-0.002045557487470928,-0.0025404324037696657,0.0,0.08612502103776143,0,0.023554731360898584,0.0
2026-07-06 11:32:00,68.266,4139.02,7506.9,-0.0025569468593386047,-0.0019724151234566945,-0.0002264070532457252,0.13466707173209957,0,0.07189983569183833,0.0
2026-07-06 11:33:00,68.291,4138.84,7507.2,-0.0025560132036338556,-0.0023405768280483352,-0.00015982100047939873,0.10940516466499972,0,0.04185797286537163,0.0
2026-07-06 11:34:00,68.326,4137.56,7508.2,-0.0016802793647083814,-0.002319648532255636,0.00017317401324112858,0.12156984867508658,0,0.044961429611977244,0.0
2026-07-06 11:35:00,68.291,4138.73,7509.3,-0.0031384112340525627,-0.0021145268233876413,0.00033303138487772443,0.09048871027421024,0,0.05366927012384526,0.0
2026-07-06 11:36:00,68.321,4141.02,7510.0,-0.0019720696505785007,-0.0017164319429913144,0.00043960728415948225,0.1283843856649171,0,0.1120850156532277,0.0
2026-07-06 11:37:00,68.311,4142.03,7509.8,-0.0002926929212216933,-0.0016077325427242828,0.0001997789113381554,0.1911767838753039,0,0.1792439399776397,0.0
2026-07-06 11:38:00,68.316,4141.13,7509.6,-0.00014635717003763649,-0.0014973452863763503,9.32227090519877e-05,0.2015124641271584,0,0.21315944745739385,0.0
2026-07-06 11:39:00,68.236,4141.42,7509.4,-0.0006590413145677321,-0.001347959132001142,6.658764932288008e-05,0.2158747986250184,0,0.21528956649901215,0.0
2026-07-06 11:40:00,68.231,4140.36,7509.3,-0.00029303599947272385,-0.0015722663785786573,-9.320905459386797e-05,0.20934664933349895,0,0.18550167834942094,0.0
2026-07-06 11:41:00,68.266,4140.03,7508.9,-0.000878143020226374,-0.001039972589121696,-3.995099344811237e-05,0.23364499490912155,0,0.20844437028860907,0.0
2026-07-06 11:42:00,68.306,4140.28,7509.2,0.0005859432221015926,-0.000861517670765255,-6.658055581443278e-05,0.24163153350471944,0,0.21144819737570497,0.0
2026-07-06 11:43:00,68.286,4141.32,7508.7,-7.321608996790907e-05,-0.00045858052432656837,-0.0001331611116289766,0.25174715076879456,0,0.22184872302368802,0.0
2026-07-06 11:44:00,68.401,4139.34,7507.4,0.0019775583745933467,-0.0010473781759209322,-0.00035951585198612523,0.1979985407342717,0,0.19204286212457095,0.0
2026-07-06 11:45:00,68.396,4140.04,7507.2,0.0029327233268814368,1.932385820158089e-05,-0.00033290277907238597,0.18333596036190486,0,0.18127940629862177,0.0
2026-07-06 11:46:00,68.421,4140.61,7506.8,0.0017569288883032552,0.0005436936370930567,-0.00011987692635551106,0.22402490553898768,0,0.1893484748285965,0.0
2026-07-06 11:47:00,68.406,4140.55,7507.0,0.002050801277356129,0.0003696527197258881,1.3321077941608195e-05,0.2195198028534573,0,0.1988753548751,0.0
2026-07-06 11:48:00,68.401,4139.88,7504.9,0.0016107539792944436,0.00025127813590275494,-0.00030637254901966227,0.22719121018616067,0,0.20207652701030454,0.0
2026-07-06 11:49:00,68.471,4140.2,7505.1,0.002122178965547672,0.0006380572124633499,-0.00041288191577204536,0.19080078066778666,0,0.17471246629326542,0.0
2026-07-06 11:50:00,68.341,4142.57,7507.9,0.0007321608996793127,0.0009278208532570442,-0.00018643548666330556,0.23020134428758587,0,0.1654882157060782,0.0
2026-07-06 11:51:00,68.286,4143.08,7510.0,-0.0005122875836125473,0.00049746197796674,0.0,0.25545645083623925,0,0.20044523693620764,0.0
2026-07-06 11:52:00,68.316,4142.01,7510.4,7.31946538623518e-05,-4.828550251856356e-06,7.989560307852805e-05,0.2532871418199257,0,0.21659049210306863,0.0
2026-07-06 11:53:00,68.231,4142.71,7512.4,-0.0012442180455530805,0.0003815383723766441,0.00037285607755399575,0.22974247157643546,0,0.1915865004201781,0.0
2026-07-06 11:54:00,68.186,4142.28,7512.8,-0.0007327510405064075,0.00020765824282475975,0.0004527658667803358,0.22521222033046184,0,0.1731447970949606,0.0
2026-07-06 11:55:00,68.141,4142.51,7512.5,-0.0013190485263294693,0.0005192785168439684,0.00042613825523019067,0.2218267752008592,0,0.18958689885099123,0.0
2026-07-06 11:56:00,68.106,4143.61,7512.4,-0.0023437728884072584,0.0008647280333717866,0.0004661135452597165,0.181811521737491,0,0.19169803847171535,0.0
2026-07-06 11:57:00,68.116,4143.49,7511.7,-0.0027816004450560428,0.0007753098824234694,0.0003329249454002703,0.1960594173434056,0,0.18511806405556241,0.0
2026-07-06 11:58:00,68.116,4143.5,7512.8,-0.0024895293325132295,0.0005264022099233934,0.0005460332680757851,0.18555247000929825,0,0.18304921340413927,0.0
2026-07-06 11:59:00,68.276,4143.15,7512.3,-0.0018274586628850287,0.0009204365913404455,0.0006526893465115258,0.18050219877291107,0,0.13319414691763648,0.0
2026-07-06 12:00:00,68.246,4144.2,7512.9,-0.002193110708228585,0.0010048212094568854,0.0007592710997441632,0.16172694861806364,0,0.1163688078493007,0.0
2026-07-06 12:01:00,68.261,4144.03,7511.9,-0.002338463337279606,0.0008259652563269437,0.0006793840251504424,0.1723019496753304,0,0.14405082062533436,0.0
2026-07-06 12:02:00,68.331,4142.42,7510.2,-0.0010963950530655797,0.0004516308219921772,0.0004262688157719019,0.22475906263643386,0,0.20214453485548833,0.0
2026-07-06 12:03:00,68.301,4142.84,7510.5,-0.0014619669303079785,0.0007149965699488892,0.0007461791629468362,0.17793401014684856,0,0.1111703744625343,0.0
2026-07-06 12:04:00,68.291,4143.82,7509.9,-0.002628850170145136,0.0008743538959470332,0.0006395650957347065,0.17057375985621948,0,0.1546902665718331,0.0
2026-07-06 12:05:00,68.311,4143.17,7510.2,-0.000438975139374409,0.00014483762495265395,0.0003063439843364879,0.2431536267641204,0,0.21107090750111163,0.0
2026-07-06 12:06:00,68.391,4143.24,7509.7,0.0015376504700816973,3.861861224008223e-05,-3.9946737683149713e-05,0.23090313857765732,0,0.21492533105661044,0.0
2026-07-06 12:07:00,68.371,4143.16,7509.5,0.0008050822647693856,0.00027764298009902433,-0.00011983383042180051,0.24860286579254126,0,0.20028706793004225,0.0
2026-07-06 12:08:00,68.401,4143.86,7508.7,0.0024915361052895157,0.00027759606634303324,-0.0004925190351950937,0.1877190038698256,0,0.16551175460557016,0.0
2026-07-06 12:09:00,68.256,4144.48,7509.0,0.001026603701639539,0.0005311084716628223,-0.0005058034288148994,0.21100207867211168,0,0.16818191406178834,0.0
2026-07-06 12:10:00,68.201,4144.55,7509.8,0.0008805271422489547,0.0004924550574409992,-0.0003594009983360902,0.23327349007600862,0,0.19470814156518546,0.0
2026-07-06 12:11:00,68.186,4145.74,7510.2,0.0011746395324936376,0.000514044516737755,-0.0002928491560619806,0.234371889544414,0,0.20084896057181334,0.0
2026-07-06 12:12:00,68.176,4146.56,7510.9,0.0008808503141699564,0.0007409213006428494,-0.00010650052584637582,0.24047085678040842,0,0.2066678438834726,0.0
2026-07-06 12:13:00,68.176,4146.55,7511.6,0.0008808503141699564,0.0007360926752746355,-0.00015972739857306184,0.23792722353387524,0,0.20188074957884294,0.0
2026-07-06 12:14:00,68.131,4148.33,7512.7,-0.0021237330833674406,0.0012502564473890754,5.3246009876994904e-05,0.204208834729728,0,0.16677305993062796,0.0
2026-07-06 12:15:00,68.111,4147.98,7512.0,-0.001978137912844624,0.000912118141016327,-0.00011979395439842833,0.2098581817208925,0,0.18087836004450508,0.0
2026-07-06 12:16:00,68.166,4148.71,7511.9,-0.00139171708589092,0.001129335453652569,0.0,0.2135846948313722,0,0.189953399461548,0.0
2026-07-06 12:17:00,68.171,4148.71,7512.3,-0.0023415433697735466,0.0015184360832556365,0.0002796197171845982,0.1903546565301138,0,0.14981576994045837,0.0
2026-07-06 12:18:00,68.151,4150.23,7512.5,-0.0021961611103791245,0.0017838004846915112,0.00026629385526932836,0.16168323447135163,0,0.15212983692636567,0.0
2026-07-06 12:19:00,68.176,4149.75,7512.5,-0.0016839700692623527,0.0014310467153497708,0.00034620966990250857,0.18639671591195006,0,0.17224175886460552,0.0
2026-07-06 12:20:00,68.206,4149.74,7512.6,-0.0015370877311121633,0.0015857423180800634,0.00031956539106814397,0.18635667419512203,0,0.1536732839319419,0.0
2026-07-06 12:21:00,68.266,4149.05,7512.0,-0.0018277258703630617,0.001402284202701276,0.00030627055674670167,0.194149703713968,0,0.1918292487214669,0.0
2026-07-06 12:22:00,68.231,4149.57,7511.8,-0.0020476517821883533,0.0015471282788981355,0.0003062787136294265,0.1872247879231857,0,0.18885401897202575,0.0
2026-07-06 12:23:00,68.206,4149.82,7511.5,-0.0028508355141005914,0.0014382725285120301,0.00037290076844187503,0.17258632189433654,0,0.18325608955440803,0.0
2026-07-06 12:24:00,68.241,4150.23,7511.0,-0.00021976090014064198,0.001387387561286424,0.0002663470502064502,0.22001347450726222,0,0.1510161396665382,0.0
2026-07-06 12:25:00,68.236,4150.01,7511.2,0.0005131889561738046,0.0013173927205607505,0.00018642307385019485,0.21290336437527657,0,0.15545590159263484,0.0
2026-07-06 12:26:00,68.271,4148.76,7510.6,0.0012465902091336467,0.0007284586105256174,5.326089851132032e-05,0.22991342779631158,0,0.2209019392079376,0.0
2026-07-06 12:27:00,68.266,4149.07,7510.0,0.0013201126496127369,0.0006053210371970152,-0.00011982585309344707,0.23413202070282585,0,0.2238811811494476,0.0
2026-07-06 12:28:00,68.261,4149.13,7510.1,0.0012467730579674985,0.0006222040009165042,-0.00019969114436335644,0.23472104559852347,0,0.2125173713282757,0.0
2026-07-06 12:29:00,68.256,4148.83,7510.5,0.0018347007969941043,0.00012053043031778898,-0.00029283746189778803,0.22135126304960523,0,0.2222366465464653,0.0
2026-07-06 12:30:00,68.271,4150.46,7510.8,0.0023491066053940024,0.0005978813784059955,-0.0001597444089456168,0.21283650383433556,0,0.19608971277132814,0.0
2026-07-06 12:31:00,68.266,4150.87,7510.6,0.0014670070122937418,0.0005206437663756169,-0.00017305874678830158,0.23168336131927586,0,0.22060406849944825,0.0
2026-07-06 12:32:00,68.266,4150.49,7510.7,0.0013935544439718228,0.00042904902969831404,-0.00021298403950853473,0.24208320057588367,0,0.21219882478782442,0.0
2026-07-06 12:33:00,68.241,4152.78,7512.2,0.001320596909803351,0.0006144237789231788,-3.9933444259565576e-05,0.23517025835233113,0,0.22560563502980063,0.0
2026-07-06 12:34:00,68.236,4154.11,7512.2,0.0008800750997419726,0.0010506657027531396,-3.9933444259565576e-05,0.22111135179733982,0,0.19203203226484822,0.0
2026-07-06 12:35:00,68.176,4152.9,7511.5,-0.0004398440019939276,0.0007614934911583937,-0.00014642067992443053,0.24684001339106376,0,0.20255387547021908,0.0
2026-07-06 12:36:00,68.136,4154.57,7512.3,-0.0019043154718308974,0.001330425037056493,3.9936102236515225e-05,0.19832710222571215,0,0.2025353528125553,0.0
2026-07-06 12:37:00,68.086,4153.45,7512.7,-0.002125133736864404,0.0009350366423508394,0.00011981149657858126,0.21110882361366023,0,0.22308369525244853,0.0
2026-07-06 12:38:00,68.096,4153.36,7512.1,-0.0016127613406444752,0.0008530490479103925,7.987752113436386e-05,0.2237617159874905,0,0.23729378308090765,0.0
2026-07-06 12:39:00,68.151,4153.05,7512.1,-0.0013188552336572679,0.000679480414338629,0.00014645187058981435,0.22890291258855244,0,0.2325470281437237,0.0
2026-07-06 12:40:00,68.206,4152.84,7511.7,-0.0004396506243039555,0.0006819260676480532,6.656725955900278e-05,0.2434471761503021,0,0.23274624426759083,0.0
2026-07-06 12:41:00,68.256,4153.68,7511.4,-0.00021971261589837088,0.0011858965088364926,0.00010651612387824194,0.22916911911642068,0,0.20254498687098432,0.0
2026-07-06 12:42:00,68.266,4154.33,7510.5,0.0,0.0012677539786025704,6.657789613839782e-05,0.22502408989881467,0,0.20443406522192992,0.0
2026-07-06 12:43:00,68.281,4154.38,7509.4,0.0002929930707140649,0.0012653255019727805,-9.320781347799123e-05,0.2248353280191851,0,0.2030163066508115,0.0
2026-07-06 12:44:00,68.296,4154.34,7508.2,0.00058602906704186,0.001328085267412904,-0.000306237933559661,0.20869275282972105,0,0.1470824933086886,0.0
2026-07-06 12:45:00,68.281,4153.31,7508.1,0.00014647507726572861,0.0006866708750357109,-0.0003594823454226015,0.22914099630844764,0,0.2044932545203635,0.0
2026-07-06 12:46:00,68.316,4154.19,7508.5,0.0007324290276271572,0.0007998323243079142,-0.00027960482518041285,0.2303399769617434,0,0.2137942778267643,0.0
2026-07-06 12:47:00,68.296,4153.91,7508.7,0.0004394574165762499,0.0008239990940828168,-0.0002662867642163613,0.23103220610903352,0,0.21085898234553274,0.0
2026-07-06 12:48:00,68.271,4153.81,7508.1,0.00043961841121897827,0.0002480266231297268,-0.0005457788663773,0.2170773301811601,0,0.1493693681893245,0.0
2026-07-06 12:49:00,68.311,4153.61,7508.6,0.0010991265607598333,-0.00012036272510840273,-0.0004792204680386103,0.2234030919064477,0,0.19910297318518572,0.0
2026-07-06 12:50:00,68.331,4154.33,7508.9,0.002273527340999726,0.0003443376917335872,-0.00034613592491516965,0.20083501155208106,0,0.2163298194505096,0.0
2026-07-06 12:51:00,68.406,4154.19,7508.7,0.003962662909475334,-9.146554276373564e-05,-0.0004792140888942864,0.14131287671017756,0,0.12768963090921792,0.0
2026-07-06 12:52:00,68.476,4155.22,7509.6,0.005728049819346159,0.0004261517533616921,-0.0004126346054014185,0.054043900305857706,0,0.018899040854202243,0.0
2026-07-06 12:53:00,68.571,4153.63,7508.6,0.006975446428571397,6.500760829797336e-05,-0.0004659149904819859,0.03095969821206368,0,0.0332323500361954,0.0
2026-07-06 12:54:00,68.606,4153.35,7509.4,0.006676351044005102,7.223606746853406e-05,-0.00035942013551482077,0.04024339881774941,0,0.03738642776768186,0.0
2026-07-06 12:55:00,68.561,4152.43,7510.2,0.005204820690261958,-9.872761772666827e-05,-0.0001996884859618575,0.10087446506558584,0,0.11916517692007367,0.0
2026-07-06 12:56:00,68.576,4154.03,7509.8,0.00468823253633377,8.426262976435339e-05,-0.00021300955880387829,0.13740239640561586,0,0.15337193043813224,0.0
2026-07-06 12:57:00,68.626,4154.36,7509.3,0.005273488998915887,7.221381064903554e-06,-0.0001597763131615526,0.09064766676229363,0,0.13659680645655348,0.0
2026-07-06 12:58:00,68.576,4154.65,7509.9,0.004320381951055108,6.49916473696166e-05,6.658321570296444e-05,0.14905973553889335,0,0.15549338931298523,0.0
2026-07-06 12:59:00,68.556,4154.93,7510.7,0.0038069579477566506,0.0001420201524189313,0.00033296928691295413,0.14781763246739854,0,0.16126793062171185,0.0
2026-07-06 13:00:00,68.586,4155.8,7512.7,0.004466835576514505,0.0005995218271690472,0.0006126716479535332,0.1012626703999141,0,0.07736446101644068,0.0
2026-07-06 13:01:00,68.672,4152.59,7510.3,0.005211077931963182,-0.00038515330305055606,0.00023972830791763045,0.08372378750392218,0,0.13327213907368451,0.0
2026-07-06 13:02:00,68.661,4152.7,7508.8,0.005344383272812392,-0.00029129181903320145,1.3317884587360496e-05,0.07709142325906382,0,0.15592669407715293,0.0
2026-07-06 13:03:00,68.686,4152.8,7508.2,0.0060787157065225195,-0.00024315026445609345,1.3318948868468183e-05,0.06326519436624556,0,0.12600369351257545,0.0
2026-07-06 13:04:00,68.696,4152.28,7508.0,0.005635988347411081,-0.0003202033893408007,-7.99083717337723e-05,0.06435828527800957,0,0.15403780746158946,0.0
2026-07-06 13:05:00,68.671,4153.64,7507.0,0.004975779660769009,-0.00016609176449622343,-0.00025303306742663345,0.10895761771762946,0,0.17151646806900928,0.0
2026-07-06 13:06:00,68.636,4153.75,7506.7,0.003362278162734045,-0.00010591715833885296,-0.0002663576917442123,0.1790723816643503,0,0.22048832494289383,0.0
2026-07-06 13:07:00,68.586,4152.95,7506.9,0.0016064022431216962,-0.0005463007975511358,-0.00035953978907010686,0.22211397779730752,0,0.2274954374679447,0.0
2026-07-06 13:08:00,68.536,4152.06,7507.7,-0.0005104198567906781,-0.0003779826320591262,-0.00011986255760065845,0.2517865847725579,0,0.21720119588607273,0.0
2026-07-06 13:09:00,68.581,4152.55,7507.0,-0.00036439961519385555,-0.00019261559945593643,-0.0003195994353742959,0.24560378669180455,0,0.19687145414988766,0.0
2026-07-06 13:10:00,68.576,4152.02,7506.8,0.0002187832732893913,-9.873736583154713e-05,-0.00045271763734644477,0.23362172270536474,0,0.20107161208873514,0.0
2026-07-06 13:11:00,68.601,4152.04,7507.5,0.0003645590293981371,-0.00047905287154881293,-0.000306266478468209,0.24400229149504454,0,0.22010886869517865,0.0
2026-07-06 13:12:00,68.606,4152.8,7507.3,-0.00029143473319159785,-0.00037550910368855384,-0.0002663364095188969,0.2477855300524226,0,0.209140172609094,0.0
2026-07-06 13:13:00,68.561,4154.19,7507.7,-0.00021873541763861581,-0.00011071931450301609,-0.0002929466437635586,0.24790916350796377,0,0.221714484632144,0.0
2026-07-06 13:14:00,68.611,4154.82,7508.0,0.0008022638426981032,-2.647457357896066e-05,-0.00035948713169209334,0.23292162207456507,0,0.241696487329558,0.0
2026-07-06 13:15:00,68.591,4154.44,7508.5,7.290117516678407e-05,-0.0003272534770683011,-0.0005590533363504235,0.21927924500396395,0,0.15699988683438243,0.0
2026-07-06 13:16:00,68.656,4154.42,7508.3,-0.00023299161230183607,0.0004406888231200945,-0.00026630094669988225,0.253581661982288,0,0.22786100024451333,0.0
2026-07-06 13:17:00,68.676,4156.39,7508.7,0.00021846463057628718,0.0008885785151830916,-1.3317707223570174e-05,0.2370215392888187,0,0.23025840909496909,0.0
2026-07-06 13:18:00,68.656,4157.97,7508.6,-0.0004367702297412013,0.0012449431708727587,5.3275085906134834e-05,0.226721985653341,0,0.20845656227456028,0.0
2026-07-06 13:19:00,68.636,4157.48,7509.0,-0.0008734132991732313,0.0012523240243913492,0.00013319126265320946,0.21646874889418521,0,0.204210242628864,0.0
2026-07-06 13:20:00,68.636,4156.15,7509.1,-0.0005096765738086262,0.0006042892499107388,0.00027973891035038,0.24043995568281978,0,0.21679440363676783,0.0
2026-07-06 13:21:00,68.636,4155.82,7509.4,0.0,0.0004983448690940584,0.00035967868703945527,0.24474014693086804,0,0.21607329364009276,0.0
2026-07-06 13:22:00,68.616,4156.29,7509.7,0.0004374070510015926,0.000804247583043427,0.00037299018236547354,0.22452157556074376,0,0.20091418070369882,0.0
2026-07-06 13:23:00,68.536,4156.99,7510.0,0.0,0.00118736241769124,0.00030635214513097253,0.22061734349611278,0,0.20206641820703392,0.0
2026-07-06 13:24:00,68.546,4156.65,7507.4,-0.0005103454309501876,0.0009873451252844223,5.328360197154325e-05,0.23367577879532375,0,0.2279381837240801,0.0
2026-07-06 13:25:00,68.561,4158.4,7508.7,-0.00021873541763861581,0.0015366014614570656,0.0002531038525070972,0.2077404139167322,0,0.160539482908433,0.0
2026-07-06 13:26:00,68.556,4159.01,7509.9,-0.0006559671141820322,0.0016786928834982007,0.0003196803196803266,0.1852787622235113,0,0.158939470280188,0.0
2026-07-06 13:27:00,68.541,4156.92,7508.2,-0.0009474389995043353,0.0009921017145058109,0.00011988331357470905,0.22539168828988387,0,0.22879599813732437,0.0
2026-07-06 13:28:00,68.506,4156.17,7508.3,-0.0008022053353948788,0.0004766272125253934,7.991795090389608e-05,0.24353999638618573,0,0.22906319288991245,0.0
2026-07-06 13:29:00,68.546,4154.91,7507.5,-0.0009473699552549064,2.1661588227583906e-05,-6.659563132660473e-05,0.2483231773868868,0,0.21713621493432395,0.0
2026-07-06 13:30:00,68.546,4155.39,7507.4,-0.0006560627487569581,0.00022867101221835107,-0.00014650063261645307,0.25303580958628297,0,0.22175769638804005,0.0
2026-07-06 13:31:00,68.536,4156.82,7508.0,-0.0017478443253321485,0.0005776979698730589,-3.995578226767549e-05,0.22846491374496064,0,0.2264820159951782,0.0
2026-07-06 13:32:00,68.506,4158.04,7509.1,-0.0024753916943328624,0.000396979109275053,5.327153834899789e-05,0.2243810711139606,0,0.21921612394245704,0.0
2026-07-06 13:33:00,68.456,4157.6,7508.5,-0.002913073875553507,-8.898573101778773e-05,-1.3318061955702731e-05,0.20448740094925694,0,0.19610468387200952,0.0
2026-07-06 13:34:00,68.461,4157.39,7509.7,-0.0025496823824231463,-2.1647728912554953e-05,9.322146757217986e-05,0.21449771445697058,0,0.21692824954970424,0.0
2026-07-06 13:35:00,68.441,4156.46,7509.2,-0.002841074654700071,7.458826077022529e-05,1.3317175160842964e-05,0.2068365238213074,0,0.22022234135862595,0.0
2026-07-06 13:36:00,68.466,4154.97,7508.8,-0.0024768343143539706,-0.00020453243884466232,-7.989985884349071e-05,0.21837036021519518,0,0.20160886283871804,0.0
2026-07-06 13:37:00,68.466,4154.84,7508.4,-0.00218607904861845,-0.0003488688229165149,-0.00017310944511772508,0.22384151663659435,0,0.18273279517289592,0.0
2026-07-06 13:38:00,68.446,4154.83,7507.9,-0.0013131784755457954,-0.0005196067346805444,-0.0002796271637817149,0.2249188740284102,0,0.20446655135176117,0.0
2026-07-06 13:39:00,68.446,4155.13,7508.2,-0.0014588743325650855,-0.0003656790925383735,0.00010656152596100199,0.23208302612670556,0,0.23288950421999655,0.0
2026-07-06 13:40:00,68.391,4154.86,7507.9,-0.002479543763947434,-0.0008512889572912519,-0.00010654307669777374,0.2167503205420407,0,0.1705856573618456,0.0
2026-07-06 13:41:00,68.396,4155.28,7507.9,-0.002333858451484816,-0.0008968480479730756,-0.00026631513069419466,0.21247993763899714,0,0.15676865383745586,0.0
2026-07-06 13:42:00,68.426,4154.04,7508.2,-0.0016778278694503657,-0.0006928206460552477,0.0,0.22356596843260323,0,0.2229900897219581,0.0
2026-07-06 13:43:00,68.406,4154.38,7508.2,-0.0014597261553731533,-0.0004306849816057001,-1.331859408926217e-05,0.23052490670895337,0,0.24047198448943102,0.0
2026-07-06 13:44:00,68.391,4153.5,7508.4,-0.0022612552154757104,-0.0003393575312100605,0.00011988011988006697,0.22243665887546382,0,0.24850956218929604,0.0
2026-07-06 13:45:00,68.376,4154.26,7508.9,-0.0024800863653605676,-0.00027193596750252347,0.00019980286117693424,0.21258879608486309,0,0.1854833709711433,0.0
2026-07-06 13:46:00,68.346,4153.57,7509.0,-0.0027722656705964077,-0.0007818476623957515,0.00013319126265320946,0.20980065831384442,0,0.13909946790698197,0.0
2026-07-06 13:47:00,68.361,4153.1,7510.0,-0.0021166029252911445,-0.0011880597589247754,0.00011985457644714259,0.20099570374994413,0,0.164485437939843,0.0
2026-07-06 13:48:00,68.286,4153.39,7508.8,-0.0024833469673951614,-0.001012603425052938,3.9954717986345756e-05,0.21054384865232856,0,0.16372096487546234,0.0
2026-07-06 13:49:00,68.401,4152.7,7509.3,-0.0008764113875053825,-0.001128111627728079,-5.326444465159064e-05,0.22435933291848525,0,0.19192721276619995,0.0
2026-07-06 13:50:00,68.406,4152.54,7508.6,-0.0005113893718676765,-0.0009431102428508753,-7.99019868960027e-05,0.24441321036118724,0,0.19920820872689216,0.0
2026-07-06 13:51:00,68.436,4153.8,7507.4,-0.0004381736920513468,-0.0002815904807976777,-0.00018644790112942733,0.2527501597343318,0,0.2091216276125048,0.0
2026-07-06 13:52:00,68.516,4152.49,7507.5,0.0007302894867526888,-0.00056560541440831,-0.00011986575035949354,0.25070680374365795,0,0.19422597225458627,0.0
2026-07-06 13:53:00,68.506,4153.93,7506.8,0.0008766034538176815,-0.00021661536091721612,-0.00014651234033480343,0.24821448847943067,0,0.2225570279260603,0.0
2026-07-06 13:54:00,68.486,4155.15,7506.2,0.000584402302545195,4.813327139974177e-06,-0.0002663754295303411,0.24434894963152015,0,0.21685669581051364,0.0
2026-07-06 13:55:00,68.546,4155.5,7507.5,0.0022663800792501743,0.00015403647776346396,-5.327721466719115e-05,0.22123707458186548,0,0.1941369106710179,0.0
2026-07-06 13:56:00,68.601,4154.27,7506.8,0.002997251301245729,-0.0002430642459712029,-0.00014651234033480343,0.1965352568691861,0,0.20056464944091829,0.0
2026-07-06 13:57:00,68.556,4154.67,7504.4,0.0018998626253177164,0.00015165958921925515,-0.0005061133161077258,0.19726059285864017,0,0.17016777398825872,0.0
2026-07-06 13:58:00,68.586,4154.43,7504.5,0.0026313481273572137,1.2035490253747838e-05,-0.0004927945446311366,0.18007822837012144,0,0.17187083742559217,0.0
2026-07-06 13:59:00,68.606,4155.2,7504.7,0.0031436884970243995,0.00040929336703987573,-0.0004927814181450163,0.16802774736057735,0,0.13994175553994548,0.0
2026-07-06 14:00:00,68.586,4156.05,7504.6,0.0030712530712528885,0.00043088299721238954,-0.000572653784176036,0.15816077784225108,0,0.1058806839305898,0.0
2026-07-06 14:01:00,68.606,4156.98,7506.7,0.0038041728850259915,0.000820980505926272,-0.00030629910773738445,0.14050076902490072,0,0.09200347849700663,0.0
2026-07-06 14:02:00,68.556,4157.41,7505.9,0.0028525036204851695,0.0010377790084514782,-0.0005459387483356393,0.13332656934278136,0,0.0646910943695792,0.0
2026-07-06 14:03:00,68.546,4158.06,7508.9,0.0038075154497261288,0.0011243827331408607,1.3317707223459152e-05,0.1321451798502316,0,0.06659934343061935,0.0
2026-07-06 14:04:00,68.546,4156.33,7510.0,0.002119852048946713,0.000874130084041802,9.321774333148625e-05,0.20342502776609306,0,0.13443562753896243,0.0
2026-07-06 14:05:00,68.556,4156.73,7508.6,0.0021927901061309374,0.0010090209847466447,0.0,0.19162333869943532,0,0.1502233402331276,0.0
2026-07-06 14:06:00,68.516,4158.11,7508.8,0.001168975393067928,0.0010376041215272025,0.0001864826704318645,0.21413994971805933,0,0.1366928563051779,0.0
2026-07-06 14:07:00,68.551,4157.2,7509.4,0.0005108295872495727,0.0011342592035139543,0.00025308025308024007,0.21767705158351452,0,0.13263278822014607,0.0
2026-07-06 14:08:00,68.631,4157.02,7509.0,0.0018246576942164694,0.0007438738736569306,0.0002930676186922998,0.20527436688470418,0,0.12589958318731176,0.0
2026-07-06 14:09:00,68.616,4156.41,7510.3,0.0018981981718890761,0.00030323815024724254,0.0005462151288269101,0.18696643558615306,0,0.04578670828127118,0.0
2026-07-06 14:10:00,68.676,4154.79,7510.7,0.0018965366323344668,-0.00017085789916981842,0.0004262404262405095,0.2030459249240537,0,0.0998246711418409,0.0
2026-07-06 14:11:00,68.676,4155.07,7509.7,0.0010932785236368314,0.00019257294301988637,0.0003863164064581426,0.2285024871067733,0,0.1114260191950196,0.0
2026-07-06 14:12:00,68.631,4155.04,7509.3,0.0010939961491336359,8.905641121925711e-05,0.0006529502691754452,0.19746378137991466,0,0.05368006079735366,0.0
2026-07-06 14:13:00,68.631,4155.1,7509.5,0.000656110576502611,0.00016127362839180037,0.0006662669065227167,0.20714894991275978,0,0.054313316391057964,0.0
2026-07-06 14:14:00,68.516,4156.03,7510.6,-0.0013118386146983019,0.00019974971120517715,0.0007861739976282589,0.1747480170093827,0,0.056301933249321534,0.0
2026-07-06 14:15:00,68.526,4156.08,7511.1,-0.0008748141020034073,7.21839246398126e-06,0.0008661354369319252,0.16430645732888377,0,0.03997606810499221,0.0
2026-07-06 14:16:00,68.496,4156.02,7511.7,-0.0016033583068536528,-0.00023093688206321517,0.0006660716426658553,0.18315342986049332,0,0.08092112730863898,0.0
2026-07-06 14:17:00,68.526,4155.25,7510.5,-0.00043759845965340993,-0.0005195542417033572,0.0006128512237040251,0.2031944980736095,0,0.11246122681952975,0.0
2026-07-06 14:18:00,68.431,4156.05,7511.2,-0.0016777054824498316,-0.00048339850795808825,0.0003063031868848487,0.2158303999289733,0,0.16099494650154533,0.0
2026-07-06 14:19:00,68.271,4155.64,7511.6,-0.004011904414553791,-0.00016601184217801546,0.00021304926764309506,0.16358634412363082,0,0.09134120775128785,0.0
2026-07-06 14:20:00,68.326,4153.38,7509.9,-0.003354921524009624,-0.0008059219626964653,0.00017313480542302528,0.18296539577035376,0,0.08315449040558909,0.0
2026-07-06 14:21:00,68.306,4149.72,7509.2,-0.0030649775234983245,-0.002017743638335512,5.327082889405865e-05,0.11912588577823557,0,0.024244048451169897,0.0
2026-07-06 14:22:00,68.201,4148.31,7508.3,-0.005105687736138176,-0.0021384585778888576,-0.00014648307454645515,0.040907081508563814,0,-0.009014692292120485,1.0
2026-07-06 14:23:00,68.241,4148.27,7506.0,-0.005682563273156416,-0.00210487320243824,-0.00039952057530967533,0.016122038597812804,0,-0.06760350333009968,1.0
2026-07-06 14:24:00,68.221,4147.02,7504.5,-0.005756674828028441,-0.0022591611510893728,-0.0007722727454296807,-0.0078859918766494,1,-0.08181531548796395,1.0
2026-07-06 14:25:00,68.136,4147.98,7505.2,-0.00786300891141023,-0.0016390720108598877,-0.0007322886015950214,-0.02213574432942056,1,-0.04924784144163841,1.0
2026-07-06 14:26:00,68.141,4148.63,7505.4,-0.007790203273341456,-0.0015499137198650148,-0.0005725927800045438,-0.011211805860206203,1,-0.05618261175768113,1.0
2026-07-06 14:27:00,68.166,4145.85,7505.1,-0.006775363902609688,-0.0022117717278292703,-0.0005593064599895836,-0.012679498450135718,1,-0.009789690910687154,1.0
2026-07-06 14:28:00,68.141,4145.65,7504.9,-0.007139630779093964,-0.002274313494260216,-0.000612557427258853,-0.03949842709250706,1,-0.033765630976312466,1.0
2026-07-06 14:29:00,68.156,4145.66,7505.8,-0.005254247183139715,-0.002495169669131325,-0.0006390967432695627,-0.01338229048626205,1,-0.01925288508133527,1.0
2026-07-06 14:30:00,68.266,4144.26,7506.3,-0.0037941803111226635,-0.002844026101518682,-0.0006390541997843835,0.011270600188273527,0,-0.016963849768988126,1.0
2026-07-06 14:31:00,68.246,4143.68,7505.7,-0.003649848166316305,-0.002969186866280782,-0.0007987539438476521,-0.0007406201720705496,1,-0.07733801142759511,1.0
2026-07-06 14:32:00,68.216,4143.95,7506.7,-0.004523830370954163,-0.0027194512965525997,-0.0005059583250116573,0.009884541747958608,0,-0.0036167820339993995,1.0
2026-07-06 14:33:00,68.216,4144.49,7505.4,-0.003141850915520772,-0.0027814872294608106,-0.0007721802108850984,0.014050608903835804,0,-0.02142854099073055,1.0
2026-07-06 14:34:00,68.286,4143.81,7505.1,0.0002197126158984819,-0.002846733595787909,-0.0008653282922412853,0.03030971818162642,0,-0.020922341689796564,1.0
2026-07-06 14:35:00,68.266,4142.1,7506.4,-0.000878143020226374,-0.002715860335437581,-0.0004660514787148129,0.09882991384165596,0,0.04421624766662491,0.0
2026-07-06 14:36:00,68.266,4140.99,7507.6,-0.0005856000936959038,-0.002103756398022183,-0.00021307196505615522,0.16924285981917425,0,0.13939423440831056,0.0
2026-07-06 14:37:00,68.266,4141.67,7509.7,0.0009530652043225896,-0.0016006518317098761,0.0001864603172487822,0.18732709989686136,0,0.1406351981132215,0.0
2026-07-06 14:38:00,68.236,4140.57,7510.0,-7.326973520316304e-05,-0.0018561954742580822,0.0005329070077271236,0.13243812274470068,0,0.059297472176428556,0.0
2026-07-06 14:39:00,68.266,4139.59,7509.2,0.0006596209378344486,-0.0017916479785484718,0.0006262908921312871,0.13197295545829046,0,0.03634888244770029,0.0
2026-07-06 14:40:00,68.296,4139.98,7508.7,0.002348244687096601,-0.0019286496077608462,0.0004663433352876112,0.12541426035613157,0,0.04046323525869944,0.0
2026-07-06 14:41:00,68.306,4134.77,7507.2,0.0024214496411851805,-0.003340861923092575,0.00023982732432648035,0.04524677790184617,0,0.0013465904992819855,0.0
2026-07-06 14:42:00,68.306,4133.0,7507.9,0.0020538098172109276,-0.003099485027195925,0.0003730796391785418,0.060768663470227136,0,0.0208691344813694,0.0
2026-07-06 14:43:00,68.301,4133.34,7507.3,0.00234807237933099,-0.002969377540313234,0.00031979106983448524,0.06520132611579721,0,0.03377924149041445,0.0
2026-07-06 14:44:00,68.316,4133.34,7506.8,0.002347555607723484,-0.002971782538847778,0.00013323030189993368,0.07478503053898322,0,0.05342479769972519,0.0
2026-07-06 14:45:00,68.281,4136.96,7507.5,0.00021972870828812496,-0.001761472494486438,0.00015986571280124373,0.18706367913206862,0,0.15258531218825794,0.0
2026-07-06 14:46:00,68.276,4138.84,7507.8,0.00043958620285433625,-0.0011680438643910662,0.00027978736160516604,0.21714179787735322,0,0.17260319400867868,0.0
2026-07-06 14:47:00,68.241,4137.59,7507.6,0.00036648293655461295,-0.0015347675526972138,0.00011989289568004047,0.19523265541244195,0,0.17763785031639595,0.0
2026-07-06 14:48:00,68.261,4135.86,7507.5,0.0006596692857980813,-0.002082282741664221,0.0002797985450475604,0.1510604163466724,0,0.13836294230054863,0.0
2026-07-06 14:49:00,68.256,4135.17,7507.6,-0.0004393287057375961,-0.0020850376827123984,0.00033310682069531694,0.14327947848450462,0,0.12725473670647125,0.0
2026-07-06 14:50:00,68.226,4136.97,7508.1,-0.0005859432221018146,-0.001238502209024439,0.00022647340935755267,0.21232936590863316,0,0.1834793373723979,0.0
2026-07-06 14:51:00,68.261,4137.23,7508.4,-7.324290276289336e-05,-0.0009079954310443616,0.00010655868719688932,0.23285691625450022,0,0.20620547651498772,0.0
2026-07-06 14:52:00,68.256,4138.56,7509.4,-0.00014648580552556467,-0.0007509048282455799,-3.994833348874849e-05,0.24965922177553357,0,0.2218586349911505,0.0
2026-07-06 14:53:00,68.276,4138.79,7509.0,0.000586200832405126,-0.00042989250272296164,-0.00013315579227701768,0.25381990344344246,0,0.23546085162441993,0.0
2026-07-06 14:54:00,68.291,4139.36,7510.1,0.0003662145138134676,-5.556105797932531e-05,0.00011985298034411507,0.24220492099341268,0,0.22732044590945177,0.0
2026-07-06 14:55:00,68.286,4141.11,7508.9,-0.00014642145952914465,0.00027294817849354835,2.6635769174498947e-05,0.2545141208897896,0,0.23556167024410068,0.0
2026-07-06 14:56:00,68.266,4141.34,7509.0,-0.0005856000936959038,0.001588963835956969,0.00023976982097195787,0.20865154405490421,0,0.15816232647328266,0.0
2026-07-06 14:57:00,68.301,4140.46,7508.9,-7.320001171196022e-05,0.001804984272925303,0.00013319303666814442,0.16913006330212343,0,0.14713437328524542,0.0
2026-07-06 14:58:00,68.291,4142.1,7509.5,-0.00014641074069199345,0.0021193514204009833,0.0002930480998495355,0.1520392717903155,0,0.15433063610463588,0.0
2026-07-06 14:59:00,68.251,4139.59,7510.4,-0.0009514608583640616,0.0015120943353317262,0.0004795651942237633,0.1838668923544876,0,0.11608650540985122,0.0
2026-07-06 15:00:00,68.381,4145.2,7509.1,0.0014645362545948615,0.0019918007425741013,0.00021312021312036578,0.13086742429533965,0,0.0796016845346339,0.0
2026-07-06 15:01:00,68.256,4144.36,7508.2,-0.00029292870115404934,0.0013337070290224684,5.327792429210554e-05,0.22437518028064762,0,0.19103738441447266,0.0
2026-07-06 15:02:00,68.191,4145.28,7505.0,-0.0007326973520317415,0.0018585698437978415,-0.00034631573339016786,0.14944287073846985,0,0.07688864390162109,0.0
2026-07-06 15:03:00,68.121,4143.23,7505.5,-0.002050951494997122,0.0017819752119268006,-0.0002664002664002352,0.15017168377789358,0,0.06160656409417553,0.0
2026-07-06 15:04:00,68.176,4144.73,7506.0,-0.0011720581340833869,0.0023118759325491123,-0.0002131173743940007,0.11575141366112018,0,0.055199305021799816,0.0
2026-07-06 15:05:00,68.076,4143.96,7505.8,-0.002198575323190677,0.0016896424194519089,-0.0003063358239767666,0.1619871019765345,0,0.07552523226263541,0.0
2026-07-06 15:06:00,68.106,4146.07,7505.2,-0.0022706962980325596,0.0021366953251329424,-0.000426189334611915,0.0942024190627816,0,0.0304403238904829,0.0
2026-07-06 15:07:00,68.066,4148.15,7506.0,-0.0027836380684481687,0.0023172311142038993,-0.0004527658667802248,0.08855437419920797,0,0.0020242095102849245,0.0
2026-07-06 15:08:00,68.176,4147.5,7505.4,-0.0014646435057705798,0.0021044798117324515,-0.0004794246903716548,0.09801855836138262,0,0.07701693329507975,0.0
2026-07-06 15:09:00,68.226,4145.46,7504.7,-0.00095180916958304,0.0014736577635190429,-0.0007190317039720284,0.13572471949025805,0,0.05800603860193665,0.0
2026-07-06 15:10:00,68.246,4146.34,7505.5,-0.0005857716076502761,0.001262946408088661,-0.00045279601539505165,0.18947570578445527,0,0.16162965010332614,0.0
2026-07-06 15:11:00,68.286,4145.6,7505.3,0.0002929716110509073,0.001028652561731347,-0.0004927420428818552,0.19794864916936794,0,0.1878518454843322,0.0
2026-07-06 15:12:00,68.226,4146.79,7506.0,-0.0010980805551895623,0.001528815638841996,-0.00038620836607217157,0.17397152269897476,0,0.15086924316890865,0.0
2026-07-06 15:13:00,68.371,4145.03,7504.0,0.0011714574394867672,0.0007073706573959004,-0.0007324056195485706,0.15742250726618245,0,0.09860323071399169,0.0
2026-07-06 15:14:00,68.456,4141.15,7502.8,0.003003618994593449,0.0003768489149891252,-0.0010119301235619327,0.04555373701075249,0,0.041344707942449044,0.0
2026-07-06 15:15:00,68.406,4139.97,7503.2,0.00036559863119878244,-0.0012617002798416266,-0.0007857133344875145,0.1465869940371708,0,0.08246440439349478,0.0
2026-07-06 15:16:00,68.476,4139.74,7502.6,0.0032231598687295637,-0.0011147680220829903,-0.0007458512026849995,0.10955710166887334,0,0.06707025216342621,0.0
2026-07-06 15:17:00,68.466,4140.96,7501.9,0.004032790250912743,-0.001042149143121729,-0.0004130579613591534,0.14047668002256786,0,0.09253714078679365,0.0
2026-07-06 15:18:00,68.526,4139.77,7501.4,0.005945303210463715,-0.0008350972550399405,-0.0005462660715476186,0.0481591928306182,0,0.005180748284106418,0.0
2026-07-06 15:19:00,68.576,4139.82,7501.5,0.005867167331612189,-0.0011846368762259418,-0.0005995203836930418,0.04190210753597279,0,-0.001153967997520322,1.0
2026-07-06 15:20:00,68.626,4140.26,7501.2,0.008079205593748418,-0.0008928657612524704,-0.0006128593887394507,0.018413554599889137,0,-0.0152314943174503,1.0
2026-07-06 15:21:00,68.606,4143.07,7501.0,0.007341497078084069,-0.0007235767847624253,-0.0005596120023450002,0.02554970468445139,0,0.02585895278941963,0.0
2026-07-06 15:22:00,68.571,4147.33,7502.0,0.007419269532512596,-0.00019767848317919778,-0.0005329070077271236,0.02748014416543465,0,0.04415769510715817,0.0
2026-07-06 15:23:00,68.541,4147.97,7502.8,0.005353790190096186,0.00011332127787833102,-0.0003464172462492865,0.0757352989849025,0,0.17146074940463596,0.0
2026-07-06 15:24:00,68.591,4146.55,7501.5,0.005349866619763555,0.0002629382505199285,-0.0004263994563407092,0.07209320319609869,0,0.17358276834932596,0.0
2026-07-06 15:25:00,68.566,4146.52,7502.1,0.004688919497113586,4.3411780027646785e-05,-0.00045300113250279495,0.12846436329484634,0,0.18291959337553593,0.0
2026-07-06 15:26:00,68.601,4145.49,7503.8,0.004612951410245092,-2.653415669640058e-05,-0.00019985876647166112,0.14419278967820914,0,0.20036633963773093,0.0
2026-07-06 15:27:00,68.631,4143.51,7503.3,0.00593615337261455,-0.0007909732588339269,-0.0003597122302158029,0.051830206832562786,0,0.12621961206538468,0.0
2026-07-06 15:28:00,68.771,4143.13,7505.4,0.005850433663395327,-0.00045838027710287665,0.00018656716417897456,0.07014026444939303,0,0.13190375758263573,0.0
2026-07-06 15:29:00,68.801,4142.32,7512.3,0.005039733551478243,0.00028253021503688025,0.0012661939542570888,0.0007124351447499455,0,0.01244199985467842,0.0
2026-07-06 15:30:00,68.796,4143.25,7518.9,0.005701254275940704,0.0007922762725334209,0.0020924405586948414,-0.05587524820461642,1,-0.060598090978290386,1.0
2026-07-06 15:31:00,68.716,4146.16,7511.4,0.003504877621356206,0.001550822032301502,0.001172926718737477,0.020786448533751223,0,-0.056630878180185085,1.0
2026-07-06 15:32:00,68.696,4147.83,7516.1,0.00335933163906188,0.0016590355859511519,0.0018928538103681891,-0.023696545895536714,1,-0.10916024953453596,1.0
2026-07-06 15:33:00,68.656,4146.73,7517.0,0.0018970901555614983,0.0016812528232241775,0.002079611805796411,-0.00399619513351257,1,-0.06380631435679929,1.0
2026-07-06 15:34:00,68.526,4149.05,7517.7,-0.0007291180587960522,0.0022295655366659783,0.002159568086382624,-0.01898073207446971,1,-0.035441987591384616,1.0
2026-07-06 15:35:00,68.556,4146.83,7512.2,-0.001020021566170315,0.00158685686406157,0.0014664320375405993,0.046560942181588794,0,0.05333762735494818,0.0
2026-07-06 15:36:00,68.551,4144.53,7507.5,-0.0008016791534266599,0.0003523956872559797,0.0008665511265164572,0.16778580532790183,0,0.1678409133659911,0.0
2026-07-06 15:37:00,68.606,4145.98,7504.2,0.0005104198567906781,-0.0003255106297305188,0.0002932551319647647,0.23818468949634786,0,0.25044906285191326,0.0
2026-07-06 15:38:00,68.576,4146.22,7503.5,0.0005106432646153625,-0.0004218931188026964,9.329850189265798e-05,0.24816146127464067,0,0.26347933131560525,0.0
2026-07-06 15:39:00,68.561,4148.96,7509.7,-0.00043737516583786107,0.0005812060628715976,0.0010931147103911965,0.12579411996223433,0,0.1355836733184571,0.0
2026-07-06 15:40:00,68.601,4149.54,7511.2,0.0005104570778520223,0.0007283215805058418,0.0012129936950986409,0.09534981709738621,0,0.10695034322388386,0.0
2026-07-06 15:41:00,68.661,4147.67,7507.8,0.0008746228189093763,0.0005258726953871751,0.000533063247954324,0.21263721593501733,0,0.22935631967461673,0.0
2026-07-06 15:42:00,68.556,4146.47,7506.3,-0.0010928006294531611,0.000714370183733104,0.0003998240774059081,0.21892433780391346,0,0.24822853848843907,0.0
2026-07-06 15:43:00,68.601,4145.63,7506.0,-0.0024719721975833275,0.0006034085341275475,7.994244144216012e-05,0.2176043381661356,0,0.24349992940276505,0.0
2026-07-06 15:44:00,68.546,4149.12,7512.5,-0.0037063414775947434,0.0016415921512582532,2.6623004938608474e-05,0.1397478856488396,0,0.11698779453285713,0.0
2026-07-06 15:45:00,68.496,4145.85,7514.7,-0.004360718646433059,0.0006275267000543927,-0.0005585923472848364,0.09633428895048757,0,0.11346361676492256,0.0
2026-07-06 15:46:00,68.526,4142.43,7511.3,-0.0027650037836893793,-0.0008996276072316123,-1.331309742513831e-05,0.20657502073159323,0,0.1893065705515875,0.0
2026-07-06 15:47:00,68.456,4142.59,7513.0,-0.003493653196692592,-0.0012633111771697125,-0.0004124479450779983,0.13057106243741712,0,0.12933441975345522,0.0
2026-07-06 15:48:00,68.461,4144.47,7514.7,-0.0028402470286646997,-0.0005450077530968489,-0.00030597312757751904,0.2033683525246725,0,0.1784243417899915,0.0
2026-07-06 15:49:00,68.546,4146.55,7515.4,0.0002918600239327773,-0.0006025475711307626,-0.00030594463732258603,0.24088425304515948,0,0.2212842441760961,0.0
2026-07-06 15:50:00,68.536,4145.23,7518.3,-0.0002917323064355326,-0.0003858368922768918,0.0008120124597321698,0.17137832577435458,0,0.13839938788965234,0.0
2026-07-06 15:51:00,68.576,4145.03,7520.8,0.0003646919811526317,0.00012064094119246249,0.0017715617715619025,0.06446425742738571,0,0.0673227379131699,0.0
2026-07-06 15:52:00,68.541,4143.84,7513.9,-0.0009474389995043353,-0.0005161626442962142,0.001292609472028916,0.07386044769496047,0,0.08011734251544667,0.0
2026-07-06 15:53:00,68.646,4145.11,7516.4,0.0010207652823146507,-0.0002677137247903971,0.0017191977077364307,0.05480746022815153,0,0.05368438653582597,0.0
2026-07-06 15:54:00,68.636,4145.99,7515.9,0.0010939163664471785,-0.0007158420423432066,0.0008255988920995438,0.1442619261006216,0,0.12434034066247063,0.0
2026-07-06 15:55:00,68.636,4143.07,7513.8,0.0005101966443636918,-0.0015592089725608993,0.00034614974970725854,0.18155055424036803,0,0.12981845660939906,0.0
2026-07-06 15:56:00,68.656,4142.23,7515.7,-7.282154352539205e-05,-0.0013115797544164254,0.0010522390047682517,0.09909691273955501,0,0.08496814564934596,0.0
2026-07-06 15:57:00,68.626,4142.11,7514.3,0.0010210630725246972,-0.0010514968153635396,0.0010657714186750322,0.09868916830565555,0,0.10036420311486038,0.0
2026-07-06 15:58:00,68.666,4139.47,7512.6,0.00094750805381838,-0.0014859020221292818,0.0008792965627497651,0.10911463447569747,0,0.0947062358197619,0.0
2026-07-06 15:59:00,68.666,4140.76,7512.6,0.0017506491990777473,-0.002014885084065887,1.3311148086669888e-05,0.16009770420795194,0,0.1306575858377984,0.0
2026-07-06 16:00:00,68.616,4140.15,7511.3,0.0017519271198318531,-0.001374868844748578,-0.00045244653811860047,0.18512226404284537,0,0.18896774189506205,0.0
2026-07-06 16:01:00,68.626,4144.2,7516.8,0.0014593001196627764,0.00042728543391179485,0.0007322301066392534,0.17962493920149974,0,0.16550591579206347,0.0
2026-07-06 16:02:00,68.681,4143.98,7514.7,0.003286782750963946,0.0003355388778516488,0.00022627445760670106,0.15983688402772955,0,0.17568328102621272,0.0
2026-07-06 16:03:00,68.696,4141.58,7513.6,0.00343261126772898,-0.0006973147350566311,-0.0001463797623324492,0.17672254428665068,0,0.20021432149349017,0.0
2026-07-06 16:04:00,68.756,4140.69,7511.3,0.0030636360983864463,-0.0014132230408413493,-0.0005455464778986174,0.1402656656673419,0,0.14940019456508136,0.0
2026-07-06 16:05:00,68.756,4140.44,7508.4,0.003209991829111747,-0.0011555450481637308,-0.001316787039623346,0.002520644342210665,0,0.06984942705570307,0.0
2026-07-06 16:06:00,68.771,4139.54,7512.7,0.002843560429304892,-0.0013244777480500014,-0.0010770130837145508,0.04445768645615822,0,0.09582938140508834,0.0
2026-07-06 16:07:00,68.676,4135.03,7513.7,0.0019696240206592552,-0.0021260473377351374,-2.66173358708377e-05,0.14424439678397527,0,0.14684050356964462,0.0
2026-07-06 16:08:00,68.691,4134.83,7513.9,0.0006555371034000501,-0.002480030686760948,-0.00033260603480389506,0.1257631664003903,0,0.0921225179443983,0.0
2026-07-06 16:09:00,68.701,4136.17,7515.3,0.0009470248848999496,-0.0023685537109350285,-7.983075879125501e-05,0.14596814760226817,0,0.11707945631104322,0.0
2026-07-06 16:10:00,68.706,4144.07,7515.9,0.0010198729529693473,0.00024136690907949898,0.00027948574622693734,0.2295405618407697,0,0.20517034583216198,0.0
2026-07-06 16:11:00,68.696,4141.75,7515.9,0.0005826147751106792,-0.00011587961074099873,2.661096105494032e-05,0.24925225754322228,0,0.2244836225257899,0.0
2026-07-06 16:12:00,68.716,4141.69,7518.0,0.0013114562993616907,-0.00010139759687699534,0.0004923945011510167,0.21105195273386157,0,0.18476674952783795,0.0
2026-07-06 16:13:00,68.606,4142.56,7520.0,-0.0008737948912125315,0.0007464723744827761,0.0009850118467640279,0.12592176027245217,0,0.12620806993564065,0.0
2026-07-06 16:14:00,68.591,4140.49,7521.2,-0.00109224361401572,-6.520542122712136e-05,0.001144743497590639,0.10253949522293682,0,0.1065783273176314,0.0
2026-07-06 16:15:00,68.581,4138.61,7519.1,-0.0005100851113442051,-0.00037196719925602917,0.0010384354239612037,0.1356662048792252,0,0.14415752724323455,0.0
2026-07-06 16:16:00,68.516,4137.65,7519.7,-0.0016028910325532886,-0.0015805221755706977,0.0003858024691356654,0.15782051660745722,0,0.09396851415690288,0.0
2026-07-06 16:17:00,68.486,4138.65,7521.5,-0.0028392131739489734,-0.0012862031187409473,0.0009048930762372009,0.07607808866935883,0,0.05986028992456727,0.0
2026-07-06 16:18:00,68.446,4134.88,7519.2,-0.0036392220798882047,-0.0016177400895309724,0.0007453151618397325,0.06681767083178314,0,0.04585560176185621,0.0
2026-07-06 16:19:00,68.466,4136.32,7519.4,-0.004217813718075614,-0.0010553796589457543,0.0010783752479597286,0.03556869093618409,0,0.03102157178301379,0.0
2026-07-06 16:20:00,68.536,4135.32,7519.2,-0.003199720751643431,-0.001236583551506576,0.0014383890043152547,0.007984757769779138,0,0.014393362414761302,0.0
2026-07-06 16:21:00,68.586,4135.57,7520.3,-0.0026900873914876833,-0.0009590437584853229,0.001011620322920015,0.09222297768442345,0,0.08547705029456454,0.0
2026-07-06 16:22:00,68.661,4136.99,7521.7,-0.00021841691420587672,0.0004739989794511068,0.001064721774891142,0.13555070247580114,0,0.14511546057796226,0.0
2026-07-06 16:23:00,68.766,4135.34,7525.0,0.0010918460933746488,0.00012334243487654994,0.001477262140832325,0.07060553495320587,0,0.10645569049205272,0.0
2026-07-06 16:24:00,68.766,4132.59,7523.7,0.0009461288773091603,-0.0008655350239472615,0.0011177198515028852,0.09996833497322033,0,0.11483138034448503,0.0
2026-07-06 16:25:00,68.851,4134.42,7526.4,0.0021104415917094776,-0.0023286286187249594,0.00139703827884885,-0.014913815604267522,1,0.026735277737318208,0.0
2026-07-06 16:26:00,68.856,4135.09,7526.1,0.0023291021311284688,-0.0016080159352930279,0.0013571228994533335,0.018387165927299387,0,0.04515867191089473,0.0
2026-07-06 16:27:00,68.856,4136.73,7525.0,0.0020373712090342444,-0.0011975787661558934,0.0009310986964619072,0.09371607825663053,0,0.13867208104338946,0.0
2026-07-06 16:28:00,68.891,4138.03,7524.3,0.004154155613211863,-0.001093526708122683,0.0005718085106383164,0.11172991090660145,0,0.14286176240824539,0.0
2026-07-06 16:29:00,68.866,4137.09,7527.0,0.004009272353515891,-0.0008211588483487686,0.0007711535393288838,0.08439797931281012,0,0.1336390596000105,0.0
2026-07-06 16:30:00,68.966,4136.17,7525.9,0.005613799740452841,-0.0005895699280675792,0.0009043635541485795,0.02266051290948501,0,0.0963618736597408,0.0
2026-07-06 16:31:00,68.986,4134.68,7527.6,0.006859711600210261,-0.0007177987504982664,0.001050573826083534,-0.01226176990204908,1,0.03773931685668974,0.0
2026-07-06 16:32:00,68.886,4136.35,7527.9,0.0058406097596588324,-0.0005557367740686159,0.0008508941035696438,0.019356070175272966,0,0.11990035934851861,0.0
2026-07-06 16:33:00,68.906,4138.78,7525.6,0.006720626479268521,0.0009431954494445449,0.0008511543781253295,-0.004610201717281548,1,0.04100348865478576,0.0
2026-07-06 16:34:00,68.816,4140.9,7524.6,0.005112026407267933,0.001107264428284127,0.0006915445381281415,0.04335548509707676,0,0.07650796635449142,0.0
2026-07-06 16:35:00,68.836,4139.37,7525.5,0.004377261585152281,0.0009793679811962441,0.0008378550909671212,0.05847302937736487,0,0.11090775899140759,0.0
2026-07-06 16:36:00,68.861,4139.11,7524.5,0.004009564634182006,0.0008559884127217199,0.0005584883581770672,0.09927127534644364,0,0.15952958354593888,0.0
2026-07-06 16:37:00,68.926,4140.99,7523.5,0.00385954180684811,0.0009668865527836523,0.00023930760333445988,0.12075183660055067,0,0.17698785544794765,0.0
2026-07-06 16:38:00,68.976,4138.34,7523.3,0.0030538347439139635,0.0007254542552728172,-0.0002259136212624524,0.18052870981129365,0,0.1962142343834734,0.0
2026-07-06 16:39:00,69.056,4137.25,7524.3,0.004217200360643325,0.0011276221449503243,7.974799633170271e-05,0.1142172044125328,0,0.1643633648377935,0.0
2026-07-06 16:40:00,68.996,4138.35,7524.1,0.0021059970080317125,0.0009505565472303079,-0.00030559098639448834,0.18861331339579157,0,0.19447994835543703,0.0
2026-07-06 16:41:00,68.986,4135.72,7521.5,0.0018879981410482305,0.00015235460413198787,-0.0006112063352865515,0.182879531270368,0,0.20046852023817668,0.0
2026-07-06 16:42:00,68.926,4135.11,7519.6,0.0010166143836414232,-0.00039161366586648594,-0.0007176079734219076,0.17212858169477285,0,0.18143787546648893,0.0
2026-07-06 16:43:00,68.986,4133.68,7522.8,0.0013789899986935694,-0.0010512248582053019,-0.0001993540927395232,0.22825137869125622,0,0.18312039035525418,0.0
2026-07-06 16:44:00,68.976,4130.09,7523.9,0.00159730491098653,-0.0016920105678145392,-0.00041185067091809024,0.17093790437267903,0,0.12634896733622514,0.0
2026-07-06 16:45:00,68.916,4133.09,7525.7,-0.000724994925035527,-0.0007446502440663361,-2.6574894696929086e-05,0.24109831478056815,0,0.20433662354424975,0.0
2026-07-06 16:46:00,68.906,4133.11,7523.5,-0.0011596555822920296,-0.00037971499608202564,-0.0005446623093682268,0.2049649723347705,0,0.196087402354427,0.0
2026-07-06 16:47:00,68.941,4132.78,7523.9,0.0007984205789275389,-0.0008630797683949476,-0.0005313566864596497,0.2125919673824484,0,0.19772194682642957,0.0
2026-07-06 16:48:00,68.911,4133.93,7524.6,7.256262154231585e-05,-0.0011718429102294259,-0.00013287977038378695,0.23170676125729972,0,0.18969557388704822,0.0
2026-07-06 16:49:00,68.871,4133.51,7524.5,0.0007992327365726748,-0.001784636190200084,-1.3289742976430041e-05,0.1916974430746436,0,0.1683625324193712,0.0
2026-07-06 16:50:00,68.836,4134.93,7526.7,0.0,-0.0010726269939627109,0.00015945784333259994,0.23302916566941112,0,0.17618034483481504,0.0
2026-07-06 16:51:00,68.856,4135.75,7524.6,-7.261004051650755e-05,-0.0008117687135639207,1.3289919595926847e-05,0.24220098609170948,0,0.19763141202742268,0.0
2026-07-06 16:52:00,68.716,4134.4,7523.7,-0.0030467457853351476,-0.0015914068857930674,2.6583372100708047e-05,0.15330712367643556,0,0.1229346238302399,0.0
2026-07-06 16:53:00,68.706,4135.36,7527.4,-0.003914405010438382,-0.0007200954972285123,0.0005449736153018137,0.12170375142733025,0,0.1329685326002043,0.0
2026-07-06 16:54:00,68.736,4135.65,7526.2,-0.004633920296570837,-0.000386730316031314,0.00025251518413660357,0.11786711480966972,0,0.10777427548296503,0.0
2026-07-06 16:55:00,68.726,4135.09,7525.8,-0.003913270334512053,-0.000787753573284089,0.00022594064406367131,0.15249498435133108,0,0.12877454535711863,0.0
2026-07-06 16:56:00,68.746,4135.4,7525.4,-0.003478966746876311,-7.737467720270175e-05,0.000518513594362835,0.1451235439243208,0,0.13175289289537095,0.0
2026-07-06 16:57:00,68.686,4136.87,7526.3,-0.0034819951832398832,0.00042562350215602507,0.0008910048406829407,0.10798192077828128,0,0.11299474539347204,0.0
2026-07-06 16:58:00,68.736,4136.76,7527.0,-0.0036239236946626896,0.0007450987981652002,0.0005583027596107737,0.14470782885537037,0,0.11550739652200193,0.0
2026-07-06 16:59:00,68.721,4138.13,7530.5,-0.003696938065414046,0.0019466888130768023,0.0008772046412099943,0.06358991206881659,0,0.023662358379887394,0.0
2026-07-06 17:00:00,68.766,4137.97,7527.7,-0.002176562772070234,0.0011807146711055871,0.0002657560094077027,0.20287290302712307,0,0.1478746862638604,0.0
2026-07-06 17:01:00,68.736,4138.2,7531.1,-0.0024671291324412925,0.0012315181546100895,0.0010101681398286821,0.10022634361517802,0,0.09284044387938972,0.0
2026-07-06 17:02:00,68.776,4140.17,7529.0,-0.0023933508362223854,0.0017881426061876482,0.0006778399500260157,0.13184498859914484,0,0.07873868557051611,0.0
2026-07-06 17:03:00,68.691,4140.38,7529.7,-0.0031925236899769116,0.0015602586400833562,0.0006777768917949345,0.13796045428909498,0,0.09016448435419422,0.0
2026-07-06 17:04:00,68.611,4144.03,7529.1,-0.0037751738757966224,0.0025450525098522636,0.0006113363014155215,0.05781517208702769,0,0.024652546280292564,0.0
2026-07-06 17:05:00,68.566,4143.05,7529.7,-0.003922366203730543,0.001963757548495426,0.00039858105145684775,0.09691737681015744,0,0.07442827386542306,0.0
2026-07-06 17:06:00,68.611,4144.16,7529.0,-0.003558150342744093,0.0020334884845554235,0.0005847486909602573,0.09793732112895526,0,0.08644080415435118,0.0
2026-07-06 17:07:00,68.636,4144.49,7528.5,-0.0011642121194481714,0.0024404992260063096,0.0006379839706527335,0.09636162174853691,0,0.0677871860265109,0.0
2026-07-06 17:08:00,68.621,4144.69,7528.7,-0.0012371554158299158,0.0022561518223322974,0.00017270239392086495,0.12885407437014207,0,0.11309480916442932,0.0
2026-07-06 17:09:00,68.661,4144.26,7530.0,-0.0010911312849162247,0.0020818976460774685,0.0005049028726316074,0.12782305793578536,0,0.12892421219689226,0.0
2026-07-06 17:10:00,68.666,4144.11,7530.4,-0.0008730320402758895,0.0021813309988414353,0.0006112306997261285,0.11065332355137314,0,0.11862720884412103,0.0
2026-07-06 17:11:00,68.651,4141.16,7529.1,-0.0013818985831902664,0.0013928519611161594,0.0004916682169719966,0.1844165292690491,0,0.15355596376622932,0.0
2026-07-06 17:12:00,68.596,4139.94,7528.9,-0.0013103106892234928,0.000742106955258448,0.0003454552701858127,0.2200226516836225,0,0.1669259089559032,0.0
2026-07-06 17:13:00,68.636,4139.63,7526.0,-0.001454841713221744,0.0006937796729806767,-0.00013285505513482843,0.22587249457994457,0,0.1873135697894115,0.0
2026-07-06 17:14:00,68.661,4139.63,7528.2,-0.0008730955603091228,0.00036248257062965195,-0.00030542460659988,0.2435075845623495,0,0.18622515323662348,0.0
2026-07-06 17:15:00,68.666,4141.45,7527.3,-0.001454207020911591,0.0008409920806577986,-5.313708038312548e-05,0.22732046719337684,0,0.18955640225415626,0.0
2026-07-06 17:16:00,68.646,4140.57,7524.8,-0.0013093575418995362,0.0005727127736696591,-0.0008365311840236034,0.1369131828545233,0,0.12251930807614991,0.0
2026-07-06 17:17:00,68.656,4142.18,7525.7,-0.0017447946958240035,0.0004854873109074731,-0.00043830521981669257,0.2063305550189597,0,0.1730485518522924,0.0
2026-07-06 17:18:00,68.721,4141.86,7524.9,0.0004367384373498151,0.0003574551128155967,-0.0006374755966372936,0.20169473894522394,0,0.1694826389270247,0.0
2026-07-06 17:19:00,68.706,4140.05,7527.2,0.001384617626911222,-0.0009604177575933681,-0.0002523541990411271,0.23021885097733258,0,0.18570657704909327,0.0
2026-07-06 17:20:00,68.691,4140.19,7525.7,0.0018230609923286512,-0.0006903126923403224,-0.0005312296638644298,0.19931612579645458,0,0.19394105652741978,0.0
2026-07-06 17:21:00,68.656,4141.44,7525.4,0.0006558715074842514,-0.0006563453148528131,-0.00047815114889104837,0.22405187956753048,0,0.20140725538453508,0.0
2026-07-06 17:22:00,68.656,4142.56,7528.4,0.0002913922722771467,-0.00046567852739409776,-1.3282858471241887e-05,0.24461708561961115,0,0.21026037773423756,0.0
2026-07-06 17:23:00,68.726,4142.7,7528.0,0.0015301438335204587,-0.0004801324103852478,-9.297753928294572e-05,0.2343599240830906,0,0.20509139524010017,0.0
2026-07-06 17:24:00,68.666,4143.62,7529.9,7.282154352528103e-05,-0.00015443046527008342,-1.3280212483479659e-05,0.2559580421138921,0,0.19475572109738976,0.0
2026-07-06 17:25:00,68.751,4144.98,7530.2,0.0012378760958844381,0.00020993651230294397,-2.6559014129401426e-05,0.24036750115123318,0,0.20255809678312248,0.0
2026-07-06 17:26:00,68.786,4145.24,7532.5,0.0019664680776683152,0.0009852311912603717,0.0004515811982839235,0.17911456099997408,0,0.15766173470752648,0.0
2026-07-06 17:27:00,68.776,4144.76,7532.6,0.002624059711936466,0.0011642680811800865,0.0004914396525390607,0.1526456012731971,0,0.13478807596943637,0.0
2026-07-06 17:28:00,68.891,4146.7,7532.5,0.003715251471531067,0.0017078821054055116,0.0008636726016475471,0.042850040034379755,0,0.0529469948362401,0.0
2026-07-06 17:29:00,68.846,4150.55,7534.8,0.0026943971104411713,0.0026379169152799253,0.0008767035944847734,0.017115360074901664,0,0.012655763623271477,0.0
2026-07-06 17:30:00,68.976,4150.73,7534.5,0.004514606937931376,0.002240761086093057,0.0009565182734845301,-0.008855739251200978,1,0.028878050626889973,0.0
2026-07-06 17:31:00,68.806,4148.7,7536.3,0.002330798589866845,0.001963497779291279,0.001528279821390699,-0.0100423318423013,1,0.04502166263591878,0.0
2026-07-06 17:32:00,68.886,4150.4,7535.1,0.0033500349568864607,0.001984462287973887,0.0012490532442166469,-0.006366996403878944,1,0.049519816755957846,0.0
2026-07-06 17:33:00,68.856,4151.0,7535.0,0.00196446501069536,0.0022067380355685895,0.0013422105277147711,0.002786730944343563,0,0.052571016946596605,0.0
2026-07-06 17:34:00,68.846,4150.0,7533.5,0.0020376677437197177,0.0024033526165141428,0.0008369646083536963,0.051851983301066995,0,0.05864290393748228,0.0
2026-07-06 17:35:00,68.826,4149.2,7532.1,0.001965322968074279,0.002176228627188692,0.0008504192301048707,0.06022639101354721,0,0.10346969225364872,0.0
2026-07-06 17:36:00,68.806,4148.53,7533.0,0.0021848054066648803,0.001711964920414255,0.0010099130943206358,0.05907902905068485,0,0.10495710484988002,0.0
2026-07-06 17:37:00,68.796,4147.59,7532.7,0.002039151712887488,0.0012142250202773486,0.0005711705010360557,0.15610164990919206,0,0.1595046404336699,0.0
2026-07-06 17:38:00,68.796,4149.65,7534.5,0.0010185373803219822,0.0016776498418904495,0.0008634431455898373,0.10679845617469053,0,0.12485806142860667,0.0
2026-07-06 17:39:00,68.766,4150.94,7533.8,0.0014563248186876265,0.0017665712589474136,0.0005179351651416475,0.14052499817900294,0,0.1382442207676326,0.0
2026-07-06 17:40:00,68.796,4149.7,7534.3,0.0006545359340228707,0.0011387268454854382,0.0005444742503519784,0.19243061184337734,0,0.17261335285516072,0.0
2026-07-06 17:41:00,68.771,4150.76,7534.5,-0.0002180676300409523,0.001331647865986163,0.0002655160969133874,0.22162052943204696,0,0.15807639749293817,0.0
2026-07-06 17:42:00,68.786,4149.54,7535.2,0.00014539955798542614,0.0011532633976394369,0.00034516634362624643,0.21463222700047652,0,0.17927535406951206,0.0
2026-07-06 17:43:00,68.761,4149.95,7535.4,-0.0018870389455808434,0.0007837557575902654,0.00038499834052441173,0.20819291209830848,0,0.16570999436828832,0.0
2026-07-06 17:44:00,68.686,4149.89,7535.7,-0.00232402753972627,-0.0001590150702918125,0.00011944577161959735,0.2199937777469979,0,0.1782960371598316,0.0
2026-07-06 17:45:00,68.661,4149.32,7535.2,-0.004566805845511501,-0.0003396992818129885,9.290596589028866e-05,0.12941187065370585,0,0.11336105685840075,0.0
2026-07-06 17:46:00,68.686,4148.5,7535.3,-0.0017440339505274682,-4.820787234549595e-05,-0.0001326911083687765,0.2223279489856093,0,0.1796131739524207,0.0
2026-07-06 17:47:00,68.736,4148.44,7534.9,-0.0021775106698022073,-0.0004722436391673135,-2.6542448010036246e-05,0.22511462176379582,0,0.16906363613697256,0.0
2026-07-06 17:48:00,68.726,4147.2,7535.2,-0.0018879981410478974,-0.0009154420621537707,2.654280026548328e-05,0.22098306925281275,0,0.16641696914976983,0.0
2026-07-06 17:49:00,68.781,4147.24,7536.2,-0.000944136188013811,-0.0006650602409639106,0.0003583991504612083,0.22137265382521965,0,0.16271104158686445,0.0
2026-07-06 17:50:00,68.736,4147.89,7536.7,-0.0013076453665764598,-0.00031572351296627055,0.0006107194540698746,0.1974282758609333,0,0.16719201265397415,0.0
2026-07-06 17:51:00,68.686,4146.91,7535.3,-0.0017440339505274682,-0.0003904997673874755,0.0003053232443914755,0.21462277085546633,0,0.1829241399446035,0.0
2026-07-06 17:52:00,68.676,4146.15,7534.0,-0.001744287458573246,-0.00034718957273993656,0.00017258088069360689,0.22971188461295983,0,0.19305839834829064,0.0
2026-07-06 17:53:00,68.746,4145.58,7534.1,-0.0007267864410722691,-0.0009808056101116014,-5.308912336576821e-05,0.23769569820723024,0,0.1749402066250249,0.0
2026-07-06 17:54:00,68.706,4145.87,7533.4,-0.0008725242125469101,-0.001221410090244568,-5.309405612052842e-05,0.2207954508252462,0,0.15778882922661602,0.0
2026-07-06 17:55:00,68.706,4145.3,7535.0,-0.0013082155939299067,-0.001060317613321371,9.290843210374433e-05,0.21696442370456864,0,0.17569540786621313,0.0
2026-07-06 17:56:00,68.726,4147.81,7535.9,-0.0006543455817132893,-0.0007107132187840204,0.00018581193178035527,0.23748943687687862,0,0.18518041452907302,0.0
2026-07-06 17:57:00,68.706,4148.04,7536.0,-0.0011630273602186714,-0.0003614858514437991,0.00010616838305566034,0.23711837684787046,0,0.20037919674359672,0.0
2026-07-06 17:58:00,68.676,4148.46,7535.3,-0.001236165849827553,-0.0003590404703670558,-1.3270695649825193e-05,0.23498875163720817,0,0.20077394855030495,0.0
2026-07-06 17:59:00,68.696,4148.27,7535.3,0.0001455900765803264,-0.0003903717929872874,-5.308066934717193e-05,0.2530532451732359,0,0.19098495468264637,0.0
2026-07-06 18:00:00,68.731,4146.49,7534.6,0.0010195016093559328,-0.0006820394667077512,-7.962628729152321e-05,0.24505197867044504,0,0.18925016592083216,0.0
2026-07-06 18:01:00,68.721,4144.79,7534.4,0.0005095652680313645,-0.0008942991442689729,-0.00011943784587220563,0.23960464039954404,0,0.18705986715653955,0.0
2026-07-06 18:02:00,68.746,4143.54,7534.2,0.00014548417132198566,-0.0011811668964718525,-9.290103385573012e-05,0.23521578463743764,0,0.17208989714541256,0.0
2026-07-06 18:03:00,68.746,4143.87,7534.1,0.0002910106800919632,-0.0008029513888888618,-0.00014598152670131093,0.24360621091598672,0,0.1908269280391971,0.0
2026-07-06 18:04:00,68.736,4143.95,7535.1,-0.0006542504470711252,-0.000793298675745735,-0.00014596215599371742,0.24358542617909862,0,0.18089870887135606,0.0
2026-07-06 18:05:00,68.656,4143.69,7536.3,-0.0011638733705772175,-0.00101256301396635,-5.307362638817814e-05,0.22969014166173912,0,0.1816302073992636,0.0
2026-07-06 18:06:00,68.641,4144.61,7535.9,-0.0006551553446116909,-0.0005546298328152899,7.962523058124837e-05,0.2379256319374201,0,0.19504266684603572,0.0
2026-07-06 18:07:00,68.636,4144.54,7536.4,-0.0005824451045489676,-0.00038831204852685097,0.00031855588001050705,0.23215709020304826,0,0.18921826022353816,0.0
2026-07-06 18:08:00,68.641,4144.08,7536.4,-0.0015273615919469963,-0.000361831155109793,0.00030527866633023315,0.22170909368916913,0,0.20189769044817174,0.0
2026-07-06 18:09:00,68.626,4143.95,7536.4,-0.0011643815678397118,-0.00046311148202915486,0.00039822656436672155,0.2191097555961849,0,0.187196459766378,0.0
2026-07-06 18:10:00,68.641,4143.85,7537.6,-0.0009460600238697658,-0.000349793742310478,0.0003450564034506165,0.22697187898863774,0,0.1942717680994549,0.0
2026-07-06 18:11:00,68.646,4143.44,7537.3,-0.0011640427203678527,-0.001053568027465257,0.00018577741212078003,0.22207284568870872,0,0.1872844442333384,0.0
2026-07-06 18:12:00,68.611,4142.89,7536.9,-0.0013827031118097688,-0.0012415502261308164,0.00011942675159226646,0.20630007061986566,0,0.1685220685737313,0.0
2026-07-06 18:13:00,68.646,4142.35,7538.0,-0.0004368338284116424,-0.001472835702887254,0.0003583135376161728,0.18577429779031718,0,0.14781528975064712,0.0
2026-07-06 18:14:00,68.681,4140.52,7537.0,-0.0002183533247932523,-0.0018682486916232754,0.00022560481998068482,0.17457339136955607,0,0.14233392685408947,0.0
2026-07-06 18:15:00,68.636,4141.09,7537.3,-0.0013822001716837784,-0.0013023062879687908,0.0003583468266397105,0.19007531962526242,0,0.1593789055076386,0.0
2026-07-06 18:16:00,68.576,4141.49,7536.5,-0.002109980937413769,-0.0007961802648627225,0.0002787215969419776,0.21464740038304003,0,0.1741438518336786,0.0
2026-07-06 18:17:00,68.566,4142.19,7536.1,-0.002618334157623581,-0.00032580836675899505,0.00025218337713361905,0.20912731441426424,0,0.18561038681663694,0.0
2026-07-06 18:18:00,68.516,4143.58,7535.9,-0.0033456492014078965,-6.99828903898414e-05,0.0002389137388671969,0.17584310098327582,0,0.15488158122914908,0.0
2026-07-06 18:19:00,68.476,4143.5,7537.2,-0.00378258845437629,-0.0001085920438228527,0.00027869570410476996,0.16533478859543904,0,0.15114976379750494,0.0
2026-07-06 18:20:00,68.436,4143.24,7537.2,-0.0032043812631088464,-0.00010859885753999876,0.00011942199753178784,0.1894924801886284,0,0.1708446493220852,0.0
2026-07-06 18:21:00,68.406,4142.63,7536.4,-0.003423609795894622,-0.00047772890573527516,6.634907575731042e-05,0.18585219358813743,0,0.15806166335210625,0.0
2026-07-06 18:22:00,68.436,4143.4,7536.3,-0.0029139227227692466,-0.0002750606822470303,-1.3268934769827823e-05,0.20675658168615296,0,0.17458386502656142,0.0
2026-07-06 18:23:00,68.426,4144.69,7536.6,-0.0031322387494354675,0.0001471979305418536,2.653786953987769e-05,0.19959285970752577,0,0.15445094621683292,0.0
2026-07-06 18:24:00,68.416,4145.51,7536.4,-0.0030600646985108337,0.00037645241858630385,0.0,0.20555166815797027,0,0.1509739360779399,0.0
2026-07-06 18:25:00,68.416,4144.27,7536.2,-0.003277924272665156,0.00010135502009012143,-0.00018573551263012522,0.1865564824008185,0,0.16662141944936865,0.0
2026-07-06 18:26:00,68.401,4145.63,7535.2,-0.003569035340733717,0.0005285463286546221,-0.00027861435792664313,0.16754481379805264,0,0.12418015600230287,0.0
2026-07-06 18:27:00,68.406,4145.0,7534.5,-0.002987859089650269,0.0005093063055017222,-0.00031843330812397763,0.20030976911745135,0,0.1580320570725059,0.0
2026-07-06 18:28:00,68.401,4144.82,7534.1,-0.003569035340733717,0.0005962798894345589,-0.0005173786150172166,0.13658263053100728,0,0.13880837820935948,0.0
2026-07-06 18:29:00,68.316,4145.52,7534.0,-0.0053144246589303945,0.0012075777921614073,-0.0003980363539870524,0.05699105291197859,0,0.04223499994689606,0.0
2026-07-06 18:30:00,68.256,4146.5,7532.2,-0.0055364531732617905,0.001306419324380803,-0.0006766348692502921,0.03006076301724636,0,0.009376652705861188,0.0
2026-07-06 18:31:00,68.301,4147.49,7533.5,-0.004010149323378287,0.0014487539508727387,-0.000398062761228668,0.103959981853751,0,0.10840548621086288,0.0
2026-07-06 18:32:00,68.296,4147.27,7533.2,-0.0039378117434296644,0.0012264043899485877,-0.00038481442656024267,0.11077612589011565,0,0.13752011242812334,0.0
2026-07-06 18:33:00,68.276,4148.11,7534.1,-0.003502831455426625,0.0010932575212738715,-0.00023885667272649513,0.15629642717141767,0,0.13340116673058372,0.0
2026-07-06 18:34:00,68.286,4147.12,7533.3,-0.002774694783573728,0.0008736575358996301,-0.0005174335296926902,0.1622366814215912,0,0.15234459089295804,0.0
2026-07-06 18:35:00,68.326,4147.31,7532.3,-0.0016073411654686787,0.0009823230129080152,-0.0006501087937164085,0.15590165164730646,0,0.11543598332864508,0.0
2026-07-06 18:36:00,68.306,4148.44,7532.9,-0.0014618600707541063,0.001402490688282354,-0.0004644127169470824,0.16774733992858049,0,0.12227740672816023,0.0
2026-07-06 18:37:00,68.286,4148.87,7532.7,-0.0021918288620025317,0.0013201718395521311,-0.0004776879901278175,0.15204316251544564,0,0.1370290421202751,0.0
2026-07-06 18:38:00,68.296,4148.32,7531.5,-0.0018998626253178275,0.0008758194219591342,-0.0006766977151501097,0.14692744328728313,0,0.13507464916406775,0.0
2026-07-06 18:39:00,68.296,4149.47,7533.4,-0.0017539756782037896,0.0009552503793259781,-0.0003980680430974992,0.18249933808607255,0,0.1703010928683299,0.0
2026-07-06 18:40:00,68.276,4149.03,7534.2,-0.0020463049579045878,0.001148573813964715,-0.00026538573817047606,0.1912237124232174,0,0.1647565884083118,0.0
2026-07-06 18:41:00,68.266,4149.02,7534.1,-0.00197365535591576,0.0008177285478927487,-0.00014598152670131093,0.21380880414930997,0,0.18120976400642563,0.0
2026-07-06 18:42:00,68.271,4149.57,7533.5,-0.0019735110955180213,0.0011025331724969778,-0.00013272280841458706,0.2021748628401911,0,0.19059224134718883,0.0
2026-07-06 18:43:00,68.276,4149.18,7534.0,-0.0018274586628850287,0.001051915402840331,-1.3272985492696066e-05,0.2061163079418794,0,0.20960790001451285,0.0
2026-07-06 18:44:00,68.296,4149.28,7534.4,-0.00029275718718890786,0.0009070032227560532,5.309264666841784e-05,0.23820276649795852,0,0.20130269169562043,0.0
2026-07-06 18:45:00,68.356,4148.94,7533.1,0.0014650726676042058,0.0005884480887494714,0.00011948700246944277,0.22613070148747288,0,0.1998491431086883,0.0
2026-07-06 18:46:00,68.341,4149.5,7536.1,0.0005856429627675297,0.0004846304632439846,0.0003451251078516737,0.23404043904146737,0,0.19603365050262023,0.0
2026-07-06 18:47:00,68.346,4149.45,7537.1,0.0007321072976456122,0.0005256469918764051,0.0005177082780227771,0.21925855711047632,0,0.19597598080102885,0.0
2026-07-06 18:48:00,68.316,4148.84,7537.1,0.0005858574023083207,0.00017598376127936355,0.00039818956477888356,0.23475001057065709,0,0.2069341951995491,0.0
2026-07-06 18:49:00,68.286,4150.15,7537.5,0.0,0.0007306275198208922,0.0005575245908167048,0.21383229043809515,0,0.18746445292255653,0.0
2026-07-06 18:50:00,68.266,4153.01,7537.3,-0.000878143020226374,0.0013743848422229643,0.0006638078674507941,0.17406107952764066,0,0.16395662034538888,0.0
2026-07-06 18:51:00,68.266,4153.2,7536.5,-0.0005856000936959038,0.0011474192708584852,0.00047790359622457146,0.20453360326290798,0,0.18920081484541906,0.0
2026-07-06 18:52:00,68.236,4153.54,7535.9,-0.0007322145095627342,0.0011256076955894478,0.0004248144755532035,0.2091885007064343,0,0.19568162495109437,0.0
2026-07-06 18:53:00,68.226,4153.93,7535.1,-0.0010249502167039015,0.0013523546881630821,0.0004779924317865891,0.18837010625447925,0,0.1895143829313813,0.0
2026-07-06 18:54:00,68.226,4153.96,7533.4,-0.0010249502167039015,0.0010820659023922374,0.0,0.22039255381080763,0,0.19983473423367304,0.0
2026-07-06 18:55:00,68.256,4153.42,7533.3,-0.00029292870115404934,0.001058078635247428,-0.00011945528390533422,0.23349266839576172,0,0.1892471576448067,0.0
2026-07-06 18:56:00,68.256,4153.21,7533.6,-0.00014648580552556467,0.0010098770312023664,-6.636492746314726e-05,0.2377398385099646,0,0.19241231328004943,0.0
2026-07-06 18:57:00,68.256,4155.36,7533.9,-0.00021971261589837088,0.0013953252987659592,5.309617043858239e-05,0.21968098163712757,0,0.18112356078329583,0.0
2026-07-06 18:58:00,68.276,4154.95,7532.8,0.0,0.001390636222096786,-0.00015927794000525353,0.2204280903867627,0,0.16417833563292122,0.0
2026-07-06 18:59:00,68.266,4154.97,7532.1,-0.0004392643785873229,0.0013713222534994518,-0.00030526651093643054,0.21003512123646811,0,0.16955985312199273,0.0
2026-07-06 19:00:00,68.296,4155.32,7532.7,-0.0008777576218618188,0.0015377421702893468,-5.309898979177774e-05,0.20079011139725733,0,0.16704821509872597,0.0
2026-07-06 19:01:00,68.296,4152.58,7533.2,-0.0006584627090617801,0.0007422581033860176,-0.00038481442656024267,0.2269488624262821,0,0.2002319304137698,0.0
2026-07-06 19:02:00,68.281,4152.57,7533.3,-0.0009510432212564979,0.000751906879224995,-0.0005041726924148726,0.20138580954380142,0,0.197892400253311,0.0
2026-07-06 19:03:00,68.226,4153.32,7536.3,-0.0013174073423503074,0.001079819901466328,-0.0001061416194557685,0.2163010628644384,0,0.20832658303493168,0.0
2026-07-06 19:04:00,68.216,4152.89,7535.8,-0.0010251003133878722,0.0006602171005869462,-0.00022553897180765947,0.24020255515452965,0,0.19919974098183002,0.0
2026-07-06 19:05:00,68.206,4154.94,7540.1,-0.0008789148331527219,0.0004647231766836679,0.0003714858105687835,0.23289902308066113,0,0.19821924901391424,0.0
2026-07-06 19:06:00,68.216,4155.65,7542.3,-0.0007324290276273793,0.0005899065780603507,0.0007695880050422321,0.18394414767700717,0,0.18417878387747916,0.0
2026-07-06 19:07:00,68.186,4155.43,7542.3,-0.0007327510405064075,0.0004550335376571901,0.0008492681696945503,0.1744969198329609,0,0.17999031166226115,0.0
2026-07-06 19:08:00,68.216,4155.18,7542.0,-0.0001465716882127488,0.0003009198518029166,0.0009157144563443076,0.16336652677479313,0,0.176952461971071,0.0
2026-07-06 19:09:00,68.226,4154.21,7541.0,0.0,6.018353571057844e-05,0.0010088406297290575,0.14904696261994999,0,0.17082338134250014,0.0
2026-07-06 19:10:00,68.226,4153.03,7540.6,-0.00043952180028128396,-9.389852218177897e-05,0.0009690308364196376,0.15096135759384294,0,0.17191575307686946,0.0
2026-07-06 19:11:00,68.201,4153.4,7540.9,-0.000805789967182502,4.574774692334138e-05,0.0009689922480620172,0.14117505355862547,0,0.17723862766662135,0.0
2026-07-06 19:12:00,68.216,4153.61,7540.9,-0.00058602906704186,-0.0004211428131377648,0.0009291336492387448,0.15345985543828522,0,0.1702655479579721,0.0
2026-07-06 19:13:00,68.216,4155.41,7539.9,-0.0008787861034624811,0.00011071132023254826,0.0009425446049278197,0.1423596344579619,0,0.19420442321736853,0.0
2026-07-06 19:14:00,68.246,4153.44,7540.9,-0.0002929716110510183,-0.0003682337056586382,0.001168332868655364,0.1091752936222471,0,0.16686780733797812,0.0
2026-07-06 19:15:00,68.246,4154.45,7540.4,-0.0007321072976457232,-0.00020937015681099513,0.001022209831800014,0.13276257371375388,0,0.17290341286722544,0.0
2026-07-06 19:16:00,68.266,4153.14,7540.2,-0.0004392643785873229,0.0001348559208975697,0.0009292199861945516,0.15869670471290637,0,0.20180144591439686,0.0
2026-07-06 19:17:00,68.271,4151.47,7538.5,-0.00014645362545961937,-0.00026489619681291376,0.0006902685410112852,0.19967185735823578,0,0.20876458283280536,0.0
2026-07-06 19:18:00,68.266,4152.27,7537.9,0.0005862867528509952,-0.00025280980035236045,0.00021230577339004242,0.2404092719741559,0,0.22461129668993368,0.0
2026-07-06 19:19:00,68.266,4151.57,7538.4,0.0007329658731090039,-0.0003178509423559239,0.00034501977228695857,0.23368857602634568,0,0.22949859076994056,0.0
2026-07-06 19:20:00,68.286,4150.95,7536.8,0.0011729173386505476,-0.0009603026758508992,-0.0004376599779843948,0.2191679995594294,0,0.1709299124943111,0.0
2026-07-06 19:21:00,68.251,4151.03,7536.2,0.0005130761111764581,-0.001111739439076942,-0.0008087718600426896,0.14696747491379408,0,0.1152058260851746,0.0
2026-07-06 19:22:00,68.261,4153.82,7537.7,0.0010999325374707603,-0.00038744486130204425,-0.0006098935338026967,0.1981215182060806,0,0.18350275571311542,0.0
2026-07-06 19:23:00,68.246,4156.88,7536.9,0.0004397795238653135,0.0004091278837499157,-0.0006762132060461612,0.19571660676868047,0,0.17719561658777144,0.0
2026-07-06 19:24:00,68.301,4157.12,7536.6,0.001099287661595394,0.0007004941974526613,-0.000583476992441323,0.19102523265040772,0,0.1851953833422742,0.0
2026-07-06 19:25:00,68.361,4158.69,7537.9,0.0019787177908716647,0.0013628603694169072,-0.0003580616927035818,0.1644286008327956,0,0.16027693083656136,0.0
2026-07-06 19:26:00,68.406,4157.35,7537.4,0.0030058210290173637,0.0009510280733857623,-0.0004641355806336289,0.14126102060908052,0,0.1592911838904073,0.0
2026-07-06 19:27:00,68.436,4157.8,7536.6,0.0032250498416794837,0.0010087610536377856,-0.0005702237133498045,0.12336337349446513,0,0.15492859270961618,0.0
2026-07-06 19:28:00,68.446,4157.03,7535.6,0.003371643016301329,0.00038985322747930873,-0.0005702993408399637,0.1454133523659567,0,0.14722481443377988,0.0
2026-07-06 19:29:00,68.376,4155.42,7533.9,0.0019048735457023458,0.0004767132786318573,-0.0009282711612672578,0.08953004587563329,0,0.11580570010884883,0.0
2026-07-06 19:30:00,68.401,4154.9,7532.3,0.0022711953814142927,0.00010831758716545181,-0.0010742135695718247,0.06061552762591582,0,0.05235048490532723,0.0
2026-07-06 19:31:00,68.416,4156.85,7532.6,0.0021972870828814717,0.0008933000091497778,-0.0010079308241159879,0.04700800999970234,0,0.07852636453137085,0.0
2026-07-06 19:32:00,68.396,4156.23,7532.3,0.0018309384658199424,0.0011465818131888295,-0.0008224447834449533,0.10100819389084303,0,0.11452571675851497,0.0
2026-07-06 19:33:00,68.366,4157.27,7531.1,0.0014648580552543145,0.0012041606157595641,-0.0009021080141683457,0.07685900551082803,0,0.11021374012615526,0.0
2026-07-06 19:34:00,68.386,4158.13,7530.6,0.0017578296663052217,0.001580125109296171,-0.0010347023241005227,0.031812238185889075,0,0.07544810256716739,0.0
2026-07-06 19:35:00,68.426,4157.55,7531.3,0.0020502006267755224,0.0015899974704587372,-0.0007297526801826049,0.08986381271671473,0,0.09067203512382582,0.0
2026-07-06 19:36:00,68.436,4156.47,7530.1,0.002710582995121058,0.001310518112372261,-0.0008094265014197966,0.07857271228873064,0,0.10814411615414488,0.0
2026-07-06 19:37:00,68.436,4157.34,7529.9,0.0025636893687466245,0.000847412742969178,-0.0010347984133091126,0.04424283015174968,0,0.08997449687929715,0.0
2026-07-06 19:38:00,68.396,4158.58,7531.3,0.0021979310142719033,0.0004089605665786866,-0.0007430110522893552,0.13986891256955192,0,0.13558252660132203,0.0
2026-07-06 19:39:00,68.416,4158.52,7530.5,0.001683723517957203,0.00033677161111556053,-0.000809383541650166,0.1272332254029107,0,0.15337954536328918,0.0
2026-07-06 19:40:00,68.406,4158.58,7529.2,0.0006582700662658425,-2.645063709960649e-05,-0.001154167606362444,0.06722190973467768,0,0.08128935148239369,0.0
2026-07-06 19:41:00,68.396,4159.12,7529.1,-0.00014618600707549945,0.00042575198143035564,-0.0011011754716478972,0.08594585654509967,0,0.09700292902935148,0.0
2026-07-06 19:42:00,68.446,4157.54,7524.6,0.0001461219241334355,-6.253307037384914e-05,-0.001592229918000121,0.06263104551557386,0,0.048752607508851464,0.0
2026-07-06 19:43:00,68.466,4158.01,7526.6,0.00029220115127248647,0.00023574523157177119,-0.0011943309092838916,0.06679204515224546,0,0.10728569446117908,0.0
2026-07-06 19:44:00,68.486,4156.68,7528.1,0.001608751608751513,0.00030321844723291136,-0.000769853595083414,0.14833015011608425,0,0.1731564554238928,0.0
2026-07-06 19:45:00,68.456,4157.77,7527.3,0.0008040818116694659,0.0006907506799203045,-0.0006638078674507941,0.18058625769925118,0,0.18482872417425333,0.0
2026-07-06 19:46:00,68.436,4158.4,7530.1,0.00029232927970079814,0.00037287850175005133,-0.0003318907150253736,0.24522343921877998,0,0.19418049653499664,0.0
2026-07-06 19:47:00,68.456,4158.49,7530.3,0.0008772442832913896,0.0005437620150954281,-0.00026552314698036206,0.24111054059718384,0,0.1873617656661511,0.0
2026-07-06 19:48:00,68.436,4159.43,7529.6,0.0010239007693884083,0.0005195717381838438,-0.00019917409143421771,0.2453283577786824,0,0.19752051646954755,0.0
2026-07-06 19:49:00,68.406,4159.52,7530.4,0.00029245752054518626,0.00033428488286801894,-2.65583087669663e-05,0.253452852260953,0,0.21574455268190518,0.0
2026-07-06 19:50:00,68.416,4159.82,7531.6,-0.00014614327887063627,0.0005459946362640355,3.983376043970033e-05,0.25335429018276534,0,0.2073894705732608,0.0
2026-07-06 19:51:00,68.446,4161.07,7532.1,0.0001461219241334355,0.0011067083366413932,0.0002656007224339785,0.22310353464703891,0,0.20328877188358802,0.0
2026-07-06 19:52:00,68.486,4159.32,7529.9,0.0007306096206673995,0.00047626607397988074,0.0,0.24793507762128014,0,0.20500026475944721,0.0
2026-07-06 19:53:00,68.526,4159.06,7529.2,0.00190069594713127,0.00011542401492836696,-0.0002788363230783464,0.22324975690147475,0,0.17559834473857067,0.0
2026-07-06 19:54:00,68.446,4159.45,7527.7,0.00043849391955097516,0.00022363725556195924,-0.0003718212602085158,0.23308681050911656,0,0.1967517726445726,0.0
2026-07-06 19:55:00,68.376,4159.02,7527.6,-0.0004385580212262763,0.00010580534701754019,-0.00021250597673050375,0.25619765593349675,0,0.20794409515889917,0.0
2026-07-06 19:56:00,68.386,4160.03,7528.0,-0.00014620738054860194,0.00021879628382914795,-0.0001460997994449098,0.25588227993973417,0,0.21926869872380716,0.0
2026-07-06 19:57:00,68.426,4161.14,7526.8,-0.00029220115127248647,0.0008658966600443296,0.00029237434548012864,0.2345984161562325,0,0.20758100534732365,0.0
2026-07-06 19:58:00,68.446,4160.31,7526.9,-0.0002921157947010089,0.0005531492228254553,3.9858634708789253e-05,0.25424018862671566,0,0.2132055556635576,0.0
2026-07-06 19:59:00,68.486,4161.08,7528.1,0.0,0.001058537101725321,0.0,0.23260700291257214,0,0.20000021412414548,0.0
2026-07-06 20:00:00,68.506,4159.17,7529.8,0.0007303961668809755,0.00033671896232823073,0.00033212440051544334,0.23448913320281622,0,0.2042518313740554,0.0
2026-07-06 20:01:00,68.491,4160.31,7533.2,0.0008036705827341173,0.00045931127356690915,0.0004116811197725223,0.2324086647643097,0,0.2040726429752977,0.0
2026-07-06 20:02:00,68.476,4157.76,7533.1,0.0002921584667523458,-0.00017554448850409798,0.00037183113554584146,0.23599731907841037,0,0.2029405019039897,0.0
2026-07-06 20:03:00,68.496,4157.86,7534.1,0.000876731544800835,-0.00037745556482515763,0.0005976413089672228,0.20193477833579399,0,0.17226159232767535,0.0
2026-07-06 20:04:00,68.481,4157.43,7534.0,0.0010963950530653577,-0.0005024618225180078,0.00047806225432922567,0.2086016295900492,0,0.17124127443232806,0.0
2026-07-06 20:05:00,68.506,4156.17,7533.9,0.0013154817586529255,-0.0008774418123860261,0.00030537999893764933,0.21707087375236794,0,0.17328750960306982,0.0
2026-07-06 20:06:00,68.511,4156.81,7536.3,0.0009496537416358031,-0.0010237751347608182,0.0005576134145854894,0.18858131461086092,0,0.16161960413377024,0.0
2026-07-06 20:07:00,68.521,4156.25,7537.0,0.000511053353970059,-0.0007381014204244085,0.0009429076083349308,0.13414267782475353,0,0.16059445744719952,0.0
2026-07-06 20:08:00,68.496,4156.05,7537.7,-0.0004377900358988329,-0.0007237212254692649,0.0011289380013812522,0.11374384076934851,0,0.1741091946581083,0.0
2026-07-06 20:09:00,68.491,4156.26,7537.1,0.0006574525903633166,-0.0007669283198499244,0.0012487213890033377,0.09005155658452546,0,0.11447412123241574,0.0
2026-07-06 20:10:00,68.486,4156.07,7536.7,0.001608751608751513,-0.0007093017104993216,0.001208884637865948,0.07552106975140704,0,0.10774532069994791,0.0
2026-07-06 20:11:00,68.486,4156.76,7536.2,0.0014622876027259313,-0.0007860520236632196,0.0010892667375133058,0.08935824930496428,0,0.13151409038281203,0.0
2026-07-06 20:12:00,68.516,4157.07,7536.5,0.0013152895098353934,-0.0009780973483229927,0.001288728277621276,0.06139260783545808,0,0.11530365359014927,0.0
2026-07-06 20:13:00,68.531,4157.26,7536.5,0.0012418548929082895,-0.0007331184455005024,0.0012754254739668625,0.06686441168680157,0,0.13071077143553594,0.0
2026-07-06 20:14:00,68.516,4158.06,7537.4,0.000438045731974368,-0.000725773116594608,0.0012353714748740696,0.08856248260119404,0,0.13966328208226764,0.0
2026-07-06 20:15:00,68.501,4160.17,7539.7,-7.298630776864101e-05,0.00024043258630923603,0.0013147759568645778,0.10327560415310444,0,0.13586544348182855,0.0
2026-07-06 20:16:00,68.506,4161.35,7540.2,0.00021900687681597475,0.0002499813715803878,0.0009292199861945516,0.16251861781188526,0,0.17529283639741555,0.0
2026-07-06 20:17:00,68.496,4160.78,7539.6,0.0002920731351130357,0.0007263526514276197,0.0008628585841155001,0.1661272093333755,0,0.17877991319411773,0.0
2026-07-06 20:18:00,68.491,4160.38,7540.0,-7.299696332629946e-05,0.0006060810128287741,0.000783106144064849,0.1814363815357376,0,0.18197639494450352,0.0
2026-07-06 20:19:00,68.501,4161.11,7540.4,0.0002920518099911451,0.000885162227626024,0.0008494823466949075,0.16242396649917723,0,0.15704853653019635,0.0
2026-07-06 20:20:00,68.476,4161.53,7540.8,-0.0004379178466119571,0.0012896488834670539,0.000915860311392569,0.14555752672225303,0,0.1338465047980389,0.0
2026-07-06 20:21:00,68.486,4160.73,7541.7,-0.0003649049057814491,0.0009430308337401438,0.0007165319851916152,0.19747922327301443,0,0.17462819722482092,0.0
2026-07-06 20:22:00,68.466,4161.23,7542.0,-0.0008026736329009854,0.0011981954887216872,0.000663393923311606,0.18116432116943998,0,0.17693618224634994,0.0
2026-07-06 20:23:00,68.446,4161.61,7541.0,-0.0007299696332632166,0.0013378087366608948,0.0004377993287076887,0.19767513049445995,0,0.17667299347601612,0.0
2026-07-06 20:24:00,68.476,4161.69,7541.5,-0.00021900687681597475,0.0013064630220436246,0.0005837789070066712,0.1924907986793279,0,0.1670446839505204,0.0
2026-07-06 20:25:00,68.486,4161.71,7541.8,0.0,0.0013570512527460998,0.0006766887364497709,0.18475568006520182,0,0.1753576451156621,0.0
2026-07-06 20:26:00,68.506,4162.15,7541.8,0.00029203048798298603,0.0012966829934850654,0.0007430800668772886,0.1759299767101855,0,0.17421083723950687,0.0
2026-07-06 20:27:00,68.506,4162.28,7540.8,-0.0001459513106428778,0.0012532865696270878,0.0005705566244278426,0.19702444291255444,0,0.18222585794493296,0.0
2026-07-06 20:28:00,68.576,4161.53,7540.4,0.0006566371423148976,0.0010271188234556305,0.0005174815895971907,0.20124272014830957,0,0.18030928731356477,0.0
2026-07-06 20:29:00,68.506,4161.8,7540.1,-0.0001459513106428778,0.0008994579202801223,0.0003582137076445502,0.225874041902078,0,0.19131611731663128,0.0
2026-07-06 20:30:00,68.496,4160.38,7541.2,-7.299163515872564e-05,5.0478706399070816e-05,0.00019894690770194678,0.24294709078967885,0,0.18691120778570708,0.0
2026-07-06 20:31:00,68.436,4160.39,7541.7,-0.0010218083087611962,-0.00023069436601108606,0.00019893371528612036,0.23155912148886165,0,0.2051015841590897,0.0
2026-07-06 20:32:00,68.376,4162.09,7540.7,-0.001751927119831631,0.00031484481275145804,0.00014589633402284363,0.23021516314515383,0,0.17710867864877683,0.0
2026-07-06 20:33:00,68.376,4163.5,7539.7,-0.0016790527222554363,0.0007499314966421533,-3.9787798408519315e-05,0.22696024167769602,0,0.19750109563059076,0.0
2026-07-06 20:34:00,68.456,4163.5,7538.4,-0.0006569247164275316,0.0005743659744636975,-0.0002652379184128195,0.24798995528021728,0,0.19651881581536157,0.0
2026-07-06 20:35:00,68.466,4165.88,7539.2,-0.00014603656755662886,0.0010452886318252919,-0.00021217907914283796,0.2308731729565548,0,0.1842509744421046,0.0
2026-07-06 20:36:00,68.471,4166.65,7538.7,-0.000219022865987184,0.001422827244257574,-0.0003977882970682689,0.19455138848830061,0,0.1515175039409412,0.0
2026-07-06 20:37:00,68.436,4166.85,7539.4,-0.0004381736920513468,0.001350562213576545,-0.00034473614425889476,0.2015271710127301,0,0.14298005579465495,0.0
2026-07-06 20:38:00,68.441,4166.04,7538.4,-7.305028781812162e-05,0.0010644918673301529,-0.0003447818591699736,0.2129452787318194,0,0.18232103962404123,0.0
2026-07-06 20:39:00,68.456,4165.13,7538.1,-0.00029207313511292465,0.0008265872758423942,-0.00045083869256778986,0.21378020942737236,0,0.17982459067652962,0.0
2026-07-06 20:40:00,68.456,4164.99,7539.6,-0.00043804573197447905,0.0007881375684513081,-0.0002917075499216937,0.23790612405545852,0,0.2096345817092357,0.0
2026-07-06 20:41:00,68.466,4164.59,7540.6,-0.0005838904621493501,0.0005862354792596225,-0.0001591132090482672,0.253195436698761,0,0.20365743922663876,0.0
2026-07-06 20:42:00,68.546,4163.67,7540.2,0.0005838904621493501,0.0003339515842279983,-7.956715467860587e-05,0.25250439693199206,0,0.20183835926485455,0.0
2026-07-06 20:43:00,68.531,4164.17,7540.2,-0.0006562062529162915,0.0006343820662113586,-2.6523791841204236e-05,0.24502443448031785,0,0.203008012328053,0.0
2026-07-06 20:44:00,68.496,4164.08,7539.3,-0.00014597261553739305,0.0005478398769762638,-0.00010609938860228763,0.25685354441178115,0,0.22136619434742766,0.0
2026-07-06 20:45:00,68.511,4164.4,7540.9,0.0002189908899790094,0.0009662578899041208,-3.978146714056496e-05,0.23165221631636806,0,0.2102795718722958,0.0
2026-07-06 20:46:00,68.526,4164.76,7542.4,0.0013150973172013636,0.0010503822958904951,9.281726931598122e-05,0.2176543606121641,0,0.17493729349244236,0.0
2026-07-06 20:47:00,68.516,4164.94,7543.1,0.0020475020475021477,0.0006847521317414618,0.0003182728393915646,0.19951334505248502,0,0.15993890598434962,0.0
2026-07-06 20:48:00,68.536,4164.16,7542.2,0.0023400023400022008,0.0001585204755614189,0.00033157817950324464,0.20488745382672924,0,0.11726946773011232,0.0
2026-07-06 20:49:00,68.546,4164.3,7543.2,0.0013147131003856671,0.0001921460309834977,0.0006367398917541678,0.19866804845199076,0,0.14223181018326864,0.0
2026-07-06 20:50:00,68.526,4164.27,7543.9,0.0008763473841031377,-0.00038647296609595205,0.0006234083191849482,0.19769012649383338,0,0.1576010151545864,0.0
2026-07-06 20:51:00,68.526,4163.07,7544.2,0.0008032597742109182,-0.0008592034368137824,0.0007295687585393562,0.1820812768478417,0,0.1213928009196209,0.0
2026-07-06 20:52:00,68.526,4162.87,7544.5,0.0013150973172013636,-0.0009551579730493476,0.0006764464015704963,0.17638369649047436,0,0.12942527308128304,0.0
2026-07-06 20:53:00,68.536,4162.59,7544.6,0.0013880568664981219,-0.0008281245499323076,0.0008224556935159111,0.1351819792695385,0,0.14080719663400532,0.0
2026-07-06 20:54:00,68.501,4162.79,7545.2,0.0006573565501928336,-0.0005618071944933911,0.0009418819065811768,0.13299122462070645,0,0.14149997384550167,0.0
2026-07-06 20:55:00,68.506,4163.14,7544.8,0.0007303961668809755,-0.0004441787375238926,0.0006896917608361086,0.19470896961916806,0,0.1769245428011526,0.0
2026-07-06 20:56:00,68.546,4163.44,7546.4,0.0011684631788042577,-0.00027613762699341127,0.0007691695621037109,0.15883117709535421,0,0.16512518210302485,0.0
2026-07-06 20:57:00,68.536,4163.85,7546.1,-0.00014588743325660847,4.323109180126572e-05,0.0007824726134586513,0.1866872636274271,0,0.17905202687418803,0.0
2026-07-06 20:58:00,68.506,4163.55,7546.1,-0.000364798412397338,-0.00014888921441724712,0.0007824726134586513,0.18086879620995244,0,0.1835308241913946,0.0
2026-07-06 20:59:00,68.501,4163.81,7546.6,7.299696332641048e-05,-6.484025282882389e-05,0.0009682596527529341,0.1545898293146002,0,0.1756576682153863,0.0
2026-07-06 21:00:00,68.546,4164.03,7545.2,0.0005108668680944284,-8.88483334934298e-05,0.0005702237133498045,0.21030352997720103,0,0.18893048629710724,0.0
2026-07-06 21:01:00,68.556,4162.59,7546.8,0.0004377900358987219,-0.0005210384271843171,0.000583368689011543,0.2007995932518175,0,0.1693594408036589,0.0
2026-07-06 21:02:00,68.561,4162.6,7545.5,0.0006567808978925616,-0.0005618328235218462,0.0003181715740212532,0.2291624410011413,0,0.19459872170894482,0.0
2026-07-06 21:03:00,68.561,4162.18,7545.2,0.0003647717987627086,-0.000475486052408991,0.00039776192622831275,0.2291409569095278,0,0.2006609476683931,0.0
2026-07-06 21:04:00,68.551,4161.65,7545.7,7.294371662824872e-05,-0.0006363614533055895,0.0003314243291971941,0.23124968791764577,0,0.21947051017279423,0.0
2026-07-06 21:05:00,68.586,4161.36,7546.5,0.0008755800717976658,-0.000698801950882344,0.00034464931931754705,0.22374069381677003,0,0.1770503079564663,0.0
2026-07-06 21:06:00,68.576,4160.92,7546.6,0.0007296500598312772,-0.0005164457960110669,0.00031812518225926567,0.23227654953529003,0,0.19475485092550104,0.0
2026-07-06 21:07:00,68.576,4160.57,7545.4,0.0007296500598312772,-0.0005525034411355545,0.0001192921996155949,0.2394479301390694,0,0.1894637344014714,0.0
2026-07-06 21:08:00,68.586,4160.13,7543.7,0.0007295435975254172,-0.0005909782130837371,-0.00011929061845561417,0.24950731050502511,0,0.1899114457091271,0.0
2026-07-06 21:09:00,68.576,4160.67,7544.2,0.0010948745273788862,-0.0005092738283698495,-0.0001325345915283993,0.24407811480619662,0,0.19326436158296428,0.0
2026-07-06 21:10:00,68.566,4160.3,7544.0,0.0008758356932239142,-0.0006821773949471366,-0.00010603329445446619,0.24540616860963776,0,0.18568324898996258,0.0
2026-07-06 21:11:00,68.576,4159.77,7544.7,0.0004376622997692703,-0.0008814826201408721,-0.0002252729778436935,0.23141045272459465,0,0.18035802087563368,0.0
2026-07-06 21:12:00,68.576,4159.38,7545.5,0.0005836348780201561,-0.0010735257033754886,-7.951127072269859e-05,0.23927515601909216,0,0.1830372306913426,0.0
2026-07-06 21:13:00,68.576,4159.63,7545.0,0.0010218083087611962,-0.0009415042451753619,-0.00014577066299148456,0.23769470415278543,0,0.20441090394381528,0.0
2026-07-06 21:14:00,68.581,4159.32,7544.8,0.001167866162537834,-0.001078339309430687,-0.00023851800810958945,0.22802631951201102,0,0.17307470927463553,0.0
2026-07-06 21:15:00,68.586,4159.38,7544.2,0.0005835497330259898,-0.0011167066519692792,-0.0001325345915283993,0.2346125206774468,0,0.19747059138371348,0.0
2026-07-06 21:16:00,68.601,4159.14,7544.5,0.0006563976894802259,-0.0008288109085928808,-0.00030476493348174927,0.23537239237125368,0,0.19907195862437327,0.0
2026-07-06 21:17:00,68.616,4160.01,7546.9,0.0008022053353946568,-0.0006222072742997353,0.00018554105095747175,0.237432074355383,0,0.225730326944571,0.0
2026-07-06 21:18:00,68.616,4160.69,7547.0,0.0008022053353946568,-0.00035798547876364495,0.00023856226475116316,0.2365443277493714,0,0.22331549042577126,0.0
2026-07-06 21:19:00,68.656,4161.07,7547.5,0.0015317063208415416,-0.00013936779882972594,0.0002385464569225615,0.22410041966099492,0,0.18253551070229107,0.0
2026-07-06 21:20:00,68.676,4161.97,7550.2,0.0013122211530049999,0.00014658669281208958,0.0004902935135493447,0.2128383132487745,0,0.20167485714902283,0.0
2026-07-06 21:21:00,68.691,4161.65,7549.4,0.0016769715352311643,0.00017544196956431612,0.00037102801261479357,0.21779889468893288,0,0.19651445038443216,0.0
2026-07-06 21:22:00,68.671,4161.4,7549.4,0.0013853243117127878,0.0001994918965431136,0.0005301243141515588,0.20602456271707198,0,0.20135622648288082,0.0
2026-07-06 21:23:00,68.666,4161.82,7550.3,0.0011664188026709876,0.0004062373050841561,0.0008749022363032655,0.14957693223881607,0,0.1659422626689705,0.0
2026-07-06 21:24:00,68.646,4162.15,7550.3,0.0010207652823146507,0.00035571194062478106,0.0008085681715754856,0.1670141292908075,0,0.18607191195354789,0.0
2026-07-06 21:25:00,68.686,4161.77,7550.6,0.001750138552635505,0.00035333990337238497,0.0008748674443266324,0.13127957001817814,0,0.16056437824140596,0.0
2026-07-06 21:27:00,68.696,4161.67,7548.8,0.0017498833411107029,0.00045675602256856074,0.0005434278367595358,0.1925904358814432,0,0.19784384682952977,0.0
2026-07-06 21:28:00,68.696,4162.57,7550.3,0.0017498833411107029,0.0007669412268174192,0.0006361407461401569,0.17685162648146519,0,0.17442612248855743,0.0
2026-07-06 21:29:00,68.676,4162.82,7550.1,0.0014582361175923264,0.0007668951324997231,0.0006759443339960924,0.18264861199932958,0,0.19446234344330843,0.0
2026-07-06 21:30:00,68.686,4162.07,7549.6,0.0015310362928508958,0.0006611657674813198,0.0006361997667267971,0.18250717735620625,0,0.18400183488174177,0.0
2026-07-06 21:31:00,68.686,4162.76,7549.6,0.001458023503339012,0.0008126211118002491,0.0007157816600833478,0.17218445645559977,0,0.16832843191745245,0.0
2026-07-06 21:32:00,68.666,4162.3,7549.0,0.00094750805381838,0.0007597724529588845,0.0005964609980779745,0.20306705441712197,0,0.2160030007657187,0.0
2026-07-06 21:33:00,68.671,4161.7,7548.5,0.0008015623178267983,0.0004062490234397753,0.0002120075792710896,0.24317580750659928,0,0.2371061917452546,0.0
2026-07-06 21:34:00,68.656,4161.99,7548.1,0.0005829544129649644,0.0003124481756631159,0.00014575327944887917,0.2450673254632884,0,0.24602632438472866,0.0
2026-07-06 21:35:00,68.641,4160.59,7547.0,-0.00021848054066653244,-0.00011535494476166974,-6.624710168934289e-05,0.25713944541132583,0,0.20657084002849196,0.0
2026-07-06 21:36:00,68.616,4160.43,7545.5,-0.0008736676568233959,-0.0003700170832562355,-0.0006225000662234415,0.19277658383909774,0,0.1485757909840858,0.0
2026-07-06 21:37:00,68.626,4159.99,7546.8,-0.0009462666142580067,-0.00039888025182310827,-0.0003443982303228399,0.23101482562739395,0,0.15379215037118543,0.0
2026-07-06 21:38:00,68.631,4159.93,7547.4,-0.0005824875129240015,-0.00035324650358037335,-0.00026492171563308187,0.24725372300631548,0,0.18578337406088136,0.0
2026-07-06 21:39:00,68.626,4159.97,7547.1,-0.000582529927474873,-0.0004445170622466854,-0.00042382421890518884,0.23569136587763362,0,0.15100432191881313,0.0
2026-07-06 21:40:00,68.666,4160.09,7545.3,0.0002913498237333556,-0.0004949365111780457,-0.0006622253420394131,0.19039939560489239,0,0.16208030606835366,0.0
2026-07-06 21:41:00,68.656,4160.29,7547.2,-0.0004367702297412013,-0.00035561792218230526,-0.0004502953407676813,0.23022377634252245,0,0.19459810537101435,0.0
2026-07-06 21:42:00,68.666,4160.45,7546.2,-0.00043670664958661565,-0.0002931515473356683,-0.0003444256040695537,0.23752492186543983,0,0.1952967459222636,0.0
2026-07-06 21:43:00,68.676,4160.33,7546.0,-0.0002911377663910031,-0.0005381290885198009,-0.0005695137941539308,0.21479925835222974,0,0.1626875110735843,0.0
2026-07-06 21:44:00,68.666,4161.13,7547.7,-0.00014561127613732516,-0.00040597479593151853,-0.00031787658441617683,0.2413928990249548,0,0.201437346079043,0.0
2026-07-06 21:45:00,68.671,4162.36,7548.8,-0.00021838511487060064,6.96768675201298e-05,-0.00010596587898703547,0.25461982578210984,0,0.21657178527757465,0.0
2026-07-06 21:46:00,68.706,4162.58,7548.3,0.0002911801531606528,-4.324054233251218e-05,-0.0001721945533538216,0.2470669417076694,0,0.21105716509457534,0.0
2026-07-06 21:47:00,68.711,4162.68,7548.1,0.0006553461684093431,9.129567787047321e-05,-0.00011922108888584582,0.25027948634182406,0,0.22977959821126043,0.0
2026-07-06 21:48:00,68.696,4162.1,7546.7,0.00036405469557743153,9.611456856584155e-05,-0.00023845797178245753,0.2538568725531846,0,0.22474697004713967,0.0
2026-07-06 21:49:00,68.696,4163.39,7546.7,0.0005826147751106792,0.00033637755016235893,-0.000185477139942547,0.2509359148530718,0,0.22567313502239011,0.0
2026-07-06 21:50:00,68.686,4163.72,7544.6,0.0006555848545330978,0.0007522971501638942,-0.0003180071551609487,0.23301929331321114,0,0.1880027346717562,0.0
2026-07-06 21:51:00,68.696,4163.72,7543.3,0.0011659088259297068,0.0007907836449596584,-0.0002915645086475349,0.22289029128092075,0,0.17190089564132377,0.0
2026-07-06 21:53:00,68.696,4164.72,7542.6,0.001020021566170204,0.0011370219639952328,-0.0005565272698362378,0.17475070020136285,0,0.1253752994683699,0.0
2026-07-06 21:54:00,68.696,4163.49,7540.8,0.0009470938788593841,0.0008557836309743827,-0.0008744733285633854,0.11474558720113659,0,0.13489386008118964,0.0
2026-07-06 21:55:00,68.666,4162.23,7538.8,0.0005828694663829737,0.0005432731486043618,-0.001099760172781572,0.07730970262535053,0,0.15352649492059872,0.0
2026-07-06 21:56:00,68.666,4161.7,7538.1,0.0,0.00038701085793801937,-0.0009542364120710412,0.11036371548749235,0,0.16060986668327076,0.0
2026-07-06 21:57:00,68.666,4161.53,7541.4,0.00014565369377761428,0.000298056145124459,-0.0007684969260123298,0.179382160633289,0,0.1884397026575918,0.0
2026-07-06 21:58:00,68.626,4162.43,7541.3,-0.000582529927474873,0.0004759100578064501,-0.0006493334393469219,0.19820300125184487,0,0.16056428251887622,0.0
2026-07-06 21:59:00,68.646,4163.65,7542.4,-0.0004368338284116424,0.0007980136191119147,-0.00047707394646179235,0.2117521370921176,0,0.1959087848450275,0.0
2026-07-06 22:00:00,68.646,4163.24,7543.5,-0.0002912649637374365,0.0005070737996648589,-0.0005564609086211592,0.21709656339130873,0,0.19465221789483406,0.0
2026-07-06 22:01:00,68.636,4163.74,7541.6,-0.0005096765738086262,0.0003315426825167833,-0.0009537939805002171,0.10989935104388104,0,0.1671742363635022,0.0
2026-07-06 22:02:00,68.636,4162.99,7543.7,-0.0010188338718599699,9.849660547067707e-05,-0.0006094087410410953,0.20160607384222512,0,0.1648261667000469,0.0
2026-07-06 22:03:00,68.626,4162.44,7542.7,-0.001237065389821046,-5.765516446154528e-05,-0.0007154118254926178,0.1780146391379469,0,0.12320298990395023,0.0
2026-07-06 22:04:00,68.601,4162.8,7542.1,-0.0013829043903574867,0.0001681843300256336,-0.0006095379437369708,0.1901620722678925,0,0.1538484798557751,0.0
2026-07-06 22:05:00,68.601,4162.32,7543.0,-0.0013829043903574867,-0.00025700210645662747,-0.0004902805199623606,0.20769572544808002,0,0.13614427037054888,0.0
2026-07-06 22:06:00,68.606,4162.0,7543.4,-0.0011647206126432774,-0.0004130921387606179,-0.00015905415794092992,0.2389948255767227,0,0.1613777216881615,0.0
2026-07-06 22:07:00,68.621,4161.59,7543.9,-0.0010917666239664836,-0.0005115617764883673,7.954078453709101e-05,0.23328932417116988,0,0.17930450914970592,0.0
2026-07-06 22:08:00,68.606,4161.45,7544.6,-0.001310119948759847,-0.000785166829943007,0.00026516055471592637,0.22266532968434205,0,0.13626479069870506,0.0
2026-07-06 22:09:00,68.616,4161.65,7545.0,-0.0011645510655642344,-0.00044193693271754597,0.000556970082749908,0.19947851916837733,0,0.14687874273760004,0.0
2026-07-06 22:10:00,68.636,4161.54,7545.1,-0.00043689744560626576,-0.0001657765188372018,0.0008356767655330888,0.16973045057574432,0,0.17831986838936437,0.0
2026-07-06 22:11:00,68.656,4161.63,7543.9,-0.00014563248186860722,-1.6820049498877943e-05,0.0007694246560803197,0.18973949639856652,0,0.20173802067868352,0.0
2026-07-06 22:12:00,68.646,4161.46,7544.9,-0.0002912649637374365,-1.6820736604028497e-05,0.0004641048081257537,0.2279371968457225,0,0.1920764509371743,0.0
2026-07-06 22:13:00,68.646,4161.74,7544.7,0.00029143473319148683,-0.00016576855346528419,0.0004508506490923381,0.22393880228798563,0,0.2000741717114638,0.0
2026-07-06 22:14:00,68.641,4161.0,7545.5,-7.283745593322788e-05,-0.0006364607976173664,0.0004110097581671024,0.22496528105217217,0,0.16821179121577584,0.0
2026-07-06 22:15:00,68.646,4161.01,7545.1,0.0,-0.0005356405107559414,0.0002121031351494107,0.2407754611843262,0,0.20227391982059634,0.0
2026-07-06 22:16:00,68.646,4161.0,7546.6,0.00014569613613857335,-0.0006580622229053201,0.0006629892860932074,0.19569312339884598,0,0.17508686176868138,0.0
2026-07-06 22:17:00,68.661,4161.09,7546.9,0.00036424034034632236,-0.0004564027297686568,0.0004241950236620884,0.22550817324260103,0,0.17203375825390277,0.0
2026-07-06 22:18:00,68.666,4161.4,7546.1,0.0005828694663829737,-0.0002498534513409867,0.00045076696673618244,0.22239166583540743,0,0.16277368669870645,0.0
2026-07-06 22:19:00,68.656,4161.41,7546.9,0.0008017375840003726,-0.0003339098683579067,0.0006364275201866665,0.20413824745689108,0,0.16611210482144445,0.0
2026-07-06 22:21:00,68.656,4161.48,7545.3,0.0008017375840003726,-0.00020181052874357341,0.00030491846745328566,0.23860212905209172,0,0.17761222417168798,0.0
2026-07-06 22:22:00,68.656,4161.07,7545.1,0.0007287992303881552,-0.00022345026429604342,0.00022536256860306025,0.2393305697768074,0,0.18487328669378167,0.0
2026-07-06 22:23:00,68.656,4161.25,7544.9,0.0005100479445070416,-8.169954272285729e-05,0.00013255743050666347,0.23983701513035804,0,0.18634862752426157,0.0
2026-07-06 22:24:00,68.651,4161.77,7544.6,0.0006559193073492064,7.689627413531852e-05,0.0,0.2469160132987197,0,0.18214870951883966,0.0
2026-07-06 22:25:00,68.651,4162.34,7544.1,0.0005100851113442051,0.00016579962274598792,-0.00011928429423457843,0.25370884798375354,0,0.2108741714309259,0.0
2026-07-06 22:26:00,68.646,4162.73,7543.4,0.00014569613613857335,0.0002859518351379098,-0.00022531179175899751,0.2547709656615012,0,0.20665848119323688,0.0
2026-07-06 22:27:00,68.646,4162.69,7543.5,-0.0001456536937777253,0.00025470789089832024,-5.3022972202665386e-05,0.25661693226845855,0,0.20028981648752858,0.0
2026-07-06 22:28:00,68.636,4162.74,7543.1,-0.00014567491186678883,0.00030758435741296,-0.00023857175045383094,0.25402278988891036,0,0.208686023765643,0.0
2026-07-06 22:29:00,68.631,4162.9,7544.4,-0.0002185123678000167,0.0002787295698434278,-3.976301244579261e-05,0.25773301886507416,0,0.19507574982098225,0.0
2026-07-06 22:30:00,68.651,4162.77,7544.5,0.00014568552322935524,0.00042537851478030575,-0.00013252932211249568,0.25633177461126727,0,0.21701155320698906,0.0
2026-07-06 22:31:00,68.656,4163.26,7545.1,0.0001456749118666778,0.000540734100614948,0.0,0.25438036444715734,0,0.21102128099824724,0.0
2026-07-06 22:32:00,68.651,4163.15,7545.1,7.28374559333389e-05,0.0005167027156931514,-0.0001987650067579727,0.2601014131927472,0,0.21041856360121441,0.0
2026-07-06 22:33:00,68.686,4164.05,7544.7,0.0003641077176272933,0.000711352073615279,-0.0002915104214975539,0.2327640607924928,0,0.18694433308239589,0.0
2026-07-06 22:34:00,68.706,4164.44,7545.3,0.000582529927475095,0.0007305233815542156,-0.00010601502763019077,0.24550852470896506,0,0.17710011317294538,0.0
2026-07-06 22:35:00,68.696,4164.65,7545.1,0.0005826147751106792,0.0007785822593784353,-0.000238508526679726,0.23935269497287565,0,0.17954189406845733,0.0
2026-07-06 22:37:00,68.676,4164.26,7544.3,0.00029130738755522856,0.0006680315656930613,-0.00013253283500991309,0.24282409019026663,0,0.20123528482631936,0.0
2026-07-06 22:39:00,68.666,4163.77,7544.6,0.00014565369377761428,0.0006488715642853915,-6.626817404675744e-05,0.24884713210232628,0,0.18785928100078547,0.0
2026-07-06 22:40:00,68.641,4163.61,7544.7,-0.00021848054066653244,0.0005671372784619155,-2.650797227266022e-05,0.25184828921621494,0,0.215751832746003,0.0
2026-07-06 22:41:00,68.641,4163.7,7545.4,-0.0001456643020493198,0.00046374499311574446,0.00010603610529380525,0.2530308023925949,0,0.20254773353528077,0.0
2026-07-06 22:42:00,68.636,4163.45,7545.9,-0.00021849645307425725,0.0002666769173107486,0.00023859704934969805,0.24990777553843735,0,0.18482893387389016,0.0
2026-07-06 22:44:00,68.636,4162.99,7545.7,-0.00014567491186678883,6.245901127388542e-05,0.0003049022986982841,0.2422466641057925,0,0.1939582215954,0.0
2026-07-06 22:45:00,68.621,4163.4,7545.5,-0.00036418727966680553,0.0001705627851220637,0.0002651289189368189,0.24933510894544364,0,0.20038714623500087,0.0
2026-07-06 22:46:00,68.616,4163.21,7545.2,-0.00029139227227692466,0.0001129064029943283,0.00027840012726865204,0.2464170818785904,0,0.20824206091487502,0.0
2026-07-06 22:47:00,68.616,4163.28,7544.9,-0.00021856012589061002,9.128251939749532e-05,6.627432267647393e-05,0.2531297560936371,0,0.2190846098210732,0.0
2026-07-06 22:48:00,68.616,4163.53,7543.4,-0.0005098250571732299,0.00018257074015592956,-0.00014580157730803567,0.25478918908088577,0,0.1987268045913128,0.0
2026-07-06 22:49:00,68.636,4163.33,7543.8,-0.0002913073875554506,1.6813746919419614e-05,-0.00017229725252154715,0.2554117447103432,0,0.20822901071749622,0.0
2026-07-06 22:50:00,68.631,4163.82,7543.5,-0.00029132860409897265,0.0001609358298404473,-0.0002120581569495794,0.2546643846636007,0,0.2130667468361962,0.0
2026-07-06 22:51:00,68.636,4164.18,7543.5,-0.0007279503829020761,3.121960591245809e-05,-0.00015905204978328147,0.25193895200284155,0,0.16172627137766832,0.0
2026-07-06 22:52:00,68.636,4164.22,7543.4,-0.0010188338718599699,-5.2828231406731874e-05,-0.00025181238651883486,0.2437759203597359,0,0.13750696760851988,0.0
2026-07-06 22:54:00,68.586,4164.43,7544.6,-0.00160125771515085,-5.2825567574577015e-05,-6.626817404675744e-05,0.23492369619881875,0,0.08833714429659045,0.0
2026-07-06 22:55:00,68.586,4163.55,7544.1,-0.0013105014852350383,-0.00017049847992200995,-2.6510080458064245e-05,0.2371279772478429,0,0.12926863608638767,0.0
2026-07-06 22:56:00,68.581,4163.94,7544.9,-0.0012378760958843271,4.082838389218857e-05,3.97635394850937e-05,0.23949972603257885,0,0.14800495647909917,0.0
2026-07-06 22:57:00,68.576,4164.2,7545.2,-0.0009469559009922524,0.00014170395402079983,6.627168740980238e-05,0.24625796808917078,0,0.17282370845401795,0.0
2026-07-06 22:58:00,68.571,4164.89,7545.6,-0.001019798662607041,0.00028580349208651157,2.6506215707655656e-05,0.2449217554548086,0,0.18032814232256905,0.0
2026-07-06 22:59:00,68.591,4164.89,7545.5,-0.000655632612623136,0.0003458670093312577,-5.3008918750485634e-05,0.25478977746132925,0,0.21170221739642675,0.0
2026-07-07 00:00:00,68.642,4166.42,7548.4,8.741768168318842e-05,0.0008239270332142112,0.0003578196853837312,0.2273148604823625,0,0.1529878540409757,0.0
2026-07-07 00:01:00,68.631,4166.75,7547.6,0.0001457279841448056,0.0008046308305713623,0.0002783115764364297,0.23586461573581696,0,0.17730412957863173,0.0
2026-07-07 00:02:00,68.642,4166.82,7546.5,0.000378920368427238,0.0008671193622227236,0.00017229496898685248,0.23298509670487677,0,0.16976824603102536,0.0
2026-07-07 00:03:00,68.647,4164.37,7546.8,0.0004517896700479973,0.0002618128014451049,0.0002518257365904386,0.24156106292013158,0,0.19708493898697788,0.0
2026-07-07 00:04:00,68.646,4164.6,7547.4,0.0004372158097236678,0.0002569934646803329,0.0005302648673011223,0.21808195846633377,0,0.1707749224555497,0.0
2026-07-07 00:05:00,68.647,4165.92,7545.9,0.00016026574975236407,0.0006220981762194988,0.00027837429412236325,0.2380434415182941,0,0.2027630661804266,0.0
2026-07-07 00:06:00,68.652,4165.75,7545.5,0.00030598417624694285,0.00046351667459210155,0.0002651289189368189,0.24574946734162684,0,0.19964899323981472,0.0
2026-07-07 00:07:00,68.672,4166.15,7545.3,0.0005245060900984644,0.00047308233553766676,0.0002386160270431148,0.24175426743990802,0,0.20664990845142805,0.0
2026-07-07 00:08:00,68.661,4165.99,7545.7,0.00036424034034632236,0.00042504958911870894,0.0003049022986982841,0.24300375303398458,0,0.1953188763483138,0.0
2026-07-07 00:11:00,68.631,4165.68,7548.0,0.000656110576502611,0.0003001611264927817,0.00045065344749883884,0.22480721050544433,0,0.18148761020164506,0.0
2026-07-07 00:13:00,68.642,4165.32,7547.7,0.0008164931618697135,0.00042511798825506375,0.00047719409869961815,0.22129167195265237,0,0.1745857223063711,0.0
2026-07-07 00:14:00,68.631,4165.98,7548.0,0.0007290649013573791,0.0004899206040431814,0.0004108735702263999,0.23385144851229883,0,0.18841623084662124,0.0
2026-07-07 00:15:00,68.641,4166.53,7548.8,0.0009478534764351121,0.0005595312424955257,0.0004771245295023263,0.2161239743977469,0,0.15879835241344392,0.0
2026-07-07 00:16:00,68.651,4166.84,7549.0,0.0011666739583788832,0.00046819964032662753,0.00045059372349443017,0.2166104224569136,0,0.16362481901672132,0.0
2026-07-07 00:20:00,68.656,4166.86,7549.5,0.0009476461926494206,0.00047300168791952757,0.0005301172884499827,0.21226164130204633,0,0.1919726987842051,0.0
2026-07-07 00:21:00,68.661,4166.94,7549.8,0.00027679846158346066,0.00012480738859732554,0.00018546976842781504,0.24793570420244537,0,0.20666065659796368,0.0
2026-07-07 00:22:00,68.662,4165.82,7550.1,0.0004516909268408309,-0.00022319553608929343,0.0003312311198262474,0.23643211019954785,0,0.19036391159155647,0.0
2026-07-07 00:23:00,68.656,4165.7,7550.1,0.00020395676116669037,-0.0002687901085239863,0.00047704233750756053,0.22210595527141258,0,0.1677269472224595,0.0
2026-07-07 00:24:00,68.671,4165.59,7549.7,0.0003496146954711232,0.0002929614803679481,0.0003842688291726404,0.23998371157019488,0,0.21705828143794376,0.0
2026-07-07 00:25:00,68.681,4165.44,7548.8,0.0005098621915333723,0.00020170004322128676,0.00018549434242265406,0.24582182425772836,0,0.20461752828306934,0.0
2026-07-07 00:27:00,68.661,4165.28,7548.6,0.00020394190569139603,-0.0001536275300534351,0.00035781020156644416,0.23877674601468502,0,0.19063577754273597,0.0
2026-07-07 00:28:00,68.651,4165.38,7548.6,-1.4566218027201039e-05,-8.881954029882344e-05,0.00041084089854881434,0.2370415286283699,0,0.18143137283598432,0.0
2026-07-07 00:29:00,68.666,4166.07,7548.2,-8.73718546132718e-05,-1.920238109520689e-05,0.0003843452215286369,0.23753203595522393,0,0.2076124686714253,0.0
2026-07-07 00:30:00,68.671,4166.17,7547.9,0.00014564308705100615,4.320701681970185e-05,0.00029155678068293334,0.24222439407718394,0,0.21166296685603864,0.0
2026-07-07 00:31:00,68.666,4166.95,7548.7,0.0005099736270781641,0.00030487219373531715,9.273979862212123e-05,0.2506095938179746,0,0.22169740229413232,0.0
2026-07-07 00:32:00,68.671,4167.63,7550.0,0.0004224818624167792,0.0005545792400105665,0.0003047285928163834,0.23660683847119313,0,0.20326300306292672,0.0
2026-07-07 00:41:00,68.681,4167.55,7549.2,0.0007285337529687741,0.00037686210687537525,0.00015898251192369983,0.24745806717927715,0,0.20165322476171355,0.0
2026-07-07 00:44:00,68.691,4167.17,7548.4,0.0007284276161476644,0.00015360503824535243,-5.298855447233297e-05,0.25178161298442603,0,0.1957935316824423,0.0
2026-07-07 00:45:00,68.701,4167.09,7546.7,0.0007283215102473761,5.9997504103792565e-05,-0.00030467611604190203,0.24250384997271918,0,0.18297071800319514,0.0
2026-07-07 00:47:00,68.691,4166.57,7545.4,0.000509787928221872,-6.959677070983439e-05,-0.0005430823233326665,0.21958820172874016,0,0.17085397755096965,0.0
2026-07-07 00:48:00,68.686,4166.42,7545.5,0.0003641077176272933,-0.00012479181365687708,-0.0005695515112983385,0.2201051092777776,0,0.1634790211051399,0.0
2026-07-07 00:49:00,68.686,4165.74,7545.9,0.00034953831813822056,-1.9203902232867165e-05,-0.0005562840227282262,0.21825282645033622,0,0.1739228218033222,0.0
2026-07-07 00:50:00,68.701,4165.48,7545.8,0.0006554416219992643,-5.281225244258003e-05,-0.0005695288804121734,0.2170740765498429,0,0.1640314555096425,0.0
2026-07-07 00:51:00,68.716,4164.8,7545.3,0.0006552984520391547,-0.0001896490053029387,-0.0005828046147529076,0.21906758372129753,0,0.1516243745821172,0.0
2026-07-07 00:53:00,68.721,4164.84,7544.4,0.0005824027023486611,-0.0001440424060842327,-0.0005828740991946635,0.21944343969014096,0,0.16651257537596953,0.0
2026-07-07 00:54:00,68.701,4164.67,7544.7,0.0005825723482033585,-0.0001464487381399593,-0.0005166520944281938,0.22538346924310637,0,0.17129973349879773,0.0
2026-07-07 00:55:00,68.711,4164.19,7543.7,0.000873985812297029,-0.00028568822052266185,-0.0006491269904354002,0.18788400455523036,0,0.1209959507259013,0.0
2026-07-07 00:56:00,68.691,4164.96,7543.3,0.00036408120467190663,-0.0002664381539435601,-0.000649161389470243,0.19651572850820026,0,0.16299778185158342,0.0
2026-07-07 00:57:00,68.711,4164.43,7544.5,0.0005824875129238904,-0.0004176497838541682,-0.00045045641834151606,0.23457832426965475,0,0.166094894882933,0.0
2026-07-07 00:59:00,68.746,4164.2,7544.1,0.001165059854949968,-0.0006599551230516143,-0.0006093764489248921,0.1920078456375589,0,0.07250829387424484,0.0
2026-07-07 01:00:00,68.731,4164.11,7545.5,0.0008737312693858357,-0.0008446047273871216,-0.0005960264900661816,0.20210987669691893,0,0.06712459239442625,0.0
2026-07-07 01:01:00,68.721,4164.86,7545.9,0.0005824027023486611,-0.0006454631618098006,-0.00043713241138132464,0.23395183805297493,0,0.13861537805214663,0.0
2026-07-07 01:02:00,68.691,4164.7,7546.9,0.0,-0.0005927283984095144,-0.00019871760902967495,0.25352040043152696,0,0.16113603149421313,0.0
2026-07-07 01:03:00,68.686,4164.8,7546.1,-0.0002183374332249688,-0.0005495441663126988,-7.950494918296247e-05,0.2512654965014899,0,0.15413021832975227,0.0
2026-07-07 01:04:00,68.696,4164.92,7547.0,7.278973955826551e-05,-0.0003960091874131155,0.00021204972566080116,0.24544922357134552,0,0.13410014200645676,0.0
2026-07-07 01:05:00,68.681,4164.63,7547.1,-7.279503829038525e-05,-0.0004296254338256311,0.00021204691538012632,0.24174399439585254,0,0.13232805062780517,0.0
2026-07-07 01:07:00,68.676,4163.29,7547.1,-0.00014559007658043743,-0.0005881308002899654,0.000159026756251901,0.2430207191154321,0,0.12968164194806214,0.0
2026-07-07 01:08:00,68.681,4163.25,7546.9,-0.00029111657763347676,-0.000535352468382877,0.00014577645842717146,0.24463210326350232,0,0.12057717251597333,0.0
2026-07-07 01:09:00,68.686,4164.13,7546.1,-0.0004365795447929255,-0.00016087207068771203,0.00010602626800793047,0.2508878662882766,0,0.1738990670634803,0.0
2026-07-07 01:10:00,68.696,4164.01,7546.7,-0.00036378981679552336,-0.0001992873675819018,0.00030486188431155803,0.2436495953053281,0,0.16386761892954999,0.0
2026-07-07 01:11:00,68.691,4164.06,7546.4,-0.00014555828881657185,-0.0001464701885142139,0.00022532373719297283,0.2439429654994456,0,0.17986618469228532,0.0
2026-07-07 01:13:00,68.696,4164.55,7546.0,-0.00021830565702729565,8.645138670448915e-05,0.0003048901732571885,0.24161649370805083,0,0.17075356491946353,0.0
2026-07-07 01:15:00,68.666,4163.92,7545.4,-0.0003639486977916606,-0.00024970227805309886,0.0002783927458804847,0.24319281425072303,0,0.15878086032813649,0.0
2026-07-07 01:16:00,68.656,4164.2,7544.1,-0.0008004540757664547,-5.52296472747793e-05,-5.30187553846595e-05,0.24511048255003887,0,0.13249928952705786,0.0
2026-07-07 01:17:00,68.711,4164.11,7544.3,-0.0005091205306489988,-2.1612794774528155e-05,2.6510783261102233e-05,0.25280184996692556,0,0.16131858932316334,0.0
2026-07-07 01:18:00,68.876,4164.33,7543.1,0.0021096739462542757,5.283241797182647e-05,-0.00031807037306996744,0.21076363162117684,0,0.01702217777648307,0.0
2026-07-07 01:19:00,68.831,4164.5,7542.2,0.0016006751938999475,-8.643747929093504e-05,-0.0004903324984428803,0.2094278519380502,0,0.04553289447150788,0.0
2026-07-07 01:20:00,68.816,4163.81,7542.0,0.001819743488957748,-0.0002137008668089413,-0.0006492732115173094,0.1685857657457805,0,0.027157428303386744,0.0
2026-07-07 01:21:00,68.811,4163.78,7542.3,0.0018198759572547463,-0.0002449097195544869,-0.0005035713812433507,0.20226016807292574,0,0.04838616103729043,0.0
2026-07-07 01:22:00,68.826,4163.63,7542.3,0.001892395481541742,-0.0003097298387484404,-0.0006227640121903022,0.1736395083670979,0,0.0162446711894475,0.0
2026-07-07 01:23:00,68.816,4163.98,7542.5,0.001965609120426315,-0.0001560762900907342,-0.0006095056379271657,0.18269619697495487,0,0.03660027167401747,0.0
2026-07-07 01:24:00,68.822,4163.73,7543.4,0.0021259246316034375,0.00010568564764867894,-0.0004902545348545173,0.1954667442737592,0,0.004847453130328527,0.0
2026-07-07 01:25:00,68.791,4163.62,7542.5,0.0016016074314584294,8.88728757582058e-05,-0.0005830208429951078,0.19740972908189913,0,0.05555209178018783,0.0
2026-07-07 01:26:00,68.781,4163.58,7543.0,0.001383105727513545,-0.0001320804105540141,-0.0004108082320669615,0.22267146180976266,0,0.12765440991082716,0.0
2026-07-07 01:27:00,68.792,4163.76,7543.1,0.0013974612786771257,-6.003828040757053e-05,-0.00047702969509844095,0.21576508094709923,0,0.13086044253814916,0.0
2026-07-07 01:28:00,68.781,4163.36,7542.5,0.0013102153120496673,-0.0001681051665923805,-0.0005168027138767739,0.2152800219669515,0,0.1368251860352605,0.0
2026-07-07 01:29:00,68.791,4163.09,7542.3,0.0013829043903574867,-0.0003505780936715608,-0.0004903260005300059,0.2133769129541604,0,0.1201390107009147,0.0
2026-07-07 01:30:00,68.811,4163.53,7542.5,0.0021116709870971917,-9.366174182023901e-05,-0.0003843401277598968,0.20021376107312466,0,0.0567110247303918,0.0
2026-07-07 01:31:00,68.812,4163.23,7542.5,0.0022721976229316265,-0.00023293789923639618,-0.00021208626608881787,0.2194368904053572,0,-0.0009866879883212443,1.0
2026-07-07 01:32:00,68.811,4163.1,7541.9,0.0014553710468485637,-0.0002425488279607091,-0.000318120965497215,0.2284462340799664,0,0.11797698610475832,0.0
2026-07-07 01:34:00,68.801,4164.56,7541.4,-0.0010889134096057074,5.5230973529996064e-05,-0.0002253715315985172,0.24412051075329205,0,0.11446218761237842,0.0
2026-07-07 01:35:00,68.811,4164.01,7541.9,-0.0002905667504466969,-0.0001176611838155095,-3.977619262285348e-05,0.25762226602571825,0,0.17412736203085483,0.0
2026-07-07 01:37:00,68.791,4163.09,7541.7,-0.00036328760753323586,-0.0001729185529599775,-3.977724741455191e-05,0.2576612701711674,0,0.1695408794412554,0.0
2026-07-07 01:38:00,68.781,4163.17,7541.2,-0.00043597680603391087,-0.00014650149623651743,-0.00014584410590934294,0.25723142271445215,0,0.16388217328839094,0.0
2026-07-07 01:39:00,68.781,4163.06,7540.9,-0.0006538226832880634,-0.00013689977255415542,-0.00018561977115738593,0.2504333783721288,0,0.14106311952754813,0.0
2026-07-07 01:40:00,68.786,4161.32,7540.9,-0.000435945129039772,-0.0006388119059168584,-0.0002121312562147759,0.24631927479916554,0,0.11326576985309394,0.0
2026-07-07 01:41:00,68.771,4161.51,7540.1,-0.0007410421086281316,-0.0005331757822911731,-0.00043746851552339816,0.2272013631452134,0,0.11850799593516326,0.0
2026-07-07 01:43:00,68.786,4162.02,7540.5,-7.268392667636459e-05,-0.0003842809862569796,-0.00026516407026844213,0.24620608000585864,0,0.15070426967865697,0.0
2026-07-07 01:44:00,68.776,4161.92,7539.6,-7.269449411917428e-05,-0.0003986953535178861,-0.0004507490388439006,0.2316673321214956,0,0.1569383444645659,0.0
2026-07-07 01:45:00,68.781,4161.73,7538.9,-0.00015990231422247092,-0.00048754010797946723,-0.0005568002545373041,0.2138701380071919,0,0.1348826339308185,0.0
2026-07-07 01:47:00,68.771,4161.84,7538.3,-0.00014538898823812652,-0.00036508973521376387,-0.0005568445475637729,0.21433284731184127,0,0.1476452866219024,0.0
2026-07-07 01:48:00,68.796,4161.84,7538.1,7.268392667669765e-05,-0.0003002577412450913,-0.0005568593134720468,0.21863644459037274,0,0.13933594758749335,0.0
2026-07-07 01:49:00,68.776,4163.25,7537.6,-0.0005086396070397292,-6.725062627144229e-05,-0.0006496519721577165,0.19994814354208063,0,0.13563832933781267,0.0
2026-07-07 01:50:00,68.766,4163.36,7536.6,-0.0006684880544089999,3.122575500280611e-05,-0.0007822340072919376,0.16936387743964665,0,0.061498865368676325,0.0
2026-07-07 01:51:00,68.771,4162.23,7536.4,-0.0005813024080453255,-0.00020897888592652514,-0.0007292592052400293,0.1835916030027821,0,0.11990827799416609,0.0
2026-07-07 01:52:00,68.766,4162.31,7536.3,-0.0005087135361404593,-0.0005402731621108048,-0.0006762670061261078,0.18682676024146305,0,0.11313055352671675,0.0
2026-07-07 01:53:00,68.756,4162.3,7535.8,-0.0007992908110623365,-0.00041066183798788014,-0.0008088147549025759,0.15463243784975322,0,0.07742635077154558,0.0
2026-07-07 01:54:00,68.751,4161.75,7535.9,-0.0005814714134114718,-0.0003218762986147983,-0.0007690573743320828,0.17290538762771218,0,0.1083114146889751,0.0
2026-07-07 01:55:00,68.751,4161.03,7535.2,-0.0004361669647141575,-0.000514031375130064,-0.000795629342810189,0.15994712982564785,0,0.08672580793675622,0.0
2026-07-07 01:57:00,68.746,4156.95,7535.0,-0.0005088614588332208,-0.0014676704155117681,-0.0007823999787823777,0.14264685701026197,0,-0.01195197605981535,1.0
2026-07-07 01:58:00,68.741,4157.32,7535.1,-0.000654202890122968,-0.0009612334547691725,-0.0007691389621927724,0.16506673761790136,0,0.02934259910611725,0.0
2026-07-07 02:00:00,68.726,4155.99,7537.0,-0.0006543455817132893,-0.0013264416041294247,-0.0004111351308339062,0.20302572889092618,0,-0.014860935270942677,1.0
2026-07-07 02:01:00,68.716,4155.67,7537.0,-0.0010176489401914068,-0.0015257014622708231,-0.0004641602015781343,0.18467484125554068,0,-0.034893656831961106,1.0
2026-07-07 02:02:00,68.711,4155.86,7536.7,-0.0009450971269047148,-0.0014560587421190707,-0.00038463578969716306,0.19313696896310523,0,-0.008344525779462653,1.0
2026-07-07 02:03:00,68.741,4156.32,7537.9,-0.000581555952952173,-0.0012999401691122792,-0.00013264534613799395,0.22614076719912185,0,0.002752569020844642,0.0
2026-07-07 02:04:00,68.746,4156.32,7537.3,-0.00036352532317407427,-0.0013263364281184131,-0.0001326559038510311,0.2232951948904779,0,0.008927554539075011,0.0
2026-07-07 02:05:00,68.766,4157.92,7538.5,-0.00043607186464333925,-0.0009418910866347829,5.306376938474244e-05,0.23806322229717042,0,0.08418178214081218,0.0
2026-07-07 02:06:00,68.841,4157.18,7537.0,0.0009450971269047148,-0.001457995556356173,-7.96009339842918e-05,0.21561176401153953,0,0.013543791153293738,0.0
2026-07-07 02:07:00,68.841,4156.63,7540.0,0.0010906552656835267,-0.0016164828407823073,0.0004511318100999251,0.15914401338274192,0,-0.029629594674632886,1.0
2026-07-07 02:08:00,68.836,4156.61,7538.3,0.0009451658402523933,-0.0013502377331382487,0.000252109760628505,0.20676288610870214,0,0.004662143651313011,0.0
2026-07-07 02:09:00,68.841,4156.48,7538.6,0.0010906552656835267,-0.001400664534837781,0.000305189549248297,0.19707235277941382,0,0.013845458328982319,0.0
2026-07-07 02:10:00,68.831,4157.95,7537.8,0.0010908138926057909,-0.0010450952598324292,0.0002653998248360878,0.21988509228225028,0,0.08200377022803385,0.0
2026-07-07 02:11:00,68.851,4155.01,7536.5,0.0014545242978283301,-0.0016195110230070586,7.961889090890573e-05,0.19249163199170033,0,-0.018016030626960555,1.0
2026-07-07 02:12:00,68.876,4153.5,7536.6,0.0018181553722855792,-0.0018096480919387314,0.00018579467034718355,0.16588178139505727,0,-0.02935608185778127,1.0
2026-07-07 02:13:00,68.871,4154.61,7535.8,0.0018182876094610112,-0.0005629127124454625,0.00010617120106171107,0.21991522566053345,0,0.07870326150578699,0.0
2026-07-07 02:14:00,68.881,4156.0,7536.4,0.002036630249778071,-0.0003175122434644351,0.00017252591206484702,0.21151111101549153,0,0.08787463924516681,0.0
2026-07-07 02:15:00,68.856,4155.49,7536.8,0.0018915694205976497,-0.00012030827793141352,-2.6535756932455357e-05,0.2255399794175777,0,0.12159030770044332,0.0
2026-07-07 02:16:00,68.851,4153.74,7538.2,0.001964607951568942,-0.00046442571234006635,0.00015921454159473214,0.21095220325219222,0,0.10300882198841455,0.0
2026-07-07 02:17:00,68.886,4152.11,7537.6,0.002546899331984598,-0.0009023403098276095,0.00011941565937356735,0.2043952969953085,0,0.020956490523072357,0.0
2026-07-07 02:18:00,68.881,4153.52,7537.2,0.002036630249778071,-0.0006736728644568535,-9.286406028197192e-05,0.22017986777823467,0,0.09438230651785051,0.0
2026-07-07 02:19:00,68.866,4156.83,7539.2,0.0017455561050825352,0.00012270470031183756,0.0002520796571716666,0.21928137269838915,0,0.15182312589269042,0.0
2026-07-07 02:20:00,68.891,4158.13,7540.4,0.0018177587761394332,5.0506022241991744e-05,0.0002520395304104195,0.21490783410678427,0,0.1417172111987679,0.0
2026-07-07 02:21:00,68.841,4159.1,7542.4,0.0,0.00046185154359457137,0.0007164654371765167,0.21125975180146506,0,0.11617944551417958,0.0
2026-07-07 02:22:00,68.831,4157.65,7542.6,-0.00014526227103017764,0.00024539109807686366,0.00034482758620701937,0.23888657810043645,0,0.1860216200686654,0.0
2026-07-07 02:23:00,68.846,4157.57,7543.4,0.00014527282236054262,0.00023095743887457942,0.0006765451096399921,0.21149308973110909,0,0.1477028475104733,0.0
2026-07-07 02:24:00,68.826,4158.67,7542.9,-0.000217893406545544,0.0005268881361153444,0.0005703976865729654,0.21869380216224843,0,0.09277596037807123,0.0
2026-07-07 02:25:00,68.811,4159.8,7544.8,-0.0002905667504466969,0.00044493079522367474,0.0009286529226033569,0.16276426782079295,0,0.06244581385271597,0.0
2026-07-07 02:26:00,68.811,4159.67,7543.4,-0.0005809646918707445,0.0011215376136277655,0.0009155443508259697,0.15148351549758032,0,-0.02444643410470415,1.0
2026-07-07 02:27:00,68.801,4157.42,7541.8,-0.0010889134096057074,0.0009437823522331357,0.0006899662977999377,0.18774935159294054,0,-0.01181222089748013,1.0
2026-07-07 02:28:00,68.801,4158.65,7539.9,-0.001016392966560531,0.0009724137765037,0.0005440696409140244,0.19710515722506955,0,0.02617980278249943,0.0
2026-07-07 02:29:00,68.756,4159.74,7540.3,-0.0018147239441935747,0.0008999037536092658,0.0005174884560268378,0.18646484034580968,0,-0.024557912302867746,1.0
2026-07-07 02:30:00,68.741,4161.28,7539.7,-0.0016701522016961956,0.0013933374884791405,0.0003847786859143554,0.18985877382737548,0,-0.04083834023240407,1.0
2026-07-07 02:31:00,68.756,4160.18,7540.1,-0.0013797911431933096,0.0015504099919592118,0.0002520495609033002,0.19506287240343134,0,-0.006066105976451741,1.0
2026-07-07 02:32:00,68.766,4160.17,7540.3,-0.0017420085358417214,0.0019411817124306285,0.0003582042029293131,0.139222981078378,0,-0.04218439577416333,1.0
2026-07-07 02:33:00,68.776,4159.13,7538.9,-0.0015243681131227316,0.0013506616075038558,0.00022554794884044327,0.20301049708689706,0,0.015076760757892216,0.0
2026-07-07 02:34:00,68.801,4156.56,7537.6,-0.0009438619928556768,-6.495334184930535e-05,-0.00021222410865862074,0.2457476910114405,0,0.18523941834049173,0.0
2026-07-07 02:35:00,68.791,4156.49,7536.6,-0.0014515684196776402,-0.0003944080632400926,-0.0005039520449842128,0.20145460482604688,0,0.1155738714263439,0.0
2026-07-07 02:36:00,68.786,4154.23,7536.8,-0.0007989424906668097,-0.001170926402346839,-0.0007424692405599842,0.1561964530431355,0,0.05432672626953072,0.0
2026-07-07 02:37:00,68.811,4151.27,7534.6,-0.0002905667504466969,-0.0015345207028006902,-0.0010606422188634834,0.07260147615001411,0,-0.043461160759778794,1.0
2026-07-07 02:38:00,68.786,4152.68,7534.9,-0.0008715103273974067,-0.0011761678095616457,-0.0011268128430150792,0.06713531330517308,0,-0.005253994537030349,1.0
2026-07-07 02:39:00,68.816,4150.98,7535.4,-0.00014529392961948329,-0.0018491488865431949,-0.0009943125323151891,0.07314617455247618,0,-0.015316415269496786,1.0
2026-07-07 02:40:00,68.821,4150.44,7534.8,0.0001453256020111926,-0.0022501081782779764,-0.0013254161806807163,0.0012074784353324208,0,-0.06802530632622061,1.0
2026-07-07 02:41:00,68.816,4149.71,7534.9,7.266280100548528e-05,-0.0023944207112583937,-0.0011268128430150792,0.012870759001239795,0,-0.0555465693873608,1.0
2026-07-07 02:42:00,68.831,4149.59,7534.6,0.0004360401738348063,-0.0018833795959993793,-0.0009546792542893812,0.07618710437631859,0,0.032215350626194295,0.0
2026-07-07 02:43:00,68.806,4149.77,7536.1,7.267336230576404e-05,-0.0021353083332329437,-0.0005039854639981023,0.13768367645279445,0,0.054415990715026674,0.0
2026-07-07 02:44:00,68.841,4149.61,7536.6,0.0012362557449530076,-0.00243524835686848,-0.0004906966566317061,0.1105950410396016,0,0.009770977232609002,0.0
2026-07-07 02:45:00,68.821,4149.46,7536.7,0.0011637887141588976,-0.002840472162411456,-0.00039789381540378255,0.08568303106814013,0,0.0058904939510070475,0.0
2026-07-07 02:46:00,68.791,4148.55,7536.3,0.0005090464832160357,-0.002795552115533506,-0.0005039720958608385,0.08680421182159626,0,0.00876652063711958,0.0
2026-07-07 02:47:00,68.801,4147.65,7537.3,0.0005089724573190679,-0.0030094924005510393,-0.0003978621540257077,0.08623481482752626,0,0.000737182286498661,0.0
2026-07-07 02:48:00,68.781,4151.85,7538.5,7.26997789928241e-05,-0.0017503660621330797,-5.3058138455130965e-05,0.20168540805716095,0,0.1122699284019516,0.0
2026-07-07 02:49:00,68.806,4150.67,7537.2,7.267336230576404e-05,-0.001417037165348356,-5.306728932297222e-05,0.22043430525816893,0,0.12641147764560645,0.0
2026-07-07 02:50:00,68.766,4151.65,7537.3,-0.000363419633382156,-0.0011644440381187726,9.288007855001723e-05,0.22365845461612077,0,0.16131173204877836,0.0
2026-07-07 02:51:00,68.796,4151.65,7537.0,0.00014537842002737555,-0.000621053721146847,2.6536461097625974e-05,0.24274426410924232,0,0.21116121736382165,0.0
2026-07-07 02:52:00,68.796,4152.59,7538.2,-0.00021798840301701095,0.0003179749811503818,0.00047779576885287334,0.22751191506240614,0,0.19669414204716323,0.0
2026-07-07 02:53:00,68.801,4152.63,7538.0,0.0002180676300409523,-1.2040417272762838e-05,0.0004114188642185823,0.23416503663316807,0,0.20998151483466732,0.0
2026-07-07 02:54:00,68.801,4152.98,7538.4,-0.00021797256451994151,0.00048181393309532083,0.00039812086949608805,0.24073583410306915,0,0.20495310788542637,0.0
2026-07-07 02:55:00,68.826,4151.22,7537.7,7.265224277475113e-05,0.00018793188192112176,0.00038488081966336907,0.24212063582799015,0,0.2141953889742917,0.0
2026-07-07 02:56:00,68.871,4149.07,7536.1,0.0007992327365726748,-0.00015422764482342366,0.00015925891518153712,0.247472326712734,0,0.2005654096090257,0.0
2026-07-07 02:57:00,68.851,4149.76,7535.7,0.0002905667504466969,4.0967902853017435e-05,0.00014599315159391502,0.24456961963378188,0,0.23014036894843537,0.0
2026-07-07 02:58:00,68.851,4149.4,7535.1,0.0006540127314478283,-8.916156799065877e-05,-0.00013269462984832892,0.2487682259590887,0,0.20945880994988325,0.0
2026-07-07 02:59:00,68.866,4145.96,7534.6,0.0003631556775760547,-0.0008796007335628575,-0.00026537165300000165,0.23245319292801647,0,0.1729699660860285,0.0
2026-07-07 03:00:00,68.801,4145.15,7536.1,-0.0002906089710988935,-0.001038689371629209,-7.961043958226721e-05,0.24231617447872889,0,0.15727500007166162,0.0
2026-07-07 03:01:00,68.916,4143.86,7534.6,0.001817098166911446,-0.0011305154813128215,-0.0002255748842270311,0.21123609609529498,0,0.09658046037565204,0.0
2026-07-07 03:02:00,68.891,4143.89,7533.9,0.0013081205215041969,-0.000906537436861643,-0.0004510899128336021,0.21526216652698948,0,0.148092465004521,0.0
2026-07-07 03:03:00,68.781,4147.08,7535.3,0.0,-0.0011488854366127343,-0.0004244876301651157,0.2196847296916773,0,0.1764553996665738,0.0
2026-07-07 03:04:00,68.826,4147.46,7534.6,0.0002906723250879484,-0.0007733691187206126,-0.00034495568646175645,0.23138539385447715,0,0.19219582656057982,0.0
2026-07-07 03:05:00,68.826,4146.28,7535.2,0.0008725242125466881,-0.0012934616357351825,-0.00027861435792664313,0.22067616273314727,0,0.14289538793919043,0.0
2026-07-07 03:06:00,68.796,4145.81,7536.6,0.0,-0.0014066696373729037,-5.307151386491071e-05,0.22146023303963858,0,0.15564377806402152,0.0
2026-07-07 03:07:00,68.781,4140.05,7535.8,-0.0002180359323216141,-0.0030198020994126606,-0.00031837839271975366,0.08778721648949916,0,0.010831037028196544,0.0
2026-07-07 03:08:00,68.781,4140.78,7536.8,-0.0002906934492230562,-0.0028536132523244717,-0.00015919342000525472,0.09426171457867139,0,0.01999433594897837,0.0
2026-07-07 03:09:00,68.766,4141.5,7536.4,-0.0005087135361404593,-0.0027642801072963463,-0.00026530828823090324,0.11117348574428931,0,0.008573146058017955,0.0
2026-07-07 03:10:00,68.736,4138.76,7535.5,-0.0013076453665764598,-0.0030015272618652,-0.0002918662191384591,0.0807357469232266,0,-0.009102117149610955,1.0
2026-07-07 03:11:00,68.726,4139.17,7535.5,-0.002105385430732798,-0.0023860768798790177,-7.961677790901955e-05,0.11656241009070645,0,-0.0071506140328923,1.0
2026-07-07 03:12:00,68.721,4140.55,7535.8,-0.001888135248580225,-0.0022194054595928714,1.3270167336765226e-05,0.11988233999394415,0,0.012553120597666334,0.0
2026-07-07 03:13:00,68.731,4141.11,7535.2,-0.0017428940756125666,-0.001997879211452225,1.327122400485159e-05,0.14406659538558508,0,0.0377686517456719,0.0
2026-07-07 03:14:00,68.711,4141.59,7534.7,-0.0022507478291173832,-0.0010540381479802186,1.3272104690376096e-05,0.21038649526552278,0,0.08197628982556515,0.0
2026-07-07 03:15:00,68.721,4138.74,7534.4,-0.0011627737968924468,-0.0015463855349021616,-0.00022558087074220357,0.1934483038205534,0,0.12886258153007935,0.0
2026-07-07 03:16:00,68.701,4135.55,7534.3,-0.003119739973300839,-0.002005376629519162,-3.981631407112829e-05,0.11946792012321461,0,0.020330217621750468,0.0
2026-07-07 03:17:00,68.666,4134.6,7534.9,-0.003266028944274413,-0.0022418548754913337,0.0001327333784626461,0.08850728643295114,0,-0.03229669976689531,1.0
2026-07-07 03:18:00,68.661,4136.11,7534.9,-0.001744667858856408,-0.0026452347193688386,-5.308348705435062e-05,0.08831631900653514,0,0.031138427417017778,0.0
2026-07-07 03:19:00,68.641,4136.07,7534.1,-0.0026879376979628278,-0.002746259156206521,-6.636052345176946e-05,0.07223784105694564,0,-0.0414008949147604,1.0
2026-07-07 03:20:00,68.621,4134.48,7534.0,-0.0029785255572022384,-0.002845924539587319,-0.00015925257458326847,0.052827058730733456,0,-0.02281570580674308,1.0
2026-07-07 03:21:00,68.641,4134.05,7533.5,-0.002253037967323679,-0.002836598879350505,-0.00041132606215010803,0.05087001465107799,0,0.02619448280684078,0.0
2026-07-07 03:22:00,68.641,4132.57,7533.0,-0.002035445835332439,-0.0018067414644751256,-0.00037155975477054515,0.14063737139006177,0,0.060651054302870655,0.0
2026-07-07 03:23:00,68.646,4133.7,7533.8,-0.0019627513412134867,-0.0017098227870111504,-0.00039804691646316837,0.15369499462646813,0,0.05846788758325505,0.0
2026-07-07 03:24:00,68.676,4133.07,7532.2,-0.0013087863188203652,-0.0020354943860920738,-0.0005572952603364323,0.12305314377709542,0,0.09423950219702648,0.0
2026-07-07 03:25:00,68.741,4133.34,7532.1,7.274208566099283e-05,-0.0013095709826131952,-0.00045119766438850295,0.2091298597279192,0,0.17934884839001075,0.0
2026-07-07 03:26:00,68.731,4131.71,7532.1,7.275267002282426e-05,-0.0018022936965623737,-0.00045119766438850295,0.17448441535598613,0,0.16138578889564487,0.0
2026-07-07 03:27:00,68.751,4126.84,7532.0,0.0004365477801544504,-0.003311154315247977,-0.0005042596671885891,0.0518068119999211,0,0.06123149297439512,0.0
2026-07-07 03:28:00,68.731,4130.4,7532.1,0.0,-0.002586263103370845,-0.0004114024843401287,0.10677798599386668,0,0.12152081580047669,0.0
2026-07-07 03:29:00,68.751,4132.61,7531.7,0.0005821484187393811,-0.0021682493921417745,-0.0003981578563181376,0.14081648564813415,0,0.1552117151685175,0.0
2026-07-07 03:30:00,68.761,4136.32,7531.3,0.0005820637068725265,-0.0005847190207648456,-0.0004114461669143532,0.23276588226973322,0,0.2215432832861589,0.0
2026-07-07 03:31:00,68.781,4137.34,7531.3,0.001164466310534129,0.00043283239230573756,-0.0003981789947307135,0.22601771126969766,0,0.1459927067080924,0.0
2026-07-07 03:32:00,68.741,4137.69,7531.0,0.00109224361401572,0.0007473516180522832,-0.000517591474339385,0.1975603803318265,0,0.09289977454851517,0.0
2026-07-07 03:33:00,68.761,4139.34,7531.5,0.0014564308705087292,0.0007809270062935081,-0.00045123359301380006,0.19731346458120613,0,0.07924940707242367,0.0
2026-07-07 03:34:00,68.776,4139.03,7532.2,0.0019667545635988493,0.000715655199259313,-0.000252186724360004,0.21302068353127634,0,0.08120255028966705,0.0
2026-07-07 03:35:00,68.781,4139.4,7534.6,0.0023316477463168894,0.0011899924537064344,7.963897000262676e-05,0.18546862528919533,0,0.01168251239371676,0.0
2026-07-07 03:36:00,68.786,4139.0,7533.2,0.0021124400868284265,0.0011973730361267698,-3.9822127829047815e-05,0.190058832309891,0,0.024288597566293868,0.0
2026-07-07 03:37:00,68.841,4138.63,7533.6,0.0029137104645908796,0.0014663998431969638,7.964954201522545e-05,0.14368722242614324,0,-0.008682214612877881,1.0
2026-07-07 03:38:00,68.816,4137.61,7535.0,0.0024764735017335227,0.0009458838328857411,0.00015928216836114117,0.18405776576777322,0,0.04110968734732723,0.0
2026-07-07 03:39:00,68.831,4138.9,7535.1,0.0022569747801270967,0.0014105737381655548,0.00038501367462373537,0.1664090928601884,0,0.017766491913670412,0.0
2026-07-07 03:40:00,68.836,4139.4,7536.1,0.001381999098063691,0.0014661266675375373,0.0005310603948434078,0.16931470791328251,0,0.030301336797289635,0.0
2026-07-07 03:41:00,68.931,4139.88,7534.5,0.0029098950982817673,0.0019773895070080982,0.0003186362369060891,0.09047192409355564,0,-0.07584681434539697,1.0
2026-07-07 03:42:00,68.866,4139.26,7533.6,0.0016727029425025464,0.0030095666417888634,0.00021242697822621004,0.06678846482166578,0,-0.0025917410308752276,1.0
2026-07-07 03:43:00,68.876,4139.88,7535.0,0.0021096739462542757,0.0022951772225452416,0.0003850187862615151,0.10591955430562139,0,0.011828569697493574,0.0
2026-07-07 03:44:00,68.886,4142.0,7535.8,0.001963607802068168,0.002272171823617608,0.0005443658138268859,0.09287341984910236,0,0.012891538360566224,0.0
2026-07-07 03:45:00,68.891,4144.27,7537.1,0.001890606593854205,0.0019219982980041017,0.0007701193685021313,0.08007551168866756,0,0.01891865662252179,0.0
2026-07-07 03:46:00,68.886,4144.09,7536.9,0.0015265843764991072,0.0016314830301593641,0.0007435635282089237,0.12363407589033981,0,0.04379778387508082,0.0
2026-07-07 03:47:00,68.906,4144.85,7536.8,0.0024003142229529484,0.0017304341311217275,0.0007701500464745159,0.07566494694764148,0,0.03256042659243341,0.0
2026-07-07 03:48:00,68.896,4144.65,7536.9,0.001963322232079401,0.001282813202104549,0.0007169886476796616,0.1402975207160776,0,0.08070683969207793,0.0
2026-07-07 03:49:00,68.901,4144.28,7536.7,0.0018174944748168276,0.0012684131306126556,0.0005974350123469918,0.15770988676300246,0,0.10490741386014957,0.0
2026-07-07 03:50:00,68.956,4142.54,7536.7,0.0025443072941655487,0.0007585640430980423,0.00027871419849745394,0.18930153579703535,0,0.10603599427934685,0.0
2026-07-07 03:51:00,68.936,4142.25,7536.6,0.002180676300409967,0.0007852138197632641,0.00045133542186603925,0.18506039675979669,0,0.12299931953798421,0.0
2026-07-07 03:52:00,68.986,4143.7,7536.9,0.0021063029299401848,0.001225043069807974,0.00043803759158955735,0.17106068688352727,0,0.13787709088853473,0.0
2026-07-07 03:53:00,69.006,4142.99,7536.8,0.0027609858172517043,0.0013002675457571833,0.00023888520238890543,0.15139347861493363,0,0.07440211728100188,0.0
2026-07-07 03:54:00,69.016,4144.02,7537.9,0.0026877424416325013,0.001237043658943282,0.00037159427213961926,0.16351678953041326,0,0.09903577159311394,0.0
2026-07-07 03:55:00,69.056,4142.32,7535.4,0.003196002091928607,0.0007054162439001921,-9.288624089387465e-05,0.1778740047499523,0,0.05438455763673722,0.0
2026-07-07 03:56:00,69.066,4143.4,7536.2,0.0019584802193499673,0.0008502661912903609,0.0002256287743047647,0.20042148996525272,0,0.16304538864446572,0.0
2026-07-07 03:57:00,69.056,4142.07,7535.4,0.0027589812098858246,0.0006788653044262905,0.0002389295954123849,0.1753744496282158,0,0.12727873009630764,0.0
2026-07-07 03:58:00,69.041,4140.57,7534.0,0.0023956095011323786,0.00016667149772442436,-0.00013271400132719435,0.2214463406160337,0,0.1427255826064035,0.0
2026-07-07 03:59:00,69.061,4141.77,7533.4,0.0025404291147694824,-5.552873008196624e-05,-0.000318479789803372,0.20571156992424827,0,0.11111753481788156,0.0
2026-07-07 04:00:00,69.016,4141.36,7532.9,0.0018144605245968837,-0.0007021743274450154,-0.0005572435021428124,0.1942127318403255,0,0.14307976160026015,0.0
2026-07-07 04:01:00,69.016,4141.53,7535.0,0.0018871759138288091,-0.0006177472014363694,-0.00025209303559814433,0.22577068936265116,0,0.16610460574291186,0.0
2026-07-07 04:02:00,69.016,4140.83,7533.9,0.001596377673932503,-0.0009698782826882413,-0.0003847786859144664,0.2088059181313502,0,0.15304580068929136,0.0
2026-07-07 04:03:00,69.041,4140.45,7535.0,0.002104621458429934,-0.0010133545655242049,-0.00025209303559814433,0.21280885754838502,0,0.1377289684958457,0.0
2026-07-07 04:04:00,69.056,4140.9,7535.2,0.0022496045050144353,-0.0008155819587479796,-0.00019902609895572354,0.2138487241042905,0,0.13681311670124335,0.0
2026-07-07 04:05:00,69.071,4139.02,7534.9,0.001667730146760249,-0.0008497202199615472,-0.00023883131874691266,0.2235164108564489,0,0.17434913149521847,0.0
2026-07-07 04:06:00,69.071,4139.42,7535.3,0.001958338168736029,-0.0006832035729373853,-0.00017249157445009544,0.22122409994716763,0,0.16298573883247913,0.0
2026-07-07 04:07:00,69.106,4139.8,7537.1,0.0017394833734378778,-0.0009411878273040131,2.653610901037773e-05,0.21882576793953024,0,0.16390391581159341,0.0
2026-07-07 04:08:00,69.146,4139.3,7537.1,0.002028809089064776,-0.000890661092592504,3.980469164632794e-05,0.2105264811117148,0,0.15323604277482272,0.0
2026-07-07 04:09:00,69.206,4138.09,7536.4,0.0027529848151153224,-0.0014309776497218873,-0.00019899441489013014,0.17468031878822488,0,0.07142376305452969,0.0
2026-07-07 04:10:00,69.196,4139.33,7536.0,0.0020273401297496996,-0.0007218177253326408,7.96241738991732e-05,0.2097586574985147,0,0.16763497173152175,0.0
2026-07-07 04:11:00,69.171,4141.31,7536.3,0.0015202849448354705,-0.0005044166626440028,1.3269286908590416e-05,0.2293832655030308,0,0.19234771900948,0.0
2026-07-07 04:12:00,69.186,4143.13,7536.6,0.0018825301204821177,0.0002559106919970411,0.00015924834779856845,0.21639348901848693,0,0.18653853732758935,0.0
2026-07-07 04:13:00,69.191,4142.34,7536.4,0.0021726220651496764,0.00042747737630333127,0.00031855588001050705,0.2034940285091324,0,0.15369491212630104,0.0
2026-07-07 04:14:00,69.171,4142.4,7536.1,0.0015927947756331218,0.0001521088809854909,0.0003584039079300716,0.2185330520686823,0,0.1740660110290131,0.0
2026-07-07 04:15:00,69.166,4142.78,7535.6,0.0021734090645646464,0.0003428825313422923,0.0003584276971684286,0.20272404909199704,0,0.1713269500481041,0.0
2026-07-07 04:16:00,69.186,4141.63,7536.9,0.0024631969398400955,2.4145665973751562e-05,0.00025215660252153604,0.20364768218382917,0,0.15920162477721617,0.0
2026-07-07 04:17:00,69.256,4140.86,7536.5,0.003477454503303612,7.244924326688107e-06,0.0003451067840030131,0.15778777655158277,0,0.07031988943054768,0.0
2026-07-07 04:18:00,69.216,4140.97,7535.9,0.0025347257426746594,0.00012559021362412714,0.00011944260119434169,0.21063688278024217,0,0.14232030312533106,0.0
2026-07-07 04:19:00,69.211,4141.8,7536.1,0.0022445551436516276,0.00021734405564011183,0.00011943943093761789,0.21633997768597657,0,0.16374703394146595,0.0
2026-07-07 04:20:00,69.226,4141.24,7535.6,0.002244067698455199,0.0005363588482296677,9.290103385595216e-05,0.21319902994993417,0,0.15976807432218593,0.0
2026-07-07 04:21:00,69.231,4140.36,7534.1,0.002316456979050585,0.00022708495393075623,-0.0001592504611627188,0.22073965498998321,0,0.15669250579451,0.0
2026-07-07 04:22:00,69.211,4138.73,7533.2,0.001519404972071925,-0.0002584665925892127,-0.0005174403948469131,0.20740875228469435,0,0.20789034030693948,0.0
2026-07-07 04:23:00,69.201,4142.02,7534.0,0.0007954183900731326,0.0006571159374773039,-0.00041129877539114457,0.22644739332389235,0,0.15970752807234612,0.0
2026-07-07 04:24:00,69.206,4143.3,7533.2,0.0,0.0012590349654066912,-0.0004246059126372659,0.1986857590224022,0,0.12059955653998572,0.0
2026-07-07 04:25:00,69.216,4145.09,7533.0,0.00028903404821090106,0.0013915295470523503,-0.00039808917197448057,0.18974876807814445,0,0.10305707548827348,0.0
2026-07-07 04:26:00,69.206,4144.18,7533.1,0.0005059923956571843,0.0006930174268529044,-0.00042461154678019586,0.2200362642930626,0,0.17863654714787608,0.0
2026-07-07 04:27:00,69.216,4143.38,7533.2,0.0004336137368829984,6.034085341277695e-05,-0.00045113181010014713,0.23311358797022297,0,0.23204824490161047,0.0
2026-07-07 04:28:00,69.231,4142.4,7533.0,0.0005781098697805742,1.448456669406184e-05,-0.00045114378217714357,0.2295005742302702,0,0.23394247421588704,0.0
2026-07-07 04:29:00,69.206,4140.53,7532.4,0.0005059923956571843,-0.0004514291232136092,-0.0004909701304389724,0.22625761445277248,0,0.2319690789607412,0.0
2026-07-07 04:30:00,69.266,4138.57,7531.2,0.001445797067923582,-0.0010162258193773255,-0.0005838951112056012,0.1946471924242954,0,0.17549322504406867,0.0
2026-07-07 04:31:00,69.291,4137.88,7531.0,0.0015176480790910496,-0.0009054406115466263,-0.0007828152158048107,0.14333022527555184,0,0.12633302039735228,0.0
2026-07-07 04:32:00,69.246,4139.09,7531.1,-0.0001443918216472717,-0.0004274474384546867,-0.0007165129702115802,0.18741588245893653,0,0.17995213802439403,0.0
2026-07-07 04:33:00,69.256,4137.98,7530.1,0.0005779010633379933,-0.0007220530455426255,-0.0007696492787854226,0.1677062867874914,0,0.15348808636140182,0.0
2026-07-07 04:34:00,69.241,4138.42,7530.3,0.00043345710941911086,-0.0008160703075957843,-0.0007696288531203743,0.16527340296265397,0,0.15990447263192714,0.0
2026-07-07 04:35:00,69.221,4138.53,7531.1,-7.222719787358667e-05,-0.0006543933701017579,-0.0005971654546419458,0.21002295146060412,0,0.19715334841925158,0.0
2026-07-07 04:36:00,69.221,4143.09,7532.9,-0.00014444396296442452,0.0006593629539461965,-0.00015927582591157563,0.250257041471601,0,0.16179533529830992,0.0
2026-07-07 04:37:00,69.161,4142.0,7530.9,-0.0007224285156983701,0.0007900974453516341,-0.000305315138321105,0.23412754816776032,0,0.11660536204419947,0.0
2026-07-07 04:38:00,69.126,4142.55,7531.6,-0.0010837993670610446,0.00012795689059919013,-0.0003185558800106181,0.23511607709997034,0,0.13029313636258016,0.0
2026-07-07 04:39:00,69.116,4141.86,7532.6,-0.0013004652775771008,-0.0003475490551011484,-7.964742738797437e-05,0.2368350241181406,0,0.1502633540942488,0.0
2026-07-07 04:40:00,69.071,4142.53,7532.9,-0.002094891354600059,-0.000617598170365552,-1.3274923669204242e-05,0.22514380157663766,0,0.1064882866271476,0.0
2026-07-07 04:41:00,69.091,4142.57,7532.2,-0.001661705632459709,-0.00038849663865969664,-0.00011947272703138889,0.22788083270575926,0,0.1284689781706972,0.0
2026-07-07 04:42:00,69.101,4141.38,7531.6,-0.0016614655570965642,-0.00048269770091080577,-0.00021239313970156104,0.2220796348539284,0,0.1378341883221928,0.0
2026-07-07 04:43:00,69.076,4139.11,7531.9,-0.002238881425950856,-0.0007942255697179768,-0.00014602416036113564,0.22173053203856175,0,0.10561260621001523,0.0
2026-07-07 04:44:00,69.076,4139.43,7532.6,-0.0018784498453893184,-0.00026566647264947285,2.655196219003564e-05,0.22802039650691786,0,0.13379839810001654,0.0
2026-07-07 04:45:00,69.071,4138.44,7532.1,-0.002815234025351665,-3.14118161587329e-05,0.00011950286806894361,0.20597397412362084,0,0.06996581308184602,0.0
2026-07-07 04:46:00,69.076,4138.65,7531.4,-0.003102856070773985,0.00018608562838928755,5.311379630845714e-05,0.2018387018183363,0,0.04514506184123801,0.0
2026-07-07 04:47:00,69.076,4137.92,7531.4,-0.002455015452156095,-0.00028267082861210824,3.983481828684354e-05,0.21888196462691217,0,0.08403221203509359,0.0
2026-07-07 04:48:00,69.076,4135.39,7530.9,-0.0025990527896501137,-0.0006259092600735539,0.00010624028897354698,0.21696786483383956,0,0.0743032920294272,0.0
2026-07-07 04:49:00,69.066,4135.26,7531.1,-0.0025274042835891075,-0.000763576437384228,0.00010623746729887529,0.21676671412522547,0,0.08164639055913747,0.0
2026-07-07 04:50:00,69.031,4134.86,7530.6,-0.0027448317707053915,-0.000886788304059638,-6.63913638113689e-05,0.21434860508662879,0,0.07030355563676016,0.0
2026-07-07 04:51:00,69.066,4132.75,7530.4,-0.002239204865575495,-0.002495721792188932,-0.0003318774973781746,0.08939432147013915,0,0.06657420077845078,0.0
2026-07-07 04:52:00,69.086,4132.82,7531.6,-0.001084426193953325,-0.0022163206180589867,9.29503777769014e-05,0.13978111426072382,0,0.09627948334383041,0.0
2026-07-07 04:53:00,69.091,4133.34,7531.4,-0.0005063217891967398,-0.0022232682767860945,-2.655478251645249e-05,0.15404803879486062,0,0.12943687670608012,0.0
2026-07-07 04:54:00,69.066,4133.53,7531.6,-0.0007234214942993811,-0.0020111737238824867,-0.00013275628601017164,0.17633982759751488,0,0.14483375366666007,0.0
2026-07-07 04:55:00,69.076,4132.38,7531.0,7.238928059516425e-05,-0.0024501934807954484,-0.0002522268980074127,0.1361830726612232,0,0.14897181389772263,0.0
2026-07-07 04:56:00,68.981,4136.09,7530.9,-0.001592103168285286,-0.001564246349488263,-0.00017259233690025688,0.18406662045675015,0,0.15401231922818703,0.0
2026-07-07 04:57:00,69.001,4136.38,7530.6,-0.0014471570599556838,-0.0012073270262569213,-0.00013277391258170734,0.20988310440740227,0,0.16189547700429296,0.0
2026-07-07 04:58:00,68.981,4135.28,7529.0,-0.0013752967745671585,-0.0009253196943304065,-0.00038502900994430433,0.20977545958620158,0,0.14799602638002446,0.0
2026-07-07 04:59:00,68.981,4136.57,7529.1,-0.0013752967745671585,-0.0006909163822073072,-0.00046464700103554524,0.20713685502936247,0,0.1503464821724163,0.0
2026-07-07 05:00:00,69.031,4136.1,7531.3,-0.0005791142447625353,-0.0005654304520542608,-0.00010621207896865936,0.24796748709210586,0,0.2003780500370213,0.0
2026-07-07 05:01:00,69.051,4137.25,7530.4,-0.00036192020383329915,-0.0003382745581287372,-0.0001327774384576319,0.254079953657601,0,0.21238293140269038,0.0
2026-07-07 05:02:00,69.041,4137.82,7531.4,-0.0005066882853668186,-2.4166731111385786e-05,0.0,0.2519591489649855,0,0.20154665661581267,0.0
2026-07-07 05:03:00,69.066,4138.18,7531.6,-0.00014476808153329745,0.0006746643001023234,9.29503777769014e-05,0.2426948062654773,0,0.14990169882481857,0.0
2026-07-07 05:04:00,69.056,4139.11,7532.4,-0.0001447890423653675,0.0009310176385521896,0.00017261754590958134,0.2343841141650288,0,0.1250283514272612,0.0
2026-07-07 05:05:00,69.061,4138.93,7531.9,0.00043458735930235193,0.0009843138582685818,0.00017262900698478134,0.22849454827272908,0,0.13349251315338428,0.0
2026-07-07 05:06:00,69.116,4137.74,7531.8,0.0007239452118263934,0.0012074284677272562,0.000185913098905921,0.218615299132708,0,0.13017988819046117,0.0
2026-07-07 05:07:00,69.126,4138.52,7532.4,0.0005789885070781597,0.0013792035462469876,0.00010621913006514383,0.21747883697993065,0,0.12059633675407477,0.0
2026-07-07 05:08:00,69.206,4139.11,7533.1,0.0016644714941165262,0.001395965490378126,0.00022572164537804085,0.18681956602153166,0,0.1451728849985417,0.0
2026-07-07 05:09:00,69.186,4138.42,7532.9,0.0017374685083832997,0.001183008227834348,0.000172606086356053,0.1953899562636423,0,0.1642251508565562,0.0
2026-07-07 05:10:00,69.161,4137.73,7532.2,0.001230528693033861,0.0012946534442619395,0.0001593413889258155,0.20377385682855625,0,0.16262878536641323,0.0
2026-07-07 05:11:00,69.191,4138.07,7532.2,0.0030443165509344006,0.00047871298738644263,0.00017262213015700745,0.17694305263116444,0,0.10553174591884251,0.0
2026-07-07 05:12:00,69.166,4137.45,7531.1,0.002391269691743414,0.00025868029533060444,6.639577191713819e-05,0.21840805958278503,0,0.17678676313616604,0.0
2026-07-07 05:13:00,69.186,4137.54,7530.8,0.0029718328235313063,0.0005465168017644295,0.00023907557444546867,0.1735145584085695,0,0.10013204475643345,0.0
2026-07-07 05:14:00,69.186,4136.63,7530.1,0.0029718328235313063,1.450477086106794e-05,0.00013281799949527162,0.18532139337459097,0,0.12002901940085331,0.0
2026-07-07 05:15:00,69.136,4136.46,7529.9,0.0015210557575580097,8.703851454261446e-05,-0.00018589088205234194,0.23030124110828215,0,0.19707807735209204,0.0
2026-07-07 05:16:00,69.101,4135.15,7529.4,0.0007241024749822245,-0.0005075835397909678,-0.00013279507064700713,0.25119978041187635,0,0.176418564146665,0.0
2026-07-07 05:17:00,69.096,4135.23,7529.8,0.0007966280905549183,-0.0006259334625479118,-0.00021244390153218884,0.24589054823639506,0,0.18331793483410208,0.0
2026-07-07 05:18:00,69.081,4135.6,7529.4,0.0002171835635478292,-0.0006234624883402207,-0.00029210260767975615,0.24155222910725865,0,0.17924774812119398,0.0
2026-07-07 05:19:00,69.076,4135.78,7529.4,0.0002896200185356079,-0.0008045207786214759,-0.0003982794328500905,0.22671904576135748,0,0.18419652677945297,0.0
2026-07-07 05:20:00,69.066,4136.7,7528.9,7.239976252870761e-05,-0.0005387865946030468,-0.0003983058723562305,0.23401442018881424,0,0.1869531184183404,0.0
2026-07-07 05:21:00,69.076,4137.29,7529.3,-0.0005787371954396603,-0.00010875502085672117,-0.00033192596723230494,0.24129522719274998,0,0.19174716254305652,0.0
2026-07-07 05:22:00,69.036,4136.34,7528.9,-0.0013019703150768391,-0.0005267583580604862,-0.00046465933832506856,0.21200366748235594,0,0.1565204365852796,0.0
2026-07-07 05:23:00,69.046,4134.34,7528.0,-0.002311938271248093,-0.0011524216558631561,-0.0006770121198445,0.14903943634775807,0,0.0726625130421914,0.0
2026-07-07 05:24:00,69.016,4132.19,7527.6,-0.002457144509004694,-0.0015054054445901022,-0.0007035802944416192,0.12521539417728933,0,0.04189061751563983,0.0
2026-07-07 05:25:00,68.981,4132.61,7528.3,-0.002602622865487847,-0.0012373934500317096,-0.0005177770107006596,0.16170962463245914,0,0.06105939027816565,0.0
2026-07-07 05:26:00,68.981,4132.8,7527.5,-0.0030350768163490693,-0.0012735405635959651,-0.0006239876795623989,0.13494949998630767,0,0.026499980576649484,0.0
2026-07-07 05:27:00,68.991,4133.43,7527.5,-0.0025301448688661576,-0.0009716129500053627,-0.0004780178194421225,0.18960103033411507,0,0.09749355743146554,0.0
2026-07-07 05:28:00,69.011,4133.07,7526.7,-0.0025294134651521194,-0.0010803520932728405,-0.0005444308705583323,0.17799546377802988,0,0.10188173911776788,0.0
2026-07-07 05:29:00,69.046,4132.07,7525.4,-0.0020235307721215845,-0.0011023465961423895,-0.0006241616977199493,0.1639592198398831,0,0.10202526705979326,0.0
2026-07-07 05:30:00,68.921,4132.05,7525.3,-0.0031098125433925983,-0.001066129008862604,-0.0006108978870900117,0.14989046924260474,0,0.038327667378867614,0.0
2026-07-07 05:31:00,68.941,4132.64,7525.6,-0.0023154512959291385,-0.0006069912820573231,-0.0005046882885753057,0.18756415928875375,0,0.10568816591398861,0.0
2026-07-07 05:32:00,68.926,4132.49,7525.9,-0.002460345027208599,-0.0006625991782802654,-0.0005179420436134397,0.18080661537695936,0,0.11744835527616215,0.0
2026-07-07 05:33:00,68.916,4132.17,7525.5,-0.0023885004559864864,-0.0008293838862559744,-0.0005179695593273692,0.18183993901821977,0,0.13200388329383578,0.0
2026-07-07 05:34:00,68.936,4133.82,7525.6,-0.0020267531414671636,-0.00047391302245280986,-0.0005046882885753057,0.1899304962002364,0,0.13823384433960983,0.0
2026-07-07 05:35:00,68.951,4134.27,7525.9,-0.001665073987200727,-0.00058742475886564,-0.00039846458313963495,0.2049079404178114,0,0.155803199848836,0.0
2026-07-07 05:36:00,68.926,4134.51,7525.3,-0.002171521223000683,-0.0006719374276398238,-0.000531257885859282,0.18698362997516765,0,0.1481190358671019,0.0
2026-07-07 05:37:00,68.941,4134.28,7527.1,-0.0013760936323077289,-0.0004980248238781737,-0.00023907874988371436,0.22852255142843209,0,0.17453827305842395,0.0
2026-07-07 05:38:00,68.906,4133.9,7526.9,-0.002027633751412128,-0.0001064256930974894,-0.0001461211477152835,0.22271879673214934,0,0.15847624329343052,0.0
2026-07-07 05:39:00,68.916,4132.48,7526.1,-0.001448939376376579,7.018070321063163e-05,-0.00019926669854930523,0.23301677976514795,0,0.16160317130068613,0.0
2026-07-07 05:40:00,68.921,4133.18,7525.9,-0.0008698047288382416,0.00013792736309503617,-0.00031879707238025023,0.23641758469712093,0,0.16536840825132193,0.0
2026-07-07 05:41:00,68.926,4132.0,7525.4,-0.0007973210014350363,-0.00019357336430514405,-0.0002789770840252448,0.2409212115816315,0,0.19177778360256198,0.0
2026-07-07 05:42:00,68.931,4130.13,7525.7,-0.0008696786537374379,-0.000798368425254603,-0.0002391232148788447,0.2363475911086393,0,0.18644270311646866,0.0
2026-07-07 05:43:00,68.916,4128.99,7525.0,-0.0013765921374853107,-0.0009871596658174164,-0.00022586259582546564,0.2194853787124943,0,0.1715026259926679,0.0
2026-07-07 05:44:00,68.911,4129.58,7524.7,-0.0019552182602903256,-0.0006026035376941463,-9.301831131902638e-05,0.22670761416663143,0,0.1608220176963357,0.0
2026-07-07 05:45:00,68.916,4127.69,7523.1,-7.254682897828157e-05,-0.0010551663218016927,-0.00029234714895087777,0.22643856611271435,0,0.1763405603783466,0.0
2026-07-07 05:46:00,68.886,4126.46,7523.4,-0.0007977836120741655,-0.001495412133648344,-0.0002923354948443091,0.1988738299564647,0,0.1532822526728811,0.0
2026-07-07 05:47:00,68.916,4126.3,7523.1,-0.0001450831326350599,-0.0014978862622776479,-0.00037204852575767333,0.1972008051510375,0,0.16708602656674515,0.0
2026-07-07 05:48:00,68.881,4124.8,7521.6,-0.0005078646468164028,-0.001783566503798184,-0.0005182379908311718,0.17000061442636588,0,0.15454311219414302,0.0
2026-07-07 05:49:00,68.846,4126.05,7522.4,-0.0013055587791575007,-0.001879617399886624,-0.00042521526522809605,0.15679561805089903,0,0.1391722072349038,0.0
2026-07-07 05:50:00,68.846,4127.93,7522.9,-0.0015228205537264339,-0.0015335234515404528,-0.00039862342045471344,0.1739121057043151,0,0.1510533449411705,0.0
2026-07-07 05:51:00,68.861,4127.42,7521.6,-0.0009430403621274452,-0.0017148344060118337,-0.0004916747505082641,0.17100093769202812,0,0.16283672023883472,0.0
2026-07-07 05:52:00,68.866,4127.05,7521.5,-0.0010878867437373874,-0.0017487930183730516,-0.000743978424625702,0.12098570184952018,0,0.12516351490533156,0.0
2026-07-07 05:53:00,68.861,4125.96,7521.6,-0.0006530635938815088,-0.0019207044195552747,-0.000704141147085724,0.131566059695352,0,0.1290697277356857,0.0
2026-07-07 05:54:00,68.886,4127.78,7521.8,-0.0004353125544140912,-0.001137331578132228,-0.0005713450525505204,0.20003525355221802,0,0.148641895358485,0.0
2026-07-07 05:55:00,68.886,4127.5,7521.9,-0.0005078278028468608,-0.0013742445284261606,-0.0005314978939395809,0.19477831110350752,0,0.15776210682545033,0.0
2026-07-07 05:56:00,68.896,4127.02,7522.9,-0.00043524939790506867,-0.0012052274927394357,-0.0003322082547106975,0.21406751318715894,0,0.14609168815706708,0.0
2026-07-07 05:57:00,68.906,4131.25,7523.9,-0.00036268152210172655,0.00027117790481168136,-0.00023918040846704347,0.2555914892517201,0,0.1385469119552153,0.0
2026-07-07 05:58:00,68.921,4130.68,7523.4,7.255209240253357e-05,0.00040930106394077015,-0.00021262458471760226,0.25745049210814147,0,0.14997022727940335,0.0
2026-07-07 05:59:00,68.931,4131.08,7524.1,0.0002902294263615879,0.00036323306486374385,-7.973739816857783e-05,0.25785886417585324,0,0.1455331536811727,0.0
2026-07-07 06:00:00,68.911,4130.87,7523.1,-7.255209240231153e-05,0.000770406692363057,0.0,0.24460863913181036,0,0.13315406351993558,0.0
2026-07-07 06:01:00,68.921,4131.64,7522.6,0.0005080858229540297,0.0012553132709394177,-0.00010633490177303084,0.22449778620116312,0,0.11807065953860557,0.0
2026-07-07 06:02:00,68.956,4132.33,7522.9,0.0005804167392189363,0.0014613576327460187,-2.6584785527306032e-05,0.20859988885151642,0,0.10508309438858571,0.0
2026-07-07 06:03:00,68.936,4133.41,7523.8,0.0007984785354453461,0.002087373933281622,0.0002924909593702285,0.14282372802263266,0,0.014130993473595366,0.0
2026-07-07 06:04:00,68.936,4132.92,7523.7,0.0013072654910961656,0.001665030719453231,0.00017281718600448137,0.1759410113852915,0,0.08576208185985557,0.0
2026-07-07 06:05:00,68.936,4134.02,7525.0,0.0013072654910961656,0.0014753157151405905,0.00027914766911707467,0.19288693183198474,0,0.11011298114307,0.0
2026-07-07 06:06:00,68.936,4133.65,7523.6,0.00108915060774617,0.0015094175053664838,0.00026590087215483393,0.1930369790582359,0,0.10562144376557953,0.0
2026-07-07 06:07:00,68.946,4134.88,7523.6,0.0011616762988992946,0.001897238947916824,0.0002791996277338171,0.14658263663010712,0,0.06953055836122302,0.0
2026-07-07 06:08:00,68.976,4137.46,7524.2,0.00167003093187712,0.002787230123413753,0.0003456711338012397,0.07233820593218732,0,-0.03030613839636398,1.0
2026-07-07 06:09:00,68.971,4139.64,7523.9,0.0012339227128881358,0.0028732151422801167,0.00027918849211627794,0.08971268530053045,0,-0.0015504965683134087,1.0
2026-07-07 06:10:00,68.956,4138.27,7523.9,0.0010161716459078374,0.0026093276801939513,0.00026589026708667696,0.10865091825725315,0,0.03231579260599793,0.0
2026-07-07 06:11:00,68.966,4140.0,7523.8,0.0010160241523453628,0.003145126507746454,0.0001196347153358257,0.0746254869603673,0,0.0033591698649892976,0.0
2026-07-07 06:12:00,68.966,4140.55,7523.6,0.0008707514585084564,0.0022511346444780145,-3.98729382367069e-05,0.1385669203697778,0,0.06800599708052257,0.0
2026-07-07 06:13:00,68.956,4138.25,7522.5,0.0005078278028467498,0.0018326280418718977,-0.00011962676449472909,0.16910619827943946,0,0.077464652438483,0.0
2026-07-07 06:14:00,68.971,4136.36,7521.3,0.0005802904353628957,0.0012781161342796388,-0.000372137531399086,0.19564529608798625,0,0.09602756252984301,0.0
2026-07-07 06:15:00,68.971,4136.55,7521.5,0.0008706882790845416,0.0013750130117868853,-0.00021267828421800417,0.21065753699715445,0,0.1045989785267516,0.0
2026-07-07 06:16:00,68.961,4133.49,7521.0,0.0005803746318246983,0.0004477640839954944,-0.0002126924201739655,0.24979762233121255,0,0.1499155883045336,0.0
2026-07-07 06:17:00,68.936,4131.91,7520.8,-0.00029004002552346364,-0.00010163757492742675,-0.0002791476691168526,0.24889229127233525,0,0.16260041300492972,0.0
2026-07-07 06:18:00,68.941,4132.28,7520.6,7.253104328652782e-05,-0.00027338202597859684,-0.0004253169940721113,0.23823648475351267,0,0.17048810891913535,0.0
2026-07-07 06:19:00,68.956,4132.5,7520.0,0.0002901241731461113,-0.00010162306553240796,-0.0004917793107114266,0.23141119513395397,0,0.16654088972450642,0.0
2026-07-07 06:20:00,68.961,4131.99,7520.1,0.00036265521643241705,-0.0004910474550197108,-0.0006511627906976569,0.1911018227396042,0,0.1444822729902251,0.0
2026-07-07 06:21:00,68.986,4131.67,7520.2,0.0007253104328652782,-0.0004789955608238694,-0.00045191131904942505,0.23323916236846154,0,0.14251149832563464,0.0
2026-07-07 06:22:00,68.986,4131.43,7519.9,0.0005801641864648932,-0.0008343652052780204,-0.0004917858472008874,0.21908327654126547,0,0.14544725033818862,0.0
2026-07-07 06:23:00,68.976,4132.32,7519.9,0.0,-0.0012423080827368427,-0.0005714893277690702,0.19349373875463433,0,0.14623618170908614,0.0
2026-07-07 06:24:00,68.986,4133.15,7520.0,0.0002174827101244503,-0.001567769177996281,-0.000518348197078633,0.18141337017032366,0,0.14390947236109747,0.0
2026-07-07 06:25:00,68.981,4133.73,7519.9,0.00036255003190421853,-0.0010970767977924734,-0.0005316391764909056,0.2060764246700515,0,0.15281047403849785,0.0
2026-07-07 06:26:00,68.996,4134.13,7521.1,0.0004349969550212496,-0.0014178743961352769,-0.00035886121374839597,0.19808777761498558,0,0.14189471284506405,0.0
2026-07-07 06:27:00,68.981,4133.65,7521.0,0.0002174984775107358,-0.0016664452790089435,-0.00034557924397904394,0.19152376080281314,0,0.15583469164949615,0.0
2026-07-07 06:28:00,68.981,4133.05,7520.9,0.00036255003190421853,-0.0012565698060773567,-0.00021269524759059966,0.21969623083319528,0,0.15955784228638742,0.0
2026-07-07 06:29:00,68.986,4132.17,7521.4,0.0002174827101244503,-0.0010129679234881506,1.3295573903393532e-05,0.23691244027352648,0,0.16020365036449458,0.0
2026-07-07 06:30:00,68.981,4130.5,7521.6,0.00014498847341615217,-0.0014625714665603695,1.3295220368414462e-05,0.21610074947817265,0,0.15240904882342182,0.0
2026-07-07 06:31:00,68.986,4131.0,7522.3,0.00036252374530532094,-0.0006023965220672833,0.00017284935513894872,0.24022951301717355,0,0.15325949623497148,0.0
2026-07-07 06:32:00,68.981,4130.8,7521.4,0.0006527793895785283,-0.00026864089488876086,7.977874694176101e-05,0.24919279143547718,0,0.15144314854619356,0.0
2026-07-07 06:33:00,68.996,4130.59,7521.9,0.0007977836120740545,-0.00040897519045168806,0.00017285854851989413,0.2443370860047942,0,0.1373319955044831,0.0
2026-07-07 06:34:00,69.011,4130.56,7521.1,0.000797610070189636,-0.00046944948578331314,0.00014627659574473206,0.2420869068099764,0,0.15768427017894404,0.0
2026-07-07 06:35:00,68.971,4130.26,7520.5,0.00014500949812212838,-0.00041868445954607036,5.319078203736005e-05,0.24984882699921535,0,0.17846291755028815,0.0
2026-07-07 06:36:00,68.966,4129.76,7519.2,-0.0002899138955732017,-0.00046228280574189817,-0.00013297518683008658,0.25435948498313504,0,0.18700389132889372,0.0
2026-07-07 06:37:00,68.956,4130.07,7518.9,-0.0004348708433595805,-0.00032918384191449324,-0.00013298049176191373,0.25234849676830756,0,0.17256810434591213,0.0
2026-07-07 06:38:00,68.961,4130.67,7518.9,-0.00021746694502433606,-0.0003992914391914848,-0.00013298049176191373,0.2521859714752344,0,0.19599210886619783,0.0
2026-07-07 06:39:00,68.966,4130.53,7519.5,-0.0002899138955732017,-0.0006338990842335024,-6.648936170217112e-05,0.252816233143849,0,0.17955181318361801,0.0
2026-07-07 06:40:00,68.946,4130.74,7519.9,-0.0005073860918223261,-0.0007233176816094922,0.0,0.2417549478456002,0,0.15713333401879515,0.0
2026-07-07 06:41:00,68.981,4130.78,7519.8,-0.00021740390747293503,-0.0008103276868410836,-0.00017284705694653457,0.24533645105322222,0,0.17603408206027477,0.0
2026-07-07 06:42:00,68.986,4130.15,7519.4,7.248372740331632e-05,-0.0008467093246888879,-0.0002127376678633386,0.23770298597357042,0,0.18485364418671485,0.0
2026-07-07 06:44:00,68.996,4128.7,7519.0,0.00021745118220950488,-0.0010524915014336056,-0.0002526293395737067,0.23168779709407022,0,0.19219211562378885,0.0
2026-07-07 06:45:00,68.971,4130.99,7519.1,-0.00021743542167973473,-0.0002855642434846928,-0.00030579413407072487,0.24569284685866488,0,0.20891821313796188,0.0
2026-07-07 06:46:00,68.981,4131.11,7519.0,0.0,0.0001476818787071732,-0.00034567113380135073,0.2418553222961629,0,0.212493306481855,0.0
2026-07-07 06:47:00,69.001,4130.23,7518.3,0.00021743542167973473,-0.00018639554587274176,-0.0005317522566236077,0.22306980627086892,0,0.17614919734804318,0.0
2026-07-07 06:48:00,68.991,4131.02,7517.7,0.0001449674548064106,5.325844872672292e-05,-0.0004919296939399631,0.23337872654831887,0,0.18203363317006388,0.0
2026-07-07 06:49:00,68.976,4129.2,7518.1,-0.000289871876630432,-0.00033651366996001464,-0.0005051915074647528,0.2213672324488382,0,0.1911881475247701,0.0
2026-07-07 06:50:00,68.971,4128.82,7517.9,-0.0005796177420990256,-0.00042125038735685294,-0.0004254696786375467,0.23603535073452975,0,0.20884054355015164,0.0
2026-07-07 06:51:00,68.981,4129.61,7518.8,0.00014498847341615217,-0.0001573750805035079,-0.0002260487999468097,0.25410948475489437,0,0.20935875119163133,0.0
2026-07-07 06:52:00,68.971,4128.34,7518.4,7.249949250365262e-05,-0.000343845647204688,-0.00010639429726566618,0.25746808130805476,0,0.21014262768997533,0.0
2026-07-07 06:53:00,68.981,4128.65,7517.5,0.00036255003190421853,-0.000343819838404702,-0.00018619744909487146,0.2486729498006401,0,0.21184317038813266,0.0
2026-07-07 06:54:00,68.986,4127.84,7517.8,0.00036252374530532094,-0.0006851188790195639,-0.00014629799571741486,0.24620520648957972,0,0.21042441030527292,0.0
2026-07-07 06:55:00,68.981,4127.82,7517.4,0.0002174984775107358,-0.0006560901385536111,-0.00027927388789150687,0.23848848413045642,0,0.22521801356760446,0.0
2026-07-07 06:56:00,68.976,4127.52,7517.3,0.00043512313984850337,-0.0007795213448436034,-0.00034574927858077587,0.2263866578652597,0,0.21204835812884093,0.0
2026-07-07 06:57:00,68.986,4127.0,7517.6,7.248372740331632e-05,-0.0009150814131955176,-0.00029256097236629586,0.2337757706774643,0,0.22317021297212258,0.0
2026-07-07 06:58:00,68.981,4126.38,7518.5,-7.247847389335593e-05,-0.0009127997772476748,-0.00011969040082981941,0.24163254371482468,0,0.2156505349624384,0.0
2026-07-07 06:59:00,68.961,4126.64,7518.9,-0.000507275784103367,-0.0004989463995929144,-1.3299640909791854e-05,0.2450064192431476,0,0.1879201824878502,0.0
2026-07-07 07:00:00,68.971,4125.76,7518.4,0.0,-0.0012660403438400358,-9.309624822129159e-05,0.23280713850470708,0,0.18928836811293437,0.0
2026-07-07 07:01:00,69.001,4122.87,7517.6,0.00028993490961304325,-0.0019946213003284585,-0.00018619497273564267,0.17292608378130037,0,0.15509483395817109,0.0
2026-07-07 07:02:00,69.031,4125.15,7517.0,0.00043477630758981256,-0.0012299557167518849,-0.0001729114294455325,0.2219311451376399,0,0.19659224538664505,0.0
2026-07-07 07:03:00,69.001,4127.34,7517.5,0.00014494644228957299,-0.0008908211531293286,-2.660388150632631e-05,0.24057360925944704,0,0.2001807055853701,0.0
2026-07-07 07:04:00,69.001,4128.36,7517.1,0.00036244490837411547,-0.00020342923568728022,-0.00013301233024298753,0.25395752709317315,0,0.2177388190776975,0.0
2026-07-07 07:05:00,69.006,4130.09,7516.9,0.0005074596569571987,0.00030759393725099393,-0.00013301586879310712,0.2501802442813843,0,0.2011358132984123,0.0
2026-07-07 07:06:00,68.981,4129.76,7517.3,0.0,3.6323042611918765e-05,-0.00019949992020007468,0.26200741357004526,0,0.218216094141563,0.0
2026-07-07 07:07:00,68.991,4126.76,7516.9,0.00028997694683274844,-0.0003827204154696062,-0.0001995105341562331,0.24982013963197924,0,0.2153603135406862,0.0
2026-07-07 07:08:00,69.006,4126.59,7517.1,0.0003624186370161375,-0.000498952442081424,-5.320917858320229e-05,0.2502846191114206,0,0.20496135941097499,0.0
2026-07-07 07:09:00,69.006,4126.14,7515.6,0.00028991389557297964,-0.00041183766812658007,-0.0002926388039053984,0.2438173318904604,0,0.22435031202030076,0.0
2026-07-07 07:10:00,69.001,4126.84,7515.7,0.00028993490961304325,-0.00023741345310590578,-0.00022614201718673677,0.2503244696061473,0,0.22235537637253794,0.0
2026-07-07 07:11:00,69.016,4126.38,7515.8,0.0005799118533984515,-0.00027619490638453037,-0.00019953972835995426,0.2558660148610473,0,0.22225397721965684,0.0
2026-07-07 07:12:00,69.011,4126.65,7516.4,0.00036239236946622455,-8.480736612559436e-05,-0.00015962541236569372,0.25283626027023154,0,0.22563682582400912,0.0
2026-07-07 07:13:00,69.056,4124.13,7515.9,0.0010872559110479685,-0.0005452721271429484,-0.0003458136596395933,0.23121316184701102,0,0.1793953537147352,0.0
2026-07-07 07:14:00,69.071,4122.35,7515.6,0.0015951044793434122,-0.0010395866855359426,-0.0004388939871522446,0.20280448183976735,0,0.14508957697985936,0.0
2026-07-07 07:15:00,69.076,4121.8,7514.9,0.0015223789708715962,-0.0009598231598542117,-0.0004655245796978402,0.2051695675819521,0,0.16247722579120716,0.0
2026-07-07 07:16:00,69.106,4123.25,7515.8,0.001521717076564011,9.216880474038902e-05,-0.00023943811854854058,0.23232100740074724,0,0.18475846335867696,0.0
2026-07-07 07:17:00,69.126,4125.17,7515.9,0.0013761933044573738,4.848308546412383e-06,-0.0001463349740588038,0.24065077267354862,0,0.18420107872399366,0.0
2026-07-07 07:18:00,69.126,4124.07,7515.4,0.0018115679482906266,-0.0007922778351190374,-0.0002793481875623671,0.21897105814514511,0,0.16241917754333657,0.0
2026-07-07 07:19:00,69.106,4122.28,7514.9,0.001521717076564011,-0.0014727397804454867,-0.00029266605472866303,0.19512712509874358,0,0.14325907758573714,0.0
2026-07-07 07:20:00,69.096,4121.11,7514.8,0.0013042344143987528,-0.002174286758884314,-0.00027937048517334695,0.1430438711648837,0,0.12548461029927022,0.0
2026-07-07 07:21:00,69.126,4122.96,7514.9,0.0021020280946928427,-0.001646584789430916,-0.0003192635653759268,0.17547774788618448,0,0.10843374322018967,0.0
2026-07-07 07:22:00,69.131,4124.46,7515.9,0.002029250192054022,-0.0005573379600462003,-0.00013303356436833447,0.22212039925352756,0,0.17024508181811204,0.0
2026-07-07 07:23:00,69.116,4125.0,7516.1,0.0015940642842651176,-0.0003853060274948694,-0.00013303002487663473,0.2324164062258227,0,0.18935121730423005,0.0
2026-07-07 07:24:00,69.116,4126.34,7515.9,0.0015940642842651176,4.847145273778608e-05,3.991697269678518e-05,0.228553686382249,0,0.19000573196466508,0.0
2026-07-07 07:25:00,69.141,4127.96,7515.1,0.002028956102085422,0.00027139409330145803,-7.983288316448789e-05,0.21966644114191886,0,0.15794349774006405,0.0
2026-07-07 07:26:00,69.161,4127.57,7515.1,0.0021009620957459507,0.00028838836946665225,-9.313712445779831e-05,0.21741432522988624,0,0.15747059005853026,0.0
2026-07-07 07:27:00,69.216,4126.73,7513.6,0.002970540928257881,1.9386184920033855e-05,-0.0003725187589802559,0.17560711716166139,0,0.08836735621664304,0.0
2026-07-07 07:28:00,69.206,4127.68,7514.2,0.0021721501390177256,0.0008607876085380273,-0.00022618714990885191,0.20465240074928503,0,0.13061738193118488,0.0
2026-07-07 07:29:00,69.186,4128.26,7516.1,0.0016649534536927746,0.0014336482831394104,6.652828782804932e-05,0.18714946876527644,0,0.1623586919345525,0.0
2026-07-07 07:30:00,69.226,4125.0,7517.4,0.002171521223000905,0.0007763598427870111,0.0003326724241174972,0.19859187564633907,0,0.13900776694124034,0.0
2026-07-07 07:31:00,69.251,4124.22,7519.4,0.0020982259138138115,0.00023525131874135852,0.00047899092578296276,0.19368991274734731,0,0.11409051223454075,0.0
2026-07-07 07:32:00,69.256,4124.75,7520.7,0.0018806237884441135,-0.00010181398584785395,0.0006386460703309282,0.17989288386590907,0,0.05170279272056377,0.0
2026-07-07 07:33:00,69.196,4121.2,7518.8,0.0010126435783930354,-0.0006959144728386768,0.00045240439630633844,0.2085521205233426,0,0.07740289937464895,0.0
2026-07-07 07:34:00,69.221,4122.9,7519.4,0.001664110207507452,0.0001504022046052711,0.0005988103634113617,0.18885379234468574,0,0.06279210196181761,0.0
2026-07-07 07:35:00,69.191,4123.53,7520.4,0.0013748986916752859,0.0005872204333299269,0.0007451961462712209,0.17693991214539334,0,0.014133352318147607,0.0
2026-07-07 07:36:00,69.196,4125.17,7520.5,0.0010126435783930354,0.0005360226633293053,0.000745186230023176,0.18185875834170612,0,0.02390803665075636,0.0
2026-07-07 07:37:00,69.186,4124.25,7520.1,0.0007955909794448157,-5.091575624449618e-05,0.0005588153115396732,0.20599924949931997,0,0.04209343818584532,0.0
2026-07-07 07:38:00,69.196,4121.97,7519.7,0.0011574743908790985,-0.0007345454545454322,0.00047897180718714516,0.20190630257247705,0,0.06022706746654338,0.0
2026-07-07 07:39:00,69.226,4120.0,7520.6,0.001591527287458705,-0.0015364705768308173,0.0006253409438656821,0.13604650026685944,0,-0.006654971200483639,1.0
2026-07-07 07:40:00,69.256,4118.61,7521.6,0.0016632678150445557,-0.0022650413279199366,0.0008649252837620303,0.05289698952485422,0,-0.05961006154187032,1.0
2026-07-07 07:41:00,69.261,4118.48,7521.4,0.0014459015919374707,-0.00220226428625081,0.0008383121981077046,0.0513043109552328,0,-0.06287312954222213,1.0
2026-07-07 07:42:00,69.211,4117.99,7521.7,-7.223763291719365e-05,-0.0021178996445126996,0.0010780451448040296,0.03617287554111237,0,-0.03668325278252205,1.0
2026-07-07 07:43:00,69.226,4120.88,7520.6,0.00028899228390599774,-0.0016474145282580066,0.0008517207420617456,0.10315373515028581,0,-0.021670350603031574,1.0
2026-07-07 07:44:00,69.186,4122.55,7520.6,0.0,-0.001383149317145782,0.000598714758984098,0.17113174537815817,0,0.0703855124043199,0.0
2026-07-07 07:45:00,69.151,4123.23,7520.6,-0.0010834079681044662,-0.0004290909090910455,0.00042567909117519065,0.21132829546988258,0,0.10274039700673832,0.0
2026-07-07 07:46:00,69.181,4122.58,7520.9,-0.0010108157282928687,-0.0003976509497554126,0.00019948400138303235,0.23015040270005555,0,0.13786979060876586,0.0
2026-07-07 07:47:00,69.216,4122.28,7520.4,-0.0005775672865889758,-0.0005988241711619713,-3.98899038653866e-05,0.2482785618464769,0,0.19024967681195015,0.0
2026-07-07 07:48:00,69.221,4121.22,7519.2,0.00036129256026362633,4.852955449941021e-06,5.319997871988669e-05,0.2507086381589057,0,0.21759182505120944,0.0
2026-07-07 07:49:00,69.256,4121.78,7519.4,0.0005056269051300077,-0.0002716534478158783,0.0,0.24838164886150282,0,0.21595928821341526,0.0
2026-07-07 07:50:00,69.266,4124.92,7520.4,0.001083956005838882,0.0003370898235250941,0.0,0.24061369310873792,0,0.2142158176710377,0.0
2026-07-07 07:51:00,69.266,4124.05,7521.7,0.0010116191687381537,-0.00027150396226094387,0.00015956385878590496,0.24144609701031944,0,0.190659593292187,0.0
2026-07-07 07:52:00,69.346,4122.84,7521.4,0.002312606596710287,-0.00034188034188031846,0.00017287004162169772,0.2073280775939665,0,0.15424439847031945,0.0
2026-07-07 07:53:00,69.351,4123.7,7521.1,0.002240013873634261,0.0004197022297589559,0.0001861776400655657,0.20825005294410498,0,0.18850878677155058,0.0
2026-07-07 07:54:00,69.331,4125.23,7522.6,0.0015167711553463192,0.001269417475727952,0.00026593622849246934,0.19574729648370032,0,0.15523584088763043,0.0
2026-07-07 07:55:00,69.356,4126.61,7523.5,0.001443918216472051,0.001942402898065021,0.0002526058285470256,0.13868800336994158,0,0.1002892100571029,0.0
2026-07-07 07:56:00,69.376,4124.96,7524.7,0.0016603860758581668,0.001573396010178696,0.00043874810540600606,0.15940526470964095,0,0.10711779631622664,0.0
2026-07-07 07:57:00,69.396,4125.59,7523.8,0.002672985508084036,0.0018455605768834538,0.00027919220389005517,0.11427046437194,0,0.06252225063027494,0.0
2026-07-07 07:58:00,69.361,4124.28,7523.4,0.0019501343425880613,0.000825066490652393,0.0003723107198891906,0.19640437855672532,0,0.13713823706137912,0.0
2026-07-07 07:59:00,69.351,4123.92,7523.4,0.0023848755528574905,0.00033231858922255775,0.0003723107198891906,0.20128190348210995,0,0.16632698162711157,0.0
2026-07-07 08:00:00,69.331,4124.28,7523.6,0.0026029992335614427,0.00025465472457275595,0.000398904342738593,0.19038180792580556,0,0.15330188144724527,0.0
2026-07-07 08:01:00,69.276,4125.59,7524.2,0.0013732094072071988,0.0007301253098788152,0.00043877727399643796,0.20799483052819623,0,0.14797623062558224,0.0
2026-07-07 08:02:00,69.296,4128.13,7523.6,0.0011558021266759866,0.00141911757571056,0.0004255092814213768,0.189693654543592,0,0.11265690832098707,0.0
2026-07-07 08:03:00,69.346,4126.59,7522.4,0.001805810375464123,0.0013030122148296464,0.00042557718906266473,0.17754870298818598,0,0.1323386132146685,0.0
2026-07-07 08:04:00,69.396,4126.59,7522.2,0.002021485503061138,0.0011669715511259948,0.00037237013591506773,0.18460655726237513,0,0.14189270394104353,0.0
2026-07-07 08:05:00,69.406,4125.28,7520.5,0.0020211936592267055,8.727441986744466e-05,1.3297165044390269e-05,0.2229231245191967,0,0.2001983469025671,0.0
2026-07-07 08:06:00,69.371,4127.15,7520.6,0.0015158952444198626,0.0007516882676008585,-0.00014624353537096013,0.22385880839899025,0,0.14993636563515084,0.0
2026-07-07 08:07:00,69.326,4127.4,7520.6,-0.0002884088483836589,0.0011060337049217939,-0.00010636317706802512,0.23474672928001344,0,0.13013300121123017,0.0
2026-07-07 08:08:00,69.306,4125.27,7520.2,-0.000648873123675231,0.00038072604699679324,-0.00011966334711688287,0.2568637853303997,0,0.16392074139564178,0.0
2026-07-07 08:09:00,69.296,4122.92,7519.7,-0.000504824681599847,-0.0005599687774983098,-0.00038550501156520145,0.23278594455262425,0,0.2037185001027753,0.0
2026-07-07 08:10:00,69.241,4122.5,7518.9,-0.0016581117711517157,-0.0009959749043403354,-0.0006114175583172843,0.1783148894112666,0,0.13019649545010675,0.0
2026-07-07 08:11:00,69.251,4122.02,7517.9,-0.001801775830258312,-0.0007127341840890145,-0.0009036905125785477,0.105602311915722,0,0.05866747186307486,0.0
2026-07-07 08:12:00,69.276,4122.97,7518.3,-0.0017292062943109476,-0.0006350606822296267,-0.000731013583561535,0.1589937437166325,0,0.11053637364141289,0.0
2026-07-07 08:13:00,69.276,4123.03,7517.9,-0.001225472527789484,-0.0003030832048260823,-0.0007310524496902948,0.16753009983042827,0,0.09721791577125705,0.0
2026-07-07 08:14:00,69.271,4123.51,7517.7,-0.0011535522198670156,-9.941996934947905e-05,-0.0007576361751335803,0.16543018864869058,0,0.08612382631541282,0.0
2026-07-07 08:15:00,69.216,4124.8,7519.4,-0.001658709668113989,0.00012608261320767866,-0.0005582433941199172,0.1946838895293882,0,0.12028958651415378,0.0
2026-07-07 08:16:00,69.231,4124.59,7519.0,-0.000649575610601083,-0.00024238957337008316,-0.0006911033731160643,0.19240612884360586,0,0.09092840206560349,0.0
2026-07-07 08:17:00,69.201,4125.55,7518.9,-0.0013709305010392026,-0.0006249803179647628,-0.000624700941038947,0.17981376134672655,0,0.14172451837531613,0.0
2026-07-07 08:18:00,69.316,4123.83,7517.9,-0.00043261327257526627,-0.000668833104330746,-0.0005982133361692732,0.20774572897466725,0,0.16519743172218754,0.0
2026-07-07 08:19:00,69.311,4123.82,7518.4,-0.0012248544584700927,-0.0006712564126798437,-0.0005051713594427243,0.1957600858764857,0,0.17930543994904646,0.0
2026-07-07 08:20:00,69.301,4126.17,7520.1,-0.0015128375068438338,0.0002157429313889292,-5.3187952928634985e-05,0.23699523308653148,0,0.13085115219714294,0.0
2026-07-07 08:21:00,69.311,4126.97,7520.5,-0.0008649147338223306,-4.3613631682704046e-05,-1.3296811424701183e-05,0.2398253240966064,0,0.17094461790317633,0.0
2026-07-07 08:22:00,69.321,4126.02,7521.3,-7.212301301096069e-05,-0.00033435092309908043,9.307767997235317e-05,0.2465294679405019,0,0.19793601582082226,0.0
2026-07-07 08:23:00,69.316,4126.63,7521.6,0.0001442876518629177,0.00032967539094408416,0.00018616526156223223,0.2513192364205565,0,0.1849164749836129,0.0
2026-07-07 08:24:00,69.361,4128.11,7521.2,0.000938005079658355,0.0012588165668991902,0.00019947604292713805,0.21285987715236376,0,0.16772981474190318,0.0
2026-07-07 08:25:00,69.316,4128.67,7521.3,0.0010831732643954428,0.0014966646452394539,0.0003191956270198748,0.18747334161041534,0,0.13174100737719457,0.0
2026-07-07 08:26:00,69.236,4128.64,7520.2,-0.000216603370348456,0.00160600870447003,0.0003059364982243018,0.20091901386486177,0,0.07990200877385178,0.0
2026-07-07 08:27:00,69.216,4127.32,7521.0,-0.0008661008141348514,0.00105506467425176,0.0003591237380791146,0.20823699551879377,0,0.0476924236934787,0.0
2026-07-07 08:28:00,69.251,4127.17,7522.0,-0.0003608753392226882,0.0010041159050504511,0.000545365062051939,0.20813043691063116,0,0.07862307601691476,0.0
2026-07-07 08:29:00,69.236,4126.69,7520.9,-0.0005052619422268867,0.0007711876532370265,0.0004256621041009989,0.22545198624773222,0,0.0902468547663986,0.0
2026-07-07 08:30:00,69.211,4126.65,7520.7,-7.223763291719365e-05,0.00044850659425899053,0.00017288613453203538,0.2524379574210039,0,0.19099429693349723,0.0
2026-07-07 08:31:00,69.236,4127.3,7520.9,7.22219814823788e-05,0.0006570350022669924,0.00025269317728415785,0.24206212902576785,0,0.18569883835900908,0.0
2026-07-07 08:32:00,69.266,4127.42,7520.6,0.0009392927847864385,0.00045327289694707673,0.0002260969024725501,0.2355534856906803,0,0.18701123411774068,0.0
2026-07-07 08:33:00,69.221,4129.17,7520.4,-0.0013705349414276924,0.0012949127388859338,0.0003325396719828788,0.20451468270682355,0,0.04881417857263881,0.0
2026-07-07 08:34:00,69.191,4128.04,7521.1,-0.0017313269178053092,0.0010233230354381728,0.0003591189614813306,0.19527380084998436,0,0.05043092229224333,0.0
2026-07-07 08:35:00,69.216,4128.24,7521.1,-0.0012265335276548939,0.000501675888293418,0.0001329769550937332,0.24371951434351008,0,0.13391491750681306,0.0
2026-07-07 08:36:00,69.226,4127.94,7521.4,-0.00122635656677883,0.00023503926609569348,0.00011967289408953974,0.2418039197616912,0,0.13839074804267248,0.0
2026-07-07 08:37:00,69.236,4128.55,7522.4,-0.0012261796569581485,0.0006131817102195125,0.00014625131293777294,0.23466214149020553,0,0.1381618125931191,0.0
2026-07-07 08:38:00,69.276,4127.82,7522.0,-0.0005770673437590634,0.00028837089828726015,5.3180174431011196e-05,0.25372730595296983,0,0.1709333529761396,0.0
2026-07-07 08:39:00,69.276,4128.11,7521.5,-0.001225472527789484,0.0,3.9887252034187526e-05,0.2400005314787837,0,0.16458592460888677,0.0
2026-07-07 08:40:00,69.256,4131.45,7522.6,-0.0008656010156385952,0.0006733403250924752,0.00017284246074478204,0.2366815162963002,0,0.13926286652082953,0.0
2026-07-07 08:41:00,69.276,4131.07,7521.9,0.0005777341267547698,0.0005885715392961455,0.0002260578176112027,0.23506000842751967,0,0.1617114282081456,0.0
2026-07-07 08:42:00,69.271,4131.07,7523.1,0.0007946139620897963,0.0009085799017281015,0.00027921818907072904,0.22539999521159998,0,0.15084209313751207,0.0
2026-07-07 08:43:00,69.276,4131.38,7522.9,0.00036100561724738967,0.0010200694422570766,0.00011964902951344669,0.22524255596195342,0,0.1799748446428266,0.0
2026-07-07 08:44:00,69.266,4132.44,7523.3,0.0004333005950660773,0.0013933685350728808,0.00031911074472468215,0.20739655328945344,0,0.15163193088191734,0.0
2026-07-07 08:45:00,69.281,4131.84,7523.0,0.0010113999219778513,0.001257678746683366,0.0003058225963008532,0.2074005639209302,0,0.1806872533306611,0.0
2026-07-07 08:46:00,69.431,4129.51,7520.6,0.0028164538679298357,0.0005354590167907514,-3.9888843090474246e-05,0.19638133212722864,0,0.07869673796182941,0.0
2026-07-07 08:47:00,69.406,4129.48,7520.8,0.0020211936592267055,0.0004991011333954631,2.659362284918032e-05,0.21746173348358538,0,0.1579296716969491,0.0
2026-07-07 08:48:00,69.441,4129.29,7520.4,0.0031782262608168743,2.9061530525398283e-05,0.0,0.18836275537577263,0,0.049818014355176854,0.0
2026-07-07 08:49:00,69.436,4129.58,7520.3,0.003540922952407266,0.0003730584005969817,-0.00010636741965941443,0.1719493556141144,0,0.0636759531026242,0.0
2026-07-07 08:50:00,69.431,4130.67,7520.9,0.0031062182154415474,0.0005886285681064862,-2.6591854914936874e-05,0.18322977985571975,0,0.07377411317046667,0.0
2026-07-07 08:51:00,69.406,4130.75,7521.0,0.0026001791234508964,0.0006807269485507028,-5.318158853395705e-05,0.20502122371335224,0,0.11375600288579885,0.0
2026-07-07 08:52:00,69.416,4129.2,7522.3,0.002599803570396686,0.00015744026353070595,-1.3293629692601172e-05,0.2121337257033734,0,0.1286505281801385,0.0
2026-07-07 08:53:00,69.426,4129.77,7522.5,0.0021652520353370175,0.00047240431995598797,6.647168306295193e-05,0.21657116814107646,0,0.16490795620275112,0.0
2026-07-07 08:54:00,69.391,4129.24,7522.8,0.0016600265604251874,0.00027373301583533127,0.00017283786478761165,0.21966422194935298,0,0.18515208333016625,0.0
2026-07-07 08:55:00,69.396,4129.79,7522.8,0.002021485503061138,-0.00040179597961975677,2.6586552521745688e-05,0.21487041656268102,0,0.15407571710113144,0.0
2026-07-07 08:56:00,69.376,4130.48,7523.7,0.001443501356891419,-0.00014282014102884322,0.00023930124037807587,0.23075914665108488,0,0.1687939230756289,0.0
2026-07-07 08:57:00,69.396,4130.66,7523.2,0.0018045069365246746,-9.924789461324135e-05,1.3292392763597505e-05,0.2257075338963237,0,0.1802510877972351,0.0
2026-07-07 08:58:00,69.421,4130.55,7522.9,0.002093076967492502,-0.00020090139372319626,0.0,0.22203954879915117,0,0.1737197231437661,0.0
2026-07-07 08:59:00,69.436,4130.4,7523.7,0.002454306586203936,-0.0004936550802915329,5.316815759037752e-05,0.2109172077378822,0,0.13455951953640993,0.0
2026-07-07 09:00:00,69.441,4127.94,7522.7,0.002309435487362954,-0.0009438894052046232,-3.987770836100246e-05,0.21317620319868363,0,0.11974429428102068,0.0
2026-07-07 09:01:00,69.411,4127.31,7524.6,-0.00028805576759649565,-0.0005327508590606822,0.0005318724569847166,0.20890876438558298,0,0.09717297672216041,0.0
2026-07-07 09:02:00,69.446,4126.48,7525.8,0.0005763190502261484,-0.0007264837219214115,0.0006648228911818599,0.19170096759243055,0,0.0901254323278603,0.0
2026-07-07 09:03:00,69.476,4125.06,7525.8,0.0005040249996399737,-0.0010243891807064642,0.0007180469123984068,0.17379925171599747,0,0.06956172232363411,0.0
2026-07-07 09:04:00,69.511,4127.09,7525.9,0.0010801313439712246,-0.0006029668876738059,0.0007446511442361636,0.168041200464153,0,0.09665561007406276,0.0
2026-07-07 09:05:00,69.466,4125.38,7525.9,0.0005040975932939507,-0.0012806639116657026,0.0006648140515097545,0.1649919845996627,0,0.08599174009439381,0.0
2026-07-07 09:06:00,69.421,4125.3,7525.7,0.0002161196438348334,-0.0013193729952187816,0.0006249168993484044,0.17275930458898803,0,0.11402682039677531,0.0
2026-07-07 09:07:00,69.421,4126.8,7526.0,7.20295032847762e-05,-0.00058122638767788,0.0004918708373768954,0.21428581467460145,0,0.16077420148404975,0.0
2026-07-07 09:08:00,69.386,4126.13,7525.3,-0.0005761530262438086,-0.000881405017712944,0.00037221668328357715,0.21831885038720877,0,0.1393302518587391,0.0
2026-07-07 09:09:00,69.366,4126.5,7524.8,-0.00036027726938658855,-0.0006635603646191202,0.00026585845695747956,0.23709654616035497,0,0.1612704263654764,0.0
2026-07-07 09:10:00,69.356,4126.92,7523.9,-0.0005764020981037232,-0.00069495059070801,0.00014622215132664707,0.23613020160803577,0,0.1636679325246665,0.0
2026-07-07 09:11:00,69.331,4126.68,7523.1,-0.0006486392988930278,-0.0009199899285311508,-7.974799633148066e-05,0.244161178138733,0,0.17714922951609618,0.0
2026-07-07 09:12:00,69.336,4129.26,7523.9,-0.0008646031471555293,-0.0003389288878773433,9.304551254785132e-05,0.23934153129087654,0,0.16842453720522482,0.0
2026-07-07 09:13:00,69.341,4130.02,7527.2,-0.001152389046542246,-0.00012831221023823502,0.0005715880843824017,0.20483338640852794,0,0.08131379456045329,0.0
2026-07-07 09:14:00,69.366,4129.55,7526.9,-0.0010081225877067723,-0.00020579120666264217,0.0004253226471018223,0.21923527220065026,0,0.10471237324705052,0.0
2026-07-07 09:15:00,69.336,4129.19,7527.7,-0.0015120749989200322,0.00030281447889257684,0.0006646549776010424,0.19463978953417754,0,0.0504053177370728,0.0
2026-07-07 09:16:00,69.356,4131.06,7527.0,-0.0007923816109839388,0.0009085821031131758,0.0003189538314327667,0.21859650715288165,0,0.11409528908104627,0.0
2026-07-07 09:17:00,69.346,4130.71,7527.0,-0.0014399677447224368,0.0010250867567516142,0.00015945148688500943,0.21595168728716385,0,0.08814475877956096,0.0
2026-07-07 09:18:00,69.336,4129.0,7526.1,-0.0020150843456733236,0.0009551376222405317,3.986287172130787e-05,0.2085152096047298,0,0.05951213431048841,0.0
2026-07-07 09:19:00,69.306,4130.31,7527.6,-0.002949173512105996,0.0007802107538241732,0.00022588660492450785,0.19710763779090879,0,0.03249832422635923,0.0
2026-07-07 09:20:00,69.366,4130.9,7527.9,-0.0014395531626981706,0.00133805855460567,0.00026574894696973494,0.20575784557640614,0,0.07029248028831492,0.0
2026-07-07 09:21:00,69.361,4131.0,7528.4,-0.0008642917849066567,0.0013817176932586772,0.00035877061270039867,0.20270308685592825,0,0.10679439821972803,0.0
2026-07-07 09:22:00,69.411,4129.61,7529.2,-0.00014404863081785013,0.0006809149946689352,0.00042519266542639933,0.22602788901274784,0,0.1512089280690278,0.0
2026-07-07 09:23:00,69.421,4127.51,7528.4,0.000504424523679381,0.00033445383446473187,0.0004119437098852874,0.23142777511758023,0,0.16763645178613623,0.0
2026-07-07 09:24:00,69.416,4127.08,7527.3,0.0007208142317560728,0.00014055494971532134,0.000332234743780635,0.23580862264249258,0,0.17843935703789354,0.0
2026-07-07 09:25:00,69.376,4127.5,7528.4,0.00028836726454817274,0.00014054064532387223,0.0005980940735523799,0.21778406976220283,0,0.12474937997729196,0.0
2026-07-07 09:26:00,69.446,4127.42,7527.4,0.001658709668113767,0.00017932090687899915,0.0005715728888355809,0.18766309430256228,0,0.1483261004345217,0.0
2026-07-07 09:27:00,69.441,4129.14,7529.7,0.0015143648321218617,-2.9060897109856043e-05,0.0007708768059118132,0.14803944148798964,0,0.08916049248735358,0.0
2026-07-07 09:28:00,69.421,4128.31,7529.5,0.0011537185791956617,-0.00041404157849112,0.0003055585078117762,0.22816496186210966,0,0.18471632128439003,0.0
2026-07-07 09:29:00,69.466,4126.58,7528.9,0.0014416284635123677,-0.0007192066932233399,0.000265713640409837,0.22073376165056108,0,0.1713283277750287,0.0
2026-07-07 09:30:00,69.446,4127.86,7529.1,0.0015864774431753048,-0.00032209706988539644,0.0001859797813410502,0.220184317374096,0,0.17763662843810674,0.0
2026-07-07 09:31:00,69.576,4126.28,7528.2,0.003172039910029456,-0.0011570880113096482,0.0001594260661617053,0.16576004006005085,0,0.08608509293026934,0.0
2026-07-07 09:32:00,69.491,4126.92,7528.7,0.002090964150780028,-0.0009175178117079019,0.00022585359372917502,0.1984647600622314,0,0.13150535667502522,0.0
2026-07-07 09:33:00,69.496,4127.05,7528.6,0.002307603553709514,-0.00047226931460397914,0.00033217735613400023,0.1973507405214771,0,0.14420371609667154,0.0
2026-07-07 09:34:00,69.481,4127.76,7528.0,0.002525033907598173,-0.0006173870726410291,5.3137786279799926e-05,0.20583091810397813,0,0.15528262054944447,0.0
2026-07-07 09:35:00,69.426,4129.54,7526.8,0.0008649770781075095,-0.0003292260766417643,-0.00014612308877637314,0.24855440718308236,0,0.2177853361881476,0.0
2026-07-07 09:36:00,69.381,4129.98,7527.2,0.0002883464771268329,-0.00024691358024697685,-0.00015939641889373135,0.2528510263669146,0,0.23922711921896966,0.0
2026-07-07 09:37:00,69.446,4129.15,7526.7,0.0005042428433532642,-0.00011139066400944753,-0.00033204058864155783,0.23934878134038257,0,0.2102991238279615,0.0
2026-07-07 09:38:00,69.431,4130.0,7527.3,0.0001440486308177391,0.0006032692834176956,-0.0001461133839858464,0.24870266739122404,0,0.20312011575070293,0.0
2026-07-07 09:39:00,69.376,4128.88,7526.7,-0.0005762360262762112,0.0004361437141999769,-7.970985612371084e-05,0.2579352812369172,0,0.2161253597426246,0.0
2026-07-07 09:40:00,69.406,4128.6,7527.1,0.0004324261992620926,0.00026650514839499095,-0.0001726794538015053,0.25123483856803713,0,0.2060731262044827,0.0
2026-07-07 09:41:00,69.376,4127.43,7527.3,-0.0010079774213056503,2.422821036018874e-06,-1.3284799532331526e-05,0.24033798145379603,0,0.1940454321658479,0.0
2026-07-07 09:42:00,69.391,4128.4,7527.1,-0.0007200357137713276,-0.0001792140736329717,-0.000345299281511835,0.23675755277698946,0,0.18294399202747397,0.0
2026-07-07 09:43:00,69.411,4131.09,7527.4,-0.00014404863081785013,0.0006733990422229663,-0.0002789029816057109,0.24071654143090015,0,0.1831116233127293,0.0
2026-07-07 09:44:00,69.401,4130.05,7526.1,-0.0009357095557538386,0.0008408900348473303,-0.000371900277596926,0.2186580046682799,0,0.12823153980208646,0.0
2026-07-07 09:45:00,69.491,4130.78,7525.8,0.0006479854851251243,0.0007073883319685947,-0.0004382993983345074,0.21817523778637815,0,0.16619430874150126,0.0
2026-07-07 09:46:00,69.501,4133.19,7526.9,-0.0010779579165227648,0.001674631871807053,-0.0001726840413379671,0.1844549725595041,0,0.07866366065359298,0.0
2026-07-07 09:47:00,69.476,4132.05,7527.1,-0.0002158552906131872,0.0012430577767439388,-0.00021252008978966952,0.22391963012684984,0,0.15077761656461275,0.0
2026-07-07 09:48:00,69.561,4128.55,7526.6,0.0009353056291010464,0.000363455737148799,-0.0002656536407831256,0.24361723732603124,0,0.1990216338284011,0.0
2026-07-07 09:49:00,69.561,4127.11,7526.4,0.0011513939062479661,-0.00015747039556579523,-0.0002125398512221599,0.24614430255332537,0,0.19756998864421743,0.0
2026-07-07 09:50:00,69.556,4126.96,7526.3,0.001872497335292156,-0.0006247669231923547,-6.64292926608745e-05,0.2247234803945763,0,0.1918865219860637,0.0
2026-07-07 09:51:00,69.606,4127.53,7525.7,0.0032429627707872832,-0.0005932232117346059,-0.00019927728770330333,0.18221858419282705,0,0.08299297430085029,0.0
2026-07-07 09:52:00,69.611,4126.57,7523.6,0.0023759467787922706,-0.0006248259326979699,-0.0004118670865053131,0.19924817000896483,0,0.13464773686839138,0.0
2026-07-07 09:53:00,69.591,4127.4,7523.6,0.0023044461407728534,-0.0006295399515738875,-0.000491544112762865,0.1910365576651032,0,0.12021682235510855,0.0
2026-07-07 09:54:00,69.581,4126.76,7523.5,0.002954912361623485,-0.0005134564337059278,-0.0004251531215538895,0.17450459406120505,0,0.10437918638538468,0.0
2026-07-07 09:55:00,69.496,4125.0,7522.9,0.0012967178630087783,-0.0008719662839704601,-0.0005579838184693875,0.19985244601055174,0,0.15761169800988556,0.0
2026-07-07 09:56:00,69.481,4125.01,7522.8,0.00151349169741688,-0.0005863212701366916,-0.0005978239209277758,0.1930194360495468,0,0.1350458506531917,0.0
2026-07-07 09:57:00,69.441,4125.17,7523.3,0.0007205545387729551,-0.0007823854277685394,-0.0005048425024245518,0.2135798091155625,0,0.17930884532171193,0.0
2026-07-07 09:58:00,69.371,4126.23,7523.2,-0.0005762775352611271,-0.0011764449576263658,-0.0005579615803597004,0.1974922603929397,0,0.13153185386771338,0.0
2026-07-07 09:59:00,69.336,4124.68,7522.0,-0.0009365859281565969,-0.0013002263895109945,-0.0005447708640597959,0.18536496025018884,0,0.10378721062684682,0.0
2026-07-07 10:00:00,69.371,4126.84,7521.8,-0.0017268423249054976,-0.0009538150179868587,-0.0005315049562837348,0.1907488999463966,0,0.09794113519507586,0.0
2026-07-07 10:01:00,69.356,4127.29,7522.4,-0.002086300916533723,-0.0014274688557747162,-0.0005978556909218558,0.15756584396736484,0,0.03813408223518744,0.0
2026-07-07 10:02:00,69.341,4128.79,7521.9,-0.0019431170476136295,-0.0007889546351085297,-0.0006908371085810883,0.1608578193279414,0,0.0651622102597974,0.0
2026-07-07 10:03:00,69.326,4129.03,7521.5,-0.0033783298112449733,0.00011626357922267516,-0.0006775967900513047,0.13636364445610427,0,0.016196352043838735,0.0
2026-07-07 10:04:00,69.351,4128.35,7522.7,-0.0030189330228146405,0.0003004523746643617,-0.0004916028911564618,0.18452317502350057,0,-0.0034698252161419196,1.0
2026-07-07 10:05:00,69.291,4129.51,7522.5,-0.0038098798090746566,0.0006178882276544062,-0.0005048961641178629,0.1245112707995435,0,-0.009411800083613753,1.0
2026-07-07 10:06:00,69.326,4129.46,7522.1,-0.004022641726287968,0.000467591998120076,-0.0004783608169338649,0.13974033268199076,0,-0.0002050904653850827,1.0
2026-07-07 10:07:00,69.276,4129.05,7521.9,-0.004812457801209646,0.0006009833832942846,-0.00022595565952476804,0.0979022224904782,0,-0.002085968644655156,1.0
2026-07-07 10:08:00,69.261,4128.96,7522.2,-0.004741992499030068,0.000377961913068825,-0.00018608113137330573,0.10848201973579696,0,-0.012845409628514215,1.0
2026-07-07 10:09:00,69.276,4130.14,7522.6,-0.004383380520544544,0.0008190444804156982,-0.00011962517445329723,0.1200584092732806,0,-0.008598424779736047,1.0
2026-07-07 10:10:00,69.381,4131.71,7523.7,-0.0016547714976400396,0.0016266666666666652,0.00010634196918735128,0.19335133281987787,0,0.03585550144817562,0.0
2026-07-07 10:11:00,69.336,4135.9,7525.5,-0.002086901455073953,0.0026399936000154334,0.00035890891689271953,0.09309070017876975,0,-0.03052420271166978,1.0
2026-07-07 10:12:00,69.366,4137.17,7527.3,-0.0010800535706571024,0.0029089710242244937,0.0005316815759042193,0.0635376621330268,0,-0.04567696584203784,1.0
2026-07-07 10:13:00,69.416,4138.19,7527.4,0.0006486860503669423,0.002898529650552595,0.0005582730752871079,0.05969550011450575,0,-0.002047717841595853,1.0
2026-07-07 10:14:00,69.396,4136.98,7527.8,0.0008653513326410955,0.0029820495165684413,0.0007710715235309529,0.03778379706985313,0,-0.037411700546717164,1.0
2026-07-07 10:15:00,69.381,4136.09,7527.7,0.00014415245563714763,0.002241424431284056,0.0007843867159456064,0.09273086189895141,0,0.01892756561594633,0.0
2026-07-07 10:16:00,69.356,4136.86,7527.7,0.0,0.0023187127630963644,0.0007045623737105267,0.10464761281873436,0,0.04964158990856049,0.0
2026-07-07 10:17:00,69.336,4136.48,7529.1,-7.210741119967334e-05,0.0018625311531950128,0.0009572049615125255,0.09848750115720128,0,0.03980696652966076,0.0
2026-07-07 10:18:00,69.296,4135.67,7529.6,-0.00043273807806576414,0.0016081258794438114,0.0010769128498304692,0.1023702179742908,0,0.01978403762960579,0.0
2026-07-07 10:19:00,69.271,4135.42,7529.4,-0.0011535522198670156,0.0017125485968969567,0.000890637669985539,0.12068840966919947,0,0.04798539250693035,0.0
2026-07-07 10:20:00,69.261,4136.11,7528.9,-0.000432956661038264,0.0015982525771820466,0.0008507809903621766,0.14386358705480656,0,0.08184964713668919,0.0
2026-07-07 10:21:00,69.301,4134.78,7528.9,-0.00036061506505480345,0.0012883040397533296,0.0009040028715383563,0.15007431363324608,0,0.08332882819310639,0.0
2026-07-07 10:22:00,69.291,4135.24,7529.1,0.00021652520353376836,0.0014991341834076355,0.0009572049615125255,0.12902366737551269,0,0.07666897103724346,0.0
2026-07-07 10:23:00,69.311,4135.13,7529.5,0.0007219069895036956,0.0014943230256529993,0.0009704607694558387,0.11680132839076796,0,0.06254632758025969,0.0
2026-07-07 10:24:00,69.306,4136.23,7529.7,0.0004330504070673147,0.0014745262872442044,0.0009438226145215278,0.12541428130558696,0,0.09022346726180408,0.0
2026-07-07 10:25:00,69.171,4137.33,7530.9,-0.00302676525273482,0.0013602116315036827,0.0009569759559791002,0.09357426655411216,0,-0.002413537946775679,1.0
2026-07-07 10:26:00,69.171,4137.05,7530.2,-0.002379716164762735,0.000278053144418422,0.0006245432197196088,0.17989558017399515,0,0.08872518497172432,0.0
2026-07-07 10:27:00,69.141,4138.29,7529.8,-0.003243664042902772,0.0002707164559347941,0.00033212440051544334,0.18059102755163414,0,0.054572225978828603,0.0
2026-07-07 10:28:00,69.181,4137.7,7530.6,-0.003385386654373601,-0.0001184092562206418,0.00042511358503616314,0.15508693095106318,0,0.01822140380811965,0.0
2026-07-07 10:29:00,69.046,4138.58,7531.3,-0.005043518358406773,0.00038675555598532974,0.0004649432769201489,0.0891756794419134,0,0.039679683409680755,0.0
2026-07-07 10:30:00,69.026,4134.55,7529.9,-0.005116674593909076,-0.0003723323235229614,0.0002922539421070791,0.10015616723981058,0,-0.0034330173588517088,1.0
2026-07-07 10:31:00,69.016,4134.34,7531.3,-0.004902243497318048,-0.000609157670310223,0.0004782337234481293,0.08522085120533995,0,-0.014107861128179855,1.0
2026-07-07 10:32:00,69.041,4133.19,7531.3,-0.0042546440521518125,-0.0007953622403589211,0.00029219959888959757,0.1391230659969493,0,0.031794014024659534,0.0
2026-07-07 10:33:00,69.081,4134.51,7531.7,-0.0031026321865620377,-0.00028048659588408853,0.0002788992775180077,0.19142939818707272,0,0.09313386168946036,0.0
2026-07-07 10:34:00,69.136,4134.55,7530.1,-0.0019488674914467374,-0.00021037766417919546,9.296889526400065e-05,0.23048755442145896,0,0.14217477243581417,0.0
2026-07-07 10:35:00,69.141,4133.2,7529.9,-0.0017325767748082033,-0.0007035596248649023,0.00013282152771321165,0.22231984552243678,0,0.13941646997736723,0.0
2026-07-07 10:36:00,69.196,4131.47,7529.8,-0.0015151296518088886,-0.0008005262674192215,0.00011953937494202371,0.22606144108685372,0,0.14379698327554602,0.0
2026-07-07 10:37:00,69.211,4131.89,7530.6,-0.0011545510961019634,-0.0008101101749836692,0.00019922699924301845,0.22605532491068353,0,0.16127452981809381,0.0
2026-07-07 10:38:00,69.276,4131.51,7530.6,-0.0005049703510267012,-0.0008754259237314654,0.00014609203798388037,0.23195389084843987,0,0.19477420072088625,0.0
2026-07-07 10:39:00,69.336,4131.84,7530.9,0.000432862955588309,-0.0010613529711838154,0.00015936889915924013,0.22945678595079594,0,0.17990369316642224,0.0
2026-07-07 10:40:00,69.331,4132.11,7531.2,0.0023131080944325255,-0.0012616832594934957,3.9835876190164043e-05,0.19579236597240945,0,0.11791184752933936,0.0
2026-07-07 10:41:00,69.226,4132.78,7532.7,0.0007951309074611945,-0.001032136425714092,0.00033199649411708165,0.21619897926223453,0,0.17193196125732035,0.0
2026-07-07 10:42:00,69.296,4131.99,7531.4,0.002241795750712372,-0.0015223679345817143,0.00021248904353354803,0.16968708997605053,0,0.09327730680248025,0.0
2026-07-07 10:43:00,69.351,4129.92,7531.3,0.0024573220971075838,-0.0018802716485003534,9.295408068421551e-05,0.16500954741610646,0,0.029859934254803155,0.0
2026-07-07 10:44:00,69.306,4131.0,7530.6,0.0037656055383366027,-0.0018315460858555621,-9.294544102611546e-05,0.13696361515289357,0,-0.043573883027664184,1.0
2026-07-07 10:45:00,69.351,4129.77,7530.8,0.004708370758844449,-0.0011561113059461725,0.00011952349964805542,0.12472548850713983,0,0.047711048087272,0.0
2026-07-07 10:46:00,69.306,4129.48,7531.3,0.004201924191491679,-0.0011755201555752048,0.0,0.15214895464280076,0,0.05097596446623898,0.0
2026-07-07 10:47:00,69.336,4129.07,7531.3,0.0042728233947944005,-0.0009968087603037246,0.0,0.15508741481372718,0,0.05984166905424004,0.0
2026-07-07 10:48:00,69.436,4128.33,7530.9,0.005138894920455828,-0.0014947357728002375,-0.00010621771977115113,0.07592879153503651,0,0.014830273917381898,0.0
2026-07-07 10:49:00,69.406,4128.09,7531.2,0.0039053459847258054,-0.0015624433130571047,0.00014608039733854383,0.12546445040038467,0,0.09208754838425548,0.0
2026-07-07 10:50:00,69.486,4127.92,7531.4,0.004989803445133889,-0.0012774605632439595,0.00019920583274668502,0.0836045704650944,0,0.025600640636897265,0.0
2026-07-07 10:51:00,69.476,4127.04,7531.4,0.004046476674952393,-0.0010722575741807239,0.00021248904353354803,0.14495812760433457,0,0.12699842278655227,0.0
2026-07-07 10:52:00,69.516,4125.58,7529.9,0.004406813945760257,-0.0015271461728169067,-9.295408068421551e-05,0.12708305618859628,0,0.07705945796273717,0.0
2026-07-07 10:53:00,69.496,4122.09,7528.7,0.0031757029851608998,-0.002280038049042643,-0.0002523039332855692,0.10130769049209554,0,0.029976628197666555,0.0
2026-07-07 10:54:00,69.456,4123.92,7529.0,0.001730702665282191,-0.0019168215613383222,-0.0002522938825372245,0.17121292589748638,0,0.08315574294129113,0.0
2026-07-07 10:55:00,69.356,4122.66,7527.9,0.0003605890582853988,-0.002286967191096001,-0.00043817718291905283,0.13806295304393806,0,0.02889492304237873,0.0
2026-07-07 10:56:00,69.331,4124.87,7528.9,0.0015167711553463192,-0.0019139659018868604,-0.0005044671897195263,0.14485323280278933,0,0.08817342212846113,0.0
2026-07-07 10:57:00,69.361,4126.26,7529.1,0.000938005079658355,-0.0013867410134098535,-0.00030538810845248676,0.21353766777791444,0,0.15517793479007724,0.0
2026-07-07 10:58:00,69.346,4126.82,7530.1,-7.209701374166766e-05,-0.0007506198667287522,-0.00015933504175902335,0.2457352079176534,0,0.18629794472735345,0.0
2026-07-07 10:59:00,69.346,4125.91,7528.8,0.0005771506074510047,-0.001232147179859644,-0.00023902477890214158,0.2236254429562402,0,0.18437961032392458,0.0
2026-07-07 11:00:00,69.431,4125.5,7526.9,0.0011535522198671266,-0.0010339558861632847,-0.0005178732671164976,0.20597476949250437,0,0.15423225786267974,0.0
2026-07-07 11:01:00,69.461,4126.59,7526.4,0.002236458603872782,-0.0006998459854508088,-0.0006506180871829192,0.15758933880967374,0,0.10070745457053376,0.0
2026-07-07 11:02:00,69.431,4125.71,7526.6,0.0013701396100149754,-0.0008137425618842675,-0.0006240622468896007,0.18458717976169942,0,0.12772869913405588,0.0
2026-07-07 11:03:00,69.446,4126.79,7528.4,0.00014401751252934858,-0.0003730321946162629,-0.0003319656349174416,0.2401798247377016,0,0.17539617961604548,0.0
2026-07-07 11:04:00,69.506,4127.69,7529.2,0.001440797625565482,-9.689711222393704e-05,-0.0002655619290418132,0.23682865083778265,0,0.18839036396695308,0.0
2026-07-07 11:05:00,69.481,4126.27,7529.1,-7.195694096662208e-05,-0.0003997170487799462,-0.00030538810845248676,0.24464764474499673,0,0.1836035292648175,0.0
2026-07-07 11:06:00,69.471,4126.78,7530.2,-7.196729805969415e-05,-6.299914708851606e-05,-0.00015933292614911387,0.2550408131054488,0,0.19798615822928428,0.0
2026-07-07 11:07:00,69.531,4126.42,7530.5,0.00021577766269631482,0.00020360773515482045,7.968233309885164e-05,0.2506039738235936,0,0.21210109698888596,0.0
2026-07-07 11:08:00,69.586,4128.23,7530.7,0.001295038563370543,0.0014895356481783306,0.00026565011223711466,0.19235719839449855,0,0.1687196426835167,0.0
2026-07-07 11:09:00,69.656,4126.61,7530.4,0.002879520847731021,0.000652291994025056,0.0001859476690131423,0.17630252863665258,0,0.1379647280832078,0.0
2026-07-07 11:10:00,69.676,4127.32,7531.0,0.004613876232770098,0.0011303381797189704,0.0004118014320062535,0.09112451115267595,0,0.032085426842431986,0.0
2026-07-07 11:11:00,69.691,4128.36,7531.1,0.005192482439312807,0.0008460872706290701,0.00029220736096924327,0.06288043427450818,0,-0.003302084301828989,1.0
2026-07-07 11:12:00,69.691,4128.03,7531.3,0.0047577168725940755,0.00042895988134517005,0.00029219959888959757,0.10836010705915233,0,0.05535219156430604,0.0
2026-07-07 11:13:00,69.661,4127.1,7531.1,0.004542439362039685,6.78488521430598e-05,0.00013280036121687822,0.14040343103494868,0,0.07633110236775043,0.0
2026-07-07 11:14:00,69.516,4127.51,7531.9,0.002451475211259435,0.0003877932383402616,0.0004117522048665556,0.1956070087703617,0,0.1651846835980338,0.0
2026-07-07 11:15:00,69.481,4127.78,7531.3,0.0007201394189915167,0.0005526602836019023,0.0005845700089015526,0.21108962145664845,0,0.17475089049185633,0.0
2026-07-07 11:16:00,69.496,4128.41,7531.9,0.0005038798750376383,0.0004410421195224501,0.0007307610544218246,0.2003847889169632,0,0.16873880121416818,0.0
2026-07-07 11:17:00,69.501,4128.51,7531.9,0.0010081951865881233,0.0006786710651016659,0.0007041692131903865,0.18056987025159854,0,0.17624844560424074,0.0
2026-07-07 11:18:00,69.516,4129.79,7531.9,0.0010079774213058723,0.000726957271874662,0.00046490622177364216,0.21070320804981896,0,0.19605522921849045,0.0
2026-07-07 11:19:00,69.526,4128.97,7531.5,0.0002877449428826395,0.000310100806989011,0.0003054773415502865,0.24220142079660822,0,0.22317038980024684,0.0
2026-07-07 11:20:00,69.511,4126.46,7531.5,0.0004317727148428485,4.6046429341695116e-05,0.0003187631987886519,0.23706674524188354,0,0.2294425243258354,0.0
2026-07-07 11:21:00,69.571,4126.43,7531.3,0.0014394495544902686,-8.481188723397093e-05,0.000146078457411436,0.23317123759587038,0,0.22397580241657467,0.0
2026-07-07 11:22:00,69.496,4126.51,7531.7,-0.0005033725963959901,2.1810673659139468e-05,0.00015935196866068146,0.24598627214911506,0,0.21998357366790083,0.0
2026-07-07 11:23:00,69.516,4126.59,7530.4,-0.0010059494725949136,-0.0003972646872871799,-3.983693414955081e-05,0.24103405559860758,0,0.19823077015446394,0.0
2026-07-07 11:24:00,69.476,4126.97,7530.6,-0.002584127713334161,8.723867775262129e-05,2.6559014129512448e-05,0.21372646206113377,0,0.13823863027268035,0.0
2026-07-07 11:25:00,69.466,4127.87,7531.2,-0.0030139502841726173,0.0001332583855868652,2.6556898154339592e-05,0.2045128641038383,0,0.14388006581348894,0.0
2026-07-07 11:26:00,69.396,4127.96,7531.3,-0.004232971258842588,-9.68907750291681e-05,2.6556545524636377e-05,0.15607775709735483,0,0.07345707891106645,0.0
2026-07-07 11:27:00,69.191,4124.3,7531.7,-0.007174527557360366,-0.0009035787046119959,5.311168058641513e-05,0.046565147273741836,0,0.031051230704487454,0.0
2026-07-07 11:28:00,69.201,4121.99,7530.5,-0.006603407932702754,-0.001238157544038332,-7.966963657368709e-05,0.04957173609770882,0,-0.006256669020453076,1.0
2026-07-07 11:29:00,69.286,4121.55,7530.1,-0.0033085908280108267,-0.0014439698510724241,-0.00023898352341367168,0.14165945710188832,0,0.05037730902029125,0.0
2026-07-07 11:30:00,69.316,4124.53,7529.2,-0.002374749931635889,-0.0007873481629350199,-0.0002788363230783464,0.20901532990173444,0,0.12413007669529574,0.0
2026-07-07 11:31:00,69.271,4124.7,7528.9,-0.0032375964084263575,-0.0008986510545222481,-0.0003983058723562305,0.1701345884633868,0,0.11132371430414906,0.0
2026-07-07 11:32:00,69.316,4125.04,7529.1,-0.002661832203853187,-0.0008404969347295399,-0.0003717521475323782,0.19731525764686614,0,0.12272960666855776,0.0
2026-07-07 11:33:00,69.276,4124.98,7528.9,-0.0034524426031418143,-0.0011647081328591824,-0.0003983058723562305,0.14346145760376844,0,0.0806727933523067,0.0
2026-07-07 11:34:00,69.361,4127.48,7528.7,-0.0023732128987715706,-0.0003608648161649297,-0.00037177189138948297,0.19874312813789347,0,0.12141819730479098,0.0
2026-07-07 11:35:00,69.356,4131.19,7528.4,-0.0022298628993971947,0.0011462609597572282,-0.0004116045940384394,0.1728483497823583,0,0.07443210651983312,0.0
2026-07-07 11:36:00,69.371,4130.8,7528.1,-0.002874761035489004,0.001059026810099839,-0.00042489344469076595,0.16713360761400986,0,0.09176733813195626,0.0
2026-07-07 11:37:00,69.301,4130.52,7529.5,-0.002805916887302806,0.0009717654870580184,-0.00029209872937052683,0.18418215048333236,0,0.11248352773003317,0.0
2026-07-07 11:38:00,69.321,4129.83,7529.5,-0.002805109615052759,0.0007851519050838807,-0.0001195155635822509,0.2039299512505256,0,0.12278784661635511,0.0
2026-07-07 11:39:00,69.211,4129.37,7530.9,-0.0038142667971673427,0.0005815404521960499,3.9837463150282915e-05,0.1671248913200825,0,0.10965085191145846,0.0
2026-07-07 11:40:00,69.146,4130.47,7532.2,-0.004606570120634479,0.0006298647970988114,0.00013278096452085109,0.1191680639261794,0,0.08995715379535818,0.0
2026-07-07 11:41:00,69.086,4131.09,7531.8,-0.004467116260303272,0.0007582437814319665,6.63896007329079e-05,0.13077916072583717,0,0.10835586967428679,0.0
2026-07-07 11:42:00,69.166,4131.17,7531.6,-0.00036131866861299766,0.0016657372160124861,-1.3277214971352258e-05,0.19917493267806735,0,0.15400074995697016,0.0
2026-07-07 11:43:00,69.141,4131.68,7530.6,-0.0008670394936487469,0.0023508062853137,1.3279330721704952e-05,0.13296481238151553,0,0.06145238917508555,0.0
2026-07-07 11:44:00,69.121,4132.89,7531.4,-0.0023814334786249614,0.0027513920733703845,0.00017264046958187507,0.09195114524859738,0,0.01650437314933506,0.0
2026-07-07 11:45:00,69.186,4132.45,7531.1,-0.0018754688672167896,0.0019202187885649646,0.0002523508473677438,0.1495017733041295,0,0.09072172202847706,0.0
2026-07-07 11:46:00,69.216,4130.36,7530.3,-0.0007939830520709013,0.0013722210100128862,0.00018595013879862954,0.21242154515238204,0,0.17982027757112645,0.0
2026-07-07 11:47:00,69.216,4128.82,7529.9,-0.0014426683593976586,0.0009163547504993375,0.0001062543995962173,0.22443549768717225,0,0.19596667760709624,0.0
2026-07-07 11:48:00,69.226,4128.36,7530.2,-0.0007217506784455985,0.0008193979122324002,0.00017266798602721956,0.2366228304590704,0,0.21544821477500425,0.0
2026-07-07 11:49:00,69.256,4127.36,7530.4,-0.001513819004916317,-2.9073429792525474e-05,0.00022580259540161407,0.2221647440183004,0,0.19184610026541388,0.0
2026-07-07 11:50:00,69.281,4125.86,7530.0,-0.0010813772420553702,-0.0012901851524621533,0.00021252855852504915,0.20670991381431797,0,0.13025015255772765,0.0
2026-07-07 11:51:00,69.231,4128.21,7531.1,-0.0020181343789191786,-0.0006269971918272388,0.00039850692737886106,0.20676015861240216,0,0.1598374031181446,0.0
2026-07-07 11:52:00,69.221,4128.24,7531.9,-0.001154384496616201,-0.0005519886116035488,0.00031874626469208245,0.22165190241518906,0,0.1904343701467497,0.0
2026-07-07 11:53:00,69.256,4129.4,7530.7,-0.0009376667964974272,-0.00010412050859243127,0.00015937313234615225,0.2414048928349703,0,0.20437159794843351,0.0
2026-07-07 11:54:00,69.236,4130.23,7531.1,0.00036121425784929606,0.0002082642146379321,2.6557250793590725e-05,0.2536265446043764,0,0.21284591578286427,0.0
2026-07-07 11:55:00,69.261,4130.25,7531.8,0.0016631475428801057,-5.3262703760159624e-05,-5.310533443081411e-05,0.2282649817390343,0,0.18722060636422239,0.0
2026-07-07 11:56:00,69.231,4130.68,7531.2,0.0020988333381581903,-9.92474141207067e-05,-7.966223213584644e-05,0.22095197466208893,0,0.1914319245935605,0.0
2026-07-07 11:57:00,69.231,4131.77,7531.2,0.0009397680941503062,0.00014523730565452198,-5.310956503268294e-05,0.24684994155528517,0,0.20405578516329198,0.0
2026-07-07 11:58:00,69.266,4132.05,7531.3,0.0018078997989614543,8.955194981208336e-05,9.295408068421551e-05,0.22294181918538636,0,0.1976646292876048,0.0
2026-07-07 11:59:00,69.266,4131.15,7531.5,0.0020977705762359466,-0.0004210128989643458,1.3277743845740986e-05,0.21496016411835817,0,0.19527345785858174,0.0
2026-07-07 12:00:00,69.221,4133.52,7532.3,0.0005058826930304239,0.0002589263027987787,0.00015933927314737417,0.24650017564656246,0,0.22430090320045737,0.0
2026-07-07 12:01:00,69.161,4131.98,7533.2,-0.0007946139620895742,0.00039221762751906475,0.00038511081895808985,0.23344880349749747,0,0.209065583089644,0.0
2026-07-07 12:02:00,69.181,4132.28,7532.7,-0.0005056634304206886,0.0008380118290456373,0.0003718508877941229,0.2268659926366901,0,0.2028075243234646,0.0
2026-07-07 12:03:00,69.161,4132.71,7533.0,-0.0009389535723571818,0.0010536871784438961,0.0003718360734110693,0.2111547529972868,0,0.1944365453744768,0.0
2026-07-07 12:04:00,69.141,4132.45,7533.1,-0.0016605059489429586,0.0012332338347031957,0.00035854669074697476,0.19501570074479396,0,0.17295423034275936,0.0
2026-07-07 12:05:00,69.196,4132.25,7532.9,-0.0012268876026617637,0.0015487680144261606,0.0003851261620184676,0.18836276138850272,0,0.1764443086511941,0.0
2026-07-07 12:06:00,69.171,4132.32,7532.4,-0.0008666637777872133,0.0009955888871930885,0.00017261754590958134,0.22560061285749017,0,0.21023829216242923,0.0
2026-07-07 12:07:00,69.166,4133.26,7531.4,-0.0007945565652043296,0.0012160145727961869,-6.638431205940876e-05,0.22152216203750996,0,0.14687775263195935,0.0
2026-07-07 12:08:00,69.116,4132.78,7531.5,-0.002021485503061138,0.0008185208504867258,0.00010623182439872814,0.21693817775384894,0,0.20153139016217037,0.0
2026-07-07 12:09:00,69.096,4133.51,7531.4,-0.0020220694436420272,0.0007941446360131277,3.983481828684354e-05,0.21729021801564175,0,0.18272965005378167,0.0
2026-07-07 12:10:00,69.096,4133.13,7531.6,-0.0023822930653613072,0.0006972943526422082,-2.655407737850446e-05,0.21513011920699804,0,0.15883865827444726,0.0
2026-07-07 12:11:00,69.146,4133.05,7531.1,-0.0012277736851987742,0.000573755410731458,-1.3278096452018495e-05,0.24090804455175396,0,0.18593563246677697,0.0
2026-07-07 12:12:00,69.191,4132.81,7530.5,-0.0005777758518581422,0.0002517081057271664,-9.294667516457356e-05,0.2572943307455779,0,0.20153165241496723,0.0
2026-07-07 12:13:00,69.176,4134.47,7530.3,-0.0012993387809315804,0.0005856657107248253,-0.0001327792014659268,0.23356298929974517,0,0.1995374609614195,0.0
2026-07-07 12:14:00,69.191,4132.4,7528.9,-0.0010827823174429652,0.00030257918497267333,-0.0003452167562902897,0.23192457845000425,0,0.17968319967717317,0.0
2026-07-07 12:15:00,69.176,4133.13,7529.0,-0.0006500917351670576,-9.435057771589594e-05,-0.0004381131925176307,0.23326422423744037,0,0.14152730230301236,0.0
2026-07-07 12:16:00,69.176,4133.53,7529.8,0.00021688523879070942,0.00037512282247265105,-0.0004513354218658172,0.23343011885602466,0,0.15714732199877474,0.0
2026-07-07 12:17:00,69.126,4134.99,7532.5,-0.0007950159725935713,0.0006558122876474393,-2.6550904722033586e-05,0.23945488048062952,0,0.21904179029371817,0.0
2026-07-07 12:18:00,69.186,4136.5,7532.4,0.0003614753979845897,0.0009170737845143329,-7.964954201522545e-05,0.23770978015062127,0,0.18858204057110584,0.0
2026-07-07 12:19:00,69.186,4136.4,7531.6,0.0006508439276262656,0.000955849435564815,-0.00019912121171894448,0.23106513727806388,0,0.18646250018705224,0.0
2026-07-07 12:20:00,69.206,4136.11,7531.8,0.00014451702410545053,0.0009341157964788405,-0.0001460260988462858,0.23596946852014433,0,0.20072226536559823,0.0
2026-07-07 12:21:00,69.186,4136.2,7530.8,0.00021685388385317417,0.0009389398691292961,-0.00021241569751995204,0.22921452080878302,0,0.19446616903036185,0.0
2026-07-07 12:22:00,69.166,4136.38,7532.4,0.0,0.0007548521022147092,0.0001327774384576319,0.24274616350994493,0,0.2334694779793538,0.0
2026-07-07 12:23:00,69.201,4135.16,7531.1,0.001229816540308848,0.0005758835457005951,-5.311027019849757e-05,0.23854664452478574,0,0.2140236233774635,0.0
2026-07-07 12:24:00,69.171,4137.05,7531.5,0.0010854463355332022,0.000856415008068101,1.3277743845740986e-05,0.23086534290429434,0,0.21229375602666645,0.0
2026-07-07 12:25:00,69.191,4136.28,7531.5,0.0013748986916752859,0.0007621342662824659,-1.3277391258226245e-05,0.23432132761032687,0,0.21455713549053296,0.0
2026-07-07 12:26:00,69.201,4137.05,7531.8,0.0007954183900731326,0.0009678082771802377,9.294790933589425e-05,0.22494336749686683,0,0.21604752980704123,0.0
2026-07-07 12:27:00,69.191,4137.11,7531.4,0.0,0.0010404543155866364,0.00011951397649556661,0.23057534558993004,0,0.2198527415478692,0.0
2026-07-07 12:28:00,69.201,4137.59,7531.0,0.00036139701630610865,0.0007546311861013066,9.295778388640485e-05,0.23759271098720347,0,0.23445768681933365,0.0
2026-07-07 12:29:00,69.161,4137.3,7531.1,-0.0004335824023355972,0.0011857516213340524,0.00029220736096924327,0.22129437319176248,0,0.1921681053898947,0.0
2026-07-07 12:30:00,69.101,4135.45,7530.4,-0.00108419104891877,0.0005613179358017195,0.0001859476690131423,0.2417964719573581,0,0.22007753700054705,0.0
2026-07-07 12:31:00,69.091,4136.0,7530.6,-0.0012287498554413023,0.0005975522132415367,0.00010624452176677401,0.2391144728433684,0,0.2232706469344088,0.0
2026-07-07 12:32:00,69.071,4136.5,7530.0,-0.0007956485258803214,0.00036517621566201086,-0.00033189512114173425,0.2381870929236875,0,0.19853903438702186,0.0
2026-07-07 12:33:00,69.106,4137.15,7529.6,-0.0011563032983553656,0.00015713767677971724,-0.0003717274706599438,0.22551635419375687,0,0.1854152708413057,0.0
2026-07-07 12:34:00,69.101,4135.5,7528.8,-0.001228572254502458,-0.00021758050478670743,-0.00037176695522866954,0.22006976507016363,0,0.1842183826407241,0.0
2026-07-07 12:35:00,69.126,4135.78,7528.6,-0.001155969135624102,-7.978511209805195e-05,-0.0004248652380572926,0.22133513352354917,0,0.14870761686782202,0.0
2026-07-07 12:36:00,69.126,4135.67,7528.2,-0.0008672274737664409,-0.00012813693728541686,-0.00034524884474429474,0.23176567082185928,0,0.198279401031985,0.0
2026-07-07 12:37:00,69.086,4135.75,7528.1,-0.0011566376543388213,-0.00015230708977420626,-0.0005708671870849891,0.204252651642705,0,0.11771093526990684,0.0
2026-07-07 12:38:00,69.106,4135.78,7528.0,-0.001372812531610812,0.0001499337389605504,-0.0004116264556307536,0.2134204847192775,0,0.1573371662632453,0.0
2026-07-07 12:39:00,69.126,4136.36,7528.1,-0.0006505616515591894,-0.0001667855114152461,-0.0004514372966871738,0.23193624145434782,0,0.17279672389235073,0.0
2026-07-07 12:40:00,69.121,4137.09,7528.6,-0.0010116922721163935,0.00019582813542617927,-0.0003850494589390241,0.22843024120879873,0,0.18523520029019047,0.0
2026-07-07 12:41:00,69.181,4136.51,7528.0,-0.0002890131645495453,-0.00013052779154232308,-0.000504527470193028,0.22525520663454512,0,0.15600685217926097,0.0
2026-07-07 12:42:00,69.241,4136.17,7528.3,0.0007226373372259953,-0.00022721174926443322,-0.0004116100592186367,0.2336746219854105,0,0.18150371825503198,0.0
2026-07-07 12:43:00,69.231,4136.39,7528.1,0.00043351974682437344,-0.0002900239028033047,-0.00038507502323725795,0.22926694553311167,0,0.18669095251878948,0.0
2026-07-07 12:44:00,69.211,4135.53,7528.1,0.0007229507959687353,-0.0004278152418244474,-0.0003983481828683244,0.233992484125212,0,0.1817313389346626,0.0
2026-07-07 12:45:00,69.296,4135.08,7527.9,0.0028219562669138387,-8.947031157424679e-05,-0.0003319876766174623,0.1912228805956136,0,0.15638980040453027,0.0
2026-07-07 12:46:00,69.291,4135.6,7529.0,0.0028947330332460552,-9.671179883941061e-05,-0.00021246647013517528,0.19888029952789676,0,0.18089851910738974,0.0
2026-07-07 12:47:00,69.291,4135.75,7528.4,0.0031851283461945545,-0.00018131270397681032,-0.0002124833997344533,0.18616738944069028,0,0.1579295761737352,0.0
2026-07-07 12:48:00,69.261,4134.68,7528.5,0.0022429311492488946,-0.0005970293559574014,-0.00014609009774757542,0.21857004574362215,0,0.1821049801962703,0.0
2026-07-07 12:49:00,69.301,4133.47,7526.6,0.0028943141199113676,-0.0004908717204690216,-0.0002922112421633871,0.1896981396313655,0,0.1652298774037766,0.0
2026-07-07 12:50:00,69.306,4134.54,7526.4,0.0026039406301534562,-0.0002998225244088548,-0.00029221900486153807,0.20584279782543202,0,0.17417545742973783,0.0
2026-07-07 12:51:00,69.301,4135.13,7526.2,0.0025316089459825886,-0.00013057134635985346,-0.0002656677559044196,0.21637842555955206,0,0.1883533527539185,0.0
2026-07-07 12:52:00,69.301,4134.57,7524.0,0.0031120632255450253,-0.0002853170525298765,-0.0005446261340843472,0.1636445902454638,0,0.06494216767597605,0.0
2026-07-07 12:53:00,69.306,4134.47,7524.3,0.0028941047087083227,-0.00031674798949643534,-0.0004914984059510852,0.17310796263985706,0,0.10495358007659428,0.0
2026-07-07 12:54:00,69.301,4135.64,7526.1,0.0025316089459825886,-0.0001740660870909183,-0.0002656712849191667,0.2178825498847417,0,0.1927106201360752,0.0
2026-07-07 12:55:00,69.336,4136.33,7526.7,0.0031104874061429477,-0.00018370400450562485,-0.0002523709587440859,0.1892027995859215,0,0.17807642849818628,0.0
2026-07-07 12:56:00,69.356,4135.67,7526.7,0.0025295962764342317,-0.00020306973753236868,-0.00017268862911801186,0.22043068156836687,0,0.19573422001355478,0.0
2026-07-07 12:57:00,69.356,4135.59,7527.5,0.0016608656720729087,-0.00014022634466182016,-0.00010626569079341674,0.23464839367682216,0,0.20195765778677138,0.0
2026-07-07 12:58:00,69.376,4135.08,7526.9,0.0020944374629863205,-0.0003167012781677414,-0.00015940277095161104,0.2196463714645403,0,0.19894464808882406,0.0
2026-07-07 12:59:00,69.381,4135.62,7527.4,0.0024562569533745915,2.176262776476534e-05,-9.298494972176385e-05,0.21790918903998802,0,0.18811379066800338,0.0
2026-07-07 13:00:00,69.401,4134.6,7523.2,0.0015152389748325223,-0.00011607997910545453,-0.00062434410659018,0.18510359003263221,0,0.08766119190333288,0.0
2026-07-07 13:01:00,69.416,4135.35,7523.3,0.001803986087659304,-6.0450720572591266e-05,-0.0007570726524106508,0.1504075558832808,0,0.057895332079153095,0.0
2026-07-07 13:02:00,69.401,4135.52,7522.0,0.0015875077571401164,-5.5612645831981666e-05,-0.0008501142341001966,0.12583989223349146,0,0.026782106044211385,0.0
2026-07-07 13:03:00,69.436,4134.1,7521.6,0.0025266744632623794,-0.00014027687753348506,-0.0009165172345088068,0.07516248983889173,0,0.013754327617456097,0.0
2026-07-07 13:04:00,69.426,4134.27,7524.4,0.0018037257759628833,0.00019354198772458808,-0.00029229665453200937,0.22202313435536464,0,0.19792149152988076,0.0
2026-07-07 13:05:00,69.411,4133.59,7523.5,0.0015150203445588595,-0.00022977163118509392,-0.00038531037414957225,0.21638144250176572,0,0.21028167513525697,0.0
2026-07-07 13:06:00,69.386,4132.14,7523.0,0.0012265335276546718,-0.0007230727933583703,-0.00042518136642655247,0.2183249251561511,0,0.18634727157913428,0.0
2026-07-07 13:07:00,69.341,4132.95,7524.0,0.0005771922483079894,-0.0003918182543770632,0.0,0.2476947298795697,0,0.19993386966492055,0.0
2026-07-07 13:08:00,69.341,4133.15,7524.2,0.0005050067815195458,-0.00031926704027374075,-1.3290272849353357e-05,0.24737454318432495,0,0.2134704783814826,0.0
2026-07-07 13:09:00,69.311,4132.28,7522.8,0.0001442980620771639,-0.0008124498263873958,-0.0004384741100968981,0.2262044306451007,0,0.17842379495364613,0.0
2026-07-07 13:10:00,69.226,4133.4,7522.7,-0.0015864774431753048,-0.0007083574086207411,-0.0005314414019423896,0.19334975621857536,0,0.16844373347932,0.0
2026-07-07 13:11:00,69.306,4133.01,7522.6,-0.0007209181613703208,-0.0006431847802169655,-0.000544727436990855,0.2140833639275827,0,0.17800538818481082,0.0
2026-07-07 13:12:00,69.296,4133.38,7522.9,-0.0008651017936441852,-0.0005343856620216858,-0.0006110926602458377,0.1957545376480493,0,0.13666396679013076,0.0
2026-07-07 13:13:00,69.261,4133.33,7524.2,-0.0016576337638377625,-0.0004232082571558049,-0.00035871341455306904,0.21214370783734116,0,0.18879554076622856,0.0
2026-07-07 13:14:00,69.261,4133.2,7523.9,-0.0017295801444200398,-0.0005851601452744326,-0.0004649679836331577,0.2062108873673419,0,0.17776696633855904,0.0
2026-07-07 13:15:00,69.256,4134.65,7525.0,-0.0020893070705032546,1.2093068253005157e-05,0.00023925988940876053,0.2164730259250386,0,0.1742849595803705,0.0
2026-07-07 13:16:00,69.216,4136.34,7525.1,-0.002881180131381833,0.000239399325329126,0.00023925670915692088,0.2028597012197107,0,0.17348793158847509,0.0
2026-07-07 13:17:00,69.181,4136.94,7525.0,-0.0031699831414532254,0.0003433667350174474,0.00039883009837815564,0.17667605053085045,0,0.16235589274433576,0.0
2026-07-07 13:18:00,69.126,4141.93,7526.8,-0.004464542888415246,0.0018940035316030723,0.0006913422676027015,0.06881084996568809,0,0.023613455646952608,0.0
2026-07-07 13:19:00,69.136,4140.93,7526.7,-0.00417710944026739,0.0016109252661291595,0.0003056722130667655,0.12569461626559908,0,0.07944654249399086,0.0
2026-07-07 13:20:00,69.196,4140.49,7526.4,-0.003097491752027781,0.0016692511835958435,0.0003854588954608218,0.1517087930115868,0,0.10525810875067854,0.0
2026-07-07 13:21:00,69.191,4140.96,7526.3,-0.002810365203355092,0.002134487214857206,0.0004386547919712491,0.11512009488040953,0,0.0681146221166451,0.0
2026-07-07 13:22:00,69.176,4142.73,7526.7,-0.0023795445695907746,0.002366348491997128,0.0003588516746411141,0.11198119287162045,0,0.0630990693541642,0.0
2026-07-07 13:23:00,69.141,4142.19,7527.0,-0.00288429644798871,0.0021871937868211955,0.0003721325855241542,0.11434367561077341,0,0.08028748683383213,0.0
2026-07-07 13:24:00,69.171,4144.07,7526.9,-0.0020198814041061386,0.0028531464469978562,0.0005450098367627554,0.06586956559741841,0,0.016395242513216002,0.0
2026-07-07 13:25:00,69.131,4144.13,7527.1,-0.0013723167595989239,0.002595925872163507,0.0005848963802890239,0.08734131496022046,0,0.03566199296075967,0.0
2026-07-07 13:26:00,69.116,4144.03,7527.4,-0.0027414653853923276,0.002666337608667746,0.0006380772605214524,0.07126488457817959,0,0.033781530351181144,0.0
2026-07-07 13:27:00,69.116,4143.7,7527.3,-0.00259755252828453,0.0024967460044804657,0.0005848808305308761,0.08417660995390996,0,0.06852917371159017,0.0
2026-07-07 13:28:00,69.076,4143.42,7526.8,-0.0026710558611628965,0.0024411310009120335,0.00034555168655803215,0.10459029638738926,0,0.109716466781695,0.0
2026-07-07 13:29:00,69.076,4143.07,7524.9,-0.0026710558611628965,0.002387980257427591,0.0001329097941227264,0.11318036255925246,0,0.0807802800305355,0.0
2026-07-07 13:30:00,68.996,4142.29,7524.3,-0.0037541873628278433,0.001847798483547658,-9.302325581395099e-05,0.10440095433378871,0,0.0637642813846585,0.0
2026-07-07 13:31:00,69.016,4139.59,7523.4,-0.0028895053166896334,0.0007857187755357931,-0.00022591061912813348,0.20135221934171166,0,0.15261262600131098,0.0
2026-07-07 13:32:00,69.016,4140.2,7522.7,-0.002385047917780825,0.0007880220646179215,-0.00030564784053155325,0.20405596334200976,0,0.16207991913039238,0.0
2026-07-07 13:33:00,69.006,4140.22,7523.5,-0.0017359604201024892,-0.000412851013899318,-0.0004384333315619049,0.20991824105892065,0,0.18102012229028697,0.0
2026-07-07 13:34:00,68.996,4143.24,7522.9,-0.002024994214302245,0.0005578457013277749,-0.0005048693318453479,0.18933665968743402,0,0.1561026804894034,0.0
2026-07-07 13:35:00,69.031,4146.77,7523.9,-0.0023845308977396007,0.0015167286963622129,-0.000332164115646294,0.1719417331883608,0,0.08048928975751235,0.0
2026-07-07 13:36:00,69.011,4146.33,7523.6,-0.002601494414013472,0.0012968007418570071,-0.0003587420113468909,0.1669517879224754,0,0.10291692115697182,0.0
2026-07-07 13:37:00,68.991,4146.16,7523.9,-0.002674337920666181,0.0008279564441806553,-0.00037200898135969496,0.186810894687564,0,0.16191672322889178,0.0
2026-07-07 13:38:00,68.996,4146.17,7523.9,-0.0020971637667955845,0.0009608443842510361,-0.00041185067091809024,0.1814268283757961,0,0.15872439759412166,0.0
2026-07-07 13:39:00,69.036,4145.3,7524.4,-0.0019516849546775683,0.00029680965813816407,-0.00033214205051212975,0.215285954716482,0,0.17820584627515784,0.0
2026-07-07 13:40:00,69.061,4145.17,7524.5,-0.0010125703374751494,0.00025095737826763553,-0.00034541855429059964,0.23303460907128132,0,0.22058613616237654,0.0
2026-07-07 13:41:00,69.076,4145.17,7523.7,-0.0005787371954396603,0.0002750945335820987,-0.0004915375826978208,0.2311900506729358,0,0.18990410415706832,0.0
2026-07-07 13:42:00,69.136,4145.03,7524.6,0.0002893685977196636,0.00032096918213198045,-0.0003586943525566433,0.2399057175028526,0,0.21613878842373685,0.0
2026-07-07 13:43:00,69.166,4145.61,7524.2,0.0013029127338004542,0.0005285488799107174,-0.0003454323218367028,0.2271368515765792,0,0.2023539088163555,0.0
2026-07-07 13:44:00,69.166,4148.36,7525.3,0.0013029127338004542,0.0012768309490305274,5.31568525827808e-05,0.20782999509723338,0,0.14537770672619849,0.0
2026-07-07 13:45:00,69.156,4150.36,7525.7,0.0023189750130443443,0.001948197736034718,0.00018606381989028087,0.1068327096634415,0,0.06931330189745954,0.0
2026-07-07 13:46:00,69.131,4149.8,7525.9,0.0016662802828328882,0.002466427834640683,0.0003322965680410128,0.10494519635848998,0,0.054824744661697844,0.0
2026-07-07 13:47:00,69.146,4149.7,7525.8,0.0018836211892894195,0.0022945751412974946,0.00041208608611276176,0.11045728685344158,0,0.050352802224454374,0.0
2026-07-07 13:48:00,69.116,4151.42,7527.2,0.0015940642842651176,0.0027051702566529556,0.000491792383863876,0.08101202923135808,0,0.05421863422745121,0.0
2026-07-07 13:49:00,69.131,4149.75,7527.4,0.0019566351672561932,0.0015712341066411728,0.0005981735766791285,0.13371558835076103,0,0.08127040005433361,0.0
2026-07-07 13:50:00,69.106,4150.4,7527.6,0.0010864683982556578,0.0008753801151255569,0.0004917662382541987,0.20273155973443646,0,0.14702322091395054,0.0
2026-07-07 13:51:00,69.106,4150.61,7526.5,0.0013765921374853107,0.0010322381479523912,0.0003854537721303952,0.2077430283847268,0,0.16543639639259378,0.0
