time,open_bid,high_bid,low_bid,close_bid,open_ask,high_ask,low_ask,close_ask,volume
2026-07-03 02:20:00,4135.78,4136.68,4135.11,4136.54,4136.08,4136.98,4135.41,4136.84,293
2026-07-03 02:21:00,4136.53,4137.77,4136.5,4137.17,4136.83,4138.07,4136.8,4137.47,347
2026-07-03 02:22:00,4137.15,4138.42,4137.0,4137.71,4137.45,4138.72,4137.3,4138.01,384
2026-07-03 02:23:00,4137.61,4140.81,4137.61,4140.06,4137.91,4141.11,4137.91,4140.36,435
2026-07-03 02:24:00,4140.07,4140.86,4138.17,4138.59,4140.37,4141.16,4138.47,4138.89,308
2026-07-03 02:25:00,4138.5,4139.06,4137.23,4139.06,4138.8,4139.36,4137.53,4139.36,319
2026-07-03 02:26:00,4139.04,4140.79,4138.4,4139.38,4139.34,4141.09,4138.7,4139.68,366
2026-07-03 02:27:00,4139.42,4140.17,4137.16,4137.7,4139.72,4140.47,4137.46,4138.0,282
2026-07-03 02:28:00,4137.72,4138.71,4137.3,4137.89,4138.02,4139.01,4137.6,4138.19,275
2026-07-03 02:29:00,4137.82,4138.88,4136.8,4137.2,4138.12,4139.18,4137.1,4137.5,255
2026-07-03 02:30:00,4137.18,4138.23,4134.15,4134.85,4137.48,4138.53,4134.45,4135.15,335
2026-07-03 02:31:00,4134.77,4135.03,4133.73,4134.17,4135.07,4135.33,4134.03,4134.47,286
2026-07-03 02:32:00,4134.13,4134.2,4132.99,4133.65,4134.43,4134.5,4133.29,4133.95,301
2026-07-03 02:33:00,4133.59,4135.3,4133.15,4135.24,4133.89,4135.6,4133.45,4135.54,270
2026-07-03 02:34:00,4135.13,4135.88,4134.3,4134.61,4135.43,4136.18,4134.6,4134.91,336
2026-07-03 02:35:00,4134.55,4137.09,4133.51,4137.05,4134.85,4137.39,4133.81,4137.35,341
2026-07-03 02:36:00,4137.07,4138.39,4135.94,4138.39,4137.37,4138.69,4136.24,4138.69,352
2026-07-03 02:37:00,4138.49,4139.02,4137.51,4138.78,4138.79,4139.32,4137.81,4139.08,273
2026-07-03 02:38:00,4138.77,4139.59,4136.84,4137.23,4139.07,4139.89,4137.14,4137.53,274
2026-07-03 02:39:00,4137.24,4138.33,4136.98,4137.49,4137.54,4138.63,4137.28,4137.79,354
2026-07-03 02:40:00,4137.48,4138.31,4137.26,4138.31,4137.78,4138.61,4137.56,4138.61,283
2026-07-03 02:41:00,4138.29,4139.1,4137.2,4137.31,4138.59,4139.4,4137.5,4137.61,278
2026-07-03 02:42:00,4137.3,4137.77,4134.0,4134.87,4137.6,4138.07,4134.3,4135.17,327
2026-07-03 02:43:00,4134.88,4135.48,4134.14,4135.45,4135.18,4135.78,4134.44,4135.75,227
2026-07-03 02:44:00,4135.55,4136.86,4135.51,4136.38,4135.85,4137.16,4135.81,4136.68,227
2026-07-03 02:45:00,4136.36,4136.61,4135.26,4136.18,4136.66,4136.91,4135.56,4136.48,316
2026-07-03 02:46:00,4136.2,4138.71,4135.94,4138.45,4136.5,4139.01,4136.24,4138.75,257
2026-07-03 02:47:00,4138.46,4138.9,4137.8,4138.3,4138.76,4139.2,4138.1,4138.6,239
2026-07-03 02:48:00,4138.25,4139.88,4137.57,4138.57,4138.55,4140.18,4137.87,4138.87,237
2026-07-03 02:49:00,4138.65,4141.32,4138.5,4140.99,4138.95,4141.62,4138.8,4141.29,282
2026-07-03 02:50:00,4141.07,4141.18,4139.9,4141.11,4141.37,4141.48,4140.2,4141.41,224
2026-07-03 02:51:00,4141.02,4148.19,4140.59,4147.44,4141.32,4148.49,4140.89,4147.74,630
2026-07-03 02:52:00,4147.52,4148.55,4145.15,4146.05,4147.82,4148.85,4145.45,4146.35,379
2026-07-03 02:53:00,4146.03,4146.55,4144.86,4145.4,4146.33,4146.85,4145.16,4145.7,246
2026-07-03 02:54:00,4145.38,4147.53,4144.9,4147.42,4145.68,4147.83,4145.2,4147.72,314
2026-07-03 02:55:00,4147.34,4148.82,4146.94,4148.55,4147.64,4149.12,4147.24,4148.85,339
2026-07-03 02:56:00,4148.53,4150.63,4147.99,4150.11,4148.83,4150.93,4148.29,4150.41,383
2026-07-03 02:57:00,4149.98,4150.8,4148.49,4148.66,4150.28,4151.1,4148.79,4148.96,331
2026-07-03 02:58:00,4148.65,4150.17,4148.22,4149.32,4148.95,4150.47,4148.52,4149.62,332
2026-07-03 02:59:00,4149.24,4150.9,4147.03,4147.03,4149.54,4151.2,4147.33,4147.33,501
2026-07-03 03:00:00,4147.13,4152.63,4146.78,4149.34,4147.43,4152.93,4147.08,4149.64,1122
2026-07-03 03:01:00,4149.36,4149.55,4146.57,4149.07,4149.66,4149.85,4146.87,4149.37,678
2026-07-03 03:02:00,4149.05,4152.94,4148.65,4152.82,4149.35,4153.24,4148.95,4153.12,624
2026-07-03 03:03:00,4152.84,4160.45,4152.4,4159.36,4153.14,4160.75,4152.7,4159.66,744
2026-07-03 03:04:00,4159.3,4161.63,4157.92,4161.04,4159.6,4161.93,4158.22,4161.34,663
2026-07-03 03:05:00,4160.98,4161.62,4159.18,4159.74,4161.28,4161.92,4159.48,4160.04,613
2026-07-03 03:06:00,4159.76,4163.28,4159.39,4160.75,4160.06,4163.58,4159.69,4161.05,510
2026-07-03 03:07:00,4160.65,4166.77,4159.3,4165.77,4160.95,4167.07,4159.6,4166.07,597
2026-07-03 03:08:00,4165.7,4171.15,4165.06,4170.17,4166.0,4171.45,4165.36,4170.47,767
2026-07-03 03:09:00,4170.09,4175.99,4169.26,4172.36,4170.39,4176.29,4169.56,4172.66,782
2026-07-03 03:10:00,4172.32,4172.41,4167.5,4168.65,4172.62,4172.71,4167.8,4168.95,604
2026-07-03 03:11:00,4168.67,4175.02,4168.15,4174.7,4168.97,4175.32,4168.45,4175.0,578
2026-07-03 03:12:00,4174.59,4179.17,4173.4,4178.98,4174.89,4179.47,4173.7,4179.28,516
2026-07-03 03:13:00,4178.9,4179.21,4174.84,4174.84,4179.2,4179.51,4175.14,4175.14,522
2026-07-03 03:14:00,4174.92,4176.63,4173.8,4176.15,4175.22,4176.93,4174.1,4176.45,571
2026-07-03 03:15:00,4176.19,4181.37,4174.34,4177.8,4176.49,4181.67,4174.64,4178.1,866
2026-07-03 03:16:00,4177.88,4178.23,4173.92,4174.92,4178.18,4178.53,4174.22,4175.22,518
2026-07-03 03:17:00,4174.98,4177.3,4174.75,4176.93,4175.28,4177.6,4175.05,4177.23,490
2026-07-03 03:18:00,4176.96,4179.09,4176.52,4177.78,4177.26,4179.39,4176.82,4178.08,528
2026-07-03 03:19:00,4177.84,4180.31,4177.01,4179.57,4178.14,4180.61,4177.31,4179.87,560
2026-07-03 03:20:00,4179.65,4186.77,4178.95,4185.66,4179.95,4187.07,4179.25,4185.96,655
2026-07-03 03:21:00,4185.54,4187.32,4185.24,4187.24,4185.84,4187.62,4185.54,4187.54,488
2026-07-03 03:22:00,4187.21,4187.21,4185.45,4186.17,4187.51,4187.51,4185.75,4186.47,474
2026-07-03 03:23:00,4186.27,4187.19,4183.3,4185.35,4186.57,4187.49,4183.6,4185.65,530
2026-07-03 03:24:00,4185.37,4194.29,4184.95,4192.07,4185.67,4194.59,4185.25,4192.37,677
2026-07-03 03:25:00,4191.9,4192.69,4185.92,4186.67,4192.2,4192.99,4186.22,4186.97,638
2026-07-03 03:26:00,4186.65,4190.03,4185.9,4188.15,4186.95,4190.33,4186.2,4188.45,549
2026-07-03 03:27:00,4188.26,4191.38,4186.55,4188.77,4188.56,4191.68,4186.85,4189.07,516
2026-07-03 03:28:00,4188.86,4192.95,4188.13,4192.48,4189.16,4193.25,4188.43,4192.78,508
2026-07-03 03:29:00,4192.52,4192.57,4186.82,4187.57,4192.82,4192.87,4187.12,4187.87,409
2026-07-03 03:30:00,4187.44,4188.19,4182.4,4187.88,4187.74,4188.49,4182.7,4188.18,708
2026-07-03 03:31:00,4187.82,4190.77,4184.65,4190.36,4188.12,4191.07,4184.95,4190.66,618
2026-07-03 03:32:00,4190.38,4192.88,4188.43,4191.63,4190.68,4193.18,4188.73,4191.93,621
2026-07-03 03:33:00,4191.61,4192.68,4189.93,4191.26,4191.91,4192.98,4190.23,4191.56,528
2026-07-03 03:34:00,4191.25,4193.43,4188.94,4192.9,4191.55,4193.73,4189.24,4193.2,643
2026-07-03 03:35:00,4192.96,4195.42,4191.99,4192.34,4193.26,4195.72,4192.29,4192.64,563
2026-07-03 03:36:00,4192.31,4192.43,4188.74,4189.51,4192.61,4192.73,4189.04,4189.81,545
2026-07-03 03:37:00,4189.65,4189.67,4185.28,4186.35,4189.95,4189.97,4185.58,4186.65,506
2026-07-03 03:38:00,4186.37,4186.99,4184.72,4185.63,4186.67,4187.29,4185.02,4185.93,412
2026-07-03 03:39:00,4185.61,4186.45,4184.35,4184.86,4185.91,4186.75,4184.65,4185.16,403
2026-07-03 03:40:00,4184.85,4185.03,4182.74,4182.8,4185.15,4185.33,4183.04,4183.1,372
2026-07-03 03:41:00,4182.82,4184.72,4181.32,4181.85,4183.12,4185.02,4181.62,4182.15,410
2026-07-03 03:42:00,4181.9,4183.96,4180.97,4182.37,4182.2,4184.26,4181.27,4182.67,431
2026-07-03 03:43:00,4182.47,4183.27,4179.49,4180.59,4182.77,4183.57,4179.79,4180.89,404
2026-07-03 03:44:00,4180.5,4181.09,4179.11,4179.74,4180.8,4181.39,4179.41,4180.04,297
2026-07-03 03:45:00,4179.71,4179.88,4176.18,4176.86,4180.01,4180.18,4176.48,4177.16,371
2026-07-03 03:46:00,4176.85,4179.08,4176.73,4177.93,4177.15,4179.38,4177.03,4178.23,316
2026-07-03 03:47:00,4177.89,4179.22,4176.71,4179.04,4178.19,4179.52,4177.01,4179.34,290
2026-07-03 03:48:00,4179.03,4181.4,4178.9,4181.4,4179.33,4181.7,4179.2,4181.7,320
2026-07-03 03:49:00,4181.34,4182.79,4179.67,4180.68,4181.64,4183.09,4179.97,4180.98,383
2026-07-03 03:50:00,4180.69,4181.71,4177.38,4177.38,4180.99,4182.01,4177.68,4177.68,396
2026-07-03 03:51:00,4177.42,4177.67,4175.53,4176.15,4177.72,4177.97,4175.83,4176.45,285
2026-07-03 03:52:00,4176.05,4177.03,4175.57,4176.95,4176.35,4177.33,4175.87,4177.25,280
2026-07-03 03:53:00,4176.97,4177.58,4175.23,4176.26,4177.27,4177.88,4175.53,4176.56,336
2026-07-03 03:54:00,4176.25,4179.73,4175.84,4179.65,4176.55,4180.03,4176.14,4179.95,293
2026-07-03 03:55:00,4179.63,4181.34,4179.17,4180.45,4179.93,4181.64,4179.47,4180.75,409
2026-07-03 03:56:00,4180.44,4182.5,4179.02,4181.67,4180.74,4182.8,4179.32,4181.97,451
2026-07-03 03:57:00,4181.68,4182.23,4180.21,4181.75,4181.98,4182.53,4180.51,4182.05,342
2026-07-03 03:58:00,4181.71,4184.01,4181.52,4182.0,4182.01,4184.31,4181.82,4182.3,291
2026-07-03 03:59:00,4181.99,4182.62,4181.22,4182.3,4182.29,4182.92,4181.52,4182.6,262
2026-07-03 04:00:00,4182.17,4184.34,4181.21,4182.69,4182.47,4184.64,4181.51,4182.99,473
2026-07-03 04:01:00,4182.65,4182.65,4178.52,4178.69,4182.95,4182.95,4178.82,4178.99,300
2026-07-03 04:02:00,4178.68,4178.93,4177.03,4178.52,4178.98,4179.23,4177.33,4178.82,268
2026-07-03 04:03:00,4178.55,4179.94,4178.55,4179.57,4178.85,4180.24,4178.85,4179.87,272
2026-07-03 04:04:00,4179.53,4180.23,4178.84,4179.2,4179.83,4180.53,4179.14,4179.5,234
2026-07-03 04:05:00,4179.17,4181.94,4178.94,4179.8,4179.47,4182.24,4179.24,4180.1,305
2026-07-03 04:06:00,4179.76,4180.51,4178.82,4179.61,4180.06,4180.81,4179.12,4179.91,272
2026-07-03 04:07:00,4179.73,4180.78,4178.99,4180.36,4180.03,4181.08,4179.29,4180.66,319
2026-07-03 04:08:00,4180.38,4181.09,4178.71,4178.82,4180.68,4181.39,4179.01,4179.12,283
2026-07-03 04:09:00,4178.78,4180.07,4178.46,4179.32,4179.08,4180.37,4178.76,4179.62,299
2026-07-03 04:10:00,4179.34,4182.07,4179.15,4179.76,4179.64,4182.37,4179.45,4180.06,313
2026-07-03 04:11:00,4179.75,4180.34,4178.88,4179.48,4180.05,4180.64,4179.18,4179.78,349
2026-07-03 04:12:00,4179.46,4180.45,4178.52,4179.57,4179.76,4180.75,4178.82,4179.87,359
2026-07-03 04:13:00,4179.61,4179.88,4178.55,4179.76,4179.91,4180.18,4178.85,4180.06,299
2026-07-03 04:14:00,4179.8,4180.8,4178.69,4179.34,4180.1,4181.1,4178.99,4179.64,337
2026-07-03 04:15:00,4179.36,4180.42,4179.07,4180.38,4179.66,4180.72,4179.37,4180.68,209
2026-07-03 04:16:00,4180.4,4180.52,4179.4,4179.95,4180.7,4180.82,4179.7,4180.25,195
2026-07-03 04:17:00,4179.94,4181.11,4179.61,4179.61,4180.24,4181.41,4179.91,4179.91,232
2026-07-03 04:18:00,4179.63,4179.8,4177.92,4178.2,4179.93,4180.1,4178.22,4178.5,292
2026-07-03 04:19:00,4178.13,4178.34,4176.49,4176.59,4178.43,4178.64,4176.79,4176.89,209
2026-07-03 04:20:00,4176.68,4178.98,4176.68,4178.05,4176.98,4179.28,4176.98,4178.35,242
2026-07-03 04:21:00,4178.03,4180.15,4177.67,4180.07,4178.33,4180.45,4177.97,4180.37,223
2026-07-03 04:22:00,4180.05,4180.46,4178.99,4179.36,4180.35,4180.76,4179.29,4179.66,207
2026-07-03 04:23:00,4179.42,4179.82,4179.23,4179.61,4179.72,4180.12,4179.53,4179.91,147
2026-07-03 04:24:00,4179.57,4179.57,4178.18,4178.45,4179.87,4179.87,4178.48,4178.75,178
2026-07-03 04:25:00,4178.42,4178.42,4177.32,4177.77,4178.72,4178.72,4177.62,4178.07,203
2026-07-03 04:26:00,4177.74,4179.03,4176.45,4178.4,4178.04,4179.33,4176.75,4178.7,218
2026-07-03 04:27:00,4178.42,4178.67,4177.38,4177.66,4178.72,4178.97,4177.68,4177.96,186
2026-07-03 04:28:00,4177.64,4178.38,4176.84,4177.73,4177.94,4178.68,4177.14,4178.03,190
2026-07-03 04:29:00,4177.72,4179.56,4177.67,4179.12,4178.02,4179.86,4177.97,4179.42,191
2026-07-03 04:30:00,4179.15,4180.14,4178.03,4178.64,4179.45,4180.44,4178.33,4178.94,456
2026-07-03 04:31:00,4178.59,4181.46,4178.51,4181.02,4178.89,4181.76,4178.81,4181.32,434
2026-07-03 04:32:00,4181.06,4182.7,4179.76,4180.17,4181.36,4183.0,4180.06,4180.47,425
2026-07-03 04:33:00,4180.18,4181.4,4180.18,4180.88,4180.48,4181.7,4180.48,4181.18,244
2026-07-03 04:34:00,4180.98,4181.65,4179.94,4180.65,4181.28,4181.95,4180.24,4180.95,242
2026-07-03 04:35:00,4180.74,4181.45,4179.26,4180.52,4181.04,4181.75,4179.56,4180.82,281
2026-07-03 04:36:00,4180.51,4182.52,4180.45,4181.55,4180.81,4182.82,4180.75,4181.85,333
2026-07-03 04:37:00,4181.53,4181.57,4179.42,4180.42,4181.83,4181.87,4179.72,4180.72,243
2026-07-03 04:38:00,4180.4,4185.46,4180.38,4184.73,4180.7,4185.76,4180.68,4185.03,382
2026-07-03 04:39:00,4184.71,4186.56,4184.65,4186.12,4185.01,4187.19,4184.95,4186.42,280
2026-07-03 04:40:00,4186.09,4186.32,4184.92,4186.23,4186.39,4186.83,4185.22,4186.53,272
2026-07-03 04:41:00,4186.2,4186.78,4185.84,4186.21,4186.5,4187.08,4186.14,4186.51,253
2026-07-03 04:42:00,4186.13,4186.28,4182.89,4183.05,4186.43,4186.58,4183.19,4183.35,335
2026-07-03 04:43:00,4182.95,4182.95,4181.29,4182.03,4183.25,4183.25,4181.59,4182.33,264
2026-07-03 04:44:00,4181.98,4183.94,4181.88,4183.19,4182.28,4184.24,4182.18,4183.49,290
2026-07-03 04:45:00,4183.2,4184.18,4182.73,4182.83,4183.5,4184.48,4183.03,4183.13,247
2026-07-03 04:46:00,4182.81,4183.4,4180.15,4181.18,4183.11,4183.7,4180.45,4181.48,284
2026-07-03 04:47:00,4181.17,4181.17,4179.68,4180.18,4181.47,4181.47,4179.98,4180.48,222
2026-07-03 04:48:00,4180.15,4180.82,4178.75,4180.75,4180.45,4181.12,4179.05,4181.05,321
2026-07-03 04:49:00,4180.74,4180.75,4179.65,4179.98,4181.04,4181.05,4179.95,4180.28,197
2026-07-03 04:50:00,4179.95,4180.25,4178.95,4179.78,4180.25,4180.55,4179.25,4180.08,251
2026-07-03 04:51:00,4179.8,4182.02,4179.55,4181.91,4180.1,4182.32,4179.85,4182.21,310
2026-07-03 04:52:00,4181.89,4183.59,4181.48,4182.94,4182.19,4183.89,4181.78,4183.24,364
2026-07-03 04:53:00,4182.95,4185.93,4182.95,4185.34,4183.25,4186.23,4183.25,4185.64,258
2026-07-03 04:54:00,4185.33,4185.33,4183.0,4183.5,4185.63,4185.63,4183.3,4183.8,288
2026-07-03 04:55:00,4183.42,4184.93,4182.57,4182.98,4183.72,4185.23,4182.87,4183.28,386
2026-07-03 04:56:00,4182.99,4186.09,4182.27,4185.48,4183.29,4186.39,4182.57,4185.78,299
2026-07-03 04:57:00,4185.44,4186.75,4184.46,4185.42,4185.74,4187.05,4184.76,4185.72,287
2026-07-03 04:58:00,4185.4,4185.44,4184.49,4185.07,4185.7,4185.74,4184.79,4185.37,198
2026-07-03 04:59:00,4185.1,4185.24,4183.43,4183.43,4185.4,4185.54,4183.73,4183.73,254
2026-07-03 05:00:00,4183.42,4184.57,4182.37,4183.45,4183.72,4184.87,4182.67,4183.75,369
2026-07-03 05:01:00,4183.53,4183.53,4180.55,4180.57,4183.83,4183.83,4180.85,4180.87,332
2026-07-03 05:02:00,4180.53,4181.03,4179.68,4180.49,4180.83,4181.33,4179.98,4180.79,291
2026-07-03 05:03:00,4180.52,4181.21,4179.78,4180.26,4180.82,4181.51,4180.08,4180.56,379
2026-07-03 05:04:00,4180.28,4182.06,4179.75,4181.76,4180.58,4182.36,4180.05,4182.06,264
2026-07-03 05:05:00,4181.78,4182.78,4180.53,4182.77,4182.08,4183.08,4180.83,4183.07,238
2026-07-03 05:06:00,4182.78,4183.32,4181.1,4181.1,4183.08,4183.62,4181.4,4181.4,268
2026-07-03 05:07:00,4181.11,4181.69,4180.57,4181.09,4181.41,4181.99,4180.87,4181.39,283
2026-07-03 05:08:00,4181.13,4181.33,4180.34,4180.92,4181.43,4181.63,4180.64,4181.22,249
2026-07-03 05:09:00,4180.93,4182.2,4180.54,4181.78,4181.23,4182.5,4180.84,4182.08,264
2026-07-03 05:10:00,4181.81,4182.39,4181.46,4181.92,4182.11,4182.69,4181.76,4182.22,247
2026-07-03 05:11:00,4181.96,4183.03,4181.5,4182.18,4182.26,4183.33,4181.8,4182.48,212
2026-07-03 05:12:00,4182.17,4182.38,4181.59,4182.15,4182.47,4182.77,4181.89,4182.45,158
2026-07-03 05:13:00,4182.17,4183.18,4181.75,4183.17,4182.47,4183.48,4182.05,4183.47,194
2026-07-03 05:14:00,4183.26,4183.78,4182.63,4182.63,4183.56,4184.08,4182.93,4182.93,210
2026-07-03 05:15:00,4182.69,4183.57,4181.48,4181.67,4182.99,4183.87,4181.78,4181.97,225
2026-07-03 05:16:00,4181.65,4182.28,4181.4,4181.82,4181.95,4182.58,4181.7,4182.12,167
2026-07-03 05:17:00,4181.8,4182.09,4181.49,4181.63,4182.1,4182.39,4181.79,4181.93,182
2026-07-03 05:18:00,4181.64,4182.57,4181.61,4182.18,4181.94,4182.87,4181.91,4182.48,150
2026-07-03 05:19:00,4182.2,4182.31,4181.43,4181.52,4182.5,4182.61,4181.73,4181.82,206
2026-07-03 05:20:00,4181.53,4182.34,4181.3,4181.43,4181.83,4182.64,4181.6,4181.73,187
2026-07-03 05:21:00,4181.42,4183.17,4180.07,4180.49,4181.72,4183.47,4180.37,4180.79,321
2026-07-03 05:22:00,4180.5,4181.38,4180.11,4181.34,4180.8,4181.68,4180.41,4181.64,161
2026-07-03 05:23:00,4181.32,4181.51,4179.57,4179.7,4181.62,4181.81,4179.87,4180.0,148
2026-07-03 05:24:00,4179.65,4180.24,4179.2,4180.01,4179.95,4180.54,4179.5,4180.31,198
2026-07-03 05:25:00,4180.02,4180.59,4179.65,4180.4,4180.32,4180.89,4179.95,4180.7,158
2026-07-03 05:26:00,4180.39,4181.07,4180.2,4180.73,4180.69,4181.37,4180.5,4181.03,161
2026-07-03 05:27:00,4180.71,4181.36,4180.44,4181.03,4181.01,4181.66,4180.74,4181.33,136
2026-07-03 05:28:00,4181.02,4182.27,4181.02,4182.0,4181.32,4182.57,4181.32,4182.3,155
2026-07-03 05:29:00,4181.99,4182.32,4181.23,4181.3,4182.29,4182.62,4181.53,4181.6,195
2026-07-03 05:30:00,4181.32,4181.58,4179.61,4179.99,4181.62,4181.88,4179.91,4180.29,255
2026-07-03 05:31:00,4180.0,4181.38,4179.8,4180.85,4180.3,4181.68,4180.1,4181.15,280
2026-07-03 05:32:00,4180.86,4181.09,4179.22,4180.78,4181.16,4181.39,4179.52,4181.08,192
2026-07-03 05:33:00,4180.8,4183.13,4180.62,4182.67,4181.1,4183.43,4180.92,4182.97,178
2026-07-03 05:34:00,4182.63,4183.09,4181.49,4181.76,4182.93,4183.39,4181.79,4182.06,145
2026-07-03 05:35:00,4181.78,4182.55,4180.65,4180.65,4182.08,4182.85,4180.95,4180.95,191
2026-07-03 05:36:00,4180.64,4182.17,4180.4,4181.61,4180.94,4182.47,4180.7,4181.91,214
2026-07-03 05:37:00,4181.65,4182.65,4180.74,4181.08,4181.95,4182.95,4181.04,4181.38,209
2026-07-03 05:38:00,4181.06,4181.65,4180.19,4180.53,4181.36,4181.95,4180.49,4180.83,227
2026-07-03 05:39:00,4180.45,4180.63,4179.17,4180.63,4180.75,4180.93,4179.47,4180.93,164
2026-07-03 05:40:00,4180.65,4181.53,4180.29,4181.46,4180.95,4181.83,4180.59,4181.76,147
2026-07-03 05:41:00,4181.49,4182.4,4179.99,4179.99,4181.79,4182.7,4180.29,4180.29,189
2026-07-03 05:42:00,4179.94,4180.95,4179.35,4180.95,4180.24,4181.25,4179.65,4181.25,238
2026-07-03 05:43:00,4180.92,4180.95,4177.32,4177.43,4181.22,4181.25,4177.62,4177.73,286
2026-07-03 05:44:00,4177.45,4177.86,4177.26,4177.32,4177.75,4178.16,4177.56,4177.62,171
2026-07-03 05:45:00,4177.36,4177.82,4177.02,4177.2,4177.66,4178.12,4177.5,4177.5,128
2026-07-03 05:46:00,4177.21,4177.98,4176.57,4176.61,4177.51,4178.28,4176.87,4176.91,125
2026-07-03 05:47:00,4176.63,4178.81,4176.57,4178.4,4176.93,4179.11,4176.87,4178.7,211
2026-07-03 05:48:00,4178.42,4179.31,4177.48,4177.48,4178.72,4179.61,4177.78,4177.78,208
2026-07-03 05:49:00,4177.5,4177.5,4176.38,4176.51,4177.8,4177.8,4176.68,4176.81,170
2026-07-03 05:50:00,4176.49,4176.86,4176.26,4176.84,4176.79,4177.16,4176.56,4177.14,108
2026-07-03 05:51:00,4176.88,4177.61,4176.88,4176.94,4177.18,4177.91,4177.18,4177.24,146
2026-07-03 05:52:00,4176.95,4177.49,4176.9,4177.25,4177.25,4177.79,4177.2,4177.55,113
2026-07-03 05:53:00,4177.28,4177.32,4176.27,4176.96,4177.58,4177.62,4176.57,4177.26,163
2026-07-03 05:54:00,4176.95,4177.05,4176.17,4176.67,4177.25,4177.35,4176.47,4176.97,111
2026-07-03 05:55:00,4176.65,4176.85,4176.11,4176.55,4176.95,4177.15,4176.41,4176.85,124
2026-07-03 05:56:00,4176.57,4176.84,4175.4,4175.57,4176.87,4177.14,4175.7,4175.87,152
2026-07-03 05:57:00,4175.59,4176.52,4175.59,4176.5,4175.89,4176.82,4175.89,4176.8,98
2026-07-03 05:58:00,4176.46,4176.61,4175.45,4175.48,4176.76,4176.91,4175.75,4175.78,127
2026-07-03 05:59:00,4175.49,4176.07,4175.19,4175.96,4175.79,4176.37,4175.49,4176.26,138
2026-07-03 06:00:00,4175.98,4176.52,4175.49,4175.55,4176.28,4176.82,4175.79,4175.85,156
2026-07-03 06:01:00,4175.57,4175.9,4175.32,4175.67,4175.87,4176.2,4175.62,4175.97,139
2026-07-03 06:02:00,4175.68,4175.69,4174.78,4175.02,4175.98,4175.99,4175.08,4175.32,192
2026-07-03 06:03:00,4175.0,4175.15,4173.63,4173.92,4175.3,4175.45,4173.93,4174.22,206
2026-07-03 06:04:00,4173.93,4174.67,4173.0,4174.43,4174.23,4174.97,4173.3,4174.73,199
2026-07-03 06:05:00,4174.49,4174.95,4174.29,4174.71,4174.79,4175.25,4174.59,4175.01,134
2026-07-03 06:06:00,4174.7,4175.85,4174.0,4175.82,4175.0,4176.15,4174.3,4176.12,153
2026-07-03 06:07:00,4175.83,4176.3,4175.72,4175.76,4176.13,4176.6,4176.02,4176.06,130
2026-07-03 06:08:00,4175.78,4177.03,4175.49,4176.59,4176.08,4177.33,4175.79,4176.89,134
2026-07-03 06:09:00,4176.65,4178.12,4176.38,4178.11,4176.95,4178.42,4176.68,4178.41,166
2026-07-03 06:10:00,4178.13,4178.13,4177.32,4177.82,4178.43,4178.43,4177.62,4178.12,155
2026-07-03 06:11:00,4177.84,4178.2,4177.44,4178.18,4178.14,4178.5,4177.74,4178.48,113
2026-07-03 06:12:00,4178.17,4178.42,4177.75,4178.0,4178.47,4178.72,4178.05,4178.3,136
2026-07-03 06:13:00,4177.99,4178.14,4177.53,4177.63,4178.29,4178.44,4177.83,4177.93,133
2026-07-03 06:14:00,4177.71,4178.84,4177.5,4177.7,4178.01,4179.14,4177.8,4178.0,157
2026-07-03 06:15:00,4177.69,4178.26,4176.6,4177.19,4177.99,4178.56,4176.9,4177.49,186
2026-07-03 06:16:00,4177.24,4177.88,4177.23,4177.68,4177.54,4178.18,4177.53,4177.98,102
2026-07-03 06:17:00,4177.7,4179.11,4177.67,4178.78,4178.0,4179.41,4177.97,4179.08,122
2026-07-03 06:18:00,4178.82,4178.94,4178.3,4178.8,4179.12,4179.24,4178.6,4179.1,88
2026-07-03 06:19:00,4178.79,4181.38,4178.74,4181.3,4179.09,4181.68,4179.04,4181.6,162
2026-07-03 06:20:00,4181.26,4181.3,4179.43,4180.75,4181.56,4181.6,4179.73,4181.05,219
2026-07-03 06:21:00,4180.74,4182.68,4180.59,4181.74,4181.04,4182.98,4180.89,4182.04,209
2026-07-03 06:22:00,4181.76,4181.76,4179.59,4179.59,4182.06,4182.06,4179.89,4179.89,197
2026-07-03 06:23:00,4179.55,4179.77,4178.63,4179.07,4179.85,4180.07,4178.93,4179.37,177
2026-07-03 06:24:00,4179.11,4179.21,4178.44,4178.59,4179.41,4179.51,4178.74,4178.89,78
2026-07-03 06:25:00,4178.57,4178.57,4177.99,4178.28,4178.87,4178.87,4178.29,4178.58,106
2026-07-03 06:26:00,4178.24,4179.42,4178.23,4178.92,4178.54,4179.72,4178.53,4179.22,125
2026-07-03 06:27:00,4178.93,4179.21,4178.38,4178.77,4179.23,4179.51,4178.68,4179.07,104
2026-07-03 06:28:00,4178.78,4178.86,4178.26,4178.57,4179.08,4179.16,4178.56,4178.87,111
2026-07-03 06:29:00,4178.48,4178.59,4178.13,4178.55,4178.78,4178.89,4178.43,4178.85,94
2026-07-03 06:30:00,4178.57,4178.67,4176.45,4176.72,4178.87,4178.97,4176.75,4177.02,155
2026-07-03 06:31:00,4176.76,4177.36,4176.57,4176.74,4177.06,4177.66,4176.87,4177.04,105
2026-07-03 06:32:00,4176.73,4176.91,4176.32,4176.55,4177.03,4177.21,4176.62,4176.85,126
2026-07-03 06:33:00,4176.62,4176.87,4175.65,4176.68,4176.92,4177.17,4175.95,4176.98,140
2026-07-03 06:34:00,4176.67,4177.82,4176.65,4177.29,4176.97,4178.12,4176.95,4177.59,126
2026-07-03 06:35:00,4177.27,4177.27,4176.37,4176.99,4177.57,4177.57,4176.67,4177.29,119
2026-07-03 06:36:00,4177.0,4177.68,4176.75,4177.0,4177.3,4177.98,4177.05,4177.3,152
2026-07-03 06:37:00,4176.98,4177.07,4175.66,4175.67,4177.28,4177.37,4175.96,4175.97,105
2026-07-03 06:38:00,4175.69,4176.06,4175.32,4176.06,4175.99,4176.36,4175.62,4176.36,127
2026-07-03 06:39:00,4176.09,4176.81,4176.09,4176.4,4176.39,4177.11,4176.39,4176.7,112
2026-07-03 06:40:00,4176.39,4176.73,4176.06,4176.07,4176.69,4177.03,4176.36,4176.37,111
2026-07-03 06:41:00,4176.08,4176.43,4175.74,4175.94,4176.38,4176.73,4176.04,4176.24,106
2026-07-03 06:42:00,4175.93,4176.95,4175.77,4176.95,4176.23,4177.25,4176.07,4177.25,86
2026-07-03 06:43:00,4176.96,4177.78,4176.59,4177.32,4177.26,4178.08,4176.89,4177.62,97
2026-07-03 06:44:00,4177.34,4178.0,4177.11,4177.2,4177.64,4178.3,4177.41,4177.5,113
2026-07-03 06:45:00,4177.21,4178.2,4177.17,4177.84,4177.51,4178.5,4177.47,4178.14,73
2026-07-03 06:46:00,4177.77,4177.9,4177.38,4177.87,4178.07,4178.2,4177.68,4178.17,75
2026-07-03 06:47:00,4177.88,4177.97,4176.24,4176.69,4178.18,4178.27,4176.54,4176.99,113
2026-07-03 06:48:00,4176.7,4176.93,4176.12,4176.21,4177.0,4177.23,4176.42,4176.51,120
2026-07-03 06:49:00,4176.22,4176.67,4176.17,4176.29,4176.52,4176.97,4176.47,4176.59,113
2026-07-03 06:50:00,4176.3,4176.42,4175.04,4175.37,4176.6,4176.72,4175.34,4175.67,170
2026-07-03 06:51:00,4175.29,4175.29,4174.55,4174.55,4175.59,4175.59,4174.85,4174.85,125
2026-07-03 06:52:00,4174.65,4175.86,4174.65,4175.71,4174.95,4176.16,4174.95,4176.01,129
2026-07-03 06:53:00,4175.73,4175.9,4175.49,4175.8,4176.03,4176.2,4175.79,4176.1,109
2026-07-03 06:54:00,4175.82,4175.99,4175.15,4175.21,4176.12,4176.29,4175.45,4175.51,142
2026-07-03 06:55:00,4175.23,4175.69,4174.61,4175.69,4175.53,4175.99,4174.91,4175.99,122
2026-07-03 06:56:00,4175.68,4177.81,4175.68,4177.57,4175.98,4178.11,4175.98,4177.87,156
2026-07-03 06:57:00,4177.51,4178.57,4177.18,4178.38,4177.81,4178.87,4177.48,4178.68,107
2026-07-03 06:58:00,4178.4,4178.73,4177.67,4178.71,4178.7,4179.03,4177.97,4179.01,105
2026-07-03 06:59:00,4178.7,4178.84,4178.34,4178.8,4179.0,4179.14,4178.64,4179.1,92
2026-07-03 07:00:00,4178.76,4180.02,4178.34,4179.53,4179.06,4180.32,4178.64,4179.83,220
2026-07-03 07:01:00,4179.55,4179.63,4177.84,4178.09,4179.85,4179.93,4178.14,4178.39,184
2026-07-03 07:02:00,4178.07,4178.45,4177.11,4177.59,4178.37,4178.75,4177.41,4177.89,178
2026-07-03 07:03:00,4177.67,4178.2,4176.9,4178.07,4177.97,4178.5,4177.2,4178.37,182
2026-07-03 07:04:00,4178.09,4180.99,4177.76,4180.62,4178.39,4181.29,4178.06,4180.92,255
2026-07-03 07:05:00,4180.61,4180.71,4179.79,4180.15,4180.91,4181.01,4180.09,4180.45,168
2026-07-03 07:06:00,4180.16,4180.57,4179.93,4180.44,4180.46,4180.87,4180.23,4180.74,168
2026-07-03 07:07:00,4180.45,4181.16,4180.07,4180.68,4180.75,4181.46,4180.37,4180.98,237
2026-07-03 07:08:00,4180.69,4181.12,4180.22,4180.23,4180.99,4181.42,4180.52,4180.53,205
2026-07-03 07:09:00,4180.19,4180.54,4178.53,4178.99,4180.49,4180.84,4178.83,4179.29,221
2026-07-03 07:10:00,4178.9,4178.93,4178.2,4178.47,4179.2,4179.23,4178.5,4178.77,180
2026-07-03 07:11:00,4178.46,4178.52,4177.73,4177.9,4178.76,4178.82,4178.03,4178.2,177
2026-07-03 07:12:00,4177.88,4178.23,4177.45,4178.15,4178.18,4178.53,4177.75,4178.45,222
2026-07-03 07:13:00,4178.16,4178.34,4177.49,4178.15,4178.46,4178.64,4177.79,4178.45,187
2026-07-03 07:14:00,4178.16,4178.69,4178.1,4178.27,4178.46,4178.99,4178.4,4178.57,147
2026-07-03 07:15:00,4178.26,4179.17,4178.0,4179.04,4178.56,4179.47,4178.3,4179.34,211
2026-07-03 07:16:00,4179.02,4179.02,4176.38,4176.74,4179.32,4179.32,4176.68,4177.04,305
2026-07-03 07:17:00,4176.76,4177.43,4176.27,4177.38,4177.06,4177.73,4176.57,4177.68,158
2026-07-03 07:18:00,4177.37,4179.04,4177.36,4178.38,4177.67,4179.34,4177.66,4178.68,161
2026-07-03 07:19:00,4178.37,4179.21,4178.35,4179.12,4178.67,4179.51,4178.65,4179.42,152
2026-07-03 07:20:00,4179.1,4179.15,4177.14,4177.3,4179.4,4179.45,4177.44,4177.6,178
2026-07-03 07:21:00,4177.29,4177.29,4175.73,4175.73,4177.59,4177.59,4176.03,4176.03,165
2026-07-03 07:22:00,4175.81,4175.82,4173.01,4173.84,4176.11,4176.12,4173.31,4174.14,266
2026-07-03 07:23:00,4173.82,4174.88,4173.38,4173.38,4174.12,4175.18,4173.68,4173.68,273
2026-07-03 07:24:00,4173.3,4174.51,4173.06,4174.36,4173.6,4174.81,4173.36,4174.66,186
2026-07-03 07:25:00,4174.38,4174.82,4174.07,4174.54,4174.68,4175.12,4174.37,4174.84,136
2026-07-03 07:26:00,4174.56,4175.64,4174.23,4175.05,4174.86,4175.94,4174.53,4175.35,214
2026-07-03 07:27:00,4175.07,4175.45,4174.77,4174.98,4175.37,4175.75,4175.07,4175.28,178
2026-07-03 07:28:00,4175.0,4177.1,4174.86,4177.07,4175.3,4177.4,4175.16,4177.37,157
2026-07-03 07:29:00,4177.08,4177.09,4175.99,4176.0,4177.38,4177.39,4176.29,4176.3,164
2026-07-03 07:30:00,4176.03,4181.75,4174.42,4179.97,4176.33,4182.05,4174.72,4180.27,749
2026-07-03 07:31:00,4180.06,4180.49,4179.17,4179.75,4180.36,4180.79,4179.47,4180.05,357
2026-07-03 07:32:00,4179.7,4180.05,4177.3,4179.05,4180.0,4180.35,4177.6,4179.35,396
2026-07-03 07:33:00,4179.08,4179.71,4178.52,4178.86,4179.38,4180.01,4178.82,4179.16,314
2026-07-03 07:34:00,4178.89,4179.66,4177.82,4178.64,4179.19,4179.96,4178.12,4178.94,367
2026-07-03 07:35:00,4178.7,4179.65,4177.7,4177.89,4179.0,4179.95,4178.0,4178.19,309
2026-07-03 07:36:00,4177.88,4178.25,4176.14,4177.09,4178.18,4178.55,4176.44,4177.39,249
2026-07-03 07:37:00,4176.98,4178.44,4176.63,4177.96,4177.28,4178.74,4176.93,4178.26,286
2026-07-03 07:38:00,4177.89,4177.95,4174.15,4174.21,4178.19,4178.25,4174.45,4174.51,272
2026-07-03 07:39:00,4174.2,4174.94,4173.84,4174.14,4174.5,4175.24,4174.14,4174.44,242
2026-07-03 07:40:00,4174.17,4175.5,4174.05,4174.07,4174.47,4175.8,4174.35,4174.37,276
2026-07-03 07:41:00,4174.03,4176.29,4173.12,4176.07,4174.33,4176.59,4173.42,4176.37,282
2026-07-03 07:42:00,4176.05,4176.12,4174.53,4175.2,4176.35,4176.42,4174.83,4175.5,295
2026-07-03 07:43:00,4175.21,4175.5,4173.98,4174.27,4175.51,4175.8,4174.28,4174.57,280
2026-07-03 07:44:00,4174.26,4175.32,4174.06,4175.05,4174.56,4175.62,4174.36,4175.35,220
2026-07-03 07:45:00,4175.11,4176.4,4175.03,4175.15,4175.41,4176.7,4175.33,4175.45,301
2026-07-03 07:46:00,4175.16,4175.42,4173.28,4173.49,4175.46,4175.72,4173.58,4173.79,234
2026-07-03 07:47:00,4173.4,4173.4,4172.51,4172.78,4173.7,4173.7,4172.81,4173.08,215
2026-07-03 07:48:00,4172.79,4172.87,4169.13,4169.78,4173.09,4173.17,4169.43,4170.08,318
2026-07-03 07:49:00,4169.73,4171.28,4169.38,4171.26,4170.03,4171.58,4169.68,4171.56,263
2026-07-03 07:50:00,4171.25,4171.7,4170.65,4170.96,4171.55,4172.0,4170.95,4171.26,244
2026-07-03 07:51:00,4170.99,4172.8,4170.55,4172.68,4171.29,4173.1,4170.85,4172.98,231
2026-07-03 07:52:00,4172.67,4173.18,4171.69,4173.06,4172.97,4173.48,4171.99,4173.36,205
2026-07-03 07:53:00,4173.05,4173.62,4171.73,4172.01,4173.35,4173.92,4172.03,4172.31,265
2026-07-03 07:54:00,4172.1,4172.3,4170.58,4171.3,4172.4,4172.6,4170.88,4171.6,261
2026-07-03 07:55:00,4171.26,4171.8,4170.53,4171.01,4171.56,4172.1,4170.83,4171.31,259
2026-07-03 07:56:00,4170.99,4171.92,4170.4,4171.82,4171.29,4172.22,4170.7,4172.12,204
2026-07-03 07:57:00,4171.9,4171.9,4170.82,4171.03,4172.2,4172.2,4171.12,4171.33,174
2026-07-03 07:58:00,4171.09,4171.86,4170.65,4171.09,4171.39,4172.16,4170.95,4171.39,221
2026-07-03 07:59:00,4171.05,4171.93,4170.94,4171.11,4171.35,4172.23,4171.24,4171.41,156
2026-07-03 08:00:00,4171.13,4171.73,4169.92,4170.35,4171.43,4172.03,4170.22,4170.65,417
2026-07-03 08:01:00,4170.43,4171.29,4168.57,4169.01,4170.73,4171.59,4168.87,4169.31,369
2026-07-03 08:02:00,4169.08,4169.78,4167.25,4167.8,4169.38,4170.08,4167.55,4168.1,381
2026-07-03 08:03:00,4167.84,4168.51,4165.98,4166.07,4168.14,4168.81,4166.28,4166.37,414
2026-07-03 08:04:00,4166.09,4166.91,4164.6,4164.78,4166.39,4167.21,4164.9,4165.08,383
2026-07-03 08:05:00,4164.8,4168.53,4164.41,4168.42,4165.1,4168.83,4164.71,4168.72,426
2026-07-03 08:06:00,4168.43,4170.37,4167.61,4167.68,4168.73,4170.67,4167.91,4167.98,373
2026-07-03 08:07:00,4167.69,4171.16,4167.69,4169.93,4167.99,4171.46,4167.99,4170.23,381
2026-07-03 08:08:00,4169.9,4170.36,4168.57,4170.05,4170.2,4170.66,4168.87,4170.35,329
2026-07-03 08:09:00,4170.03,4171.15,4169.48,4170.09,4170.33,4171.45,4169.78,4170.39,294
2026-07-03 08:10:00,4170.05,4170.28,4167.74,4168.15,4170.35,4170.58,4168.04,4168.45,304
2026-07-03 08:11:00,4168.13,4168.19,4166.61,4166.66,4168.43,4168.49,4166.91,4166.96,316
2026-07-03 08:12:00,4166.7,4167.17,4165.31,4166.36,4167.0,4167.47,4165.61,4166.66,318
2026-07-03 08:13:00,4166.3,4166.68,4162.99,4164.35,4166.6,4166.98,4163.29,4164.65,403
2026-07-03 08:14:00,4164.41,4164.54,4162.03,4162.3,4164.71,4164.84,4162.33,4162.6,346
2026-07-03 08:15:00,4162.34,4163.36,4161.14,4162.89,4162.64,4163.66,4161.44,4163.19,485
2026-07-03 08:16:00,4162.83,4163.39,4160.46,4162.53,4163.13,4163.69,4160.76,4162.83,366
2026-07-03 08:17:00,4162.59,4164.42,4161.84,4164.07,4162.89,4164.72,4162.14,4164.37,310
2026-07-03 08:18:00,4164.03,4165.88,4163.2,4165.42,4164.33,4166.18,4163.5,4165.72,327
2026-07-03 08:19:00,4165.44,4165.84,4165.11,4165.67,4165.74,4166.14,4165.41,4165.97,223
2026-07-03 08:20:00,4165.75,4166.49,4165.52,4166.03,4166.05,4166.79,4165.82,4166.33,188
2026-07-03 08:21:00,4166.09,4167.14,4165.65,4166.44,4166.39,4167.44,4165.95,4166.74,266
2026-07-03 08:22:00,4166.4,4166.56,4164.93,4165.96,4166.7,4166.86,4165.23,4166.26,264
2026-07-03 08:23:00,4165.98,4166.82,4162.92,4163.32,4166.28,4167.12,4163.22,4163.62,329
2026-07-03 08:24:00,4163.42,4165.09,4163.42,4163.94,4163.72,4165.39,4163.72,4164.24,278
2026-07-03 08:25:00,4163.92,4164.45,4163.13,4163.77,4164.22,4164.75,4163.43,4164.07,228
2026-07-03 08:26:00,4163.73,4164.63,4163.54,4164.49,4164.03,4164.93,4163.84,4164.79,245
2026-07-03 08:27:00,4164.38,4166.4,4164.32,4165.03,4164.68,4166.7,4164.62,4165.33,281
2026-07-03 08:28:00,4165.13,4165.67,4164.92,4165.18,4165.43,4165.97,4165.22,4165.48,212
2026-07-03 08:29:00,4165.17,4165.42,4163.67,4164.78,4165.47,4165.72,4163.97,4165.08,235
2026-07-03 08:30:00,4164.8,4166.63,4164.36,4166.58,4165.1,4166.93,4164.66,4166.88,323
2026-07-03 08:31:00,4166.52,4167.0,4165.7,4166.68,4166.82,4167.3,4166.0,4166.98,280
2026-07-03 08:32:00,4166.64,4168.26,4166.64,4166.79,4166.94,4168.56,4166.94,4167.09,317
2026-07-03 08:33:00,4166.73,4167.83,4166.57,4167.32,4167.03,4168.13,4166.87,4167.62,293
2026-07-03 08:34:00,4167.38,4171.15,4167.38,4169.38,4167.68,4171.45,4167.68,4169.68,455
2026-07-03 08:35:00,4169.45,4171.13,4168.33,4170.67,4169.75,4171.43,4168.63,4170.97,317
2026-07-03 08:36:00,4170.71,4173.56,4170.71,4172.65,4171.01,4173.86,4171.01,4172.95,311
2026-07-03 08:37:00,4172.63,4172.8,4171.93,4172.75,4172.93,4173.1,4172.23,4173.05,224
2026-07-03 08:38:00,4172.74,4172.74,4171.32,4172.36,4173.04,4173.04,4171.62,4172.66,253
2026-07-03 08:39:00,4172.38,4172.38,4169.67,4170.19,4172.68,4172.68,4169.97,4170.49,240
2026-07-03 08:40:00,4170.17,4171.01,4169.7,4170.43,4170.47,4171.31,4170.0,4170.73,213
2026-07-03 08:41:00,4170.44,4170.45,4168.62,4170.34,4170.74,4170.75,4168.92,4170.64,230
2026-07-03 08:42:00,4170.46,4172.32,4170.46,4171.44,4170.76,4172.62,4170.76,4171.74,246
2026-07-03 08:43:00,4171.46,4171.73,4170.13,4171.51,4171.76,4172.03,4170.43,4171.81,212
2026-07-03 08:44:00,4171.53,4171.9,4170.09,4171.03,4171.83,4172.2,4170.39,4171.33,244
2026-07-03 08:45:00,4171.02,4171.53,4170.17,4170.76,4171.32,4171.83,4170.47,4171.06,262
2026-07-03 08:46:00,4170.71,4172.9,4170.43,4172.86,4171.01,4173.2,4170.73,4173.16,298
2026-07-03 08:47:00,4172.84,4172.84,4171.66,4171.9,4173.14,4173.14,4171.96,4172.2,280
2026-07-03 08:48:00,4171.99,4172.96,4170.98,4172.88,4172.29,4173.26,4171.28,4173.18,268
2026-07-03 08:49:00,4172.92,4173.68,4172.74,4173.02,4173.22,4173.98,4173.04,4173.32,233
2026-07-03 08:50:00,4173.05,4173.84,4172.38,4173.51,4173.35,4174.14,4172.68,4173.81,252
2026-07-03 08:51:00,4173.5,4173.58,4171.47,4172.65,4173.8,4173.88,4171.77,4172.95,306
2026-07-03 08:52:00,4172.74,4173.55,4172.55,4173.39,4173.04,4173.85,4172.85,4173.69,227
2026-07-03 08:53:00,4173.38,4174.38,4173.36,4173.95,4173.68,4174.68,4173.66,4174.25,235
2026-07-03 08:54:00,4173.94,4174.21,4172.67,4173.11,4174.24,4174.51,4172.97,4173.41,251
2026-07-03 08:55:00,4173.1,4173.13,4172.18,4172.51,4173.4,4173.43,4172.48,4172.81,219
2026-07-03 08:56:00,4172.53,4173.0,4170.81,4171.06,4172.83,4173.3,4171.11,4171.36,246
2026-07-03 08:57:00,4171.05,4172.07,4171.01,4171.63,4171.35,4172.37,4171.31,4171.93,230
2026-07-03 08:58:00,4171.61,4174.27,4171.32,4174.12,4171.91,4174.57,4171.62,4174.42,305
2026-07-03 08:59:00,4174.15,4174.29,4172.72,4172.99,4174.45,4174.59,4173.02,4173.29,254
2026-07-03 09:00:00,4173.01,4173.27,4171.54,4171.56,4173.31,4173.57,4171.84,4171.86,338
2026-07-03 09:01:00,4171.55,4174.07,4171.16,4173.92,4171.85,4174.37,4171.46,4174.22,274
2026-07-03 09:02:00,4173.88,4173.88,4171.3,4171.48,4174.18,4174.18,4171.6,4171.78,257
2026-07-03 09:03:00,4171.53,4173.76,4171.53,4173.62,4171.83,4174.06,4171.83,4173.92,238
2026-07-03 09:04:00,4173.71,4174.94,4173.13,4174.88,4174.01,4175.24,4173.43,4175.18,233
2026-07-03 09:05:00,4174.9,4176.76,4174.55,4176.55,4175.2,4177.06,4174.85,4176.85,291
2026-07-03 09:06:00,4176.51,4178.11,4175.78,4177.58,4176.81,4178.41,4176.19,4177.88,295
2026-07-03 09:07:00,4177.59,4178.92,4177.0,4178.92,4177.89,4179.22,4177.3,4179.22,265
2026-07-03 09:08:00,4178.84,4179.15,4177.58,4178.7,4179.14,4179.45,4177.88,4179.0,261
2026-07-03 09:09:00,4178.57,4180.48,4178.18,4180.33,4178.87,4180.78,4178.48,4180.63,224
2026-07-03 09:10:00,4180.31,4181.13,4178.01,4178.64,4180.61,4181.43,4178.31,4178.94,334
2026-07-03 09:11:00,4178.65,4178.88,4177.6,4177.91,4178.95,4179.18,4177.9,4178.21,319
2026-07-03 09:12:00,4178.0,4178.0,4174.82,4174.94,4178.3,4178.3,4175.12,4175.24,307
2026-07-03 09:13:00,4174.95,4174.95,4172.36,4173.46,4175.25,4175.25,4172.66,4173.76,313
2026-07-03 09:14:00,4173.53,4174.69,4173.46,4173.96,4173.83,4174.99,4173.76,4174.26,230
2026-07-03 09:15:00,4173.94,4174.63,4173.09,4173.15,4174.24,4174.93,4173.39,4173.45,191
2026-07-03 09:16:00,4173.13,4173.17,4172.11,4172.36,4173.43,4173.47,4172.41,4172.66,228
2026-07-03 09:17:00,4172.28,4172.77,4170.88,4171.92,4172.58,4173.07,4171.18,4172.22,225
2026-07-03 09:18:00,4171.9,4172.7,4171.9,4172.34,4172.2,4173.0,4172.2,4172.64,169
2026-07-03 09:19:00,4172.32,4172.36,4171.53,4171.61,4172.62,4172.66,4171.83,4171.91,173
2026-07-03 09:20:00,4171.59,4172.7,4171.32,4171.78,4171.89,4173.0,4171.62,4172.08,214
2026-07-03 09:21:00,4171.8,4171.8,4170.73,4170.73,4172.1,4172.1,4171.03,4171.03,207
2026-07-03 09:22:00,4170.75,4170.77,4169.17,4170.19,4171.05,4171.07,4169.47,4170.49,205
2026-07-03 09:23:00,4170.23,4172.08,4170.23,4172.08,4170.53,4172.38,4170.53,4172.38,247
2026-07-03 09:24:00,4172.06,4173.55,4171.98,4173.17,4172.36,4173.85,4172.28,4173.47,263
2026-07-03 09:25:00,4173.09,4174.52,4172.74,4174.52,4173.39,4174.82,4173.04,4174.82,203
2026-07-03 09:26:00,4174.51,4174.57,4173.8,4174.26,4174.81,4174.87,4174.1,4174.56,184
2026-07-03 09:27:00,4174.24,4174.43,4172.65,4173.98,4174.54,4174.73,4172.95,4174.28,233
2026-07-03 09:28:00,4173.99,4175.97,4173.61,4174.67,4174.29,4176.27,4173.91,4174.97,243
2026-07-03 09:29:00,4174.7,4175.37,4174.4,4175.37,4175.0,4175.67,4174.7,4175.67,202
2026-07-03 09:30:00,4175.46,4177.09,4175.05,4176.11,4175.76,4177.39,4175.35,4176.41,234
2026-07-03 09:31:00,4176.07,4176.07,4173.79,4174.17,4176.37,4176.37,4174.09,4174.47,286
2026-07-03 09:32:00,4174.2,4175.81,4173.78,4175.52,4174.5,4176.11,4174.08,4175.82,261
2026-07-03 09:33:00,4175.53,4176.02,4174.99,4175.96,4175.83,4176.32,4175.29,4176.26,211
2026-07-03 09:34:00,4175.98,4178.36,4175.73,4176.34,4176.28,4178.66,4176.03,4176.64,257
2026-07-03 09:35:00,4176.38,4177.54,4176.25,4177.06,4176.68,4177.84,4176.55,4177.36,221
2026-07-03 09:36:00,4177.04,4177.69,4176.61,4177.32,4177.34,4177.99,4176.91,4177.62,189
2026-07-03 09:37:00,4177.28,4177.8,4177.03,4177.76,4177.58,4178.1,4177.33,4178.06,173
2026-07-03 09:38:00,4177.75,4177.8,4176.77,4177.71,4178.05,4178.1,4177.07,4178.01,184
2026-07-03 09:39:00,4177.75,4179.38,4177.57,4179.21,4178.05,4179.68,4177.87,4179.51,187
2026-07-03 09:40:00,4179.23,4179.3,4177.16,4177.74,4179.53,4179.6,4177.46,4178.04,261
2026-07-03 09:41:00,4177.75,4178.1,4176.82,4176.82,4178.05,4178.4,4177.12,4177.12,208
2026-07-03 09:42:00,4176.86,4177.97,4176.71,4177.27,4177.16,4178.27,4177.01,4177.57,168
2026-07-03 09:43:00,4177.25,4178.65,4177.25,4178.26,4177.55,4178.95,4177.55,4178.56,279
2026-07-03 09:44:00,4178.27,4179.7,4178.15,4179.4,4178.57,4180.0,4178.45,4179.7,285
2026-07-03 09:45:00,4179.44,4180.36,4178.77,4179.67,4179.74,4180.66,4179.07,4179.97,231
2026-07-03 09:46:00,4179.63,4179.9,4179.18,4179.76,4179.93,4180.2,4179.48,4180.06,188
2026-07-03 09:47:00,4179.77,4180.29,4179.38,4179.8,4180.07,4180.59,4179.68,4180.1,219
2026-07-03 09:48:00,4179.78,4181.01,4179.57,4180.32,4180.08,4181.31,4179.87,4180.62,249
2026-07-03 09:49:00,4180.34,4180.56,4180.03,4180.34,4180.64,4180.86,4180.33,4180.64,146
2026-07-03 09:50:00,4180.36,4181.63,4180.03,4180.83,4180.66,4181.93,4180.33,4181.13,256
2026-07-03 09:51:00,4180.88,4180.94,4178.38,4178.45,4181.18,4181.24,4178.68,4178.75,266
2026-07-03 09:52:00,4178.54,4178.91,4177.4,4177.52,4178.84,4179.21,4177.7,4177.82,242
2026-07-03 09:53:00,4177.53,4178.65,4177.01,4178.57,4177.83,4178.95,4177.31,4178.87,218
2026-07-03 09:54:00,4178.59,4178.59,4177.63,4177.8,4178.89,4178.89,4177.93,4178.1,236
2026-07-03 09:55:00,4177.88,4178.68,4176.51,4176.98,4178.18,4178.98,4176.81,4177.28,285
2026-07-03 09:56:00,4176.95,4177.63,4176.5,4176.84,4177.25,4177.93,4176.8,4177.14,236
2026-07-03 09:57:00,4176.82,4176.86,4175.63,4176.65,4177.12,4177.16,4175.93,4176.95,266
2026-07-03 09:58:00,4176.63,4176.63,4174.71,4174.8,4176.93,4176.93,4175.01,4175.1,232
2026-07-03 09:59:00,4174.82,4177.42,4174.74,4177.42,4175.12,4177.72,4175.04,4177.72,310
2026-07-03 10:00:00,4177.47,4181.78,4177.36,4180.59,4177.77,4182.08,4177.66,4180.89,387
2026-07-03 10:01:00,4180.55,4181.77,4180.42,4181.43,4180.85,4182.07,4180.72,4181.73,323
2026-07-03 10:02:00,4181.34,4184.6,4180.82,4184.45,4181.64,4184.9,4181.12,4184.75,353
2026-07-03 10:03:00,4184.44,4184.44,4182.42,4182.88,4184.74,4184.74,4182.72,4183.18,274
2026-07-03 10:04:00,4182.89,4183.34,4181.91,4183.05,4183.19,4183.64,4182.21,4183.35,281
2026-07-03 10:05:00,4183.03,4185.58,4183.02,4185.26,4183.33,4185.88,4183.32,4185.56,281
2026-07-03 10:06:00,4185.25,4185.76,4183.59,4183.81,4185.55,4186.06,4183.89,4184.11,264
2026-07-03 10:07:00,4183.86,4184.0,4182.26,4183.24,4184.16,4184.3,4182.56,4183.54,256
2026-07-03 10:08:00,4183.25,4183.43,4181.64,4181.64,4183.55,4183.73,4181.94,4181.94,231
2026-07-03 10:09:00,4181.66,4182.53,4181.66,4182.36,4181.96,4182.83,4181.96,4182.66,208
2026-07-03 10:10:00,4182.34,4182.69,4181.63,4181.76,4182.64,4182.99,4181.93,4182.06,231
2026-07-03 10:11:00,4181.85,4183.52,4181.28,4183.19,4182.15,4183.82,4181.58,4183.49,246
2026-07-03 10:12:00,4183.2,4185.02,4183.2,4184.45,4183.5,4185.32,4183.5,4184.75,230
2026-07-03 10:13:00,4184.46,4184.46,4183.25,4183.42,4184.76,4184.76,4183.55,4183.72,242
2026-07-03 10:14:00,4183.38,4184.0,4183.21,4183.9,4183.68,4184.3,4183.51,4184.2,177
2026-07-03 10:15:00,4183.92,4184.39,4183.43,4183.45,4184.22,4184.69,4183.73,4183.75,241
2026-07-03 10:16:00,4183.44,4184.28,4183.4,4183.82,4183.74,4184.58,4183.7,4184.12,203
2026-07-03 10:17:00,4183.81,4183.99,4182.58,4183.75,4184.11,4184.29,4182.88,4184.05,227
2026-07-03 10:18:00,4183.77,4184.74,4183.29,4184.48,4184.07,4185.04,4183.59,4184.78,230
2026-07-03 10:19:00,4184.46,4185.36,4183.98,4184.57,4184.76,4185.66,4184.28,4184.87,262
2026-07-03 10:20:00,4184.55,4185.36,4184.23,4185.24,4184.85,4185.66,4184.53,4185.54,237
2026-07-03 10:21:00,4185.25,4185.25,4183.98,4184.38,4185.55,4185.55,4184.28,4184.68,154
2026-07-03 10:22:00,4184.34,4184.59,4182.32,4182.32,4184.64,4184.89,4182.62,4182.62,256
2026-07-03 10:23:00,4182.34,4183.77,4182.2,4183.51,4182.64,4184.07,4182.5,4183.81,192
2026-07-03 10:24:00,4183.44,4183.9,4182.65,4183.15,4183.74,4184.2,4182.95,4183.45,194
2026-07-03 10:25:00,4183.13,4184.07,4181.9,4182.23,4183.43,4184.37,4182.2,4182.53,274
2026-07-03 10:26:00,4182.32,4182.95,4181.9,4182.43,4182.62,4183.25,4182.2,4182.73,199
2026-07-03 10:27:00,4182.4,4182.63,4181.57,4181.65,4182.7,4182.93,4181.87,4181.95,191
2026-07-03 10:28:00,4181.63,4182.76,4181.19,4181.73,4181.93,4183.06,4181.49,4182.03,288
2026-07-03 10:29:00,4181.75,4183.2,4181.75,4183.05,4182.05,4183.5,4182.05,4183.35,320
2026-07-03 10:30:00,4182.99,4184.61,4181.46,4181.64,4183.29,4184.91,4181.76,4181.94,341
2026-07-03 10:31:00,4181.62,4181.87,4180.8,4181.7,4181.92,4182.17,4181.1,4182.0,242
2026-07-03 10:32:00,4181.78,4184.05,4181.53,4183.82,4182.08,4184.35,4181.83,4184.12,178
2026-07-03 10:33:00,4183.8,4185.95,4182.86,4185.85,4184.1,4186.25,4183.16,4186.15,225
2026-07-03 10:34:00,4185.87,4186.46,4185.36,4185.44,4186.17,4186.76,4185.66,4185.74,271
2026-07-03 10:35:00,4185.43,4185.69,4184.42,4185.19,4185.73,4185.99,4184.72,4185.49,229
2026-07-03 10:36:00,4185.18,4186.28,4184.76,4185.82,4185.48,4186.58,4185.06,4186.12,162
2026-07-03 10:37:00,4185.73,4185.86,4184.51,4184.78,4186.03,4186.16,4184.81,4185.08,147
2026-07-03 10:38:00,4184.82,4184.89,4183.04,4183.48,4185.12,4185.19,4183.34,4183.78,205
2026-07-03 10:39:00,4183.45,4183.45,4181.98,4182.07,4183.75,4183.75,4182.28,4182.37,203
2026-07-03 10:40:00,4182.02,4182.66,4180.61,4182.66,4182.32,4182.96,4180.91,4182.96,225
2026-07-03 10:41:00,4182.67,4183.65,4181.61,4181.63,4182.97,4183.95,4181.91,4181.93,248
2026-07-03 10:42:00,4181.55,4182.43,4181.42,4181.65,4181.85,4182.73,4181.72,4181.95,198
2026-07-03 10:43:00,4181.67,4183.53,4181.59,4182.88,4181.97,4183.83,4181.89,4183.18,245
2026-07-03 10:44:00,4182.86,4184.32,4182.73,4184.07,4183.16,4184.62,4183.04,4184.37,213
2026-07-03 10:45:00,4184.09,4185.37,4184.09,4184.25,4184.39,4185.67,4184.39,4184.55,192
2026-07-03 10:46:00,4184.24,4184.67,4180.4,4180.51,4184.54,4184.97,4180.7,4180.81,399
2026-07-03 10:47:00,4180.53,4180.88,4179.07,4179.46,4180.83,4181.18,4179.37,4179.76,294
2026-07-03 10:48:00,4179.51,4179.84,4178.55,4179.71,4179.81,4180.14,4178.85,4180.01,225
2026-07-03 10:49:00,4179.73,4179.84,4177.09,4177.09,4180.03,4180.14,4177.39,4177.39,258
2026-07-03 10:50:00,4177.01,4178.07,4176.94,4177.77,4177.31,4178.37,4177.24,4178.07,211
2026-07-03 10:51:00,4177.78,4177.92,4176.86,4177.5,4178.08,4178.22,4177.16,4177.8,242
2026-07-03 10:52:00,4177.58,4178.38,4177.21,4178.09,4177.88,4178.68,4177.51,4178.39,208
2026-07-03 10:53:00,4178.11,4179.99,4177.93,4179.62,4178.41,4180.29,4178.23,4179.92,241
2026-07-03 10:54:00,4179.63,4179.94,4179.24,4179.32,4179.93,4180.24,4179.54,4179.62,162
2026-07-03 10:55:00,4179.31,4180.98,4179.3,4180.67,4179.61,4181.28,4179.6,4180.97,189
2026-07-03 10:56:00,4180.68,4180.71,4179.7,4179.98,4180.98,4181.01,4180.0,4180.28,146
2026-07-03 10:57:00,4179.99,4181.19,4179.99,4181.19,4180.29,4181.49,4180.29,4181.49,191
2026-07-03 10:58:00,4181.2,4182.34,4181.18,4181.33,4181.5,4182.64,4181.48,4181.63,238
2026-07-03 10:59:00,4181.36,4181.76,4180.68,4180.98,4181.66,4182.06,4180.98,4181.28,163
2026-07-03 11:00:00,4180.99,4181.1,4180.29,4180.6,4181.29,4181.4,4180.59,4180.9,242
2026-07-03 11:01:00,4180.63,4180.65,4179.38,4179.38,4180.93,4180.95,4179.68,4179.68,223
2026-07-03 11:02:00,4179.35,4180.38,4179.21,4180.09,4179.65,4180.68,4179.51,4180.39,202
2026-07-03 11:03:00,4180.11,4180.87,4179.81,4180.64,4180.41,4181.17,4180.11,4180.94,190
2026-07-03 11:04:00,4180.66,4181.25,4180.42,4180.55,4180.96,4181.55,4180.72,4180.85,189
2026-07-03 11:05:00,4180.54,4181.37,4180.54,4181.24,4180.84,4181.67,4180.84,4181.54,182
2026-07-03 11:06:00,4181.16,4181.36,4180.39,4180.83,4181.46,4181.66,4180.69,4181.13,165
2026-07-03 11:07:00,4180.75,4181.78,4179.71,4179.97,4181.05,4182.08,4180.01,4180.27,214
2026-07-03 11:08:00,4179.95,4180.49,4179.27,4179.6,4180.25,4180.79,4179.57,4179.9,246
2026-07-03 11:09:00,4179.62,4179.63,4177.31,4177.37,4179.92,4179.93,4177.61,4177.67,235
2026-07-03 11:10:00,4177.4,4177.44,4175.86,4176.46,4177.7,4177.74,4176.16,4176.76,245
2026-07-03 11:11:00,4176.44,4178.21,4176.43,4178.07,4176.74,4178.51,4176.73,4178.37,262
2026-07-03 11:12:00,4177.99,4179.27,4177.65,4178.98,4178.29,4179.57,4177.95,4179.28,242
2026-07-03 11:13:00,4178.97,4179.16,4178.32,4178.92,4179.27,4179.46,4178.62,4179.22,163
2026-07-03 11:14:00,4178.99,4180.34,4178.89,4180.34,4179.29,4180.64,4179.19,4180.64,158
2026-07-03 11:15:00,4180.31,4180.39,4178.78,4179.27,4180.61,4180.69,4179.08,4179.57,235
2026-07-03 11:16:00,4179.26,4179.3,4175.3,4175.76,4179.56,4179.6,4175.6,4176.06,220
2026-07-03 11:17:00,4175.78,4176.4,4175.55,4176.26,4176.08,4176.83,4175.85,4176.56,181
2026-07-03 11:18:00,4176.27,4176.71,4175.65,4176.43,4176.57,4177.01,4175.95,4176.73,206
2026-07-03 11:19:00,4176.45,4177.0,4175.88,4175.9,4176.75,4177.3,4176.18,4176.2,197
2026-07-03 11:20:00,4175.92,4177.09,4175.84,4176.76,4176.22,4177.39,4176.14,4177.06,166
2026-07-03 11:21:00,4176.82,4177.51,4176.17,4177.46,4177.12,4177.81,4176.47,4177.76,179
2026-07-03 11:22:00,4177.44,4177.5,4176.42,4176.63,4177.74,4177.8,4176.72,4176.93,138
2026-07-03 11:23:00,4176.59,4176.59,4173.4,4173.57,4176.89,4176.89,4173.7,4173.87,228
2026-07-03 11:24:00,4173.49,4174.42,4173.23,4173.23,4173.79,4174.72,4173.53,4173.53,204
2026-07-03 11:25:00,4173.21,4174.17,4172.99,4173.34,4173.51,4174.47,4173.29,4173.64,234
2026-07-03 11:26:00,4173.38,4173.98,4172.18,4172.27,4173.68,4174.28,4172.48,4172.57,269
2026-07-03 11:27:00,4172.2,4172.83,4171.17,4172.73,4172.5,4173.13,4171.47,4173.03,289
2026-07-03 11:28:00,4172.71,4173.92,4172.71,4173.34,4173.01,4174.22,4173.01,4173.64,199
2026-07-03 11:29:00,4173.36,4173.36,4171.62,4171.87,4173.66,4173.66,4171.92,4172.17,258
2026-07-03 11:30:00,4171.85,4172.14,4170.58,4170.62,4172.15,4172.44,4170.88,4170.92,476
2026-07-03 11:31:00,4170.57,4172.89,4170.3,4171.37,4170.87,4173.19,4170.6,4171.67,317
2026-07-03 11:32:00,4171.35,4172.9,4171.17,4172.28,4171.65,4173.2,4171.47,4172.58,240
2026-07-03 11:33:00,4172.3,4172.85,4169.05,4169.34,4172.6,4173.15,4169.35,4169.64,248
2026-07-03 11:34:00,4169.32,4170.3,4168.79,4169.61,4169.62,4170.6,4169.09,4169.91,214
2026-07-03 11:35:00,4169.75,4170.63,4169.25,4169.65,4170.05,4170.93,4169.55,4169.95,192
2026-07-03 11:36:00,4169.67,4171.03,4168.93,4169.49,4169.97,4171.33,4169.23,4169.79,250
2026-07-03 11:37:00,4169.51,4169.94,4168.84,4169.14,4169.81,4170.24,4169.14,4169.44,206
2026-07-03 11:38:00,4169.12,4170.94,4168.42,4170.9,4169.42,4171.24,4168.72,4171.2,223
2026-07-03 11:39:00,4170.88,4171.91,4169.78,4171.43,4171.18,4172.21,4170.08,4171.73,226
2026-07-03 11:40:00,4171.48,4172.03,4170.77,4170.83,4171.78,4172.33,4171.07,4171.13,200
2026-07-03 11:41:00,4170.82,4170.85,4170.17,4170.51,4171.12,4171.15,4170.47,4170.81,187
2026-07-03 11:42:00,4170.46,4171.41,4170.44,4170.46,4170.76,4171.71,4170.74,4170.76,176
2026-07-03 11:43:00,4170.47,4171.23,4170.03,4171.23,4170.77,4171.53,4170.33,4171.53,158
2026-07-03 11:44:00,4171.22,4172.35,4171.21,4172.09,4171.52,4172.65,4171.51,4172.39,281
2026-07-03 11:45:00,4172.07,4172.59,4171.74,4172.52,4172.37,4172.89,4172.04,4172.82,217
2026-07-03 11:46:00,4172.49,4172.96,4171.91,4172.3,4172.79,4173.26,4172.21,4172.6,267
2026-07-03 11:47:00,4172.25,4173.21,4171.76,4171.9,4172.55,4173.51,4172.06,4172.2,224
2026-07-03 11:48:00,4171.98,4173.55,4171.98,4173.46,4172.28,4173.85,4172.28,4173.76,168
2026-07-03 11:49:00,4173.45,4173.45,4172.21,4172.96,4173.75,4173.75,4172.51,4173.26,178
2026-07-03 11:50:00,4173.05,4173.36,4171.58,4171.82,4173.35,4173.66,4171.88,4172.12,163
2026-07-03 11:51:00,4171.81,4173.19,4171.66,4173.11,4172.11,4173.49,4171.96,4173.41,187
2026-07-03 11:52:00,4173.15,4174.17,4173.08,4173.19,4173.45,4174.47,4173.38,4173.49,216
2026-07-03 11:53:00,4173.2,4174.24,4173.13,4173.69,4173.5,4174.54,4173.43,4173.99,153
2026-07-03 11:54:00,4173.7,4174.84,4173.49,4174.73,4174.0,4175.14,4173.79,4175.03,139
2026-07-03 11:55:00,4174.71,4175.01,4174.17,4174.23,4175.01,4175.31,4174.47,4174.53,139
2026-07-03 11:56:00,4174.24,4174.95,4172.92,4173.01,4174.54,4175.25,4173.22,4173.31,206
2026-07-03 11:57:00,4172.99,4173.18,4172.54,4172.88,4173.29,4173.48,4172.84,4173.18,141
2026-07-03 11:58:00,4172.92,4173.3,4172.84,4173.07,4173.22,4173.6,4173.14,4173.37,121
2026-07-03 11:59:00,4173.09,4173.09,4171.87,4171.91,4173.39,4173.39,4172.17,4172.21,142
2026-07-03 12:00:00,4171.88,4173.02,4170.62,4173.01,4172.18,4173.32,4170.92,4173.31,260
2026-07-03 12:01:00,4173.03,4175.65,4173.0,4175.57,4173.33,4175.95,4173.3,4175.87,165
2026-07-03 12:02:00,4175.55,4175.84,4174.29,4174.3,4175.85,4176.14,4174.59,4174.6,158
2026-07-03 12:03:00,4174.32,4175.2,4174.21,4174.95,4174.62,4175.5,4174.51,4175.25,117
2026-07-03 12:04:00,4174.99,4175.92,4174.86,4175.78,4175.29,4176.22,4175.16,4176.08,112
2026-07-03 12:05:00,4175.8,4176.61,4175.76,4176.44,4176.1,4176.91,4176.06,4176.74,119
2026-07-03 12:06:00,4176.5,4176.94,4176.28,4176.42,4176.8,4177.24,4176.58,4176.72,166
2026-07-03 12:07:00,4176.44,4177.53,4176.13,4177.24,4176.74,4177.83,4176.43,4177.54,178
2026-07-03 12:08:00,4177.26,4178.96,4177.25,4178.94,4177.56,4179.26,4177.55,4179.24,255
2026-07-03 12:09:00,4179.0,4180.49,4178.27,4178.44,4179.3,4180.79,4178.57,4178.74,285
2026-07-03 12:10:00,4178.45,4178.92,4177.63,4178.78,4178.75,4179.22,4177.93,4179.08,170
2026-07-03 12:11:00,4178.81,4179.57,4178.44,4179.48,4179.11,4179.87,4178.74,4179.78,182
2026-07-03 12:12:00,4179.49,4180.06,4179.11,4180.02,4179.79,4180.36,4179.41,4180.32,195
2026-07-03 12:13:00,4180.03,4180.67,4179.86,4180.4,4180.33,4180.97,4180.16,4180.7,162
2026-07-03 12:14:00,4180.42,4180.63,4179.34,4179.77,4180.72,4180.93,4179.64,4180.07,193
2026-07-03 12:15:00,4179.7,4180.27,4179.36,4179.73,4180.0,4180.57,4179.66,4180.03,161
2026-07-03 12:16:00,4179.81,4180.17,4179.32,4179.36,4180.11,4180.47,4179.62,4179.66,195
2026-07-03 12:17:00,4179.38,4179.99,4178.9,4178.96,4179.68,4180.29,4179.2,4179.26,131
2026-07-03 12:18:00,4178.98,4179.83,4177.93,4179.42,4179.28,4180.13,4178.23,4179.72,194
2026-07-03 12:19:00,4179.5,4180.26,4179.5,4180.26,4179.8,4180.56,4179.8,4180.56,125
2026-07-03 12:20:00,4180.25,4180.36,4179.67,4180.28,4180.55,4180.66,4179.97,4180.58,126
2026-07-03 12:21:00,4180.26,4180.77,4179.96,4180.45,4180.56,4181.07,4180.26,4180.75,126
2026-07-03 12:22:00,4180.43,4181.07,4180.37,4180.78,4180.73,4181.37,4180.67,4181.08,116
2026-07-03 12:23:00,4180.84,4180.84,4179.82,4180.01,4181.14,4181.14,4180.12,4180.31,118
2026-07-03 12:24:00,4180.0,4180.45,4179.36,4180.13,4180.3,4180.75,4179.66,4180.43,215
2026-07-03 12:25:00,4180.21,4181.01,4179.86,4180.9,4180.51,4181.31,4180.16,4181.2,165
2026-07-03 12:26:00,4180.92,4181.01,4180.28,4180.53,4181.22,4181.31,4180.58,4180.83,118
2026-07-03 12:27:00,4180.55,4181.11,4180.38,4180.38,4180.85,4181.41,4180.68,4180.68,159
2026-07-03 12:28:00,4180.36,4180.74,4179.94,4180.26,4180.66,4181.04,4180.24,4180.56,157
2026-07-03 12:29:00,4180.27,4180.27,4178.18,4178.44,4180.57,4180.57,4178.48,4178.74,184
2026-07-03 12:30:00,4178.42,4178.93,4177.53,4177.8,4178.72,4179.23,4177.83,4178.1,176
2026-07-03 12:31:00,4177.84,4178.88,4177.59,4178.88,4178.14,4179.18,4177.89,4179.18,151
2026-07-03 12:32:00,4178.94,4178.94,4177.17,4177.77,4179.24,4179.24,4177.47,4178.07,181
2026-07-03 12:33:00,4177.76,4177.86,4177.03,4177.71,4178.06,4178.16,4177.33,4178.01,231
2026-07-03 12:34:00,4177.82,4177.98,4177.02,4177.04,4178.12,4178.28,4177.32,4177.34,180
2026-07-03 12:35:00,4177.03,4177.08,4176.09,4176.28,4177.33,4177.38,4176.39,4176.58,160
2026-07-03 12:36:00,4176.27,4176.56,4175.84,4176.11,4176.57,4176.86,4176.14,4176.41,130
2026-07-03 12:37:00,4176.05,4176.58,4175.49,4176.58,4176.35,4176.88,4175.79,4176.88,138
2026-07-03 12:38:00,4176.6,4177.13,4176.6,4176.77,4176.9,4177.43,4176.9,4177.07,86
2026-07-03 12:39:00,4176.76,4177.17,4176.76,4177.02,4177.06,4177.47,4177.06,4177.32,66
2026-07-03 12:40:00,4177.03,4177.46,4176.7,4176.75,4177.33,4177.76,4177.0,4177.05,95
2026-07-03 12:41:00,4176.76,4176.76,4176.01,4176.32,4177.06,4177.06,4176.31,4176.62,128
2026-07-03 12:42:00,4176.34,4177.07,4176.3,4176.68,4176.64,4177.37,4176.6,4176.98,103
2026-07-03 12:43:00,4176.66,4177.75,4176.42,4177.59,4176.96,4178.05,4176.72,4177.89,138
2026-07-03 12:44:00,4177.63,4177.84,4177.32,4177.63,4177.93,4178.14,4177.62,4177.93,112
2026-07-03 12:45:00,4177.67,4178.34,4177.15,4177.44,4177.97,4178.64,4177.45,4177.74,126
2026-07-03 12:46:00,4177.43,4177.83,4177.02,4177.03,4177.73,4178.13,4177.32,4177.33,87
2026-07-03 12:47:00,4177.02,4177.03,4176.31,4176.38,4177.32,4177.33,4176.61,4176.68,126
2026-07-03 12:48:00,4176.36,4176.44,4174.63,4174.9,4176.66,4176.74,4174.93,4175.2,222
2026-07-03 12:49:00,4174.85,4175.8,4174.64,4175.73,4175.15,4176.1,4174.94,4176.03,159
2026-07-03 12:50:00,4175.72,4176.21,4175.68,4176.03,4176.02,4176.51,4175.98,4176.33,96
2026-07-03 12:51:00,4176.02,4178.26,4176.02,4178.23,4176.32,4178.56,4176.32,4178.53,171
2026-07-03 12:52:00,4178.29,4178.71,4177.27,4177.57,4178.59,4179.01,4177.57,4177.87,214
2026-07-03 12:53:00,4177.61,4178.14,4175.91,4176.08,4177.91,4178.44,4176.21,4176.38,170
2026-07-03 12:54:00,4176.16,4176.65,4176.13,4176.42,4176.46,4176.95,4176.43,4176.72,103
2026-07-03 12:55:00,4176.44,4177.38,4176.44,4177.25,4176.74,4177.68,4176.74,4177.55,103
2026-07-03 12:56:00,4177.24,4177.36,4177.05,4177.27,4177.54,4177.66,4177.35,4177.57,99
2026-07-03 12:57:00,4177.26,4177.94,4177.26,4177.53,4177.56,4178.24,4177.56,4177.83,131
2026-07-03 12:58:00,4177.45,4177.59,4176.88,4177.19,4177.75,4177.89,4177.18,4177.49,124
2026-07-03 12:59:00,4177.2,4177.45,4176.84,4177.05,4177.5,4177.75,4177.14,4177.35,115
2026-07-03 13:00:00,4176.97,4176.97,4175.5,4176.26,4177.27,4177.27,4175.8,4176.56,349
2026-07-03 13:01:00,4176.28,4177.12,4176.03,4176.99,4176.58,4177.42,4176.33,4177.29,250
2026-07-03 13:02:00,4177.03,4177.34,4176.33,4176.77,4177.33,4177.64,4176.63,4177.07,180
2026-07-03 13:03:00,4176.78,4178.11,4176.76,4177.43,4177.08,4178.41,4177.06,4177.73,207
2026-07-03 13:04:00,4177.42,4179.05,4176.76,4178.89,4177.72,4179.35,4177.06,4179.19,237
2026-07-03 13:05:00,4178.9,4179.5,4178.83,4179.28,4179.2,4179.8,4179.13,4179.58,223
2026-07-03 13:06:00,4179.32,4179.47,4178.07,4178.66,4179.62,4179.77,4178.37,4178.96,190
2026-07-03 13:07:00,4178.7,4178.7,4177.53,4178.21,4179.0,4179.0,4177.83,4178.51,141
2026-07-03 13:08:00,4178.23,4178.3,4177.5,4178.17,4178.53,4178.6,4177.8,4178.47,181
2026-07-03 13:09:00,4178.26,4179.8,4177.87,4179.76,4178.56,4180.1,4178.17,4180.06,179
2026-07-03 13:10:00,4179.72,4179.72,4179.31,4179.56,4180.02,4180.02,4179.61,4179.86,122
2026-07-03 13:11:00,4179.54,4180.03,4179.46,4180.03,4179.84,4180.33,4179.76,4180.33,150
2026-07-03 13:12:00,4180.05,4181.12,4179.57,4181.07,4180.35,4181.42,4179.87,4181.37,164
2026-07-03 13:13:00,4181.09,4181.92,4181.09,4181.35,4181.39,4182.22,4181.39,4181.65,188
2026-07-03 13:14:00,4181.36,4183.78,4181.35,4183.29,4181.66,4184.08,4181.65,4183.59,290
2026-07-03 13:15:00,4183.31,4184.54,4183.28,4184.42,4183.61,4184.84,4183.58,4184.72,186
2026-07-03 13:16:00,4184.34,4184.86,4183.82,4184.73,4184.64,4185.16,4184.12,4185.03,170
2026-07-03 13:17:00,4184.72,4185.03,4183.86,4184.14,4185.02,4185.33,4184.16,4184.44,167
2026-07-03 13:18:00,4184.13,4184.91,4183.55,4183.63,4184.43,4185.21,4183.85,4183.93,247
2026-07-03 13:19:00,4183.61,4183.65,4183.18,4183.49,4183.91,4183.95,4183.48,4183.79,137
2026-07-03 13:20:00,4183.52,4184.06,4182.99,4183.97,4183.82,4184.36,4183.29,4184.27,145
2026-07-03 13:21:00,4183.93,4184.49,4182.83,4182.98,4184.23,4184.79,4183.13,4183.28,169
2026-07-03 13:22:00,4182.99,4184.8,4182.63,4184.78,4183.29,4185.1,4182.93,4185.08,226
2026-07-03 13:23:00,4184.85,4186.06,4184.68,4185.34,4185.15,4186.36,4184.98,4185.64,222
2026-07-03 13:24:00,4185.33,4185.86,4184.87,4184.88,4185.63,4186.16,4185.17,4185.18,132
2026-07-03 13:25:00,4184.87,4185.47,4184.35,4185.06,4185.17,4185.77,4184.65,4185.36,214
2026-07-03 13:26:00,4185.04,4185.06,4183.8,4183.8,4185.34,4185.36,4184.1,4184.1,140
2026-07-03 13:27:00,4183.79,4184.17,4183.36,4183.9,4184.09,4184.47,4183.66,4184.2,154
2026-07-03 13:28:00,4183.91,4184.44,4183.9,4183.9,4184.21,4184.74,4184.2,4184.2,143
2026-07-03 13:29:00,4183.92,4183.92,4183.07,4183.07,4184.22,4184.22,4183.37,4183.37,159
2026-07-03 13:30:00,4183.09,4183.87,4182.63,4183.7,4183.39,4184.17,4182.93,4184.0,181
2026-07-03 13:31:00,4183.69,4183.84,4183.32,4183.6,4183.99,4184.14,4183.62,4183.9,147
2026-07-03 13:32:00,4183.57,4184.74,4183.36,4184.55,4183.87,4185.04,4183.66,4184.85,164
2026-07-03 13:33:00,4184.53,4185.11,4184.05,4184.05,4184.83,4185.41,4184.35,4184.35,122
2026-07-03 13:34:00,4184.03,4184.19,4183.63,4184.01,4184.33,4184.49,4183.93,4184.31,126
2026-07-03 13:35:00,4184.0,4184.26,4183.4,4184.13,4184.3,4184.56,4183.7,4184.43,148
2026-07-03 13:36:00,4184.15,4185.68,4184.13,4184.7,4184.45,4185.98,4184.43,4185.0,199
2026-07-03 13:37:00,4184.71,4185.8,4184.5,4185.52,4185.01,4186.1,4184.8,4185.82,142
2026-07-03 13:38:00,4185.51,4185.76,4184.82,4184.89,4185.81,4186.06,4185.12,4185.19,108
2026-07-03 13:39:00,4184.9,4185.55,4184.72,4185.32,4185.2,4185.85,4185.02,4185.62,141
2026-07-03 13:40:00,4185.3,4185.7,4184.74,4185.23,4185.6,4186.0,4185.04,4185.53,160
2026-07-03 13:41:00,4185.21,4185.63,4184.86,4185.43,4185.51,4185.93,4185.16,4185.73,140
2026-07-03 13:42:00,4185.42,4185.86,4184.99,4185.4,4185.72,4186.16,4185.29,4185.7,143
2026-07-03 13:43:00,4185.42,4185.94,4184.78,4185.22,4185.72,4186.24,4185.08,4185.52,173
2026-07-03 13:44:00,4185.17,4185.48,4184.95,4185.32,4185.47,4185.78,4185.25,4185.62,126
2026-07-03 13:45:00,4185.3,4186.25,4185.13,4185.24,4185.6,4186.55,4185.43,4185.54,172
2026-07-03 13:46:00,4185.27,4185.28,4184.28,4185.09,4185.57,4185.58,4184.58,4185.39,162
2026-07-03 13:47:00,4185.07,4185.55,4184.78,4185.03,4185.37,4185.85,4185.08,4185.33,118
2026-07-03 13:48:00,4185.02,4185.28,4184.58,4185.03,4185.32,4185.58,4184.88,4185.33,133
2026-07-03 13:49:00,4185.05,4185.59,4184.04,4184.05,4185.35,4185.89,4184.34,4184.35,170
2026-07-03 13:50:00,4184.07,4184.53,4183.47,4184.03,4184.37,4184.83,4183.77,4184.33,220
2026-07-03 13:51:00,4184.04,4184.08,4183.28,4183.42,4184.34,4184.38,4183.58,4183.72,129
2026-07-03 13:52:00,4183.38,4183.41,4181.34,4182.88,4183.68,4183.71,4181.64,4183.18,263
2026-07-03 13:53:00,4182.86,4182.93,4181.98,4182.05,4183.16,4183.23,4182.28,4182.35,161
2026-07-03 13:54:00,4182.07,4182.1,4181.3,4181.4,4182.37,4182.4,4181.6,4181.7,153
2026-07-03 13:55:00,4181.36,4181.8,4180.75,4180.83,4181.66,4182.1,4181.05,4181.13,243
2026-07-03 13:56:00,4180.82,4181.14,4180.42,4180.68,4181.12,4181.44,4180.72,4180.98,135
2026-07-03 13:57:00,4180.71,4181.04,4178.57,4178.76,4181.01,4181.34,4178.87,4179.06,192
2026-07-03 13:58:00,4178.82,4179.2,4178.52,4179.09,4179.12,4179.5,4178.82,4179.39,148
2026-07-03 13:59:00,4179.02,4181.11,4178.91,4180.98,4179.32,4181.41,4179.21,4181.28,150
2026-07-03 14:00:00,4180.97,4181.37,4180.05,4180.36,4181.27,4181.67,4180.35,4180.66,327
2026-07-03 14:01:00,4180.37,4180.84,4180.33,4180.83,4180.67,4181.14,4180.63,4181.13,124
2026-07-03 14:02:00,4180.92,4181.16,4179.71,4179.95,4181.22,4181.46,4180.01,4180.25,222
2026-07-03 14:03:00,4179.94,4179.94,4178.4,4178.42,4180.24,4180.24,4178.7,4178.72,185
2026-07-03 14:04:00,4178.43,4178.8,4177.9,4178.32,4178.73,4179.1,4178.2,4178.62,223
2026-07-03 14:05:00,4178.34,4179.25,4178.32,4178.65,4178.64,4179.55,4178.62,4178.95,226
2026-07-03 14:06:00,4178.63,4180.56,4178.61,4180.4,4178.93,4180.86,4178.91,4180.7,240
2026-07-03 14:07:00,4180.42,4182.68,4180.42,4182.28,4180.72,4182.98,4180.72,4182.58,221
2026-07-03 14:08:00,4182.19,4183.16,4181.78,4182.82,4182.49,4183.46,4182.08,4183.12,237
2026-07-03 14:09:00,4182.83,4182.99,4180.93,4181.09,4183.13,4183.29,4181.23,4181.39,190
2026-07-03 14:10:00,4181.15,4181.15,4180.4,4180.77,4181.45,4181.45,4180.7,4181.07,168
2026-07-03 14:11:00,4180.76,4180.76,4179.3,4180.2,4181.06,4181.06,4179.6,4180.5,185
2026-07-03 14:12:00,4180.24,4180.84,4178.45,4178.93,4180.54,4181.14,4178.75,4179.23,226
2026-07-03 14:13:00,4178.9,4179.85,4178.63,4178.86,4179.2,4180.15,4178.93,4179.16,209
2026-07-03 14:14:00,4178.82,4179.01,4177.82,4177.92,4179.12,4179.31,4178.12,4178.22,209
2026-07-03 14:15:00,4177.9,4178.19,4175.79,4175.9,4178.2,4178.49,4176.09,4176.2,215
2026-07-03 14:16:00,4175.94,4176.57,4175.66,4176.53,4176.24,4176.87,4175.96,4176.83,203
2026-07-03 14:17:00,4176.51,4176.51,4175.34,4175.75,4176.81,4176.81,4175.64,4176.05,213
2026-07-03 14:18:00,4175.79,4175.87,4175.06,4175.84,4176.09,4176.17,4175.36,4176.14,164
2026-07-03 14:19:00,4175.83,4176.52,4175.4,4175.49,4176.13,4176.82,4175.7,4175.79,184
2026-07-03 14:20:00,4175.5,4175.5,4173.34,4173.76,4175.8,4175.8,4173.64,4174.06,354
2026-07-03 14:21:00,4173.75,4173.85,4173.07,4173.38,4174.05,4174.15,4173.37,4173.68,216
2026-07-03 14:22:00,4173.4,4175.21,4173.38,4174.99,4173.7,4175.51,4173.68,4175.29,173
2026-07-03 14:23:00,4174.94,4175.28,4174.32,4174.48,4175.24,4175.58,4174.62,4174.78,173
2026-07-03 14:24:00,4174.38,4174.38,4173.84,4174.34,4174.68,4174.68,4174.14,4174.64,147
2026-07-03 14:25:00,4174.32,4174.68,4173.59,4173.82,4174.62,4174.98,4173.89,4174.12,185
2026-07-03 14:26:00,4173.8,4174.46,4173.51,4173.79,4174.1,4174.76,4173.81,4174.09,256
2026-07-03 14:27:00,4173.78,4173.78,4172.11,4173.23,4174.08,4174.08,4172.41,4173.53,194
2026-07-03 14:28:00,4173.27,4173.9,4173.17,4173.9,4173.57,4174.2,4173.47,4174.2,160
2026-07-03 14:29:00,4173.94,4174.71,4173.9,4174.69,4174.24,4175.01,4174.2,4174.99,158
2026-07-03 14:30:00,4174.7,4174.7,4172.9,4173.54,4175.0,4175.0,4173.2,4173.84,272
2026-07-03 14:31:00,4173.55,4173.78,4173.23,4173.29,4173.85,4174.08,4173.53,4173.59,172
2026-07-03 14:32:00,4173.27,4174.95,4173.04,4174.23,4173.57,4175.25,4173.34,4174.53,200
2026-07-03 14:33:00,4174.3,4176.18,4174.3,4175.41,4174.6,4176.48,4174.6,4175.71,243
2026-07-03 14:34:00,4175.42,4177.18,4174.55,4177.17,4175.72,4177.48,4174.85,4177.47,248
2026-07-03 14:35:00,4177.15,4177.57,4176.36,4177.57,4177.45,4177.87,4176.66,4177.87,191
2026-07-03 14:36:00,4177.47,4177.52,4175.02,4175.27,4177.77,4177.82,4175.32,4175.57,247
2026-07-03 14:37:00,4175.28,4175.38,4173.04,4173.93,4175.58,4175.68,4173.34,4174.23,383
2026-07-03 14:38:00,4173.99,4174.17,4173.07,4173.13,4174.29,4174.47,4173.37,4173.43,181
2026-07-03 14:39:00,4173.11,4175.06,4173.03,4174.94,4173.41,4175.36,4173.33,4175.24,208
2026-07-03 14:40:00,4174.88,4175.63,4174.48,4174.55,4175.18,4175.93,4174.78,4174.85,211
2026-07-03 14:41:00,4174.57,4175.09,4174.03,4175.03,4174.87,4175.39,4174.33,4175.33,163
2026-07-03 14:42:00,4175.05,4175.23,4174.34,4174.42,4175.35,4175.53,4174.64,4174.72,138
2026-07-03 14:43:00,4174.34,4174.43,4173.42,4174.3,4174.64,4174.73,4173.72,4174.6,193
2026-07-03 14:44:00,4174.32,4175.01,4174.18,4174.86,4174.62,4175.31,4174.48,4175.16,163
2026-07-03 14:45:00,4174.76,4175.92,4174.28,4175.86,4175.06,4176.22,4174.58,4176.16,139
2026-07-03 14:46:00,4175.84,4175.84,4174.71,4175.55,4176.14,4176.14,4175.01,4175.85,147
2026-07-03 14:47:00,4175.51,4176.03,4175.18,4175.88,4175.81,4176.33,4175.48,4176.18,202
2026-07-03 14:48:00,4175.85,4176.76,4175.84,4176.42,4176.15,4177.06,4176.14,4176.72,97
2026-07-03 14:49:00,4176.4,4177.26,4175.44,4175.67,4176.7,4177.56,4175.74,4175.97,239
2026-07-03 14:50:00,4175.75,4177.45,4175.61,4177.45,4176.05,4177.75,4175.91,4177.75,195
2026-07-03 14:51:00,4177.46,4177.51,4176.6,4176.69,4177.76,4177.81,4176.9,4176.99,140
2026-07-03 14:52:00,4176.68,4176.72,4175.42,4175.74,4176.98,4177.02,4175.72,4176.04,136
2026-07-03 14:53:00,4175.73,4176.02,4174.78,4174.78,4176.03,4176.32,4175.08,4175.08,213
2026-07-03 14:54:00,4174.74,4175.02,4174.04,4174.97,4175.04,4175.32,4174.34,4175.27,186
2026-07-03 14:55:00,4174.99,4175.23,4174.55,4174.71,4175.29,4175.53,4174.85,4175.01,154
2026-07-03 14:56:00,4174.7,4174.79,4173.81,4174.05,4175.0,4175.09,4174.11,4174.35,110
2026-07-03 14:57:00,4174.06,4174.37,4173.29,4173.29,4174.36,4174.67,4173.59,4173.59,155
2026-07-03 14:58:00,4173.27,4173.28,4172.25,4172.54,4173.57,4173.58,4172.55,4172.84,132
2026-07-03 14:59:00,4172.51,4177.32,4172.51,4176.81,4172.81,4177.62,4172.81,4177.11,309
2026-07-03 15:00:00,4176.89,4179.26,4174.58,4174.78,4177.19,4179.56,4174.88,4175.08,757
2026-07-03 15:01:00,4174.8,4175.57,4172.61,4173.27,4175.1,4175.87,4172.91,4173.57,432
2026-07-03 15:02:00,4173.28,4174.59,4172.81,4174.39,4173.58,4174.89,4173.11,4174.69,367
2026-07-03 15:03:00,4174.38,4175.0,4172.32,4172.4,4174.68,4175.3,4172.62,4172.7,373
2026-07-03 15:04:00,4172.51,4174.11,4172.51,4173.79,4172.81,4174.41,4172.81,4174.09,297
2026-07-03 15:05:00,4173.82,4174.37,4170.16,4171.0,4174.12,4174.67,4170.46,4171.3,440
2026-07-03 15:06:00,4170.99,4171.92,4169.78,4171.78,4171.29,4172.22,4170.08,4172.08,331
2026-07-03 15:07:00,4171.77,4171.81,4170.02,4170.96,4172.07,4172.11,4170.32,4171.26,326
2026-07-03 15:08:00,4171.0,4171.85,4169.75,4169.86,4171.3,4172.15,4170.05,4170.16,372
2026-07-03 15:09:00,4169.88,4170.01,4166.45,4166.79,4170.18,4170.31,4166.75,4167.09,474
2026-07-03 15:10:00,4166.75,4168.89,4166.11,4168.57,4167.05,4169.19,4166.41,4168.87,470
2026-07-03 15:11:00,4168.63,4168.7,4166.67,4166.74,4168.93,4169.0,4166.97,4167.04,345
2026-07-03 15:12:00,4166.72,4167.55,4165.28,4166.46,4167.02,4167.85,4165.58,4166.76,427
2026-07-03 15:13:00,4166.38,4167.09,4164.52,4167.09,4166.68,4167.39,4164.82,4167.39,341
2026-07-03 15:14:00,4167.13,4168.13,4166.13,4166.62,4167.43,4168.43,4166.43,4166.92,311
2026-07-03 15:15:00,4166.59,4168.49,4166.52,4168.36,4166.89,4168.79,4166.82,4168.66,325
2026-07-03 15:16:00,4168.32,4170.81,4168.13,4170.27,4168.62,4171.11,4168.43,4170.57,307
2026-07-03 15:17:00,4170.25,4170.64,4167.04,4167.64,4170.55,4170.94,4167.34,4167.94,335
2026-07-03 15:18:00,4167.63,4168.83,4167.55,4167.74,4167.93,4169.13,4167.85,4168.04,326
2026-07-03 15:19:00,4167.69,4169.61,4167.53,4169.52,4167.99,4169.91,4167.83,4169.82,342
2026-07-03 15:20:00,4169.58,4171.12,4169.45,4170.76,4169.88,4171.42,4169.75,4171.06,305
2026-07-03 15:21:00,4170.75,4170.75,4170.05,4170.12,4171.05,4171.05,4170.35,4170.42,236
2026-07-03 15:22:00,4170.13,4170.29,4167.69,4167.79,4170.43,4170.59,4167.99,4168.09,285
2026-07-03 15:23:00,4167.82,4169.54,4167.71,4167.85,4168.12,4169.84,4168.01,4168.15,281
2026-07-03 15:24:00,4167.87,4169.73,4167.44,4169.73,4168.17,4170.03,4167.74,4170.03,272
2026-07-03 15:25:00,4169.79,4170.06,4169.26,4169.8,4170.09,4170.36,4169.56,4170.1,256
2026-07-03 15:26:00,4169.78,4171.66,4169.57,4171.0,4170.08,4171.96,4169.87,4171.3,255
2026-07-03 15:27:00,4171.04,4172.09,4170.69,4171.86,4171.34,4172.39,4170.99,4172.16,244
2026-07-03 15:28:00,4171.94,4172.0,4171.22,4171.4,4172.24,4172.3,4171.52,4171.7,209
2026-07-03 15:29:00,4171.41,4172.21,4171.29,4171.51,4171.71,4172.51,4171.59,4171.81,266
2026-07-03 15:30:00,4171.5,4171.73,4167.41,4167.54,4171.8,4172.03,4167.71,4167.84,373
2026-07-03 15:31:00,4167.53,4168.36,4166.69,4167.97,4167.83,4168.66,4166.99,4168.27,386
2026-07-03 15:32:00,4167.98,4168.54,4166.59,4167.71,4168.28,4168.84,4166.89,4168.01,298
2026-07-03 15:33:00,4167.7,4167.79,4166.0,4166.02,4168.0,4168.09,4166.3,4166.32,282
2026-07-03 15:34:00,4166.03,4167.27,4166.0,4167.17,4166.33,4167.57,4166.3,4167.47,233
2026-07-03 15:35:00,4167.09,4167.09,4165.77,4166.42,4167.39,4167.39,4166.07,4166.72,347
2026-07-03 15:36:00,4166.43,4166.88,4166.08,4166.11,4166.73,4167.18,4166.38,4166.41,277
2026-07-03 15:37:00,4166.09,4167.78,4165.02,4167.69,4166.39,4168.08,4165.32,4167.99,370
2026-07-03 15:38:00,4167.68,4168.61,4167.07,4167.28,4167.98,4168.91,4167.37,4167.58,289
2026-07-03 15:39:00,4167.27,4168.28,4166.52,4167.73,4167.57,4168.58,4166.82,4168.03,306
2026-07-03 15:40:00,4167.71,4168.18,4166.33,4166.73,4168.01,4168.48,4166.63,4167.03,315
2026-07-03 15:41:00,4166.8,4167.71,4166.45,4166.59,4167.1,4168.01,4166.75,4166.89,281
2026-07-03 15:42:00,4166.51,4167.71,4165.83,4167.46,4166.81,4168.01,4166.13,4167.76,330
2026-07-03 15:43:00,4167.49,4167.64,4166.2,4166.95,4167.79,4167.94,4166.5,4167.25,290
2026-07-03 15:44:00,4166.92,4167.99,4166.44,4166.92,4167.22,4168.29,4166.74,4167.22,257
2026-07-03 15:45:00,4166.88,4167.36,4165.36,4166.63,4167.18,4167.66,4165.66,4166.93,300
2026-07-03 15:46:00,4166.64,4167.32,4166.32,4167.17,4166.94,4167.62,4166.62,4167.47,277
2026-07-03 15:47:00,4167.18,4167.32,4164.49,4164.99,4167.48,4167.62,4164.79,4165.29,331
2026-07-03 15:48:00,4164.98,4165.71,4163.57,4164.14,4165.28,4166.01,4163.87,4164.44,386
2026-07-03 15:49:00,4164.2,4165.03,4164.18,4165.0,4164.5,4165.33,4164.48,4165.3,208
2026-07-03 15:50:00,4165.03,4165.67,4164.75,4165.55,4165.33,4165.97,4165.05,4165.85,261
2026-07-03 15:51:00,4165.53,4166.57,4165.37,4165.82,4165.83,4166.87,4165.67,4166.12,250
2026-07-03 15:52:00,4165.8,4166.2,4164.27,4165.94,4166.1,4166.5,4164.57,4166.24,288
2026-07-03 15:53:00,4165.95,4167.78,4165.92,4167.45,4166.25,4168.08,4166.22,4167.75,283
2026-07-03 15:54:00,4167.46,4167.48,4166.39,4166.59,4167.76,4167.78,4166.69,4166.89,247
2026-07-03 15:55:00,4166.57,4167.84,4166.37,4167.36,4166.87,4168.14,4166.67,4167.66,296
2026-07-03 15:56:00,4167.38,4168.3,4167.27,4167.95,4167.68,4168.6,4167.57,4168.25,209
2026-07-03 15:57:00,4167.92,4168.82,4166.36,4166.36,4168.22,4169.12,4166.66,4166.66,237
2026-07-03 15:58:00,4166.38,4166.67,4164.0,4164.98,4166.68,4166.97,4164.3,4165.28,333
2026-07-03 15:59:00,4165.0,4165.26,4163.65,4164.65,4165.3,4165.56,4163.95,4164.95,294
2026-07-03 16:00:00,4164.59,4165.96,4162.94,4164.8,4164.89,4166.26,4163.24,4165.1,462
2026-07-03 16:01:00,4164.82,4164.93,4163.65,4164.46,4165.12,4165.23,4163.95,4164.76,361
2026-07-03 16:02:00,4164.45,4165.0,4163.92,4164.5,4164.75,4165.3,4164.22,4164.8,287
2026-07-03 16:03:00,4164.49,4164.93,4163.23,4164.07,4164.79,4165.23,4163.53,4164.37,281
2026-07-03 16:04:00,4164.09,4167.11,4164.09,4166.57,4164.39,4167.41,4164.39,4166.87,274
2026-07-03 16:05:00,4166.59,4166.84,4164.13,4164.24,4166.89,4167.14,4164.43,4164.54,332
2026-07-03 16:06:00,4164.28,4164.28,4162.64,4163.15,4164.58,4164.58,4162.94,4163.45,302
2026-07-03 16:07:00,4163.09,4163.92,4161.26,4161.51,4163.39,4164.22,4161.56,4161.81,392
2026-07-03 16:08:00,4161.52,4162.2,4156.81,4157.0,4161.82,4162.5,4157.11,4157.3,459
2026-07-03 16:09:00,4157.01,4158.96,4155.31,4158.84,4157.31,4159.26,4155.61,4159.14,453
2026-07-03 16:10:00,4158.86,4163.56,4158.4,4162.86,4159.16,4163.86,4158.7,4163.16,365
2026-07-03 16:11:00,4162.84,4162.86,4161.3,4161.78,4163.14,4163.16,4161.6,4162.08,231
2026-07-03 16:12:00,4161.77,4162.34,4160.4,4162.05,4162.07,4162.64,4160.7,4162.35,250
2026-07-03 16:13:00,4162.07,4163.31,4162.02,4162.9,4162.37,4163.61,4162.32,4163.2,280
2026-07-03 16:14:00,4162.88,4163.26,4161.77,4162.23,4163.18,4163.56,4162.07,4162.53,226
2026-07-03 16:15:00,4162.18,4164.61,4162.13,4163.93,4162.48,4164.91,4162.43,4164.23,315
2026-07-03 16:16:00,4163.86,4164.36,4163.46,4163.71,4164.16,4164.66,4163.76,4164.01,196
2026-07-03 16:17:00,4163.73,4165.36,4163.69,4164.4,4164.03,4165.66,4163.99,4164.7,277
2026-07-03 16:18:00,4164.41,4164.45,4161.94,4162.67,4164.71,4164.75,4162.24,4162.97,309
2026-07-03 16:19:00,4162.65,4163.11,4161.91,4162.28,4162.95,4163.41,4162.21,4162.58,230
2026-07-03 16:20:00,4162.3,4162.94,4162.15,4162.84,4162.6,4163.24,4162.45,4163.14,248
2026-07-03 16:21:00,4162.82,4163.07,4161.26,4162.3,4163.12,4163.37,4161.56,4162.6,281
2026-07-03 16:22:00,4162.4,4164.27,4162.29,4163.25,4162.7,4164.57,4162.59,4163.55,256
2026-07-03 16:23:00,4163.24,4164.5,4162.93,4163.99,4163.54,4164.8,4163.23,4164.29,249
2026-07-03 16:24:00,4163.95,4163.95,4162.76,4163.3,4164.25,4164.25,4163.06,4163.6,213
2026-07-03 16:25:00,4163.28,4163.53,4162.03,4163.34,4163.58,4163.83,4162.33,4163.64,268
2026-07-03 16:26:00,4163.36,4164.97,4163.27,4164.84,4163.66,4165.27,4163.57,4165.14,262
2026-07-03 16:27:00,4164.88,4166.13,4164.57,4165.84,4165.18,4166.43,4164.87,4166.14,212
2026-07-03 16:28:00,4165.8,4166.32,4165.38,4166.28,4166.1,4166.62,4165.68,4166.58,235
2026-07-03 16:29:00,4166.27,4166.74,4165.77,4166.15,4166.57,4167.04,4166.07,4166.45,221
2026-07-03 16:30:00,4166.17,4167.09,4165.82,4166.0,4166.47,4167.39,4166.12,4166.3,227
2026-07-03 16:31:00,4166.01,4166.2,4164.92,4165.84,4166.31,4166.5,4165.22,4166.14,235
2026-07-03 16:32:00,4165.82,4166.13,4165.09,4165.18,4166.12,4166.43,4165.39,4165.48,202
2026-07-03 16:33:00,4165.19,4165.47,4163.65,4164.17,4165.49,4165.77,4163.95,4164.47,294
2026-07-03 16:34:00,4164.24,4164.98,4163.62,4164.82,4164.54,4165.28,4163.92,4165.12,201
2026-07-03 16:35:00,4164.9,4165.34,4163.84,4164.98,4165.2,4165.64,4164.14,4165.28,343
2026-07-03 16:36:00,4164.96,4166.09,4164.95,4165.93,4165.26,4166.39,4165.25,4166.23,212
2026-07-03 16:37:00,4165.94,4166.25,4164.75,4165.3,4166.24,4166.55,4165.05,4165.6,161
2026-07-03 16:38:00,4165.21,4165.9,4164.44,4165.53,4165.51,4166.2,4164.74,4165.83,242
2026-07-03 16:39:00,4165.52,4165.84,4165.06,4165.08,4165.82,4166.14,4165.36,4165.38,171
2026-07-03 16:40:00,4165.07,4165.88,4164.8,4165.55,4165.37,4166.18,4165.1,4165.85,216
2026-07-03 16:41:00,4165.53,4167.27,4165.4,4166.93,4165.83,4167.57,4165.7,4167.23,241
2026-07-03 16:42:00,4166.91,4166.99,4165.53,4165.53,4167.21,4167.29,4165.83,4165.83,219
2026-07-03 16:43:00,4165.52,4165.97,4164.82,4165.91,4165.82,4166.27,4165.12,4166.21,170
2026-07-03 16:44:00,4165.83,4165.85,4163.36,4163.85,4166.13,4166.15,4163.66,4164.15,218
2026-07-03 16:45:00,4163.83,4164.32,4163.56,4164.3,4164.13,4164.62,4163.86,4164.6,199
2026-07-03 16:46:00,4164.32,4165.01,4164.31,4164.56,4164.62,4165.31,4164.61,4164.86,185
2026-07-03 16:47:00,4164.55,4167.86,4164.32,4167.69,4164.85,4168.16,4164.62,4167.99,255
2026-07-03 16:48:00,4167.68,4167.83,4166.67,4166.89,4167.98,4168.13,4166.97,4167.19,249
2026-07-03 16:49:00,4166.91,4167.04,4165.98,4166.71,4167.21,4167.34,4166.28,4167.01,187
2026-07-03 16:50:00,4166.7,4168.59,4166.65,4168.45,4167.0,4168.89,4166.95,4168.75,186
2026-07-03 16:51:00,4168.46,4168.46,4167.57,4167.66,4168.76,4168.76,4167.87,4167.96,174
2026-07-03 16:52:00,4167.64,4167.68,4167.28,4167.45,4167.94,4167.98,4167.58,4167.75,136
2026-07-03 16:53:00,4167.46,4167.75,4166.59,4166.96,4167.76,4168.05,4166.89,4167.26,188
2026-07-03 16:54:00,4166.97,4168.57,4166.97,4168.54,4167.27,4168.87,4167.27,4168.84,232
2026-07-03 16:55:00,4168.53,4168.53,4167.78,4168.15,4168.83,4168.83,4168.08,4168.45,203
2026-07-03 16:56:00,4168.13,4168.22,4167.36,4167.51,4168.43,4168.52,4167.66,4167.81,181
2026-07-03 16:57:00,4167.53,4169.34,4167.26,4168.97,4167.83,4169.64,4167.56,4169.27,296
2026-07-03 16:58:00,4168.96,4169.68,4168.7,4169.51,4169.26,4169.98,4169.0,4169.81,196
2026-07-03 16:59:00,4169.55,4171.12,4169.53,4169.77,4169.85,4171.42,4169.83,4170.07,268
2026-07-03 17:00:00,4169.78,4170.35,4169.39,4169.97,4170.08,4170.65,4169.69,4170.27,288
2026-07-03 17:01:00,4169.99,4170.02,4168.59,4168.95,4170.29,4170.32,4168.89,4169.25,210
2026-07-03 17:02:00,4168.96,4170.38,4168.96,4170.19,4169.26,4170.68,4169.26,4170.49,231
2026-07-03 17:03:00,4170.17,4172.24,4170.03,4172.19,4170.47,4172.54,4170.33,4172.49,301
2026-07-03 17:04:00,4172.2,4172.96,4171.3,4171.63,4172.5,4173.26,4171.6,4171.93,225
2026-07-03 17:05:00,4171.65,4172.13,4171.28,4171.28,4171.95,4172.43,4171.58,4171.58,204
2026-07-03 17:06:00,4171.3,4171.81,4171.17,4171.65,4171.6,4172.11,4171.47,4171.95,168
2026-07-03 17:07:00,4171.58,4172.34,4171.42,4172.32,4171.88,4172.64,4171.72,4172.62,150
2026-07-03 17:08:00,4172.3,4172.42,4171.61,4172.11,4172.6,4172.72,4171.91,4172.41,141
2026-07-03 17:09:00,4172.09,4172.28,4171.01,4171.01,4172.39,4172.58,4171.31,4171.31,143
2026-07-03 17:10:00,4170.98,4174.08,4170.85,4174.01,4171.28,4174.38,4171.15,4174.31,229
2026-07-03 17:11:00,4174.05,4174.05,4173.25,4173.82,4174.35,4174.35,4173.55,4174.12,247
2026-07-03 17:12:00,4173.8,4173.92,4172.85,4173.35,4174.1,4174.22,4173.15,4173.65,260
2026-07-03 17:13:00,4173.28,4173.57,4171.91,4172.05,4173.58,4173.87,4172.21,4172.35,277
2026-07-03 17:14:00,4172.07,4172.76,4172.07,4172.16,4172.37,4173.06,4172.37,4172.46,166
2026-07-03 17:15:00,4172.15,4173.34,4171.78,4173.17,4172.45,4173.64,4172.08,4173.47,246
2026-07-03 17:16:00,4173.18,4174.3,4173.13,4173.42,4173.48,4174.6,4173.43,4173.72,211
2026-07-03 17:17:00,4173.43,4173.49,4172.72,4172.84,4173.73,4173.79,4173.02,4173.14,218
2026-07-03 17:18:00,4172.86,4172.86,4170.86,4170.87,4173.16,4173.16,4171.16,4171.17,229
2026-07-03 17:19:00,4170.89,4171.68,4170.8,4171.66,4171.19,4171.98,4171.1,4171.96,171
2026-07-03 17:20:00,4171.67,4171.73,4169.07,4169.96,4171.97,4172.03,4169.37,4170.26,291
2026-07-03 17:21:00,4169.95,4170.1,4169.82,4169.92,4170.25,4170.4,4170.12,4170.22,120
2026-07-03 17:22:00,4169.93,4170.26,4169.43,4169.55,4170.23,4170.56,4169.73,4169.85,165
2026-07-03 17:23:00,4169.63,4170.07,4169.28,4170.07,4169.93,4170.37,4169.58,4170.37,159
2026-07-03 17:24:00,4170.03,4170.05,4169.31,4169.63,4170.33,4170.35,4169.61,4169.93,132
2026-07-03 17:25:00,4169.57,4169.57,4168.31,4168.74,4169.87,4169.87,4168.61,4169.04,198
2026-07-03 17:26:00,4168.71,4169.59,4168.71,4169.4,4169.01,4169.89,4169.01,4169.7,139
2026-07-03 17:27:00,4169.32,4169.32,4167.99,4168.03,4169.62,4169.62,4168.29,4168.33,182
2026-07-03 17:28:00,4167.94,4168.09,4166.96,4167.42,4168.24,4168.39,4167.26,4167.72,207
2026-07-03 17:29:00,4167.49,4167.92,4166.92,4167.38,4167.79,4168.22,4167.22,4167.68,209
2026-07-03 17:30:00,4167.36,4168.46,4166.52,4168.38,4167.66,4168.76,4166.82,4168.68,255
2026-07-03 17:31:00,4168.4,4168.58,4165.97,4166.26,4168.7,4168.88,4166.27,4166.56,224
2026-07-03 17:32:00,4166.3,4167.67,4166.24,4167.61,4166.6,4167.97,4166.54,4167.91,179
2026-07-03 17:33:00,4167.59,4168.16,4167.31,4167.72,4167.89,4168.46,4167.61,4168.02,168
2026-07-03 17:34:00,4167.73,4168.07,4166.5,4166.89,4168.03,4168.37,4166.8,4167.19,216
2026-07-03 17:35:00,4166.85,4167.43,4166.53,4167.28,4167.15,4167.73,4166.83,4167.58,133
2026-07-03 17:36:00,4167.3,4168.44,4167.19,4168.32,4167.6,4168.74,4167.49,4168.62,120
2026-07-03 17:37:00,4168.28,4168.82,4167.36,4167.44,4168.58,4169.12,4167.66,4167.74,192
2026-07-03 17:38:00,4167.43,4167.52,4166.78,4167.3,4167.73,4167.82,4167.08,4167.6,110
2026-07-03 17:39:00,4167.34,4168.01,4167.19,4167.25,4167.64,4168.31,4167.49,4167.55,186
2026-07-03 17:40:00,4167.12,4167.86,4166.87,4167.78,4167.42,4168.16,4167.17,4168.08,164
2026-07-03 17:41:00,4167.79,4168.07,4167.38,4167.38,4168.09,4168.37,4167.68,4167.68,84
2026-07-03 17:42:00,4167.4,4167.6,4167.0,4167.32,4167.7,4167.9,4167.3,4167.62,145
2026-07-03 17:43:00,4167.36,4168.84,4167.28,4168.32,4167.66,4169.14,4167.58,4168.62,169
2026-07-03 17:44:00,4168.31,4168.34,4167.45,4167.65,4168.61,4168.64,4167.75,4167.95,120
2026-07-03 17:45:00,4167.69,4168.04,4166.92,4167.72,4167.99,4168.34,4167.22,4168.02,143
2026-07-03 17:46:00,4167.73,4167.88,4167.23,4167.8,4168.03,4168.18,4167.53,4168.1,103
2026-07-03 17:47:00,4167.82,4168.86,4167.69,4168.86,4168.12,4169.16,4167.99,4169.16,105
2026-07-03 17:48:00,4168.84,4168.86,4167.75,4168.53,4169.14,4169.16,4168.05,4168.83,123
2026-07-03 17:49:00,4168.57,4168.82,4168.19,4168.42,4168.87,4169.12,4168.49,4168.72,80
2026-07-03 17:50:00,4168.43,4168.51,4167.35,4167.59,4168.73,4168.81,4167.65,4167.89,163
2026-07-03 17:51:00,4167.61,4167.61,4166.25,4166.4,4167.91,4167.91,4166.55,4166.7,161
2026-07-03 17:52:00,4166.36,4166.37,4165.61,4165.61,4166.66,4166.67,4165.91,4165.91,168
2026-07-03 17:53:00,4165.71,4167.14,4165.71,4167.11,4166.01,4167.44,4166.01,4167.41,139
2026-07-03 17:54:00,4167.06,4167.24,4166.27,4166.92,4167.36,4167.54,4166.57,4167.22,155
2026-07-03 17:55:00,4166.9,4166.94,4164.9,4165.03,4167.2,4167.24,4165.2,4165.33,154
2026-07-03 17:56:00,4165.01,4165.49,4164.52,4165.49,4165.31,4165.79,4164.82,4165.79,163
2026-07-03 17:57:00,4165.48,4165.74,4164.82,4164.98,4165.78,4166.04,4165.12,4165.28,132
2026-07-03 17:58:00,4164.93,4164.95,4164.44,4164.84,4165.23,4165.25,4164.74,4165.14,104
2026-07-03 17:59:00,4164.87,4165.07,4164.61,4164.87,4165.17,4165.37,4164.91,4165.17,107
2026-07-03 18:00:00,4164.8,4165.4,4164.52,4164.98,4165.1,4165.7,4164.82,4165.28,231
2026-07-03 18:01:00,4164.99,4165.09,4164.44,4164.49,4165.29,4165.39,4164.74,4164.79,126
2026-07-03 18:02:00,4164.48,4164.93,4164.11,4164.75,4164.78,4165.23,4164.41,4165.05,129
2026-07-03 18:03:00,4164.68,4165.52,4164.43,4164.5,4164.98,4165.82,4164.73,4164.8,194
2026-07-03 18:04:00,4164.53,4164.95,4164.36,4164.87,4164.83,4165.25,4164.66,4165.17,96
2026-07-03 18:05:00,4164.88,4164.89,4163.86,4163.93,4165.18,4165.19,4164.16,4164.23,161
2026-07-03 18:06:00,4163.92,4164.23,4163.03,4163.67,4164.22,4164.53,4163.33,4163.97,139
2026-07-03 18:07:00,4163.7,4164.55,4163.7,4164.05,4164.0,4164.85,4164.0,4164.35,141
2026-07-03 18:08:00,4164.07,4164.13,4163.4,4164.02,4164.37,4164.43,4163.7,4164.32,129
2026-07-03 18:09:00,4164.03,4165.46,4163.92,4165.18,4164.33,4165.76,4164.22,4165.48,233
2026-07-03 18:10:00,4165.2,4165.78,4164.65,4164.86,4165.5,4166.08,4164.95,4165.16,185
2026-07-03 18:11:00,4164.88,4165.11,4164.1,4164.71,4165.18,4165.41,4164.4,4165.01,143
2026-07-03 18:12:00,4164.8,4165.34,4164.59,4164.67,4165.1,4165.64,4164.89,4164.97,138
2026-07-03 18:13:00,4164.65,4164.7,4164.05,4164.61,4164.95,4165.0,4164.35,4164.91,144
2026-07-03 18:14:00,4164.65,4164.69,4163.86,4164.17,4164.95,4164.99,4164.16,4164.47,119
2026-07-03 18:15:00,4164.15,4164.15,4163.55,4163.57,4164.45,4164.45,4163.85,4163.87,101
2026-07-03 18:16:00,4163.61,4164.4,4163.32,4164.28,4163.91,4164.7,4163.62,4164.58,98
2026-07-03 18:17:00,4164.3,4164.34,4163.73,4163.75,4164.6,4164.64,4164.03,4164.05,106
2026-07-03 18:18:00,4163.76,4164.0,4162.75,4163.88,4164.06,4164.3,4163.05,4164.18,181
2026-07-03 18:19:00,4163.9,4164.93,4163.9,4164.82,4164.2,4165.23,4164.2,4165.12,134
2026-07-03 18:20:00,4164.81,4165.63,4164.74,4165.4,4165.11,4165.93,4165.04,4165.7,107
2026-07-03 18:21:00,4165.42,4165.84,4164.38,4164.45,4165.72,4166.14,4164.68,4164.75,179
2026-07-03 18:22:00,4164.47,4165.76,4164.47,4165.19,4164.77,4166.06,4164.77,4165.49,131
2026-07-03 18:23:00,4165.2,4166.26,4165.18,4166.07,4165.5,4166.56,4165.48,4166.37,171
2026-07-03 18:24:00,4166.17,4167.55,4166.03,4167.36,4166.47,4167.85,4166.33,4167.66,188
2026-07-03 18:25:00,4167.3,4167.51,4166.5,4166.52,4167.6,4167.81,4166.8,4166.82,135
2026-07-03 18:26:00,4166.64,4166.75,4166.38,4166.46,4166.94,4167.05,4166.68,4166.76,89
2026-07-03 18:27:00,4166.42,4166.74,4166.02,4166.03,4166.72,4167.04,4166.32,4166.33,113
2026-07-03 18:28:00,4166.01,4166.69,4166.01,4166.61,4166.31,4166.99,4166.31,4166.91,92
2026-07-03 18:29:00,4166.63,4166.73,4166.27,4166.7,4166.93,4167.03,4166.57,4167.0,82
2026-07-03 18:30:00,4166.69,4168.51,4166.67,4167.32,4166.99,4168.81,4166.97,4167.62,197
2026-07-03 18:31:00,4167.26,4168.52,4167.11,4167.94,4167.56,4168.82,4167.41,4168.24,155
2026-07-03 18:32:00,4167.96,4168.09,4167.51,4168.02,4168.26,4168.39,4167.81,4168.32,126
2026-07-03 18:33:00,4168.01,4168.65,4168.01,4168.59,4168.31,4168.95,4168.31,4168.89,109
2026-07-03 18:34:00,4168.66,4170.43,4168.66,4168.88,4168.96,4170.73,4168.96,4169.18,204
2026-07-03 18:35:00,4168.9,4169.79,4168.9,4169.55,4169.2,4170.09,4169.2,4169.85,115
2026-07-03 18:36:00,4169.48,4169.55,4168.69,4168.69,4169.78,4169.85,4168.99,4168.99,86
2026-07-03 18:37:00,4168.7,4169.34,4168.63,4168.82,4169.0,4169.64,4168.93,4169.12,106
2026-07-03 18:38:00,4168.8,4168.8,4167.94,4168.11,4169.1,4169.1,4168.24,4168.41,139
2026-07-03 18:39:00,4168.13,4169.09,4168.02,4169.09,4168.43,4169.39,4168.32,4169.39,126
2026-07-03 18:40:00,4169.15,4169.8,4168.48,4168.59,4169.45,4170.1,4168.78,4168.89,121
2026-07-03 18:41:00,4168.61,4169.57,4168.61,4169.48,4168.91,4169.87,4168.91,4169.78,103
2026-07-03 18:42:00,4169.49,4169.49,4168.24,4168.24,4169.79,4169.79,4168.54,4168.54,104
2026-07-03 18:43:00,4168.25,4168.51,4168.05,4168.17,4168.55,4168.83,4168.35,4168.47,112
2026-07-03 18:44:00,4168.15,4170.38,4168.15,4170.15,4168.45,4170.68,4168.45,4170.45,203
2026-07-03 18:45:00,4170.21,4172.14,4170.15,4171.47,4170.51,4172.44,4170.45,4171.77,179
2026-07-03 18:46:00,4171.45,4171.46,4169.96,4171.0,4171.75,4171.76,4170.26,4171.3,187
2026-07-03 18:47:00,4171.01,4171.3,4170.11,4170.2,4171.31,4171.6,4170.41,4170.5,172
2026-07-03 18:48:00,4170.17,4170.34,4169.69,4170.15,4170.47,4170.64,4169.99,4170.45,139
2026-07-03 18:49:00,4170.13,4170.94,4170.13,4170.94,4170.43,4171.24,4170.43,4171.24,132
2026-07-03 18:50:00,4170.95,4171.86,4170.46,4171.51,4171.25,4172.16,4170.76,4171.81,221
2026-07-03 18:51:00,4171.54,4171.55,4170.91,4171.53,4171.84,4171.85,4171.21,4171.83,131
2026-07-03 18:52:00,4171.55,4173.85,4171.48,4173.7,4171.85,4174.15,4171.78,4174.0,168
2026-07-03 18:53:00,4173.71,4175.78,4173.59,4175.38,4174.01,4176.08,4173.89,4175.68,224
2026-07-03 18:54:00,4175.4,4175.57,4174.71,4175.03,4175.7,4175.87,4175.01,4175.33,163
2026-07-03 18:55:00,4175.09,4175.59,4174.72,4175.57,4175.39,4175.89,4175.02,4175.87,115
2026-07-03 18:56:00,4175.59,4176.32,4175.3,4176.27,4175.89,4176.62,4175.6,4176.57,169
2026-07-03 18:57:00,4176.25,4176.25,4173.64,4173.92,4176.55,4176.55,4173.94,4174.22,175
2026-07-03 18:58:00,4173.84,4175.5,4173.71,4175.42,4174.14,4175.8,4174.01,4175.72,166
2026-07-03 18:59:00,4175.49,4175.67,4174.88,4174.92,4175.79,4175.97,4175.18,4175.22,150
2026-07-06 00:00:00,4175.1,4188.11,4174.94,4178.08,4176.9,4189.91,4176.74,4179.88,165
2026-07-06 00:01:00,4177.46,4180.1,4176.85,4177.21,4179.26,4181.9,4178.16,4178.16,136
2026-07-06 00:02:00,4177.15,4178.15,4172.91,4174.2,4178.1,4179.39,4174.24,4175.15,108
2026-07-06 00:03:00,4174.31,4177.12,4174.03,4177.12,4175.26,4178.17,4174.46,4178.07,118
2026-07-06 00:04:00,4177.23,4180.63,4177.23,4180.45,4178.18,4181.05,4178.18,4180.75,137
2026-07-06 00:05:00,4180.44,4182.4,4178.73,4181.68,4180.74,4182.7,4179.03,4181.98,362
2026-07-06 00:06:00,4181.67,4184.52,4179.86,4184.43,4181.97,4184.82,4180.16,4184.73,414
2026-07-06 00:07:00,4184.38,4186.01,4181.05,4183.76,4184.68,4186.31,4181.35,4184.06,315
2026-07-06 00:08:00,4183.69,4184.09,4180.84,4182.11,4183.99,4184.39,4181.14,4182.41,248
2026-07-06 00:09:00,4182.13,4182.39,4178.61,4179.71,4182.43,4182.69,4178.91,4180.01,291
2026-07-06 00:10:00,4179.68,4182.17,4179.27,4181.93,4179.98,4182.47,4179.57,4182.23,251
2026-07-06 00:11:00,4181.86,4182.78,4180.65,4180.68,4182.16,4183.21,4180.95,4180.98,168
2026-07-06 00:12:00,4180.55,4182.26,4180.3,4181.25,4180.85,4182.56,4180.6,4181.55,196
2026-07-06 00:13:00,4181.26,4182.49,4181.19,4182.02,4181.56,4182.79,4181.49,4182.32,172
2026-07-06 00:14:00,4182.01,4182.01,4180.42,4181.2,4182.31,4182.31,4180.72,4181.5,180
2026-07-06 00:15:00,4181.13,4182.07,4179.78,4180.05,4181.43,4182.37,4180.08,4180.35,207
2026-07-06 00:16:00,4180.09,4181.76,4178.95,4179.5,4180.39,4182.06,4179.25,4179.8,305
2026-07-06 00:17:00,4179.51,4181.55,4179.51,4180.63,4179.81,4181.85,4179.81,4180.93,225
2026-07-06 00:18:00,4180.65,4181.26,4178.48,4179.11,4180.95,4181.56,4178.78,4179.41,208
2026-07-06 00:19:00,4179.03,4179.03,4177.34,4177.65,4179.33,4179.33,4177.64,4177.95,166
2026-07-06 00:20:00,4177.57,4179.36,4177.52,4179.36,4177.87,4179.66,4177.82,4179.66,188
2026-07-06 00:21:00,4179.32,4180.24,4179.13,4180.0,4179.62,4180.54,4179.43,4180.3,155
2026-07-06 00:22:00,4179.95,4181.54,4179.91,4181.54,4180.25,4181.84,4180.21,4181.84,189
2026-07-06 00:23:00,4181.57,4182.53,4181.35,4181.8,4181.87,4182.83,4181.65,4182.1,213
2026-07-06 00:24:00,4181.9,4182.53,4181.67,4182.15,4182.2,4182.83,4181.97,4182.45,171
2026-07-06 00:25:00,4182.12,4183.11,4181.49,4182.82,4182.42,4183.41,4181.79,4183.12,229
2026-07-06 00:26:00,4182.88,4182.99,4182.35,4182.47,4183.18,4183.29,4182.65,4182.77,169
2026-07-06 00:27:00,4182.46,4183.5,4180.59,4183.09,4182.76,4183.8,4180.89,4183.39,300
2026-07-06 00:28:00,4183.11,4184.93,4182.63,4184.78,4183.41,4185.23,4182.93,4185.08,205
2026-07-06 00:29:00,4184.8,4185.71,4184.63,4184.82,4185.1,4186.01,4184.93,4185.12,214
2026-07-06 00:30:00,4184.8,4185.46,4182.88,4185.38,4185.1,4185.76,4183.18,4185.68,285
2026-07-06 00:31:00,4185.36,4186.2,4184.01,4185.77,4185.66,4186.5,4184.31,4186.07,246
2026-07-06 00:32:00,4185.8,4188.07,4185.49,4187.69,4186.1,4188.37,4185.79,4187.99,190
2026-07-06 00:33:00,4187.67,4187.67,4186.34,4186.9,4187.97,4187.97,4186.64,4187.2,222
2026-07-06 00:34:00,4186.75,4186.75,4185.32,4186.53,4187.05,4187.05,4185.62,4186.83,197
2026-07-06 00:35:00,4186.57,4186.78,4185.94,4186.34,4186.87,4187.08,4186.24,4186.64,109
2026-07-06 00:36:00,4186.36,4188.65,4186.34,4187.62,4186.66,4188.95,4186.64,4187.92,198
2026-07-06 00:37:00,4187.7,4190.82,4187.69,4189.34,4188.0,4191.12,4187.99,4189.64,287
2026-07-06 00:38:00,4189.32,4190.82,4189.01,4190.42,4189.62,4191.12,4189.31,4190.72,181
2026-07-06 00:39:00,4190.44,4191.5,4189.9,4190.59,4190.74,4191.8,4190.2,4190.89,193
2026-07-06 00:40:00,4190.57,4190.8,4189.45,4189.99,4190.87,4191.1,4189.75,4190.29,145
2026-07-06 00:41:00,4189.98,4190.28,4188.45,4188.71,4190.28,4190.58,4188.75,4189.01,175
2026-07-06 00:42:00,4188.63,4189.86,4188.0,4188.13,4188.93,4190.16,4188.3,4188.43,223
2026-07-06 00:43:00,4188.05,4188.05,4186.57,4186.59,4188.35,4188.35,4186.87,4186.89,217
2026-07-06 00:44:00,4186.74,4188.76,4186.61,4188.76,4187.04,4189.06,4186.91,4189.06,168
2026-07-06 00:45:00,4188.8,4189.51,4187.38,4188.48,4189.1,4189.81,4187.68,4188.78,229
2026-07-06 00:46:00,4188.49,4189.88,4188.34,4188.92,4188.79,4190.18,4188.64,4189.22,192
2026-07-06 00:47:00,4188.84,4189.73,4187.61,4189.67,4189.14,4190.03,4187.91,4189.97,196
2026-07-06 00:48:00,4189.63,4189.86,4187.36,4187.5,4189.93,4190.16,4187.66,4187.8,160
2026-07-06 00:49:00,4187.48,4187.82,4184.11,4184.32,4187.78,4188.12,4184.41,4184.62,170
2026-07-06 00:50:00,4184.34,4185.2,4183.17,4183.93,4184.64,4185.5,4183.47,4184.23,255
2026-07-06 00:51:00,4183.94,4186.19,4183.9,4184.8,4184.24,4186.49,4184.2,4185.1,295
2026-07-06 00:52:00,4184.84,4187.35,4184.71,4186.65,4185.14,4187.65,4185.01,4186.95,248
2026-07-06 00:53:00,4186.58,4186.6,4184.38,4184.42,4186.88,4186.9,4184.68,4184.72,176
2026-07-06 00:54:00,4184.43,4186.9,4184.06,4185.7,4184.73,4187.2,4184.36,4186.0,239
2026-07-06 00:55:00,4185.8,4186.92,4184.92,4186.69,4186.1,4187.22,4185.22,4186.99,222
2026-07-06 00:56:00,4186.7,4186.88,4185.7,4186.51,4187.0,4187.18,4186.0,4186.81,167
2026-07-06 00:57:00,4186.49,4189.71,4185.61,4188.69,4186.79,4190.01,4185.91,4188.99,209
2026-07-06 00:58:00,4188.75,4189.15,4188.45,4188.94,4189.05,4189.45,4188.75,4189.24,115
2026-07-06 00:59:00,4189.03,4189.84,4187.96,4188.17,4189.33,4190.14,4188.26,4188.47,210
2026-07-06 01:00:00,4188.2,4191.38,4188.15,4191.38,4188.5,4191.68,4188.45,4191.68,245
2026-07-06 01:01:00,4191.36,4191.36,4189.74,4190.88,4191.66,4191.66,4190.04,4191.18,206
2026-07-06 01:02:00,4190.93,4191.42,4189.11,4189.44,4191.23,4191.72,4189.41,4189.74,209
2026-07-06 01:03:00,4189.42,4189.53,4188.38,4188.88,4189.72,4189.83,4188.68,4189.18,172
2026-07-06 01:04:00,4188.89,4189.55,4188.69,4189.4,4189.19,4189.85,4188.99,4189.7,134
2026-07-06 01:05:00,4189.42,4190.3,4189.31,4190.19,4189.72,4190.6,4189.61,4190.49,134
2026-07-06 01:06:00,4190.2,4190.44,4189.44,4189.75,4190.5,4190.74,4189.74,4190.05,139
2026-07-06 01:07:00,4189.77,4190.82,4189.77,4190.09,4190.07,4191.12,4190.07,4190.39,130
2026-07-06 01:08:00,4190.07,4190.59,4188.63,4190.48,4190.37,4190.89,4188.93,4190.78,157
2026-07-06 01:09:00,4190.42,4190.92,4189.01,4189.44,4190.72,4191.22,4189.31,4189.74,152
2026-07-06 01:10:00,4189.43,4189.57,4188.13,4189.57,4189.73,4189.87,4188.43,4189.87,197
2026-07-06 01:11:00,4189.53,4190.36,4189.34,4189.34,4189.83,4190.66,4189.64,4189.64,140
2026-07-06 01:12:00,4189.32,4190.15,4189.24,4189.9,4189.62,4190.45,4189.54,4190.2,128
2026-07-06 01:13:00,4189.92,4190.0,4188.82,4188.88,4190.22,4190.3,4189.12,4189.18,150
2026-07-06 01:14:00,4188.82,4188.82,4186.8,4187.4,4189.12,4189.12,4187.1,4187.7,190
2026-07-06 01:15:00,4187.42,4189.03,4187.03,4187.03,4187.72,4189.33,4187.33,4187.33,201
2026-07-06 01:16:00,4187.05,4189.86,4186.55,4188.82,4187.35,4190.16,4186.85,4189.12,202
2026-07-06 01:17:00,4188.8,4188.9,4187.65,4188.01,4189.1,4189.2,4187.95,4188.31,150
2026-07-06 01:18:00,4188.0,4188.24,4187.67,4187.82,4188.3,4188.54,4187.97,4188.12,129
2026-07-06 01:19:00,4187.84,4188.03,4187.03,4187.84,4188.14,4188.33,4187.33,4188.14,109
2026-07-06 01:20:00,4187.88,4189.53,4187.8,4189.45,4188.18,4189.83,4188.1,4189.75,139
2026-07-06 01:21:00,4189.43,4190.59,4189.23,4189.92,4189.73,4190.89,4189.53,4190.22,138
2026-07-06 01:22:00,4189.98,4189.98,4189.23,4189.57,4190.28,4190.28,4189.53,4189.87,59
2026-07-06 01:23:00,4189.59,4190.95,4189.49,4190.95,4189.89,4191.25,4189.79,4191.25,84
2026-07-06 01:24:00,4190.96,4191.11,4189.5,4189.53,4191.26,4191.41,4189.8,4189.83,127
2026-07-06 01:25:00,4189.51,4189.73,4189.2,4189.59,4189.81,4190.03,4189.5,4189.89,83
2026-07-06 01:26:00,4189.63,4190.67,4189.57,4190.67,4189.93,4190.97,4189.87,4190.97,85
2026-07-06 01:27:00,4190.7,4191.13,4190.5,4190.63,4191.0,4191.43,4190.8,4190.93,118
2026-07-06 01:28:00,4190.67,4201.92,4190.67,4200.72,4190.97,4202.22,4190.97,4201.02,686
2026-07-06 01:29:00,4200.63,4201.59,4200.0,4200.42,4200.93,4201.89,4200.3,4200.72,301
2026-07-06 01:30:00,4200.4,4200.4,4196.57,4197.82,4200.7,4200.7,4196.87,4198.12,392
2026-07-06 01:31:00,4197.81,4201.43,4196.91,4201.0,4198.11,4201.73,4197.21,4201.3,290
2026-07-06 01:32:00,4201.09,4201.27,4197.53,4198.15,4201.39,4201.57,4197.83,4198.45,288
2026-07-06 01:33:00,4198.13,4198.13,4194.67,4195.93,4198.43,4198.43,4194.97,4196.23,246
2026-07-06 01:34:00,4195.84,4197.19,4193.53,4194.86,4196.14,4197.49,4193.83,4195.16,260
2026-07-06 01:35:00,4194.84,4195.63,4194.67,4195.27,4195.14,4195.93,4194.97,4195.57,155
2026-07-06 01:36:00,4195.25,4195.42,4193.34,4194.3,4195.55,4195.72,4193.64,4194.6,174
2026-07-06 01:37:00,4194.28,4195.88,4194.25,4195.36,4194.58,4196.18,4194.55,4195.66,201
2026-07-06 01:38:00,4195.42,4197.38,4195.1,4197.32,4195.72,4197.68,4195.4,4197.62,176
2026-07-06 01:39:00,4197.3,4198.76,4196.98,4197.65,4197.6,4199.06,4197.28,4197.95,222
2026-07-06 01:40:00,4197.69,4198.85,4197.32,4198.72,4197.99,4199.15,4197.62,4199.02,214
2026-07-06 01:41:00,4198.7,4198.78,4197.68,4198.5,4199.0,4199.08,4197.98,4198.8,181
2026-07-06 01:42:00,4198.51,4198.72,4197.06,4198.12,4198.81,4199.02,4197.36,4198.42,233
2026-07-06 01:43:00,4198.14,4198.82,4198.13,4198.16,4198.44,4199.12,4198.43,4198.46,129
2026-07-06 01:44:00,4198.15,4198.49,4196.31,4196.31,4198.45,4198.79,4196.61,4196.61,271
2026-07-06 01:45:00,4196.3,4197.22,4193.57,4195.57,4196.6,4197.52,4193.87,4195.87,520
2026-07-06 01:46:00,4195.65,4196.86,4184.86,4185.43,4195.95,4197.16,4185.16,4185.73,631
2026-07-06 01:47:00,4185.4,4188.48,4177.17,4180.6,4185.7,4188.78,4177.47,4180.9,970
2026-07-06 01:48:00,4180.45,4182.51,4179.87,4181.37,4180.75,4182.81,4180.17,4181.67,609
2026-07-06 01:49:00,4181.35,4182.79,4180.78,4181.82,4181.65,4183.09,4181.08,4182.12,339
2026-07-06 01:50:00,4181.93,4183.99,4180.96,4183.07,4182.23,4184.29,4181.26,4183.37,416
2026-07-06 01:51:00,4183.09,4183.34,4180.75,4181.09,4183.39,4183.64,4181.05,4181.39,351
2026-07-06 01:52:00,4181.07,4182.11,4180.22,4181.53,4181.37,4182.41,4180.52,4181.83,319
2026-07-06 01:53:00,4181.55,4183.28,4181.0,4182.7,4181.85,4183.58,4181.3,4183.0,243
2026-07-06 01:54:00,4182.71,4183.68,4181.94,4182.61,4183.01,4183.98,4182.24,4182.91,244
2026-07-06 01:55:00,4182.68,4183.11,4181.7,4182.09,4182.98,4183.41,4182.0,4182.39,236
2026-07-06 01:56:00,4181.96,4185.34,4181.86,4185.03,4182.26,4185.64,4182.16,4185.33,367
2026-07-06 01:57:00,4185.01,4185.07,4184.36,4184.71,4185.31,4185.37,4184.66,4185.01,204
2026-07-06 01:58:00,4184.68,4185.03,4183.49,4183.98,4184.98,4185.33,4183.79,4184.28,290
2026-07-06 01:59:00,4184.09,4184.17,4182.76,4183.02,4184.39,4184.47,4183.06,4183.32,260
2026-07-06 02:00:00,4183.07,4185.4,4180.8,4181.36,4183.37,4185.7,4181.1,4181.66,790
2026-07-06 02:01:00,4181.3,4181.8,4170.0,4173.88,4181.6,4182.1,4170.3,4174.18,1002
2026-07-06 02:02:00,4173.84,4176.68,4173.73,4175.63,4174.14,4176.98,4174.03,4175.93,600
2026-07-06 02:03:00,4175.68,4177.09,4173.92,4176.03,4175.98,4177.39,4174.22,4176.33,563
2026-07-06 02:04:00,4176.07,4177.13,4174.53,4175.32,4176.37,4177.43,4174.83,4175.62,468
2026-07-06 02:05:00,4175.3,4177.31,4175.07,4175.9,4175.6,4177.61,4175.37,4176.2,453
2026-07-06 02:06:00,4175.92,4177.13,4171.76,4172.88,4176.22,4177.43,4172.06,4173.18,631
2026-07-06 02:07:00,4172.9,4173.96,4171.02,4172.97,4173.2,4174.26,4171.32,4173.27,534
2026-07-06 02:08:00,4172.91,4176.09,4172.84,4175.28,4173.21,4176.39,4173.14,4175.58,428
2026-07-06 02:09:00,4175.23,4178.7,4175.09,4176.46,4175.53,4179.02,4175.39,4176.76,424
2026-07-06 02:10:00,4176.45,4176.45,4173.67,4175.38,4176.75,4176.75,4173.97,4175.68,429
2026-07-06 02:11:00,4175.4,4176.28,4174.08,4175.68,4175.7,4176.58,4174.38,4175.98,338
2026-07-06 02:12:00,4175.69,4176.61,4174.18,4176.4,4175.99,4176.91,4174.48,4176.7,337
2026-07-06 02:13:00,4176.36,4177.5,4174.91,4175.24,4176.66,4177.8,4175.21,4175.54,348
2026-07-06 02:14:00,4175.34,4175.34,4173.77,4174.82,4175.64,4175.64,4174.07,4175.12,275
2026-07-06 02:15:00,4174.71,4177.38,4174.57,4177.24,4175.01,4177.68,4174.87,4177.54,310
2026-07-06 02:16:00,4177.27,4180.53,4176.17,4179.59,4177.57,4180.83,4176.47,4179.89,546
2026-07-06 02:17:00,4179.57,4181.61,4179.57,4179.71,4179.87,4181.91,4179.87,4180.01,361
2026-07-06 02:18:00,4179.73,4179.82,4176.92,4177.24,4180.03,4180.12,4177.22,4177.54,305
2026-07-06 02:19:00,4177.27,4179.53,4176.96,4178.24,4177.57,4179.83,4177.26,4178.54,326
2026-07-06 02:20:00,4178.25,4178.82,4177.69,4178.05,4178.55,4179.12,4177.99,4178.35,233
2026-07-06 02:21:00,4178.06,4178.93,4176.19,4178.93,4178.36,4179.23,4176.49,4179.23,383
2026-07-06 02:22:00,4178.84,4179.11,4177.02,4177.13,4179.14,4179.41,4177.32,4177.43,293
2026-07-06 02:23:00,4177.15,4177.84,4176.77,4177.69,4177.45,4178.14,4177.07,4177.99,250
2026-07-06 02:24:00,4177.59,4178.24,4175.55,4177.15,4177.89,4178.54,4175.85,4177.45,348
2026-07-06 02:25:00,4177.17,4178.26,4173.43,4173.44,4177.47,4178.56,4173.73,4173.74,317
2026-07-06 02:26:00,4173.42,4173.92,4171.13,4171.21,4173.72,4174.22,4171.43,4171.51,512
2026-07-06 02:27:00,4171.2,4174.07,4170.96,4173.99,4171.5,4174.37,4171.26,4174.29,427
2026-07-06 02:28:00,4173.88,4175.8,4172.8,4175.59,4174.18,4176.1,4173.1,4175.89,471
2026-07-06 02:29:00,4175.55,4175.72,4173.71,4174.5,4175.85,4176.02,4174.01,4174.8,371
2026-07-06 02:30:00,4174.51,4177.34,4174.09,4175.67,4174.81,4177.64,4174.39,4175.97,510
2026-07-06 02:31:00,4175.76,4177.93,4174.4,4177.53,4176.06,4178.23,4174.7,4177.83,522
2026-07-06 02:32:00,4177.63,4180.84,4177.23,4180.03,4177.93,4181.14,4177.53,4180.33,368
2026-07-06 02:33:00,4180.11,4182.4,4179.96,4180.09,4180.41,4182.7,4180.26,4180.39,357
2026-07-06 02:34:00,4180.18,4181.99,4179.4,4181.05,4180.48,4182.29,4179.7,4181.35,348
2026-07-06 02:35:00,4181.07,4181.29,4179.72,4180.78,4181.37,4181.59,4180.02,4181.08,369
2026-07-06 02:36:00,4180.85,4180.91,4178.5,4180.05,4181.15,4181.21,4178.8,4180.35,350
2026-07-06 02:37:00,4180.07,4182.96,4179.54,4182.88,4180.37,4183.26,4179.84,4183.18,370
2026-07-06 02:38:00,4182.9,4183.78,4182.07,4182.67,4183.2,4184.08,4182.37,4182.97,313
2026-07-06 02:39:00,4182.68,4184.81,4182.47,4184.66,4182.98,4185.11,4182.77,4184.96,297
2026-07-06 02:40:00,4184.57,4184.86,4183.08,4184.07,4184.87,4185.16,4183.38,4184.37,342
2026-07-06 02:41:00,4184.02,4185.86,4183.42,4185.3,4184.32,4186.16,4183.72,4185.6,306
2026-07-06 02:42:00,4185.19,4185.96,4184.61,4185.24,4185.49,4186.26,4184.91,4185.54,282
2026-07-06 02:43:00,4185.25,4187.42,4185.11,4187.11,4185.55,4187.72,4185.41,4187.41,333
2026-07-06 02:44:00,4187.07,4187.28,4185.53,4185.82,4187.37,4187.58,4185.83,4186.12,264
2026-07-06 02:45:00,4185.88,4188.11,4185.82,4186.44,4186.18,4188.41,4186.12,4186.74,308
2026-07-06 02:46:00,4186.43,4188.88,4186.34,4188.25,4186.73,4189.18,4186.64,4188.55,265
2026-07-06 02:47:00,4188.15,4188.15,4185.84,4186.17,4188.45,4188.45,4186.14,4186.47,251
2026-07-06 02:48:00,4186.15,4186.3,4185.13,4185.13,4186.45,4186.6,4185.43,4185.43,261
2026-07-06 02:49:00,4185.05,4185.3,4183.04,4185.24,4185.35,4185.6,4183.34,4185.54,342
2026-07-06 02:50:00,4185.23,4185.57,4183.69,4184.42,4185.53,4185.87,4183.99,4184.72,269
2026-07-06 02:51:00,4184.43,4185.09,4182.84,4183.05,4184.73,4185.39,4183.14,4183.35,285
2026-07-06 02:52:00,4183.07,4183.55,4181.88,4183.2,4183.37,4183.85,4182.18,4183.5,291
2026-07-06 02:53:00,4183.18,4185.29,4182.62,4184.91,4183.48,4185.59,4182.92,4185.21,327
2026-07-06 02:54:00,4184.83,4184.92,4183.09,4183.53,4185.13,4185.22,4183.39,4183.83,268
2026-07-06 02:55:00,4183.41,4187.05,4183.29,4186.98,4183.71,4187.35,4183.59,4187.28,424
2026-07-06 02:56:00,4187.0,4188.21,4185.23,4185.53,4187.3,4188.51,4185.53,4185.83,313
2026-07-06 02:57:00,4185.54,4186.17,4184.7,4185.06,4185.84,4186.47,4185.0,4185.36,245
2026-07-06 02:58:00,4185.1,4185.11,4174.7,4175.43,4185.4,4185.41,4175.0,4175.73,619
2026-07-06 02:59:00,4175.36,4180.95,4175.36,4179.59,4175.66,4181.25,4175.66,4179.89,489
2026-07-06 03:00:00,4179.52,4181.07,4172.46,4177.36,4179.82,4181.37,4172.76,4177.66,1223
2026-07-06 03:01:00,4177.34,4182.92,4176.99,4180.43,4177.64,4183.22,4177.29,4180.73,872
2026-07-06 03:02:00,4180.52,4185.7,4179.27,4185.51,4180.82,4186.0,4179.57,4185.81,712
2026-07-06 03:03:00,4185.5,4191.07,4184.32,4190.69,4185.8,4191.37,4184.62,4190.99,705
2026-07-06 03:04:00,4190.68,4192.69,4186.9,4187.27,4190.98,4192.99,4187.2,4187.57,629
2026-07-06 03:05:00,4187.13,4187.34,4182.57,4185.3,4187.43,4187.64,4182.87,4185.6,549
2026-07-06 03:06:00,4185.25,4185.59,4180.53,4180.74,4185.55,4185.89,4180.83,4181.04,532
2026-07-06 03:07:00,4180.71,4180.88,4176.15,4177.52,4181.01,4181.18,4176.45,4177.82,661
2026-07-06 03:08:00,4177.63,4181.14,4177.19,4180.3,4177.93,4181.44,4177.49,4180.6,496
2026-07-06 03:09:00,4180.25,4181.52,4179.15,4181.07,4180.55,4181.82,4179.45,4181.37,455
2026-07-06 03:10:00,4181.06,4183.92,4180.21,4181.13,4181.36,4184.22,4180.51,4181.43,511
2026-07-06 03:11:00,4181.17,4181.88,4180.05,4180.44,4181.47,4182.18,4180.35,4180.74,356
2026-07-06 03:12:00,4180.53,4185.66,4180.53,4184.07,4180.83,4185.96,4180.83,4184.37,419
2026-07-06 03:13:00,4184.05,4187.8,4183.96,4187.44,4184.35,4188.1,4184.26,4187.74,381
2026-07-06 03:14:00,4187.48,4189.28,4186.99,4188.75,4187.78,4189.58,4187.29,4189.05,295
2026-07-06 03:15:00,4188.77,4191.32,4188.42,4190.13,4189.07,4191.62,4188.72,4190.43,396
2026-07-06 03:16:00,4190.19,4192.8,4190.05,4190.74,4190.49,4193.1,4190.35,4191.04,450
2026-07-06 03:17:00,4190.76,4191.25,4186.04,4186.94,4191.06,4191.55,4186.34,4187.24,422
2026-07-06 03:18:00,4186.95,4187.51,4184.28,4185.82,4187.25,4187.81,4184.58,4186.12,425
2026-07-06 03:19:00,4185.84,4188.88,4185.75,4188.65,4186.14,4189.18,4186.05,4188.95,426
2026-07-06 03:20:00,4188.68,4190.49,4187.15,4187.23,4188.98,4190.79,4187.45,4187.53,399
2026-07-06 03:21:00,4187.2,4187.84,4183.01,4184.86,4187.5,4188.14,4183.31,4185.16,515
2026-07-06 03:22:00,4184.92,4185.12,4181.51,4181.65,4185.22,4185.42,4181.81,4181.95,459
2026-07-06 03:23:00,4181.53,4183.55,4180.57,4182.45,4181.83,4183.85,4180.87,4182.75,416
2026-07-06 03:24:00,4182.46,4185.11,4182.2,4184.34,4182.76,4185.41,4182.5,4184.64,372
2026-07-06 03:25:00,4184.32,4185.71,4183.4,4185.13,4184.62,4186.01,4183.7,4185.43,424
2026-07-06 03:26:00,4185.03,4187.17,4184.32,4185.25,4185.33,4187.47,4184.62,4185.55,424
2026-07-06 03:27:00,4185.3,4188.23,4184.61,4187.86,4185.6,4188.53,4184.91,4188.16,393
2026-07-06 03:28:00,4187.8,4189.65,4185.94,4187.5,4188.1,4189.95,4186.24,4187.8,460
2026-07-06 03:29:00,4187.62,4189.76,4187.13,4189.46,4187.92,4190.06,4187.43,4189.76,413
2026-07-06 03:30:00,4189.61,4191.49,4187.41,4188.56,4189.91,4191.79,4187.71,4188.86,567
2026-07-06 03:31:00,4188.48,4190.36,4187.92,4190.36,4188.78,4190.66,4188.22,4190.66,481
2026-07-06 03:32:00,4190.45,4194.18,4189.24,4191.9,4190.75,4194.48,4189.54,4192.2,509
2026-07-06 03:33:00,4191.94,4193.26,4191.03,4192.8,4192.24,4193.56,4191.33,4193.1,343
2026-07-06 03:34:00,4192.78,4197.74,4191.86,4197.74,4193.08,4198.04,4192.16,4198.04,501
2026-07-06 03:35:00,4197.77,4198.25,4193.32,4193.51,4198.07,4198.55,4193.62,4193.81,557
2026-07-06 03:36:00,4193.4,4195.65,4191.67,4195.63,4193.7,4195.95,4191.97,4195.93,480
2026-07-06 03:37:00,4195.64,4200.48,4194.97,4199.5,4195.94,4200.78,4195.27,4199.8,580
2026-07-06 03:38:00,4199.41,4199.6,4196.69,4196.69,4199.71,4199.9,4196.99,4196.99,468
2026-07-06 03:39:00,4196.71,4197.44,4195.61,4196.32,4197.01,4197.74,4195.91,4196.62,348
2026-07-06 03:40:00,4196.34,4197.69,4195.03,4196.17,4196.64,4197.99,4195.33,4196.47,413
2026-07-06 03:41:00,4196.15,4198.13,4195.78,4196.75,4196.45,4198.43,4196.08,4197.05,370
2026-07-06 03:42:00,4196.68,4199.61,4196.01,4199.61,4196.98,4199.91,4196.31,4199.91,382
2026-07-06 03:43:00,4199.59,4200.52,4198.86,4199.55,4199.89,4200.82,4199.16,4199.85,392
2026-07-06 03:44:00,4199.53,4200.13,4197.65,4198.13,4199.83,4200.43,4197.95,4198.43,337
2026-07-06 03:45:00,4198.11,4200.45,4197.11,4199.61,4198.41,4200.75,4197.41,4199.91,386
2026-07-06 03:46:00,4199.59,4199.59,4197.69,4198.13,4199.89,4199.89,4197.99,4198.43,370
2026-07-06 03:47:00,4198.17,4200.96,4198.03,4200.15,4198.47,4201.26,4198.33,4200.45,371
2026-07-06 03:48:00,4200.2,4202.98,4199.05,4199.78,4200.5,4203.28,4199.35,4200.08,522
2026-07-06 03:49:00,4199.81,4199.98,4194.15,4194.55,4200.11,4200.28,4194.45,4194.85,475
2026-07-06 03:50:00,4194.54,4195.16,4191.2,4192.68,4194.84,4195.46,4191.5,4192.98,516
2026-07-06 03:51:00,4192.67,4194.78,4191.73,4193.06,4192.97,4195.08,4192.03,4193.36,431
2026-07-06 03:52:00,4192.98,4193.32,4191.73,4192.86,4193.28,4193.62,4192.03,4193.16,397
2026-07-06 03:53:00,4192.84,4194.09,4191.98,4192.48,4193.14,4194.39,4192.28,4192.78,356
2026-07-06 03:54:00,4192.49,4193.11,4190.29,4190.9,4192.79,4193.41,4190.59,4191.2,320
2026-07-06 03:55:00,4190.96,4194.3,4189.84,4192.61,4191.26,4194.6,4190.14,4192.91,387
2026-07-06 03:56:00,4192.67,4194.17,4192.32,4192.61,4192.97,4194.47,4192.62,4192.91,358
2026-07-06 03:57:00,4192.57,4192.95,4190.78,4191.65,4192.87,4193.25,4191.08,4191.95,355
2026-07-06 03:58:00,4191.63,4191.88,4186.95,4187.45,4191.93,4192.18,4187.25,4187.75,461
2026-07-06 03:59:00,4187.54,4188.04,4184.96,4185.94,4187.84,4188.34,4185.26,4186.24,386
2026-07-06 04:00:00,4186.06,4187.75,4185.78,4186.3,4186.36,4188.05,4186.08,4186.6,398
2026-07-06 04:01:00,4186.36,4186.93,4184.86,4185.32,4186.66,4187.23,4185.16,4185.62,443
2026-07-06 04:02:00,4185.3,4186.44,4182.9,4186.36,4185.6,4186.74,4183.2,4186.66,486
2026-07-06 04:03:00,4186.44,4187.56,4182.9,4185.15,4186.74,4187.86,4183.2,4185.45,465
2026-07-06 04:04:00,4185.13,4185.9,4184.32,4185.27,4185.43,4186.2,4184.62,4185.57,284
2026-07-06 04:05:00,4185.17,4185.59,4181.43,4182.59,4185.47,4185.89,4181.73,4182.89,362
2026-07-06 04:06:00,4182.55,4183.34,4180.92,4181.63,4182.85,4183.64,4181.22,4181.93,379
2026-07-06 04:07:00,4181.65,4182.09,4178.41,4179.31,4181.95,4182.39,4178.71,4179.61,502
2026-07-06 04:08:00,4179.29,4181.93,4179.18,4181.32,4179.59,4182.23,4179.48,4181.62,394
2026-07-06 04:09:00,4181.3,4181.78,4179.15,4180.9,4181.6,4182.08,4179.45,4181.2,327
2026-07-06 04:10:00,4180.86,4181.88,4177.63,4178.16,4181.16,4182.18,4177.93,4178.46,388
2026-07-06 04:11:00,4178.17,4179.12,4176.98,4178.91,4178.47,4179.42,4177.28,4179.21,360
2026-07-06 04:12:00,4178.94,4180.32,4178.71,4180.18,4179.24,4180.62,4179.01,4180.48,373
2026-07-06 04:13:00,4180.17,4181.07,4179.35,4180.24,4180.47,4181.37,4179.65,4180.54,362
2026-07-06 04:14:00,4180.13,4181.38,4178.19,4180.8,4180.43,4181.68,4178.49,4181.1,377
2026-07-06 04:15:00,4180.84,4181.92,4178.53,4181.32,4181.14,4182.22,4178.83,4181.62,411
2026-07-06 04:16:00,4181.3,4181.49,4179.28,4180.52,4181.6,4181.79,4179.58,4180.82,395
2026-07-06 04:17:00,4180.53,4182.13,4179.53,4181.7,4180.83,4182.43,4179.83,4182.0,316
2026-07-06 04:18:00,4181.67,4183.36,4181.67,4182.53,4181.97,4183.66,4181.97,4182.83,313
2026-07-06 04:19:00,4182.52,4184.09,4182.03,4183.69,4182.82,4184.39,4182.33,4183.99,313
2026-07-06 04:20:00,4183.68,4185.42,4183.46,4185.15,4183.98,4185.72,4183.76,4185.45,245
2026-07-06 04:21:00,4185.17,4186.11,4183.38,4183.86,4185.47,4186.41,4183.68,4184.16,357
2026-07-06 04:22:00,4183.78,4184.86,4181.4,4181.69,4184.08,4185.16,4181.7,4181.99,277
2026-07-06 04:23:00,4181.67,4182.09,4175.78,4176.18,4181.97,4182.39,4176.08,4176.48,349
2026-07-06 04:24:00,4176.17,4178.63,4176.14,4178.36,4176.47,4178.93,4176.44,4178.66,298
2026-07-06 04:25:00,4178.38,4180.11,4178.19,4179.3,4178.68,4180.41,4178.49,4179.6,246
2026-07-06 04:26:00,4179.4,4179.44,4177.42,4177.75,4179.7,4179.74,4177.72,4178.05,238
2026-07-06 04:27:00,4177.74,4179.75,4176.52,4179.2,4178.04,4180.05,4176.82,4179.5,339
2026-07-06 04:28:00,4179.18,4179.55,4177.15,4177.95,4179.48,4179.85,4177.45,4178.25,310
2026-07-06 04:29:00,4177.94,4178.3,4176.68,4177.53,4178.24,4178.6,4176.98,4177.83,292
2026-07-06 04:30:00,4177.59,4178.57,4174.49,4174.63,4177.89,4178.87,4174.79,4174.93,649
2026-07-06 04:31:00,4174.57,4176.23,4174.53,4175.53,4174.87,4176.53,4174.83,4175.83,526
2026-07-06 04:32:00,4175.55,4176.36,4173.42,4173.73,4175.85,4176.66,4173.72,4174.03,530
2026-07-06 04:33:00,4173.63,4175.76,4173.15,4174.09,4173.93,4176.06,4173.45,4174.39,511
2026-07-06 04:34:00,4174.17,4175.09,4172.42,4174.86,4174.47,4175.39,4172.72,4175.16,421
2026-07-06 04:35:00,4174.9,4175.0,4171.04,4171.13,4175.2,4175.3,4171.34,4171.43,464
2026-07-06 04:36:00,4171.11,4172.86,4168.52,4172.67,4171.41,4173.16,4168.82,4172.97,495
2026-07-06 04:37:00,4172.68,4174.07,4172.2,4174.01,4172.98,4174.37,4172.5,4174.31,371
2026-07-06 04:38:00,4174.03,4175.36,4173.69,4175.36,4174.33,4175.66,4173.99,4175.66,314
2026-07-06 04:39:00,4175.38,4175.92,4172.78,4173.19,4175.68,4176.22,4173.08,4173.49,362
2026-07-06 04:40:00,4173.17,4173.65,4171.3,4171.73,4173.47,4173.95,4171.6,4172.03,333
2026-07-06 04:41:00,4171.8,4174.32,4171.8,4174.32,4172.1,4174.62,4172.1,4174.62,332
2026-07-06 04:42:00,4174.34,4175.68,4173.74,4174.67,4174.64,4175.98,4174.04,4174.97,299
2026-07-06 04:43:00,4174.73,4175.28,4173.4,4174.27,4175.03,4175.58,4173.7,4174.57,307
2026-07-06 04:44:00,4174.28,4174.4,4171.28,4172.34,4174.58,4174.7,4171.58,4172.64,348
2026-07-06 04:45:00,4172.43,4175.63,4172.43,4175.48,4172.73,4175.93,4172.73,4175.78,302
2026-07-06 04:46:00,4175.49,4175.53,4174.2,4174.69,4175.79,4175.83,4174.5,4174.99,251
2026-07-06 04:47:00,4174.74,4175.52,4173.33,4173.33,4175.04,4175.82,4173.63,4173.63,262
2026-07-06 04:48:00,4173.35,4174.13,4172.98,4173.04,4173.65,4174.59,4173.28,4173.34,271
2026-07-06 04:49:00,4173.06,4174.65,4172.66,4174.13,4173.36,4174.95,4172.96,4174.43,289
2026-07-06 04:50:00,4174.09,4175.15,4172.91,4173.07,4174.39,4175.45,4173.21,4173.37,300
2026-07-06 04:51:00,4173.01,4175.26,4172.67,4174.92,4173.31,4175.56,4172.97,4175.22,265
2026-07-06 04:52:00,4174.86,4175.9,4174.59,4175.18,4175.16,4176.2,4174.89,4175.48,307
2026-07-06 04:53:00,4175.17,4175.28,4172.8,4173.61,4175.47,4175.58,4173.1,4173.91,278
2026-07-06 04:54:00,4173.63,4174.92,4173.48,4173.82,4173.93,4175.22,4173.78,4174.12,259
2026-07-06 04:55:00,4173.86,4174.3,4172.8,4172.92,4174.16,4174.6,4173.1,4173.22,370
2026-07-06 04:56:00,4172.9,4174.13,4171.53,4171.78,4173.2,4174.43,4171.83,4172.08,290
2026-07-06 04:57:00,4171.77,4172.98,4171.4,4172.93,4172.07,4173.28,4171.7,4173.23,272
2026-07-06 04:58:00,4172.94,4173.2,4169.88,4172.95,4173.24,4173.5,4170.18,4173.25,323
2026-07-06 04:59:00,4172.98,4175.05,4172.68,4174.09,4173.28,4175.35,4172.98,4174.39,365
2026-07-06 05:00:00,4174.18,4176.34,4173.78,4174.81,4174.48,4176.64,4174.08,4175.11,359
2026-07-06 05:01:00,4174.85,4175.63,4172.76,4172.84,4175.15,4175.93,4173.06,4173.14,366
2026-07-06 05:02:00,4172.86,4172.93,4167.27,4167.33,4173.16,4173.23,4167.57,4167.63,516
2026-07-06 05:03:00,4167.29,4169.69,4166.4,4169.27,4167.59,4169.99,4166.7,4169.57,351
2026-07-06 05:04:00,4169.28,4170.92,4169.27,4170.55,4169.58,4171.22,4169.57,4170.85,240
2026-07-06 05:05:00,4170.59,4171.0,4169.2,4169.8,4170.89,4171.3,4169.5,4170.1,303
2026-07-06 05:06:00,4169.88,4170.22,4166.46,4167.38,4170.18,4170.52,4166.76,4167.68,379
2026-07-06 05:07:00,4167.4,4169.02,4166.67,4167.05,4167.7,4169.32,4166.97,4167.35,364
2026-07-06 05:08:00,4167.03,4167.82,4166.11,4167.73,4167.33,4168.12,4166.41,4168.03,242
2026-07-06 05:09:00,4167.8,4169.18,4167.32,4167.34,4168.1,4169.48,4167.62,4167.64,304
2026-07-06 05:10:00,4167.36,4170.05,4167.26,4169.75,4167.66,4170.35,4167.56,4170.05,294
2026-07-06 05:11:00,4169.76,4171.77,4169.76,4171.15,4170.06,4172.07,4170.06,4171.45,278
2026-07-06 05:12:00,4171.13,4171.3,4169.23,4169.26,4171.43,4171.6,4169.53,4169.56,240
2026-07-06 05:13:00,4169.27,4169.4,4166.32,4166.51,4169.57,4169.7,4166.62,4166.81,326
2026-07-06 05:14:00,4166.38,4166.88,4165.43,4166.51,4166.68,4167.18,4165.73,4166.81,288
2026-07-06 05:15:00,4166.49,4166.56,4165.23,4165.75,4166.79,4166.86,4165.53,4166.05,306
2026-07-06 05:16:00,4165.83,4166.46,4165.04,4166.44,4166.13,4166.76,4165.34,4166.74,264
2026-07-06 05:17:00,4166.51,4167.82,4166.26,4167.05,4166.81,4168.12,4166.56,4167.35,298
2026-07-06 05:18:00,4167.03,4167.03,4165.88,4166.34,4167.33,4167.33,4166.18,4166.64,225
2026-07-06 05:19:00,4166.36,4166.41,4164.69,4165.6,4166.66,4166.71,4164.99,4165.9,273
2026-07-06 05:20:00,4165.56,4165.67,4163.63,4165.5,4165.86,4165.97,4163.93,4165.8,316
2026-07-06 05:21:00,4165.63,4166.0,4164.62,4164.63,4165.93,4166.3,4164.92,4164.93,191
2026-07-06 05:22:00,4164.67,4165.01,4163.15,4164.8,4164.97,4165.31,4163.45,4165.1,263
2026-07-06 05:23:00,4164.82,4166.43,4164.82,4165.15,4165.12,4166.73,4165.12,4165.45,251
2026-07-06 05:24:00,4165.13,4165.8,4162.88,4162.91,4165.43,4166.1,4163.18,4163.21,245
2026-07-06 05:25:00,4162.95,4164.84,4162.77,4164.67,4163.25,4165.14,4163.07,4164.97,291
2026-07-06 05:26:00,4164.81,4164.93,4163.24,4163.3,4165.11,4165.23,4163.54,4163.6,205
2026-07-06 05:27:00,4163.28,4164.71,4162.5,4164.55,4163.58,4165.01,4162.8,4164.85,248
2026-07-06 05:28:00,4164.61,4165.61,4164.05,4165.34,4164.91,4165.91,4164.35,4165.64,224
2026-07-06 05:29:00,4165.25,4166.9,4165.25,4165.68,4165.55,4167.2,4165.55,4165.98,296
2026-07-06 05:30:00,4165.72,4167.53,4165.57,4166.32,4166.02,4167.83,4165.87,4166.62,245
2026-07-06 05:31:00,4166.28,4166.38,4165.42,4165.61,4166.58,4166.68,4165.72,4165.91,218
2026-07-06 05:32:00,4165.63,4166.6,4164.55,4166.46,4165.93,4166.9,4164.85,4166.76,241
2026-07-06 05:33:00,4166.48,4166.84,4165.51,4165.82,4166.78,4167.14,4165.81,4166.12,212
2026-07-06 05:34:00,4165.8,4166.09,4164.93,4166.07,4166.1,4166.39,4165.23,4166.37,210
2026-07-06 05:35:00,4166.17,4167.57,4165.88,4167.42,4166.47,4167.87,4166.18,4167.72,231
2026-07-06 05:36:00,4167.44,4169.18,4167.44,4169.13,4167.74,4169.48,4167.74,4169.43,224
2026-07-06 05:37:00,4169.05,4169.13,4166.88,4166.92,4169.35,4169.43,4167.18,4167.22,222
2026-07-06 05:38:00,4166.9,4166.9,4165.21,4166.03,4167.2,4167.2,4165.51,4166.33,199
2026-07-06 05:39:00,4165.99,4166.55,4165.52,4165.59,4166.29,4166.85,4165.82,4165.89,218
2026-07-06 05:40:00,4165.61,4166.38,4165.09,4166.36,4165.91,4166.68,4165.39,4166.66,238
2026-07-06 05:41:00,4166.38,4166.42,4164.02,4164.76,4166.68,4166.72,4164.32,4165.06,203
2026-07-06 05:42:00,4164.63,4165.07,4162.24,4163.65,4164.93,4165.37,4162.54,4163.95,239
2026-07-06 05:43:00,4163.55,4163.55,4161.55,4162.09,4163.85,4163.85,4161.85,4162.39,257
2026-07-06 05:44:00,4162.01,4163.15,4161.63,4162.8,4162.31,4163.45,4161.93,4163.1,213
2026-07-06 05:45:00,4162.78,4164.03,4162.77,4164.01,4163.08,4164.33,4163.07,4164.31,177
2026-07-06 05:46:00,4163.99,4164.55,4163.63,4164.13,4164.29,4164.85,4163.93,4164.43,206
2026-07-06 05:47:00,4164.15,4164.55,4163.65,4164.3,4164.45,4164.85,4163.95,4164.6,170
2026-07-06 05:48:00,4164.28,4165.12,4163.82,4164.57,4164.58,4165.42,4164.12,4164.87,205
2026-07-06 05:49:00,4164.59,4164.96,4162.82,4163.15,4164.89,4165.26,4163.12,4163.45,228
2026-07-06 05:50:00,4163.17,4164.25,4162.03,4163.57,4163.47,4164.55,4162.33,4163.87,249
2026-07-06 05:51:00,4163.49,4164.21,4163.28,4163.67,4163.79,4164.51,4163.58,4163.97,253
2026-07-06 05:52:00,4163.68,4163.86,4161.42,4161.66,4163.98,4164.16,4161.72,4161.96,219
2026-07-06 05:53:00,4161.58,4162.86,4161.34,4162.32,4161.88,4163.16,4161.64,4162.62,159
2026-07-06 05:54:00,4162.34,4162.88,4160.96,4162.61,4162.64,4163.18,4161.26,4162.91,214
2026-07-06 05:55:00,4162.69,4165.93,4162.3,4165.9,4162.99,4166.23,4162.6,4166.2,215
2026-07-06 05:56:00,4165.88,4166.75,4165.72,4166.06,4166.18,4167.05,4166.02,4166.36,202
2026-07-06 05:57:00,4166.07,4166.41,4164.88,4165.15,4166.37,4166.71,4165.18,4165.45,185
2026-07-06 05:58:00,4165.17,4165.7,4164.99,4165.0,4165.47,4166.0,4165.29,4165.3,145
2026-07-06 05:59:00,4164.92,4165.59,4164.55,4165.16,4165.22,4165.89,4164.85,4165.46,159
2026-07-06 06:00:00,4165.12,4165.48,4164.45,4165.09,4165.42,4165.78,4164.75,4165.39,228
2026-07-06 06:01:00,4165.07,4166.57,4164.86,4165.9,4165.37,4166.87,4165.16,4166.2,203
2026-07-06 06:02:00,4165.86,4165.86,4163.65,4163.7,4166.16,4166.16,4163.95,4164.0,187
2026-07-06 06:03:00,4163.69,4163.92,4161.61,4161.97,4163.99,4164.22,4161.91,4162.27,249
2026-07-06 06:04:00,4161.99,4163.44,4161.96,4163.19,4162.29,4163.74,4162.26,4163.49,206
2026-07-06 06:05:00,4163.26,4163.6,4162.07,4162.34,4163.56,4163.9,4162.37,4162.64,218
2026-07-06 06:06:00,4162.35,4162.9,4161.83,4162.86,4162.65,4163.2,4162.13,4163.16,193
2026-07-06 06:07:00,4162.94,4163.03,4162.4,4162.66,4163.24,4163.33,4162.7,4162.96,165
2026-07-06 06:08:00,4162.65,4163.53,4162.23,4162.31,4162.95,4163.83,4162.53,4162.61,188
2026-07-06 06:09:00,4162.34,4162.46,4160.96,4161.48,4162.64,4162.76,4161.26,4161.78,227
2026-07-06 06:10:00,4161.47,4163.4,4161.45,4163.18,4161.77,4163.7,4161.75,4163.48,209
2026-07-06 06:11:00,4163.17,4163.71,4162.93,4163.28,4163.47,4164.01,4163.23,4163.58,160
2026-07-06 06:12:00,4163.26,4163.62,4162.11,4162.59,4163.56,4163.92,4162.41,4162.89,174
2026-07-06 06:13:00,4162.62,4163.7,4162.34,4163.7,4162.92,4164.0,4162.64,4164.0,136
2026-07-06 06:14:00,4163.71,4163.85,4163.24,4163.38,4164.01,4164.15,4163.54,4163.68,154
2026-07-06 06:15:00,4163.37,4163.63,4162.79,4163.63,4163.67,4163.93,4163.09,4163.93,160
2026-07-06 06:16:00,4163.62,4164.52,4162.99,4164.02,4163.92,4164.82,4163.29,4164.32,156
2026-07-06 06:17:00,4164.01,4164.01,4163.29,4163.43,4164.31,4164.31,4163.59,4163.73,144
2026-07-06 06:18:00,4163.42,4164.35,4163.19,4163.84,4163.72,4164.65,4163.49,4164.14,146
2026-07-06 06:19:00,4163.83,4164.13,4163.73,4163.82,4164.13,4164.43,4164.03,4164.12,91
2026-07-06 06:20:00,4163.83,4164.0,4161.88,4162.61,4164.13,4164.3,4162.18,4162.91,176
2026-07-06 06:21:00,4162.6,4162.63,4161.71,4161.77,4162.9,4162.93,4162.01,4162.07,139
2026-07-06 06:22:00,4161.76,4161.76,4160.2,4160.38,4162.06,4162.06,4160.5,4160.68,166
2026-07-06 06:23:00,4160.47,4162.38,4160.37,4161.65,4160.77,4162.68,4160.67,4161.95,167
2026-07-06 06:24:00,4161.69,4163.43,4161.64,4163.2,4161.99,4163.73,4161.94,4163.5,117
2026-07-06 06:25:00,4163.21,4163.21,4161.4,4161.42,4163.51,4163.51,4161.7,4161.72,174
2026-07-06 06:26:00,4161.51,4162.93,4161.02,4161.96,4161.81,4163.23,4161.32,4162.26,202
2026-07-06 06:27:00,4161.99,4163.4,4160.95,4163.4,4162.29,4163.7,4161.25,4163.7,172
2026-07-06 06:28:00,4163.42,4163.44,4162.11,4162.25,4163.72,4163.74,4162.41,4162.55,201
2026-07-06 06:29:00,4162.26,4162.49,4161.09,4161.15,4162.56,4162.79,4161.39,4161.45,152
2026-07-06 06:30:00,4161.13,4161.63,4160.44,4161.48,4161.43,4161.93,4160.74,4161.78,224
2026-07-06 06:31:00,4161.49,4162.34,4159.86,4160.32,4161.79,4162.64,4160.16,4160.62,219
2026-07-06 06:32:00,4160.36,4160.77,4159.15,4159.61,4160.66,4161.07,4159.45,4159.91,217
2026-07-06 06:33:00,4159.59,4159.8,4157.45,4158.7,4159.89,4160.1,4157.75,4159.0,295
2026-07-06 06:34:00,4158.71,4159.7,4157.46,4159.49,4159.01,4160.0,4157.76,4159.79,226
2026-07-06 06:35:00,4159.52,4160.07,4158.51,4159.88,4159.82,4160.37,4158.81,4160.18,288
2026-07-06 06:36:00,4159.86,4160.28,4159.68,4160.07,4160.16,4160.58,4159.98,4160.37,166
2026-07-06 06:37:00,4160.09,4160.88,4158.96,4158.96,4160.39,4161.18,4159.26,4159.26,189
2026-07-06 06:38:00,4158.95,4159.13,4157.57,4159.13,4159.25,4159.43,4157.87,4159.43,217
2026-07-06 06:39:00,4159.23,4160.05,4158.55,4159.45,4159.53,4160.35,4158.85,4159.75,201
2026-07-06 06:40:00,4159.4,4159.71,4158.99,4159.69,4159.7,4160.01,4159.38,4159.99,153
2026-07-06 06:41:00,4159.75,4160.63,4159.71,4159.78,4160.05,4160.93,4160.01,4160.08,196
2026-07-06 06:42:00,4159.79,4160.84,4159.65,4160.64,4160.09,4161.14,4159.95,4160.94,168
2026-07-06 06:43:00,4160.62,4160.7,4160.13,4160.42,4160.92,4161.0,4160.43,4160.72,141
2026-07-06 06:44:00,4160.5,4160.55,4159.96,4160.13,4160.8,4160.85,4160.26,4160.43,107
2026-07-06 06:45:00,4160.14,4160.19,4159.38,4160.17,4160.44,4160.49,4159.68,4160.47,145
2026-07-06 06:46:00,4160.15,4160.61,4158.67,4158.69,4160.45,4160.91,4158.97,4158.99,135
2026-07-06 06:47:00,4158.67,4159.37,4158.22,4159.36,4158.97,4159.67,4158.52,4159.66,171
2026-07-06 06:48:00,4159.43,4161.09,4159.32,4160.3,4159.73,4161.39,4159.62,4160.6,181
2026-07-06 06:49:00,4160.27,4160.65,4159.84,4160.07,4160.57,4160.95,4160.14,4160.37,140
2026-07-06 06:50:00,4160.11,4160.47,4158.96,4160.32,4160.41,4160.77,4159.26,4160.62,228
2026-07-06 06:51:00,4160.43,4160.95,4159.63,4159.68,4160.73,4161.25,4159.93,4159.98,195
2026-07-06 06:52:00,4159.67,4160.23,4159.65,4160.2,4159.97,4160.53,4159.95,4160.5,103
2026-07-06 06:53:00,4160.25,4160.25,4158.28,4158.36,4160.55,4160.55,4158.58,4158.66,177
2026-07-06 06:54:00,4158.34,4159.3,4157.99,4159.19,4158.64,4159.6,4158.29,4159.49,211
2026-07-06 06:55:00,4159.21,4159.38,4158.17,4158.46,4159.51,4159.68,4158.47,4158.76,110
2026-07-06 06:56:00,4158.51,4160.86,4158.48,4160.86,4158.81,4161.16,4158.78,4161.16,143
2026-07-06 06:57:00,4160.88,4161.0,4160.13,4160.33,4161.18,4161.3,4160.43,4160.63,94
2026-07-06 06:58:00,4160.32,4160.77,4159.65,4159.65,4160.62,4161.07,4159.95,4159.95,126
2026-07-06 06:59:00,4159.63,4159.96,4159.44,4159.61,4159.93,4160.26,4159.74,4159.91,101
2026-07-06 07:00:00,4159.65,4160.98,4157.92,4158.44,4159.95,4161.28,4158.22,4158.74,337
2026-07-06 07:01:00,4158.52,4159.54,4157.97,4157.99,4158.82,4159.84,4158.27,4158.29,258
2026-07-06 07:02:00,4157.96,4158.23,4157.16,4157.62,4158.26,4158.53,4157.46,4157.92,254
2026-07-06 07:03:00,4157.57,4157.78,4153.95,4155.9,4157.87,4158.08,4154.25,4156.2,335
2026-07-06 07:04:00,4155.86,4156.27,4153.98,4153.99,4156.16,4156.57,4154.28,4154.29,243
2026-07-06 07:05:00,4153.98,4154.03,4152.07,4153.93,4154.28,4154.33,4152.37,4154.23,309
2026-07-06 07:06:00,4153.92,4154.36,4152.05,4153.87,4154.22,4154.66,4152.35,4154.17,268
2026-07-06 07:07:00,4153.85,4156.0,4153.85,4155.61,4154.15,4156.3,4154.15,4155.91,248
2026-07-06 07:08:00,4155.52,4155.53,4153.28,4153.75,4155.82,4155.83,4153.58,4154.05,189
2026-07-06 07:09:00,4153.76,4154.38,4153.26,4153.26,4154.06,4154.68,4153.56,4153.56,158
2026-07-06 07:10:00,4153.24,4153.67,4153.03,4153.4,4153.54,4153.97,4153.33,4153.7,225
2026-07-06 07:11:00,4153.42,4155.91,4153.22,4155.49,4153.72,4156.21,4153.52,4155.79,226
2026-07-06 07:12:00,4155.48,4155.49,4153.7,4154.19,4155.78,4155.79,4154.0,4154.49,227
2026-07-06 07:13:00,4154.13,4154.61,4151.25,4152.23,4154.43,4154.91,4151.55,4152.53,281
2026-07-06 07:14:00,4152.18,4152.38,4151.2,4152.14,4152.48,4152.68,4151.5,4152.44,208
2026-07-06 07:15:00,4152.15,4152.43,4151.38,4152.17,4152.45,4152.73,4151.68,4152.47,211
2026-07-06 07:16:00,4152.18,4152.76,4151.01,4151.55,4152.48,4153.06,4151.31,4151.85,244
2026-07-06 07:17:00,4151.52,4152.21,4151.25,4152.17,4151.82,4152.51,4151.55,4152.47,178
2026-07-06 07:18:00,4152.11,4152.3,4151.43,4152.27,4152.41,4152.6,4151.73,4152.57,180
2026-07-06 07:19:00,4152.28,4153.5,4151.24,4151.63,4152.58,4153.8,4151.54,4151.93,229
2026-07-06 07:20:00,4151.69,4152.63,4151.53,4151.9,4151.99,4152.93,4151.83,4152.2,179
2026-07-06 07:21:00,4151.88,4151.95,4150.49,4150.86,4152.18,4152.25,4150.79,4151.16,175
2026-07-06 07:22:00,4150.88,4151.57,4150.61,4150.92,4151.18,4151.87,4150.91,4151.22,207
2026-07-06 07:23:00,4150.99,4151.93,4150.92,4151.69,4151.29,4152.23,4151.22,4151.99,167
2026-07-06 07:24:00,4151.7,4152.55,4151.32,4151.86,4152.0,4152.85,4151.62,4152.16,232
2026-07-06 07:25:00,4151.82,4153.19,4151.32,4153.17,4152.12,4153.49,4151.62,4153.47,232
2026-07-06 07:26:00,4153.13,4153.82,4152.63,4153.0,4153.43,4154.12,4152.93,4153.3,173
2026-07-06 07:27:00,4152.96,4153.55,4152.05,4153.13,4153.26,4153.85,4152.35,4153.43,180
2026-07-06 07:28:00,4153.23,4153.99,4153.21,4153.99,4153.53,4154.29,4153.51,4154.29,181
2026-07-06 07:29:00,4154.03,4154.38,4152.72,4152.72,4154.33,4154.68,4153.02,4153.02,219
2026-07-06 07:30:00,4152.7,4154.86,4149.51,4154.36,4153.0,4155.16,4149.81,4154.66,685
2026-07-06 07:31:00,4154.34,4154.34,4150.84,4152.3,4154.64,4154.64,4151.14,4152.6,558
2026-07-06 07:32:00,4152.32,4155.54,4152.32,4155.2,4152.62,4155.84,4152.62,4155.5,397
2026-07-06 07:33:00,4155.28,4156.92,4153.84,4156.88,4155.58,4157.22,4154.14,4157.18,422
2026-07-06 07:34:00,4156.78,4158.55,4155.5,4156.52,4157.08,4158.85,4155.8,4156.82,422
2026-07-06 07:35:00,4156.58,4159.84,4156.01,4159.7,4156.88,4160.14,4156.31,4160.0,334
2026-07-06 07:36:00,4159.67,4159.67,4158.53,4159.28,4159.97,4159.97,4158.83,4159.58,321
2026-07-06 07:37:00,4159.23,4160.43,4157.89,4158.74,4159.53,4160.73,4158.19,4159.04,359
2026-07-06 07:38:00,4158.65,4158.65,4157.0,4157.3,4158.95,4158.95,4157.3,4157.6,297
2026-07-06 07:39:00,4157.21,4157.21,4153.18,4154.73,4157.51,4157.51,4153.48,4155.03,391
2026-07-06 07:40:00,4154.78,4157.92,4154.68,4156.61,4155.08,4158.22,4154.98,4156.91,351
2026-07-06 07:41:00,4156.59,4157.13,4155.59,4157.05,4156.89,4157.43,4155.89,4157.35,302
2026-07-06 07:42:00,4156.96,4157.92,4156.4,4157.73,4157.26,4158.22,4156.7,4158.03,306
2026-07-06 07:43:00,4157.7,4157.74,4155.92,4156.11,4158.0,4158.04,4156.22,4156.41,261
2026-07-06 07:44:00,4156.09,4157.0,4155.24,4155.35,4156.39,4157.3,4155.54,4155.65,301
2026-07-06 07:45:00,4155.34,4155.34,4153.57,4154.96,4155.64,4155.64,4153.87,4155.26,294
2026-07-06 07:46:00,4155.02,4155.02,4152.57,4153.24,4155.32,4155.32,4152.87,4153.54,265
2026-07-06 07:47:00,4153.28,4154.55,4153.01,4154.5,4153.58,4154.85,4153.31,4154.8,294
2026-07-06 07:48:00,4154.53,4155.99,4154.07,4155.17,4154.83,4156.29,4154.37,4155.47,276
2026-07-06 07:49:00,4155.19,4155.86,4154.15,4154.34,4155.49,4156.16,4154.45,4154.64,243
2026-07-06 07:50:00,4154.36,4154.69,4153.69,4154.59,4154.66,4154.99,4153.99,4154.89,313
2026-07-06 07:51:00,4154.49,4156.17,4154.15,4155.77,4154.79,4156.47,4154.45,4156.07,277
2026-07-06 07:52:00,4155.78,4156.77,4155.43,4155.84,4156.08,4157.07,4155.73,4156.14,285
2026-07-06 07:53:00,4155.82,4156.21,4154.13,4156.18,4156.12,4156.51,4154.43,4156.48,320
2026-07-06 07:54:00,4156.23,4156.82,4155.86,4156.05,4156.53,4157.12,4156.16,4156.35,211
2026-07-06 07:55:00,4156.07,4156.38,4154.14,4154.6,4156.37,4156.68,4154.44,4154.9,320
2026-07-06 07:56:00,4154.61,4154.65,4151.71,4151.84,4154.91,4154.95,4152.01,4152.14,361
2026-07-06 07:57:00,4151.86,4153.07,4150.97,4151.28,4152.16,4153.37,4151.27,4151.58,340
2026-07-06 07:58:00,4151.3,4151.63,4149.12,4149.67,4151.6,4151.93,4149.42,4149.97,417
2026-07-06 07:59:00,4149.75,4150.13,4144.79,4147.89,4150.05,4150.43,4145.09,4148.19,499
2026-07-06 08:00:00,4148.04,4150.86,4147.82,4147.92,4148.34,4151.16,4148.12,4148.22,511
2026-07-06 08:01:00,4147.84,4148.7,4146.57,4147.5,4148.14,4149.0,4146.87,4147.8,415
2026-07-06 08:02:00,4147.57,4149.05,4147.38,4148.82,4147.87,4149.35,4147.68,4149.12,410
2026-07-06 08:03:00,4148.8,4149.46,4146.93,4147.0,4149.1,4149.76,4147.23,4147.3,418
2026-07-06 08:04:00,4146.89,4147.51,4145.65,4146.55,4147.19,4147.81,4145.95,4146.85,383
2026-07-06 08:05:00,4146.63,4148.17,4145.86,4147.78,4146.93,4148.47,4146.16,4148.08,545
2026-07-06 08:06:00,4147.74,4148.77,4146.59,4147.45,4148.04,4149.07,4146.89,4147.75,308
2026-07-06 08:07:00,4147.48,4148.74,4147.4,4148.61,4147.78,4149.04,4147.7,4148.91,294
2026-07-06 08:08:00,4148.67,4150.08,4148.3,4148.71,4148.97,4150.38,4148.6,4149.01,358
2026-07-06 08:09:00,4148.72,4151.93,4148.63,4151.24,4149.02,4152.23,4148.93,4151.54,409
2026-07-06 08:10:00,4151.21,4151.73,4149.65,4150.25,4151.51,4152.03,4149.95,4150.55,281
2026-07-06 08:11:00,4150.24,4150.57,4149.48,4150.4,4150.54,4150.87,4149.78,4150.7,291
2026-07-06 08:12:00,4150.47,4151.69,4149.82,4151.21,4150.77,4151.99,4150.12,4151.51,306
2026-07-06 08:13:00,4151.15,4151.28,4150.19,4150.48,4151.45,4151.58,4150.49,4150.78,286
2026-07-06 08:14:00,4150.44,4152.17,4150.44,4151.9,4150.74,4152.47,4150.74,4152.2,248
2026-07-06 08:15:00,4151.92,4151.99,4148.65,4148.67,4152.22,4152.29,4148.95,4148.97,313
2026-07-06 08:16:00,4148.71,4149.68,4147.82,4148.34,4149.01,4149.98,4148.12,4148.64,281
2026-07-06 08:17:00,4148.44,4150.43,4148.39,4150.42,4148.74,4150.73,4148.69,4150.72,222
2026-07-06 08:18:00,4150.43,4150.61,4148.84,4149.68,4150.73,4150.91,4149.14,4149.98,282
2026-07-06 08:19:00,4149.62,4149.79,4147.99,4149.0,4149.92,4150.09,4148.29,4149.3,269
2026-07-06 08:20:00,4149.01,4149.73,4148.25,4149.59,4149.31,4150.03,4148.55,4149.89,224
2026-07-06 08:21:00,4149.47,4151.5,4149.36,4151.03,4149.77,4151.8,4149.66,4151.33,317
2026-07-06 08:22:00,4150.98,4151.11,4150.13,4150.69,4151.28,4151.41,4150.43,4150.99,204
2026-07-06 08:23:00,4150.76,4151.55,4149.38,4149.86,4151.06,4151.85,4149.68,4150.16,292
2026-07-06 08:24:00,4149.9,4152.51,4149.88,4152.51,4150.2,4152.81,4150.18,4152.81,251
2026-07-06 08:25:00,4152.47,4154.86,4152.15,4154.36,4152.77,4155.16,4152.45,4154.66,366
2026-07-06 08:26:00,4154.4,4155.13,4154.06,4154.78,4154.7,4155.43,4154.36,4155.08,195
2026-07-06 08:27:00,4154.73,4156.63,4154.61,4156.55,4155.03,4156.93,4154.91,4156.85,268
2026-07-06 08:28:00,4156.5,4156.5,4155.11,4156.36,4156.8,4156.8,4155.41,4156.66,296
2026-07-06 08:29:00,4156.43,4156.62,4154.51,4156.43,4156.73,4156.92,4154.81,4156.73,319
2026-07-06 08:30:00,4156.44,4158.09,4155.51,4157.84,4156.74,4158.39,4155.81,4158.14,380
2026-07-06 08:31:00,4157.82,4158.11,4156.36,4157.65,4158.12,4158.41,4156.66,4157.95,335
2026-07-06 08:32:00,4157.67,4158.74,4157.32,4157.5,4157.97,4159.04,4157.62,4157.8,309
2026-07-06 08:33:00,4157.51,4159.27,4157.13,4157.25,4157.81,4159.57,4157.43,4157.55,289
2026-07-06 08:34:00,4157.21,4157.93,4156.91,4157.0,4157.51,4158.23,4157.21,4157.3,236
2026-07-06 08:35:00,4156.98,4158.89,4156.57,4158.61,4157.28,4159.19,4156.87,4158.91,253
2026-07-06 08:36:00,4158.58,4158.74,4157.14,4157.78,4158.88,4159.04,4157.44,4158.08,322
2026-07-06 08:37:00,4157.84,4159.48,4157.77,4158.18,4158.14,4159.78,4158.07,4158.48,354
2026-07-06 08:38:00,4158.12,4158.87,4156.42,4156.99,4158.42,4159.17,4156.72,4157.29,385
2026-07-06 08:39:00,4156.92,4156.92,4154.81,4155.88,4157.22,4157.22,4155.11,4156.18,360
2026-07-06 08:40:00,4155.82,4157.65,4155.81,4156.32,4156.12,4157.95,4156.11,4156.62,252
2026-07-06 08:41:00,4156.28,4157.01,4155.06,4155.12,4156.58,4157.31,4155.36,4155.42,247
2026-07-06 08:42:00,4155.11,4155.76,4154.65,4155.12,4155.41,4156.06,4154.95,4155.42,227
2026-07-06 08:43:00,4155.2,4155.51,4153.05,4154.96,4155.5,4155.81,4153.35,4155.26,308
2026-07-06 08:44:00,4154.98,4155.74,4154.73,4155.74,4155.28,4156.04,4155.03,4156.04,194
2026-07-06 08:45:00,4155.66,4156.18,4154.52,4155.48,4155.96,4156.48,4154.82,4155.78,285
2026-07-06 08:46:00,4155.4,4155.55,4154.35,4154.95,4155.7,4155.85,4154.65,4155.25,218
2026-07-06 08:47:00,4154.97,4155.26,4154.09,4154.09,4155.27,4155.56,4154.39,4154.39,189
2026-07-06 08:48:00,4154.01,4155.49,4153.96,4154.49,4154.31,4155.79,4154.26,4154.79,187
2026-07-06 08:49:00,4154.5,4156.71,4154.21,4155.61,4154.8,4157.01,4154.51,4155.91,214
2026-07-06 08:50:00,4155.71,4156.02,4154.9,4155.48,4156.01,4156.32,4155.2,4155.78,190
2026-07-06 08:51:00,4155.43,4155.76,4154.46,4154.71,4155.73,4156.06,4154.76,4155.01,216
2026-07-06 08:52:00,4154.69,4155.09,4153.48,4153.63,4154.99,4155.39,4153.78,4153.93,253
2026-07-06 08:53:00,4153.66,4154.07,4152.19,4152.63,4153.96,4154.37,4152.49,4152.93,254
2026-07-06 08:54:00,4152.59,4152.67,4150.71,4151.73,4152.89,4152.97,4151.01,4152.03,322
2026-07-06 08:55:00,4151.75,4152.6,4151.0,4151.1,4152.05,4152.9,4151.3,4151.4,280
2026-07-06 08:56:00,4151.01,4151.03,4149.24,4149.82,4151.31,4151.33,4149.54,4150.12,302
2026-07-06 08:57:00,4149.84,4150.4,4149.0,4149.15,4150.14,4150.7,4149.3,4149.45,283
2026-07-06 08:58:00,4149.21,4150.6,4149.11,4150.09,4149.51,4150.9,4149.41,4150.39,290
2026-07-06 08:59:00,4150.07,4151.13,4150.05,4150.34,4150.37,4151.43,4150.35,4150.64,287
2026-07-06 09:00:00,4150.28,4151.26,4148.55,4149.13,4150.58,4151.56,4148.85,4149.43,555
2026-07-06 09:01:00,4149.22,4152.65,4149.03,4152.3,4149.52,4152.95,4149.33,4152.6,360
2026-07-06 09:02:00,4152.36,4152.96,4151.65,4152.07,4152.66,4153.26,4151.95,4152.37,300
2026-07-06 09:03:00,4152.05,4153.44,4152.0,4152.28,4152.35,4153.74,4152.3,4152.58,286
2026-07-06 09:04:00,4152.27,4153.0,4151.61,4152.7,4152.57,4153.3,4151.91,4153.0,234
2026-07-06 09:05:00,4152.71,4152.99,4150.99,4151.18,4153.01,4153.29,4151.29,4151.48,282
2026-07-06 09:06:00,4151.15,4151.15,4148.52,4149.93,4151.45,4151.45,4148.82,4150.23,283
2026-07-06 09:07:00,4149.97,4150.11,4148.19,4149.74,4150.27,4150.41,4148.49,4150.04,310
2026-07-06 09:08:00,4149.71,4149.71,4148.19,4148.38,4150.01,4150.01,4148.49,4148.68,254
2026-07-06 09:09:00,4148.36,4149.5,4147.92,4148.74,4148.66,4149.8,4148.22,4149.04,263
2026-07-06 09:10:00,4148.7,4148.92,4148.05,4148.05,4149.0,4149.22,4148.35,4148.35,195
2026-07-06 09:11:00,4148.02,4148.42,4147.17,4148.32,4148.32,4148.72,4147.47,4148.62,269
2026-07-06 09:12:00,4148.38,4148.76,4147.84,4147.88,4148.68,4149.06,4148.14,4148.18,233
2026-07-06 09:13:00,4147.9,4148.05,4147.17,4147.52,4148.2,4148.35,4147.47,4147.82,253
2026-07-06 09:14:00,4147.58,4151.05,4147.58,4150.93,4147.88,4151.35,4147.88,4151.23,389
2026-07-06 09:15:00,4150.94,4151.92,4150.4,4150.45,4151.24,4152.22,4150.7,4150.75,275
2026-07-06 09:16:00,4150.44,4151.83,4150.24,4150.36,4150.74,4152.13,4150.54,4150.66,299
2026-07-06 09:17:00,4150.38,4152.57,4150.25,4152.32,4150.68,4152.87,4150.55,4152.62,329
2026-07-06 09:18:00,4152.4,4154.24,4151.95,4152.55,4152.7,4154.54,4152.25,4152.85,294
2026-07-06 09:19:00,4152.57,4153.34,4151.8,4153.1,4152.87,4153.64,4152.1,4153.4,271
2026-07-06 09:20:00,4153.09,4153.84,4151.46,4152.59,4153.39,4154.14,4151.76,4152.89,447
2026-07-06 09:21:00,4152.63,4155.56,4152.08,4153.55,4152.93,4155.86,4152.38,4153.85,433
2026-07-06 09:22:00,4153.52,4154.19,4153.08,4153.23,4153.82,4154.49,4153.38,4153.53,324
2026-07-06 09:23:00,4153.24,4153.74,4152.73,4153.52,4153.54,4154.04,4153.03,4153.82,252
2026-07-06 09:24:00,4153.58,4154.44,4153.11,4154.43,4153.88,4154.74,4153.41,4154.73,221
2026-07-06 09:25:00,4154.42,4154.42,4152.88,4152.88,4154.72,4154.72,4153.18,4153.18,237
2026-07-06 09:26:00,4152.92,4153.09,4151.69,4151.73,4153.22,4153.39,4151.99,4152.03,247
2026-07-06 09:27:00,4151.76,4153.33,4151.4,4152.48,4152.06,4153.63,4151.7,4152.78,252
2026-07-06 09:28:00,4152.49,4154.61,4152.38,4154.11,4152.79,4154.91,4152.68,4154.41,264
2026-07-06 09:29:00,4154.1,4154.28,4152.83,4152.87,4154.4,4154.58,4153.13,4153.17,199
2026-07-06 09:30:00,4152.86,4154.27,4151.06,4154.0,4153.16,4154.57,4151.36,4154.3,379
2026-07-06 09:31:00,4154.05,4155.41,4153.97,4155.2,4154.35,4155.71,4154.27,4155.5,266
2026-07-06 09:32:00,4155.19,4156.58,4154.63,4156.34,4155.49,4156.88,4154.93,4156.64,277
2026-07-06 09:33:00,4156.32,4156.63,4155.44,4156.52,4156.62,4156.93,4155.74,4156.82,269
2026-07-06 09:34:00,4156.5,4157.88,4156.5,4157.0,4156.8,4158.18,4156.8,4157.3,223
2026-07-06 09:35:00,4156.97,4157.17,4155.8,4156.18,4157.27,4157.47,4156.1,4156.48,237
2026-07-06 09:36:00,4156.13,4157.34,4155.7,4157.04,4156.43,4157.64,4156.0,4157.34,172
2026-07-06 09:37:00,4157.12,4157.9,4156.84,4157.82,4157.42,4158.2,4157.14,4158.12,183
2026-07-06 09:38:00,4157.84,4158.2,4157.51,4157.69,4158.14,4158.5,4157.81,4157.99,196
2026-07-06 09:39:00,4157.78,4158.69,4157.78,4158.49,4158.08,4158.99,4158.08,4158.79,143
2026-07-06 09:40:00,4158.51,4160.43,4158.51,4160.36,4158.81,4160.73,4158.81,4160.66,282
2026-07-06 09:41:00,4160.38,4161.92,4160.11,4161.51,4160.68,4162.22,4160.41,4161.81,238
2026-07-06 09:42:00,4161.5,4162.43,4161.14,4161.53,4161.8,4162.73,4161.44,4161.83,246
2026-07-06 09:43:00,4161.49,4163.75,4160.85,4163.55,4161.79,4164.05,4161.15,4163.85,255
2026-07-06 09:44:00,4163.52,4164.34,4163.12,4163.53,4163.82,4164.64,4163.42,4163.83,291
2026-07-06 09:45:00,4163.62,4165.02,4163.46,4164.63,4163.92,4165.32,4163.76,4164.93,259
2026-07-06 09:46:00,4164.65,4164.7,4162.29,4162.55,4164.95,4165.0,4162.82,4162.85,206
2026-07-06 09:47:00,4162.53,4163.73,4162.5,4163.19,4162.83,4164.03,4162.8,4163.49,235
2026-07-06 09:48:00,4163.23,4165.16,4163.2,4164.67,4163.53,4165.46,4163.5,4164.97,288
2026-07-06 09:49:00,4164.65,4166.29,4164.36,4165.82,4164.95,4166.59,4164.66,4166.12,286
2026-07-06 09:50:00,4165.83,4165.94,4163.46,4164.03,4166.13,4166.24,4163.76,4164.33,246
2026-07-06 09:51:00,4164.05,4164.58,4163.4,4163.59,4164.35,4164.88,4163.7,4163.89,207
2026-07-06 09:52:00,4163.67,4164.21,4162.03,4162.38,4163.97,4164.51,4162.33,4162.68,257
2026-07-06 09:53:00,4162.42,4163.59,4162.27,4163.42,4162.72,4163.89,4162.57,4163.72,186
2026-07-06 09:54:00,4163.4,4164.48,4163.13,4164.0,4163.7,4164.78,4163.43,4164.3,194
2026-07-06 09:55:00,4164.01,4164.75,4163.69,4163.69,4164.31,4165.05,4163.99,4163.99,208
2026-07-06 09:56:00,4163.68,4164.52,4163.05,4164.36,4163.98,4164.82,4163.35,4164.66,166
2026-07-06 09:57:00,4164.34,4164.99,4163.84,4164.15,4164.64,4165.29,4164.14,4164.45,230
2026-07-06 09:58:00,4164.13,4164.38,4163.93,4164.36,4164.43,4164.68,4164.23,4164.66,174
2026-07-06 09:59:00,4164.4,4165.11,4164.05,4164.36,4164.7,4165.41,4164.35,4164.66,225
2026-07-06 10:00:00,4164.44,4165.98,4163.69,4164.25,4164.74,4166.28,4163.99,4164.55,400
2026-07-06 10:01:00,4164.2,4164.38,4162.78,4163.4,4164.5,4164.68,4163.08,4163.7,300
2026-07-06 10:02:00,4163.45,4163.54,4161.6,4161.6,4163.75,4163.84,4161.9,4161.9,275
2026-07-06 10:03:00,4161.61,4162.0,4161.03,4161.32,4161.91,4162.3,4161.33,4161.62,284
2026-07-06 10:04:00,4161.34,4161.92,4160.67,4160.92,4161.64,4162.22,4160.97,4161.22,275
2026-07-06 10:05:00,4160.95,4161.64,4160.68,4161.09,4161.25,4161.94,4160.98,4161.39,240
2026-07-06 10:06:00,4161.07,4161.55,4160.28,4160.88,4161.37,4161.85,4160.58,4161.18,248
2026-07-06 10:07:00,4160.89,4162.02,4160.57,4161.54,4161.19,4162.32,4160.87,4161.84,259
2026-07-06 10:08:00,4161.53,4162.83,4161.01,4161.89,4161.83,4163.13,4161.31,4162.19,233
2026-07-06 10:09:00,4161.98,4162.5,4161.5,4161.5,4162.28,4162.8,4161.8,4161.8,192
2026-07-06 10:10:00,4161.45,4161.49,4159.88,4160.31,4161.75,4161.79,4160.18,4160.61,295
2026-07-06 10:11:00,4160.28,4160.85,4157.8,4157.88,4160.58,4161.15,4158.1,4158.18,321
2026-07-06 10:12:00,4157.96,4158.67,4157.13,4158.67,4158.26,4158.97,4157.43,4158.97,246
2026-07-06 10:13:00,4158.68,4159.52,4157.86,4158.01,4158.98,4159.82,4158.16,4158.31,332
2026-07-06 10:14:00,4158.03,4158.86,4157.86,4157.99,4158.33,4159.16,4158.16,4158.29,272
2026-07-06 10:15:00,4158.0,4158.7,4155.61,4156.19,4158.3,4159.0,4155.91,4156.49,338
2026-07-06 10:16:00,4156.23,4156.6,4154.07,4154.71,4156.53,4156.9,4154.37,4155.01,324
2026-07-06 10:17:00,4154.73,4155.0,4153.78,4154.09,4155.03,4155.3,4154.08,4154.39,306
2026-07-06 10:18:00,4154.03,4156.11,4153.53,4156.03,4154.33,4156.41,4153.83,4156.33,258
2026-07-06 10:19:00,4155.97,4156.65,4154.52,4156.34,4156.27,4156.95,4154.82,4156.64,226
2026-07-06 10:20:00,4156.36,4156.67,4155.59,4156.0,4156.66,4156.97,4155.89,4156.3,183
2026-07-06 10:21:00,4156.03,4156.57,4155.42,4156.49,4156.33,4156.87,4155.72,4156.79,234
2026-07-06 10:22:00,4156.48,4156.8,4154.84,4154.96,4156.78,4157.1,4155.14,4155.26,228
2026-07-06 10:23:00,4154.98,4155.46,4153.55,4154.11,4155.28,4155.76,4153.85,4154.41,261
2026-07-06 10:24:00,4154.13,4155.05,4154.13,4154.82,4154.43,4155.35,4154.43,4155.12,155
2026-07-06 10:25:00,4154.8,4155.32,4154.51,4155.23,4155.1,4155.62,4154.81,4155.53,128
2026-07-06 10:26:00,4155.21,4155.82,4154.87,4155.82,4155.51,4156.12,4155.17,4156.12,221
2026-07-06 10:27:00,4155.84,4156.8,4154.96,4155.07,4156.14,4157.1,4155.26,4155.37,194
2026-07-06 10:28:00,4155.05,4155.17,4154.3,4154.52,4155.35,4155.47,4154.6,4154.82,147
2026-07-06 10:29:00,4154.46,4155.44,4154.18,4155.38,4154.76,4155.74,4154.48,4155.68,164
2026-07-06 10:30:00,4155.34,4155.8,4154.19,4155.11,4155.64,4156.1,4154.49,4155.41,235
2026-07-06 10:31:00,4155.09,4155.09,4153.74,4153.8,4155.39,4155.39,4154.04,4154.1,170
2026-07-06 10:32:00,4153.81,4155.39,4153.79,4154.4,4154.11,4155.69,4154.09,4154.7,231
2026-07-06 10:33:00,4154.43,4156.01,4154.38,4154.96,4154.73,4156.31,4154.68,4155.26,232
2026-07-06 10:34:00,4154.92,4155.05,4154.03,4154.26,4155.22,4155.35,4154.33,4154.56,162
2026-07-06 10:35:00,4154.25,4155.17,4153.52,4154.88,4154.55,4155.47,4153.82,4155.18,240
2026-07-06 10:36:00,4154.8,4154.95,4154.15,4154.17,4155.1,4155.25,4154.45,4154.47,131
2026-07-06 10:37:00,4154.21,4154.35,4150.43,4150.9,4154.51,4154.65,4150.73,4151.2,317
2026-07-06 10:38:00,4150.93,4151.39,4150.36,4150.52,4151.23,4151.69,4150.66,4150.82,237
2026-07-06 10:39:00,4150.5,4151.11,4149.56,4151.05,4150.8,4151.41,4149.86,4151.35,248
2026-07-06 10:40:00,4150.96,4153.09,4150.77,4152.38,4151.26,4153.39,4151.07,4152.68,281
2026-07-06 10:41:00,4152.43,4153.36,4152.3,4153.3,4152.73,4153.66,4152.6,4153.6,184
2026-07-06 10:42:00,4153.38,4153.38,4151.38,4151.7,4153.68,4153.68,4151.68,4152.0,191
2026-07-06 10:43:00,4151.71,4151.71,4149.88,4150.14,4152.01,4152.01,4150.18,4150.44,245
2026-07-06 10:44:00,4150.11,4150.51,4148.45,4149.01,4150.41,4150.81,4148.75,4149.31,274
2026-07-06 10:45:00,4149.03,4150.48,4148.8,4149.17,4149.33,4150.78,4149.1,4149.47,274
2026-07-06 10:46:00,4149.18,4149.51,4147.63,4148.79,4149.48,4149.81,4147.93,4149.09,281
2026-07-06 10:47:00,4148.8,4149.25,4147.26,4147.38,4149.1,4149.55,4147.56,4147.68,255
2026-07-06 10:48:00,4147.36,4149.05,4147.06,4148.68,4147.66,4149.35,4147.36,4148.98,254
2026-07-06 10:49:00,4148.69,4148.96,4147.88,4148.76,4148.99,4149.26,4148.18,4149.06,210
2026-07-06 10:50:00,4148.77,4149.28,4148.23,4148.44,4149.07,4149.58,4148.53,4148.74,192
2026-07-06 10:51:00,4148.46,4151.88,4148.45,4151.78,4148.76,4152.18,4148.75,4152.08,277
2026-07-06 10:52:00,4151.73,4152.4,4151.51,4151.82,4152.03,4152.7,4151.81,4152.12,208
2026-07-06 10:53:00,4151.8,4152.28,4151.33,4152.26,4152.1,4152.58,4151.63,4152.56,183
2026-07-06 10:54:00,4152.28,4152.82,4151.74,4152.4,4152.58,4153.12,4152.04,4152.7,217
2026-07-06 10:55:00,4152.38,4152.42,4151.59,4151.84,4152.68,4152.72,4151.89,4152.14,144
2026-07-06 10:56:00,4151.88,4151.98,4151.53,4151.81,4152.18,4152.28,4151.83,4152.11,162
2026-07-06 10:57:00,4151.79,4151.84,4150.32,4150.82,4152.09,4152.14,4150.62,4151.12,162
2026-07-06 10:58:00,4150.84,4152.32,4150.79,4150.92,4151.14,4152.62,4151.09,4151.22,211
2026-07-06 10:59:00,4150.87,4151.26,4150.36,4150.38,4151.17,4151.56,4150.66,4150.68,121
2026-07-06 11:00:00,4150.4,4150.48,4148.99,4150.23,4150.7,4150.78,4149.29,4150.53,270
2026-07-06 11:01:00,4150.3,4150.74,4149.46,4150.17,4150.6,4151.04,4149.76,4150.47,207
2026-07-06 11:02:00,4150.18,4150.25,4148.4,4149.03,4150.48,4150.55,4148.7,4149.33,187
2026-07-06 11:03:00,4149.05,4150.05,4148.55,4150.03,4149.35,4150.35,4148.85,4150.33,162
2026-07-06 11:04:00,4150.09,4150.15,4148.76,4148.85,4150.39,4150.45,4149.06,4149.15,184
2026-07-06 11:05:00,4148.82,4149.55,4147.88,4148.61,4149.12,4149.85,4148.18,4148.91,236
2026-07-06 11:06:00,4148.68,4150.38,4148.68,4150.29,4148.98,4150.68,4148.98,4150.59,169
2026-07-06 11:07:00,4150.28,4151.17,4149.98,4150.68,4150.58,4151.47,4150.28,4150.98,183
2026-07-06 11:08:00,4150.64,4150.64,4149.58,4150.23,4150.94,4150.94,4149.88,4150.53,189
2026-07-06 11:09:00,4150.25,4150.25,4149.45,4150.18,4150.55,4150.55,4149.75,4150.48,151
2026-07-06 11:10:00,4150.17,4150.17,4149.23,4149.25,4150.47,4150.47,4149.53,4149.55,153
2026-07-06 11:11:00,4149.24,4150.09,4148.99,4149.53,4149.54,4150.39,4149.29,4149.83,191
2026-07-06 11:12:00,4149.55,4149.78,4148.74,4149.46,4149.85,4150.08,4149.04,4149.76,183
2026-07-06 11:13:00,4149.55,4150.17,4149.55,4149.63,4149.85,4150.47,4149.85,4149.93,147
2026-07-06 11:14:00,4149.66,4149.8,4149.17,4149.65,4149.96,4150.1,4149.47,4149.95,163
2026-07-06 11:15:00,4149.63,4149.78,4148.78,4149.07,4149.93,4150.08,4149.08,4149.37,166
2026-07-06 11:16:00,4149.08,4149.26,4147.61,4148.9,4149.38,4149.56,4147.91,4149.2,265
2026-07-06 11:17:00,4148.89,4148.9,4147.11,4147.2,4149.19,4149.2,4147.41,4147.5,229
2026-07-06 11:18:00,4147.23,4148.59,4147.23,4148.55,4147.53,4148.89,4147.53,4148.85,151
2026-07-06 11:19:00,4148.53,4148.53,4146.33,4147.18,4148.83,4148.83,4146.63,4147.48,192
2026-07-06 11:20:00,4147.24,4147.96,4146.46,4147.5,4147.54,4148.26,4146.76,4147.8,316
2026-07-06 11:21:00,4147.49,4148.53,4146.94,4148.14,4147.79,4148.83,4147.24,4148.44,250
2026-07-06 11:22:00,4148.15,4148.74,4147.98,4148.7,4148.45,4149.04,4148.28,4149.0,212
2026-07-06 11:23:00,4148.71,4148.87,4146.99,4147.34,4149.01,4149.17,4147.29,4147.64,189
2026-07-06 11:24:00,4147.36,4147.63,4146.61,4147.01,4147.66,4147.93,4146.91,4147.31,207
2026-07-06 11:25:00,4146.99,4147.36,4146.24,4146.88,4147.29,4147.66,4146.54,4147.18,227
2026-07-06 11:26:00,4146.9,4147.2,4143.47,4144.34,4147.2,4147.5,4143.77,4144.64,378
2026-07-06 11:27:00,4144.4,4144.42,4143.3,4143.85,4144.7,4144.72,4143.6,4144.15,337
2026-07-06 11:28:00,4143.83,4144.15,4141.76,4143.22,4144.13,4144.45,4142.06,4143.52,354
2026-07-06 11:29:00,4143.16,4143.86,4141.5,4143.68,4143.46,4144.16,4141.8,4143.98,310
2026-07-06 11:30:00,4143.48,4143.48,4138.32,4139.96,4143.78,4143.78,4138.62,4140.26,465
2026-07-06 11:31:00,4139.97,4140.74,4138.36,4138.36,4140.27,4141.04,4138.66,4138.66,390
2026-07-06 11:32:00,4138.34,4139.03,4136.38,4139.02,4138.64,4139.33,4136.68,4139.32,558
2026-07-06 11:33:00,4138.94,4140.21,4138.28,4138.84,4139.24,4140.51,4138.58,4139.14,386
2026-07-06 11:34:00,4138.82,4139.28,4136.9,4137.56,4139.12,4139.58,4137.2,4137.86,439
2026-07-06 11:35:00,4137.58,4138.95,4136.64,4138.73,4137.88,4139.25,4136.94,4139.03,406
2026-07-06 11:36:00,4138.77,4141.02,4138.75,4141.02,4139.07,4141.32,4139.05,4141.32,290
2026-07-06 11:37:00,4140.97,4142.66,4140.92,4142.03,4141.27,4142.96,4141.22,4142.33,284
2026-07-06 11:38:00,4141.99,4142.03,4140.73,4141.13,4142.29,4142.33,4141.03,4141.43,200
2026-07-06 11:39:00,4141.2,4142.84,4141.13,4141.42,4141.5,4143.14,4141.43,4141.72,261
2026-07-06 11:40:00,4141.38,4141.53,4140.15,4140.36,4141.68,4141.83,4140.45,4140.66,252
2026-07-06 11:41:00,4140.42,4141.27,4139.94,4140.03,4140.72,4141.57,4140.24,4140.33,260
2026-07-06 11:42:00,4140.13,4140.55,4139.78,4140.28,4140.43,4140.85,4140.08,4140.58,173
2026-07-06 11:43:00,4140.2,4141.46,4140.09,4141.32,4140.5,4141.76,4140.39,4141.62,210
2026-07-06 11:44:00,4141.3,4141.5,4139.34,4139.34,4141.6,4141.8,4139.64,4139.64,196
2026-07-06 11:45:00,4139.28,4140.36,4139.06,4140.04,4139.58,4140.66,4139.36,4140.34,234
2026-07-06 11:46:00,4140.03,4140.74,4139.32,4140.61,4140.33,4141.04,4139.62,4140.91,192
2026-07-06 11:47:00,4140.59,4140.88,4140.28,4140.55,4140.89,4141.18,4140.58,4140.85,187
2026-07-06 11:48:00,4140.57,4141.16,4139.77,4139.88,4140.87,4141.46,4140.07,4140.18,203
2026-07-06 11:49:00,4139.9,4140.37,4139.28,4140.2,4140.2,4140.67,4139.58,4140.5,232
2026-07-06 11:50:00,4140.19,4142.57,4140.19,4142.57,4140.49,4142.87,4140.49,4142.87,193
2026-07-06 11:51:00,4142.58,4143.29,4142.18,4143.08,4142.88,4143.59,4142.48,4143.38,223
2026-07-06 11:52:00,4143.04,4143.3,4141.88,4142.01,4143.34,4143.6,4142.18,4142.31,173
2026-07-06 11:53:00,4142.02,4142.73,4141.49,4142.71,4142.32,4143.03,4141.79,4143.01,217
2026-07-06 11:54:00,4142.77,4142.77,4141.51,4142.28,4143.07,4143.07,4141.81,4142.58,221
2026-07-06 11:55:00,4142.3,4142.95,4141.93,4142.51,4142.6,4143.25,4142.23,4142.81,222
2026-07-06 11:56:00,4142.6,4143.88,4142.32,4143.61,4142.9,4144.18,4142.62,4143.91,209
2026-07-06 11:57:00,4143.58,4143.72,4143.21,4143.49,4143.88,4144.02,4143.51,4143.79,202
2026-07-06 11:58:00,4143.48,4144.76,4143.38,4143.5,4143.78,4145.06,4143.68,4143.8,191
2026-07-06 11:59:00,4143.46,4143.46,4142.84,4143.15,4143.76,4143.76,4143.14,4143.45,195
2026-07-06 12:00:00,4143.16,4144.36,4143.16,4144.2,4143.46,4144.66,4143.46,4144.5,230
2026-07-06 12:01:00,4144.19,4144.96,4143.94,4144.03,4144.49,4145.26,4144.24,4144.33,211
2026-07-06 12:02:00,4144.07,4144.32,4142.08,4142.42,4144.37,4144.62,4142.38,4142.72,272
2026-07-06 12:03:00,4142.38,4142.94,4142.36,4142.84,4142.68,4143.24,4142.66,4143.14,159
2026-07-06 12:04:00,4142.82,4143.82,4142.82,4143.82,4143.12,4144.12,4143.12,4144.12,140
2026-07-06 12:05:00,4143.78,4143.78,4142.51,4143.17,4144.08,4144.08,4142.81,4143.47,198
2026-07-06 12:06:00,4143.13,4143.46,4142.23,4143.24,4143.43,4143.76,4142.53,4143.54,164
2026-07-06 12:07:00,4143.23,4144.11,4142.61,4143.16,4143.53,4144.41,4142.91,4143.46,185
2026-07-06 12:08:00,4143.18,4143.96,4143.0,4143.86,4143.48,4144.26,4143.3,4144.16,177
2026-07-06 12:09:00,4143.9,4144.64,4143.9,4144.48,4144.2,4144.94,4144.2,4144.78,148
2026-07-06 12:10:00,4144.41,4144.57,4143.8,4144.55,4144.71,4144.87,4144.1,4144.85,171
2026-07-06 12:11:00,4144.59,4145.74,4144.59,4145.74,4144.89,4146.04,4144.89,4146.04,174
2026-07-06 12:12:00,4145.78,4146.77,4145.59,4146.56,4146.08,4147.07,4145.89,4146.86,174
2026-07-06 12:13:00,4146.55,4146.61,4146.17,4146.55,4146.85,4146.91,4146.47,4146.85,125
2026-07-06 12:14:00,4146.57,4148.57,4146.42,4148.33,4146.87,4148.87,4146.72,4148.63,144
2026-07-06 12:15:00,4148.32,4148.32,4147.47,4147.98,4148.62,4148.62,4147.77,4148.28,205
2026-07-06 12:16:00,4147.95,4148.86,4147.88,4148.71,4148.25,4149.16,4148.18,4149.01,180
2026-07-06 12:17:00,4148.82,4149.15,4147.97,4148.71,4149.12,4149.45,4148.27,4149.01,189
2026-07-06 12:18:00,4148.7,4150.27,4148.18,4150.23,4149.0,4150.57,4148.48,4150.53,231
2026-07-06 12:19:00,4150.24,4150.68,4149.32,4149.75,4150.54,4150.98,4149.62,4150.05,250
2026-07-06 12:20:00,4149.78,4149.88,4148.75,4149.74,4150.08,4150.18,4149.05,4150.04,195
2026-07-06 12:21:00,4149.73,4149.92,4148.84,4149.05,4150.03,4150.22,4149.14,4149.35,136
2026-07-06 12:22:00,4149.03,4149.8,4148.82,4149.57,4149.33,4150.1,4149.12,4149.87,149
2026-07-06 12:23:00,4149.59,4149.84,4149.21,4149.82,4149.89,4150.14,4149.51,4150.12,99
2026-07-06 12:24:00,4149.86,4150.81,4149.84,4150.23,4150.16,4151.11,4150.14,4150.53,205
2026-07-06 12:25:00,4150.3,4150.74,4149.67,4150.01,4150.6,4151.04,4149.97,4150.31,194
2026-07-06 12:26:00,4150.02,4150.07,4148.49,4148.76,4150.32,4150.37,4148.79,4149.06,240
2026-07-06 12:27:00,4148.78,4150.07,4148.67,4149.07,4149.08,4150.37,4148.97,4149.37,251
2026-07-06 12:28:00,4149.05,4150.16,4148.75,4149.13,4149.35,4150.46,4149.05,4149.43,194
2026-07-06 12:29:00,4149.14,4149.22,4148.49,4148.83,4149.44,4149.52,4148.79,4149.13,215
2026-07-06 12:30:00,4148.84,4150.95,4148.61,4150.46,4149.14,4151.25,4148.91,4150.76,243
2026-07-06 12:31:00,4150.52,4150.96,4149.83,4150.87,4150.82,4151.26,4150.13,4151.17,258
2026-07-06 12:32:00,4150.92,4151.08,4149.96,4150.49,4151.22,4151.38,4150.26,4150.79,208
2026-07-06 12:33:00,4150.6,4152.78,4150.6,4152.78,4150.9,4153.08,4150.9,4153.08,218
2026-07-06 12:34:00,4152.76,4154.35,4152.69,4154.11,4153.06,4154.65,4152.99,4154.41,252
2026-07-06 12:35:00,4154.18,4154.3,4152.47,4152.9,4154.48,4154.6,4152.77,4153.2,234
2026-07-06 12:36:00,4152.88,4154.82,4152.88,4154.57,4153.18,4155.12,4153.18,4154.87,302
2026-07-06 12:37:00,4154.68,4154.69,4153.44,4153.45,4154.98,4154.99,4153.74,4153.75,262
2026-07-06 12:38:00,4153.46,4153.98,4153.28,4153.36,4153.76,4154.28,4153.58,4153.66,216
2026-07-06 12:39:00,4153.38,4153.57,4152.8,4153.05,4153.68,4153.87,4153.1,4153.35,203
2026-07-06 12:40:00,4153.11,4153.43,4152.8,4152.84,4153.41,4153.73,4153.1,4153.14,185
2026-07-06 12:41:00,4152.82,4154.39,4152.82,4153.68,4153.12,4154.69,4153.12,4153.98,233
2026-07-06 12:42:00,4153.69,4154.87,4153.33,4154.33,4153.99,4155.17,4153.63,4155.08,203
2026-07-06 12:43:00,4154.52,4155.59,4154.38,4154.38,4154.82,4155.89,4154.68,4154.68,305
2026-07-06 12:44:00,4154.4,4154.74,4154.08,4154.34,4154.7,4155.04,4154.38,4154.64,166
2026-07-06 12:45:00,4154.33,4154.52,4153.2,4153.31,4154.63,4154.82,4153.5,4153.61,213
2026-07-06 12:46:00,4153.43,4154.2,4153.12,4154.19,4153.73,4154.5,4153.42,4154.49,245
2026-07-06 12:47:00,4154.18,4154.54,4153.49,4153.91,4154.48,4154.84,4153.79,4154.21,233
2026-07-06 12:48:00,4154.01,4154.94,4153.78,4153.81,4154.31,4155.24,4154.08,4154.11,235
2026-07-06 12:49:00,4153.83,4154.26,4153.34,4153.61,4154.13,4154.56,4153.64,4153.91,272
2026-07-06 12:50:00,4153.69,4154.35,4153.28,4154.33,4153.99,4154.65,4153.58,4154.63,191
2026-07-06 12:51:00,4154.31,4154.48,4153.73,4154.19,4154.61,4154.78,4154.03,4154.49,196
2026-07-06 12:52:00,4154.11,4155.41,4154.1,4155.22,4154.41,4155.71,4154.4,4155.52,283
2026-07-06 12:53:00,4155.24,4155.74,4153.39,4153.63,4155.54,4156.04,4153.69,4153.93,290
2026-07-06 12:54:00,4153.67,4153.86,4152.58,4153.35,4153.97,4154.16,4152.88,4153.65,277
2026-07-06 12:55:00,4153.33,4153.42,4152.39,4152.43,4153.63,4153.72,4152.69,4152.73,175
2026-07-06 12:56:00,4152.42,4154.38,4152.38,4154.03,4152.72,4154.68,4152.68,4154.33,242
2026-07-06 12:57:00,4154.05,4154.61,4153.96,4154.36,4154.35,4154.91,4154.26,4154.66,174
2026-07-06 12:58:00,4154.43,4155.01,4154.34,4154.65,4154.73,4155.31,4154.64,4154.95,185
2026-07-06 12:59:00,4154.68,4155.1,4153.86,4154.93,4154.98,4155.4,4154.16,4155.23,234
2026-07-06 13:00:00,4154.94,4156.32,4154.11,4155.8,4155.24,4156.62,4154.41,4156.1,376
2026-07-06 13:01:00,4155.78,4155.78,4152.52,4152.59,4156.08,4156.08,4152.82,4152.89,345
2026-07-06 13:02:00,4152.63,4153.49,4152.38,4152.7,4152.93,4153.79,4152.81,4153.0,308
2026-07-06 13:03:00,4152.71,4153.13,4151.71,4152.8,4153.01,4153.43,4152.01,4153.1,286
2026-07-06 13:04:00,4152.79,4153.23,4152.25,4152.28,4153.09,4153.53,4152.55,4152.58,208
2026-07-06 13:05:00,4152.27,4154.13,4152.22,4153.64,4152.57,4154.43,4152.52,4153.94,322
2026-07-06 13:06:00,4153.6,4153.8,4152.84,4153.75,4153.9,4154.1,4153.14,4154.05,218
2026-07-06 13:07:00,4153.76,4154.13,4152.86,4152.95,4154.06,4154.43,4153.16,4153.25,223
2026-07-06 13:08:00,4152.96,4153.17,4151.79,4152.06,4153.26,4153.47,4152.09,4152.36,283
2026-07-06 13:09:00,4152.09,4152.82,4152.09,4152.55,4152.39,4153.12,4152.39,4152.85,183
2026-07-06 13:10:00,4152.57,4152.63,4152.02,4152.02,4152.87,4152.93,4152.32,4152.32,220
2026-07-06 13:11:00,4152.05,4153.01,4151.86,4152.04,4152.35,4153.31,4152.16,4152.34,232
2026-07-06 13:12:00,4152.16,4152.84,4151.4,4152.8,4152.46,4153.14,4151.7,4153.1,225
2026-07-06 13:13:00,4152.95,4154.3,4152.95,4154.19,4153.25,4154.6,4153.25,4154.49,251
2026-07-06 13:14:00,4154.13,4155.01,4153.75,4154.82,4154.43,4155.31,4154.05,4155.12,215
2026-07-06 13:15:00,4154.89,4155.22,4153.63,4154.44,4155.19,4155.52,4153.93,4154.74,255
2026-07-06 13:16:00,4154.4,4154.85,4153.89,4154.42,4154.7,4155.15,4154.19,4154.72,221
2026-07-06 13:17:00,4154.41,4156.98,4154.06,4156.39,4154.71,4157.28,4154.36,4156.69,290
2026-07-06 13:18:00,4156.37,4158.41,4156.34,4157.97,4156.67,4158.71,4156.64,4158.27,311
2026-07-06 13:19:00,4157.96,4158.28,4157.25,4157.48,4158.26,4158.58,4157.55,4157.78,294
2026-07-06 13:20:00,4157.39,4157.39,4155.92,4156.15,4157.69,4157.69,4156.22,4156.45,221
2026-07-06 13:21:00,4156.12,4156.18,4155.54,4155.82,4156.42,4156.48,4155.84,4156.12,214
2026-07-06 13:22:00,4155.76,4156.65,4155.51,4156.29,4156.06,4156.95,4155.81,4156.59,221
2026-07-06 13:23:00,4156.34,4157.07,4156.15,4156.99,4156.64,4157.37,4156.45,4157.29,168
2026-07-06 13:24:00,4156.97,4157.34,4156.34,4156.65,4157.27,4157.64,4156.64,4156.95,211
2026-07-06 13:25:00,4156.69,4158.8,4156.62,4158.4,4156.99,4159.1,4156.92,4158.7,285
2026-07-06 13:26:00,4158.5,4159.14,4158.04,4159.01,4158.8,4159.44,4158.34,4159.31,220
2026-07-06 13:27:00,4159.06,4159.47,4156.92,4156.92,4159.36,4159.77,4157.22,4157.22,294
2026-07-06 13:28:00,4156.84,4157.01,4156.08,4156.17,4157.14,4157.31,4156.38,4156.47,211
2026-07-06 13:29:00,4156.13,4156.16,4154.81,4154.91,4156.43,4156.46,4155.11,4155.21,232
2026-07-06 13:30:00,4154.87,4155.85,4154.82,4155.39,4155.17,4156.15,4155.12,4155.69,234
2026-07-06 13:31:00,4155.37,4156.93,4155.1,4156.82,4155.67,4157.23,4155.4,4157.12,261
2026-07-06 13:32:00,4156.85,4158.04,4156.4,4158.04,4157.15,4158.34,4156.7,4158.34,247
2026-07-06 13:33:00,4158.01,4158.71,4157.27,4157.6,4158.31,4159.01,4157.57,4157.9,260
2026-07-06 13:34:00,4157.55,4157.85,4157.18,4157.39,4157.85,4158.15,4157.48,4157.69,160
2026-07-06 13:35:00,4157.46,4157.51,4156.2,4156.46,4157.76,4157.81,4156.5,4156.76,201
2026-07-06 13:36:00,4156.47,4156.47,4154.67,4154.97,4156.77,4156.77,4154.97,4155.27,221
2026-07-06 13:37:00,4154.93,4155.56,4154.57,4154.84,4155.23,4155.86,4154.87,4155.14,208
2026-07-06 13:38:00,4154.83,4155.42,4154.55,4154.83,4155.13,4155.72,4154.85,4155.13,255
2026-07-06 13:39:00,4154.79,4155.37,4154.32,4155.13,4155.09,4155.67,4154.62,4155.43,208
2026-07-06 13:40:00,4155.15,4155.82,4154.67,4154.86,4155.45,4156.12,4154.97,4155.16,249
2026-07-06 13:41:00,4154.88,4155.55,4154.81,4155.28,4155.18,4155.85,4155.11,4155.58,177
2026-07-06 13:42:00,4155.3,4155.3,4153.52,4154.04,4155.6,4155.6,4153.82,4154.34,252
2026-07-06 13:43:00,4154.12,4154.76,4153.88,4154.38,4154.42,4155.06,4154.18,4154.68,234
2026-07-06 13:44:00,4154.31,4154.31,4152.53,4153.5,4154.61,4154.61,4152.83,4153.8,268
2026-07-06 13:45:00,4153.6,4155.23,4153.6,4154.26,4153.9,4155.53,4153.9,4154.56,251
2026-07-06 13:46:00,4154.27,4154.49,4153.38,4153.57,4154.57,4154.79,4153.68,4153.87,218
2026-07-06 13:47:00,4153.58,4153.87,4152.87,4153.1,4153.88,4154.17,4153.17,4153.4,210
2026-07-06 13:48:00,4153.04,4153.48,4152.26,4153.39,4153.34,4153.78,4152.56,4153.69,233
2026-07-06 13:49:00,4153.44,4153.49,4152.56,4152.7,4153.74,4153.79,4152.86,4153.0,175
2026-07-06 13:50:00,4152.71,4153.08,4151.86,4152.54,4153.01,4153.38,4152.16,4152.84,239
2026-07-06 13:51:00,4152.53,4153.8,4152.19,4153.8,4152.83,4154.1,4152.49,4154.1,258
2026-07-06 13:52:00,4153.84,4153.84,4152.19,4152.49,4154.14,4154.14,4152.49,4152.79,235
2026-07-06 13:53:00,4152.52,4154.37,4152.42,4153.93,4152.82,4154.67,4152.72,4154.23,254
2026-07-06 13:54:00,4153.94,4155.18,4153.71,4155.15,4154.24,4155.48,4154.01,4155.45,244
2026-07-06 13:55:00,4155.16,4155.72,4154.64,4155.5,4155.46,4156.02,4154.94,4155.8,260
2026-07-06 13:56:00,4155.46,4155.46,4154.23,4154.27,4155.76,4155.76,4154.53,4154.57,204
2026-07-06 13:57:00,4154.21,4155.82,4154.17,4154.67,4154.51,4156.12,4154.47,4154.97,204
2026-07-06 13:58:00,4154.61,4154.8,4153.82,4154.43,4154.91,4155.1,4154.12,4154.73,204
2026-07-06 13:59:00,4154.4,4155.76,4154.37,4155.2,4154.7,4156.06,4154.67,4155.5,213
2026-07-06 14:00:00,4155.26,4156.3,4153.83,4156.05,4155.56,4156.6,4154.13,4156.35,390
2026-07-06 14:01:00,4156.03,4157.05,4155.32,4156.98,4156.33,4157.35,4155.62,4157.28,309
2026-07-06 14:02:00,4156.99,4157.45,4155.53,4157.41,4157.29,4157.75,4155.83,4157.71,341
2026-07-06 14:03:00,4157.39,4158.34,4156.98,4158.06,4157.69,4158.64,4157.28,4158.36,276
2026-07-06 14:04:00,4158.03,4158.33,4156.12,4156.33,4158.33,4158.63,4156.42,4156.63,296
2026-07-06 14:05:00,4156.39,4157.0,4156.18,4156.73,4156.69,4157.3,4156.48,4157.03,269
2026-07-06 14:06:00,4156.7,4158.34,4156.45,4158.11,4157.0,4158.64,4156.75,4158.41,267
2026-07-06 14:07:00,4158.21,4158.21,4156.97,4157.2,4158.51,4158.51,4157.27,4157.5,204
2026-07-06 14:08:00,4157.23,4157.48,4156.25,4157.02,4157.53,4157.78,4156.55,4157.32,235
2026-07-06 14:09:00,4157.01,4158.09,4156.33,4156.41,4157.31,4158.39,4156.63,4156.71,271
2026-07-06 14:10:00,4156.29,4157.09,4154.74,4154.79,4156.59,4157.39,4155.04,4155.09,269
2026-07-06 14:11:00,4154.83,4155.74,4154.52,4155.07,4155.13,4156.04,4154.82,4155.37,252
2026-07-06 14:12:00,4154.98,4155.67,4154.29,4155.04,4155.28,4155.97,4154.59,4155.34,279
2026-07-06 14:13:00,4155.07,4155.5,4154.52,4155.1,4155.37,4155.8,4154.82,4155.4,227
2026-07-06 14:14:00,4155.07,4156.55,4153.63,4156.03,4155.37,4156.86,4153.93,4156.33,340
2026-07-06 14:15:00,4156.01,4156.31,4155.23,4156.08,4156.31,4156.61,4155.53,4156.38,289
2026-07-06 14:16:00,4156.07,4156.47,4155.42,4156.02,4156.37,4156.77,4155.72,4156.32,225
2026-07-06 14:17:00,4156.03,4157.04,4154.87,4155.25,4156.33,4157.34,4155.17,4155.55,259
2026-07-06 14:18:00,4155.27,4156.62,4155.14,4156.05,4155.57,4156.92,4155.44,4156.35,284
2026-07-06 14:19:00,4156.06,4156.64,4155.45,4155.64,4156.36,4156.94,4155.75,4155.94,220
2026-07-06 14:20:00,4155.71,4157.5,4152.88,4153.38,4156.01,4157.8,4153.18,4153.68,490
2026-07-06 14:21:00,4153.39,4153.86,4148.91,4149.72,4153.69,4154.16,4149.21,4150.02,547
2026-07-06 14:22:00,4149.75,4150.59,4148.24,4148.31,4150.05,4150.89,4148.54,4148.61,335
2026-07-06 14:23:00,4148.34,4148.64,4146.76,4148.27,4148.64,4148.94,4147.06,4148.57,387
2026-07-06 14:24:00,4148.25,4148.63,4146.68,4147.02,4148.55,4148.93,4146.98,4147.32,314
2026-07-06 14:25:00,4147.05,4148.65,4146.46,4147.98,4147.35,4148.95,4146.76,4148.28,453
2026-07-06 14:26:00,4147.9,4149.65,4147.38,4148.63,4148.2,4149.95,4147.68,4148.93,432
2026-07-06 14:27:00,4148.65,4148.75,4145.44,4145.85,4148.95,4149.05,4145.74,4146.15,417
2026-07-06 14:28:00,4145.83,4146.35,4145.46,4145.65,4146.13,4146.65,4145.76,4145.95,309
2026-07-06 14:29:00,4145.74,4146.36,4145.04,4145.66,4146.04,4146.66,4145.34,4145.96,305
2026-07-06 14:30:00,4145.71,4146.22,4143.91,4144.26,4146.01,4146.52,4144.21,4144.56,436
2026-07-06 14:31:00,4144.32,4144.57,4143.49,4143.68,4144.62,4144.87,4143.79,4143.98,364
2026-07-06 14:32:00,4143.59,4144.26,4142.49,4143.95,4143.89,4144.56,4142.79,4144.25,315
2026-07-06 14:33:00,4143.87,4145.13,4143.15,4144.49,4144.17,4145.43,4143.45,4144.79,328
2026-07-06 14:34:00,4144.51,4145.18,4143.17,4143.81,4144.81,4145.48,4143.47,4144.11,347
2026-07-06 14:35:00,4143.77,4143.95,4141.78,4142.1,4144.07,4144.25,4142.08,4142.4,304
2026-07-06 14:36:00,4142.08,4142.36,4139.8,4140.99,4142.38,4142.66,4140.1,4141.29,440
2026-07-06 14:37:00,4140.94,4141.85,4140.05,4141.67,4141.24,4142.15,4140.35,4141.97,328
2026-07-06 14:38:00,4141.57,4141.61,4140.27,4140.57,4141.87,4141.91,4140.57,4140.87,328
2026-07-06 14:39:00,4140.48,4140.48,4138.32,4139.59,4140.78,4140.78,4138.62,4139.89,375
2026-07-06 14:40:00,4139.63,4140.1,4138.53,4139.98,4139.93,4140.4,4138.83,4140.28,349
2026-07-06 14:41:00,4139.96,4139.96,4134.26,4134.77,4140.26,4140.26,4134.56,4135.07,582
2026-07-06 14:42:00,4134.67,4134.67,4132.13,4133.0,4134.97,4134.97,4132.43,4133.3,620
2026-07-06 14:43:00,4132.99,4133.34,4131.38,4133.34,4133.29,4133.64,4131.68,4133.64,468
2026-07-06 14:44:00,4133.24,4133.92,4132.48,4133.34,4133.54,4134.22,4132.78,4133.64,389
2026-07-06 14:45:00,4133.32,4137.56,4133.13,4136.96,4133.62,4137.86,4133.43,4137.26,484
2026-07-06 14:46:00,4137.0,4140.63,4136.45,4138.84,4137.3,4140.93,4136.75,4139.14,581
2026-07-06 14:47:00,4138.79,4138.88,4137.2,4137.59,4139.09,4139.18,4137.5,4137.89,371
2026-07-06 14:48:00,4137.71,4138.05,4135.54,4135.86,4138.01,4138.35,4135.84,4136.16,314
2026-07-06 14:49:00,4135.88,4135.98,4133.96,4135.17,4136.18,4136.28,4134.26,4135.47,306
2026-07-06 14:50:00,4135.1,4137.18,4134.34,4136.97,4135.4,4137.48,4134.64,4137.27,448
2026-07-06 14:51:00,4136.99,4138.19,4136.67,4137.23,4137.29,4138.49,4136.97,4137.53,315
2026-07-06 14:52:00,4137.21,4139.51,4137.21,4138.56,4137.51,4139.81,4137.51,4138.86,344
2026-07-06 14:53:00,4138.55,4139.7,4137.27,4138.79,4138.85,4140.0,4137.57,4139.09,368
2026-07-06 14:54:00,4138.85,4139.98,4138.71,4139.36,4139.15,4140.28,4139.01,4139.66,336
2026-07-06 14:55:00,4139.3,4141.12,4139.09,4141.11,4139.6,4141.42,4139.39,4141.41,278
2026-07-06 14:56:00,4141.08,4142.15,4140.73,4141.34,4141.38,4142.45,4141.03,4141.64,298
2026-07-06 14:57:00,4141.33,4142.74,4140.31,4140.46,4141.63,4143.04,4140.61,4140.76,344
2026-07-06 14:58:00,4140.51,4142.28,4140.27,4142.1,4140.81,4142.58,4140.57,4142.4,318
2026-07-06 14:59:00,4142.08,4142.08,4139.35,4139.59,4142.38,4142.38,4139.65,4139.89,311
2026-07-06 15:00:00,4139.63,4145.21,4136.96,4145.2,4139.93,4145.51,4137.26,4145.5,927
2026-07-06 15:01:00,4145.28,4145.77,4143.13,4144.36,4145.58,4146.07,4143.43,4144.66,498
2026-07-06 15:02:00,4144.41,4146.6,4144.22,4145.28,4144.71,4146.9,4144.52,4145.58,493
2026-07-06 15:03:00,4145.32,4146.62,4143.19,4143.23,4145.62,4146.92,4143.49,4143.53,488
2026-07-06 15:04:00,4143.31,4144.88,4141.91,4144.73,4143.61,4145.18,4142.21,4145.03,523
2026-07-06 15:05:00,4144.65,4145.04,4142.74,4143.96,4144.95,4145.34,4143.04,4144.26,419
2026-07-06 15:06:00,4143.98,4146.39,4143.98,4146.07,4144.28,4146.69,4144.28,4146.37,376
2026-07-06 15:07:00,4146.09,4148.27,4145.36,4148.15,4146.39,4148.57,4145.66,4148.45,472
2026-07-06 15:08:00,4148.17,4148.33,4147.22,4147.5,4148.47,4148.63,4147.52,4147.8,388
2026-07-06 15:09:00,4147.53,4147.66,4145.06,4145.46,4147.83,4147.96,4145.36,4145.76,381
2026-07-06 15:10:00,4145.42,4146.7,4145.16,4146.34,4145.72,4147.0,4145.46,4146.64,331
2026-07-06 15:11:00,4146.38,4148.41,4145.45,4145.6,4146.68,4148.71,4145.75,4145.9,403
2026-07-06 15:12:00,4145.62,4147.22,4144.05,4146.79,4145.92,4147.52,4144.35,4147.09,386
2026-07-06 15:13:00,4146.8,4146.95,4144.16,4145.03,4147.1,4147.25,4144.46,4145.33,400
2026-07-06 15:14:00,4144.97,4145.09,4140.74,4141.15,4145.27,4145.39,4141.04,4141.45,460
2026-07-06 15:15:00,4141.23,4142.28,4138.57,4139.97,4141.53,4142.58,4138.87,4140.27,551
2026-07-06 15:16:00,4140.06,4141.67,4138.9,4139.74,4140.36,4141.97,4139.2,4140.04,458
2026-07-06 15:17:00,4139.66,4141.3,4139.5,4140.96,4139.96,4141.6,4139.8,4141.26,373
2026-07-06 15:18:00,4140.92,4141.3,4138.8,4139.77,4141.22,4141.6,4139.1,4140.07,430
2026-07-06 15:19:00,4139.76,4140.84,4138.74,4139.82,4140.06,4141.14,4139.04,4140.12,363
2026-07-06 15:20:00,4139.83,4141.48,4139.42,4140.26,4140.13,4141.78,4139.72,4140.56,434
2026-07-06 15:21:00,4140.2,4143.27,4140.1,4143.07,4140.5,4143.57,4140.4,4143.37,454
2026-07-06 15:22:00,4143.11,4147.33,4143.11,4147.33,4143.41,4147.63,4143.41,4147.63,443
2026-07-06 15:23:00,4147.35,4148.45,4146.14,4147.97,4147.65,4148.75,4146.44,4148.27,403
2026-07-06 15:24:00,4147.94,4148.21,4146.08,4146.55,4148.24,4148.51,4146.38,4146.85,301
2026-07-06 15:25:00,4146.64,4148.71,4146.4,4146.52,4146.94,4149.01,4146.7,4146.82,406
2026-07-06 15:26:00,4146.51,4147.04,4145.43,4145.49,4146.81,4147.34,4145.73,4145.79,296
2026-07-06 15:27:00,4145.57,4146.21,4143.11,4143.51,4145.87,4146.51,4143.41,4143.81,344
2026-07-06 15:28:00,4143.55,4144.32,4142.28,4143.13,4143.85,4144.62,4142.58,4143.43,398
2026-07-06 15:29:00,4143.06,4144.42,4142.32,4142.32,4143.36,4144.72,4142.62,4142.62,412
2026-07-06 15:30:00,4142.21,4146.86,4141.92,4143.25,4142.51,4147.16,4142.22,4143.55,965
2026-07-06 15:31:00,4143.27,4146.16,4142.11,4146.16,4143.57,4146.46,4142.41,4146.46,746
2026-07-06 15:32:00,4146.17,4147.87,4144.95,4147.83,4146.47,4148.17,4145.25,4148.13,654
2026-07-06 15:33:00,4147.79,4147.88,4145.64,4146.73,4148.09,4148.18,4145.94,4147.03,526
2026-07-06 15:34:00,4146.74,4150.03,4146.18,4149.05,4147.04,4150.33,4146.48,4149.35,706
2026-07-06 15:35:00,4149.0,4149.27,4146.0,4146.83,4149.3,4149.57,4146.3,4147.13,666
2026-07-06 15:36:00,4146.8,4147.81,4143.76,4144.53,4147.1,4148.11,4144.06,4144.83,700
2026-07-06 15:37:00,4144.55,4146.99,4144.55,4145.98,4144.85,4147.29,4144.85,4146.28,504
2026-07-06 15:38:00,4145.99,4148.58,4145.91,4146.22,4146.29,4148.88,4146.21,4146.52,551
2026-07-06 15:39:00,4146.2,4149.1,4146.12,4148.96,4146.5,4149.4,4146.42,4149.26,601
2026-07-06 15:40:00,4148.97,4150.46,4148.19,4149.54,4149.27,4150.76,4148.49,4149.84,556
2026-07-06 15:41:00,4149.53,4150.27,4146.67,4147.67,4149.83,4150.57,4146.97,4147.97,567
2026-07-06 15:42:00,4147.68,4147.68,4144.58,4146.47,4147.98,4147.98,4144.88,4146.77,599
2026-07-06 15:43:00,4146.49,4146.49,4144.46,4145.63,4146.79,4146.79,4144.76,4145.93,499
2026-07-06 15:44:00,4145.56,4149.22,4145.56,4149.12,4145.86,4149.52,4145.86,4149.42,402
2026-07-06 15:45:00,4149.2,4149.53,4145.02,4145.85,4149.5,4149.83,4145.32,4146.15,555
2026-07-06 15:46:00,4145.81,4147.4,4141.84,4142.43,4146.11,4147.7,4142.14,4142.73,658
2026-07-06 15:47:00,4142.35,4142.77,4141.19,4142.59,4142.65,4143.07,4141.49,4142.89,489
2026-07-06 15:48:00,4142.52,4145.35,4141.6,4144.47,4142.82,4145.65,4141.9,4144.77,554
2026-07-06 15:49:00,4144.49,4146.69,4144.13,4146.55,4144.79,4146.99,4144.43,4146.85,464
2026-07-06 15:50:00,4146.63,4148.75,4145.11,4145.23,4146.93,4149.05,4145.41,4145.53,545
2026-07-06 15:51:00,4145.24,4145.99,4144.15,4145.03,4145.54,4146.29,4144.45,4145.33,415
2026-07-06 15:52:00,4145.06,4145.34,4142.39,4143.84,4145.36,4145.64,4142.69,4144.14,662
2026-07-06 15:53:00,4143.77,4145.41,4143.32,4145.11,4144.07,4145.71,4143.62,4145.41,495
2026-07-06 15:54:00,4145.13,4147.27,4144.03,4145.99,4145.43,4147.57,4144.33,4146.29,519
2026-07-06 15:55:00,4146.0,4146.61,4142.59,4143.07,4146.3,4146.91,4142.89,4143.37,460
2026-07-06 15:56:00,4143.09,4143.4,4140.99,4142.23,4143.39,4143.7,4141.29,4142.53,585
2026-07-06 15:57:00,4142.29,4142.9,4141.26,4142.11,4142.59,4143.2,4141.56,4142.41,485
2026-07-06 15:58:00,4142.02,4143.09,4136.45,4139.47,4142.32,4143.39,4136.75,4139.77,531
2026-07-06 15:59:00,4139.49,4141.66,4139.28,4140.76,4139.79,4141.96,4139.58,4141.06,345
2026-07-06 16:00:00,4140.43,4142.44,4138.93,4140.15,4140.73,4142.74,4139.23,4140.45,826
2026-07-06 16:01:00,4140.26,4145.47,4140.17,4144.2,4140.56,4145.77,4140.47,4144.5,664
2026-07-06 16:02:00,4144.11,4147.11,4143.25,4143.98,4144.41,4147.41,4143.55,4144.28,596
2026-07-06 16:03:00,4144.01,4144.11,4141.31,4141.58,4144.31,4144.41,4141.61,4141.88,531
2026-07-06 16:04:00,4142.44,4143.56,4140.17,4140.69,4141.86,4143.86,4140.47,4140.99,306
2026-07-06 16:05:00,4140.78,4142.93,4139.88,4140.44,4141.08,4143.23,4140.18,4140.74,532
2026-07-06 16:06:00,4140.4,4141.04,4139.03,4139.54,4140.7,4141.34,4139.33,4139.84,589
2026-07-06 16:07:00,4139.55,4140.53,4134.44,4135.03,4139.85,4140.83,4134.74,4135.33,741
2026-07-06 16:08:00,4134.93,4135.83,4133.5,4134.83,4135.23,4136.13,4133.8,4135.13,1220
2026-07-06 16:09:00,4134.79,4137.21,4133.8,4136.17,4135.09,4137.51,4134.1,4136.47,517
2026-07-06 16:10:00,4136.1,4144.82,4135.86,4144.07,4136.4,4145.12,4136.16,4144.37,645
2026-07-06 16:11:00,4144.15,4144.99,4141.4,4141.75,4144.45,4145.29,4141.7,4142.05,479
2026-07-06 16:12:00,4141.71,4142.96,4139.32,4141.69,4142.01,4143.26,4139.62,4141.99,542
2026-07-06 16:13:00,4141.65,4143.59,4141.61,4142.56,4141.95,4143.89,4141.91,4142.86,397
2026-07-06 16:14:00,4142.58,4142.58,4140.04,4140.49,4142.88,4142.88,4140.34,4140.79,430
2026-07-06 16:15:00,4140.56,4140.79,4136.4,4138.61,4140.86,4141.09,4136.7,4138.91,546
2026-07-06 16:16:00,4138.57,4139.15,4136.6,4137.65,4138.87,4139.45,4136.9,4137.95,450
2026-07-06 16:17:00,4137.61,4139.29,4137.19,4138.65,4137.91,4139.59,4137.49,4138.95,978
2026-07-06 16:18:00,4138.63,4138.86,4134.48,4134.88,4138.93,4139.16,4134.78,4135.18,1084
2026-07-06 16:19:00,4134.89,4136.62,4134.46,4136.32,4135.19,4136.92,4134.76,4136.62,1004
2026-07-06 16:20:00,4136.34,4138.04,4135.31,4135.32,4136.64,4138.34,4135.61,4135.62,978
2026-07-06 16:21:00,4135.3,4135.85,4133.34,4135.57,4135.6,4136.15,4133.64,4135.87,964
2026-07-06 16:22:00,4135.59,4138.41,4135.33,4136.99,4135.89,4138.71,4135.63,4137.29,477
2026-07-06 16:23:00,4137.02,4137.05,4133.77,4135.34,4137.32,4137.35,4134.07,4135.64,467
2026-07-06 16:24:00,4135.33,4136.01,4132.27,4132.59,4135.63,4136.31,4132.57,4132.89,491
2026-07-06 16:25:00,4132.71,4135.1,4132.71,4134.42,4133.01,4135.4,4133.01,4134.72,601
2026-07-06 16:26:00,4134.43,4135.57,4133.9,4135.09,4134.73,4135.87,4134.2,4135.39,516
2026-07-06 16:27:00,4135.1,4136.99,4133.51,4136.73,4135.4,4137.29,4133.81,4137.03,415
2026-07-06 16:28:00,4136.72,4138.85,4136.49,4138.03,4137.02,4139.15,4136.79,4138.33,463
2026-07-06 16:29:00,4138.05,4138.42,4136.24,4137.09,4138.35,4138.72,4136.54,4137.39,424
2026-07-06 16:30:00,4137.11,4137.79,4134.54,4136.17,4137.41,4138.09,4134.84,4136.47,746
2026-07-06 16:31:00,4136.15,4136.56,4133.61,4134.68,4136.45,4136.86,4133.91,4134.98,412
2026-07-06 16:32:00,4134.7,4136.35,4134.4,4136.35,4135.0,4136.65,4134.7,4136.65,410
2026-07-06 16:33:00,4136.36,4139.63,4136.13,4138.78,4136.66,4139.93,4136.43,4139.08,449
2026-07-06 16:34:00,4138.8,4141.23,4138.78,4140.9,4139.1,4141.53,4139.08,4141.2,400
2026-07-06 16:35:00,4140.88,4140.99,4139.28,4139.37,4141.18,4141.29,4139.58,4139.67,405
2026-07-06 16:36:00,4139.39,4139.61,4139.0,4139.11,4139.69,4139.91,4139.3,4139.41,272
2026-07-06 16:37:00,4139.09,4141.7,4138.65,4140.99,4139.39,4142.0,4138.95,4141.29,407
2026-07-06 16:38:00,4141.02,4141.17,4138.04,4138.34,4141.32,4141.47,4138.34,4138.64,361
2026-07-06 16:39:00,4138.22,4138.57,4136.01,4137.25,4138.52,4138.87,4136.31,4137.55,469
2026-07-06 16:40:00,4137.22,4138.97,4136.54,4138.35,4137.52,4139.27,4136.84,4138.65,432
2026-07-06 16:41:00,4138.27,4138.84,4135.41,4135.72,4138.57,4139.14,4135.71,4136.02,422
2026-07-06 16:42:00,4135.73,4136.65,4134.23,4135.11,4136.03,4136.95,4134.53,4135.41,431
2026-07-06 16:43:00,4135.1,4135.91,4133.67,4133.68,4135.4,4136.21,4133.97,4133.98,422
2026-07-06 16:44:00,4133.7,4133.9,4128.47,4130.09,4134.0,4134.2,4128.77,4130.39,737
2026-07-06 16:45:00,4130.07,4133.43,4128.99,4133.09,4130.37,4133.73,4129.29,4133.39,534
2026-07-06 16:46:00,4133.07,4134.41,4132.62,4133.11,4133.37,4134.71,4132.92,4133.41,544
2026-07-06 16:47:00,4133.08,4134.28,4132.31,4132.78,4133.38,4134.58,4132.61,4133.08,812
2026-07-06 16:48:00,4132.81,4134.02,4130.96,4133.93,4133.11,4134.32,4131.26,4134.23,916
2026-07-06 16:49:00,4133.94,4134.4,4133.28,4133.51,4134.24,4134.7,4133.58,4133.81,350
2026-07-06 16:50:00,4133.46,4135.6,4133.36,4134.93,4133.76,4135.9,4133.66,4135.23,475
2026-07-06 16:51:00,4134.98,4136.55,4134.77,4135.75,4135.28,4136.85,4135.07,4136.05,397
2026-07-06 16:52:00,4135.74,4135.84,4132.79,4134.4,4136.04,4136.14,4133.09,4134.7,484
2026-07-06 16:53:00,4134.37,4135.74,4133.94,4135.36,4134.67,4136.04,4134.24,4135.66,408
2026-07-06 16:54:00,4135.3,4135.77,4134.42,4135.65,4135.6,4136.07,4134.72,4135.95,370
2026-07-06 16:55:00,4135.64,4137.11,4135.07,4135.09,4135.94,4137.41,4135.37,4135.39,326
2026-07-06 16:56:00,4135.15,4135.65,4134.13,4135.4,4135.45,4135.95,4134.43,4135.7,309
2026-07-06 16:57:00,4135.38,4137.46,4135.15,4136.87,4135.68,4137.76,4135.45,4137.17,391
2026-07-06 16:58:00,4136.85,4137.42,4136.19,4136.76,4137.15,4137.72,4136.49,4137.06,307
2026-07-06 16:59:00,4136.8,4138.17,4136.73,4138.13,4137.1,4138.47,4137.03,4138.43,284
2026-07-06 17:00:00,4138.14,4139.05,4137.48,4137.97,4138.44,4139.35,4137.78,4138.27,422
2026-07-06 17:01:00,4137.98,4139.9,4137.84,4138.2,4138.28,4140.2,4138.14,4138.5,328
2026-07-06 17:02:00,4138.26,4140.33,4137.8,4140.17,4138.56,4140.63,4138.1,4140.47,369
2026-07-06 17:03:00,4140.15,4140.96,4140.06,4140.38,4140.45,4141.26,4140.36,4140.68,562
2026-07-06 17:04:00,4140.4,4144.46,4139.95,4144.03,4140.7,4144.76,4140.25,4144.33,774
2026-07-06 17:05:00,4144.05,4144.14,4141.94,4143.05,4144.35,4144.44,4142.24,4143.35,309
2026-07-06 17:06:00,4143.12,4144.16,4142.3,4144.16,4143.42,4144.46,4142.6,4144.46,307
2026-07-06 17:07:00,4144.15,4145.01,4143.25,4144.49,4144.45,4145.31,4143.55,4144.79,366
2026-07-06 17:08:00,4144.53,4146.46,4144.43,4144.69,4144.83,4146.76,4144.73,4144.99,419
2026-07-06 17:09:00,4144.71,4145.2,4143.88,4144.26,4145.01,4145.5,4144.18,4144.56,319
2026-07-06 17:10:00,4144.35,4144.62,4143.56,4144.11,4144.65,4144.92,4143.86,4144.41,310
2026-07-06 17:11:00,4144.13,4144.46,4141.12,4141.16,4144.43,4144.76,4141.42,4141.46,491
2026-07-06 17:12:00,4141.15,4141.72,4139.88,4139.94,4141.45,4142.02,4140.18,4140.24,416
2026-07-06 17:13:00,4139.93,4141.08,4139.48,4139.63,4140.23,4141.38,4139.78,4139.93,383
2026-07-06 17:14:00,4139.53,4139.78,4138.15,4139.63,4139.83,4140.08,4138.45,4139.93,454
2026-07-06 17:15:00,4139.55,4141.59,4139.32,4141.45,4139.85,4141.89,4139.62,4141.75,362
2026-07-06 17:16:00,4141.4,4142.45,4140.57,4140.57,4141.7,4142.75,4140.87,4140.87,487
2026-07-06 17:17:00,4140.55,4142.67,4139.82,4142.18,4140.85,4142.97,4140.12,4142.48,413
2026-07-06 17:18:00,4142.13,4142.98,4141.08,4141.86,4142.43,4143.28,4141.38,4142.16,415
2026-07-06 17:19:00,4141.92,4141.92,4139.87,4140.05,4142.22,4142.22,4140.17,4140.35,439
2026-07-06 17:20:00,4140.04,4141.07,4138.66,4140.19,4140.34,4141.37,4138.96,4140.49,425
2026-07-06 17:21:00,4140.26,4141.7,4140.26,4141.44,4140.56,4142.0,4140.56,4141.74,396
2026-07-06 17:22:00,4141.38,4142.66,4141.06,4142.56,4141.68,4142.96,4141.36,4142.86,344
2026-07-06 17:23:00,4142.55,4143.3,4142.43,4142.7,4142.85,4143.6,4142.73,4143.0,391
2026-07-06 17:24:00,4142.69,4145.11,4142.69,4143.62,4142.99,4145.41,4142.99,4143.92,416
2026-07-06 17:25:00,4143.64,4144.98,4143.54,4144.98,4143.94,4145.28,4143.84,4145.28,311
2026-07-06 17:26:00,4145.0,4145.49,4143.89,4145.24,4145.3,4145.79,4144.19,4145.54,392
2026-07-06 17:27:00,4145.19,4145.48,4143.74,4144.76,4145.49,4145.78,4144.04,4145.06,316
2026-07-06 17:28:00,4144.75,4146.71,4144.64,4146.7,4145.05,4147.01,4144.94,4147.0,303
2026-07-06 17:29:00,4146.71,4150.92,4146.7,4150.55,4147.01,4151.22,4147.0,4150.85,389
2026-07-06 17:30:00,4150.46,4150.99,4148.67,4150.73,4150.76,4151.29,4148.97,4151.03,467
2026-07-06 17:31:00,4150.83,4151.81,4147.93,4148.7,4151.13,4152.11,4148.23,4149.0,400
2026-07-06 17:32:00,4148.74,4150.76,4148.37,4150.4,4149.04,4151.06,4148.67,4150.7,402
2026-07-06 17:33:00,4150.46,4151.0,4149.23,4151.0,4150.76,4151.3,4149.53,4151.3,668
2026-07-06 17:34:00,4151.07,4151.9,4149.87,4150.0,4151.37,4152.2,4150.17,4150.3,774
2026-07-06 17:35:00,4150.02,4150.41,4149.06,4149.2,4150.32,4150.71,4149.36,4149.5,291
2026-07-06 17:36:00,4149.18,4149.76,4148.05,4148.53,4149.48,4150.06,4148.35,4148.83,277
2026-07-06 17:37:00,4148.51,4148.51,4147.1,4147.59,4148.81,4148.81,4147.4,4147.89,406
2026-07-06 17:38:00,4147.6,4149.65,4147.6,4149.65,4147.9,4149.95,4147.9,4149.95,296
2026-07-06 17:39:00,4149.61,4151.13,4148.85,4150.94,4149.91,4151.43,4149.15,4151.24,325
2026-07-06 17:40:00,4150.96,4151.05,4148.94,4149.7,4151.26,4151.35,4149.24,4150.0,314
2026-07-06 17:41:00,4149.69,4150.99,4149.56,4150.76,4149.99,4151.29,4149.86,4151.06,284
2026-07-06 17:42:00,4150.75,4150.75,4148.77,4149.54,4151.05,4151.05,4149.07,4149.84,284
2026-07-06 17:43:00,4149.55,4150.37,4148.72,4149.95,4149.85,4150.67,4149.02,4150.25,268
2026-07-06 17:44:00,4149.92,4150.55,4149.11,4149.89,4150.22,4150.85,4149.41,4150.19,335
2026-07-06 17:45:00,4149.96,4150.43,4148.98,4149.32,4150.26,4150.73,4149.28,4149.62,322
2026-07-06 17:46:00,4149.23,4149.44,4147.9,4148.5,4149.53,4149.74,4148.2,4148.8,319
2026-07-06 17:47:00,4148.49,4149.1,4147.82,4148.44,4148.79,4149.4,4148.12,4148.74,275
2026-07-06 17:48:00,4148.4,4148.78,4146.81,4147.2,4148.7,4149.08,4147.11,4147.5,273
2026-07-06 17:49:00,4147.24,4148.12,4147.1,4147.24,4147.54,4148.42,4147.4,4147.54,244
2026-07-06 17:50:00,4147.26,4147.92,4147.13,4147.89,4147.56,4148.22,4147.43,4148.19,251
2026-07-06 17:51:00,4147.88,4148.12,4146.37,4146.91,4148.18,4148.42,4146.67,4147.21,295
2026-07-06 17:52:00,4146.85,4147.23,4145.17,4146.15,4147.15,4147.53,4145.47,4146.45,355
2026-07-06 17:53:00,4146.16,4146.41,4145.18,4145.58,4146.46,4146.71,4145.48,4145.88,244
2026-07-06 17:54:00,4145.57,4145.87,4145.01,4145.87,4145.87,4146.17,4145.31,4146.17,231
2026-07-06 17:55:00,4145.85,4145.85,4144.75,4145.3,4146.15,4146.15,4145.05,4145.6,226
2026-07-06 17:56:00,4145.38,4147.84,4145.32,4147.81,4145.68,4148.14,4145.62,4148.11,187
2026-07-06 17:57:00,4147.84,4148.57,4147.73,4148.04,4148.14,4148.87,4148.03,4148.34,265
2026-07-06 17:58:00,4148.02,4148.63,4147.67,4148.46,4148.32,4148.93,4147.97,4148.76,185
2026-07-06 17:59:00,4148.38,4148.67,4148.16,4148.27,4148.68,4148.97,4148.46,4148.57,182
2026-07-06 18:00:00,4148.28,4148.36,4145.72,4146.49,4148.58,4148.66,4146.02,4146.79,392
2026-07-06 18:01:00,4146.5,4146.52,4144.09,4144.79,4146.8,4146.82,4144.39,4145.09,238
2026-07-06 18:02:00,4144.78,4144.78,4143.34,4143.54,4145.08,4145.08,4143.64,4143.84,323
2026-07-06 18:03:00,4143.53,4143.97,4143.33,4143.87,4143.83,4144.27,4143.63,4144.17,239
2026-07-06 18:04:00,4143.86,4144.47,4143.2,4143.95,4144.16,4144.77,4143.5,4144.25,285
2026-07-06 18:05:00,4143.96,4144.82,4143.47,4143.69,4144.26,4145.12,4143.77,4143.99,295
2026-07-06 18:06:00,4143.78,4144.87,4143.27,4144.61,4144.08,4145.17,4143.57,4144.91,257
2026-07-06 18:07:00,4144.62,4144.73,4143.21,4144.54,4144.92,4145.03,4143.51,4144.84,243
2026-07-06 18:08:00,4144.56,4144.73,4143.82,4144.08,4144.86,4145.03,4144.12,4144.38,208
2026-07-06 18:09:00,4144.06,4144.67,4143.51,4143.95,4144.36,4144.97,4143.81,4144.25,260
2026-07-06 18:10:00,4144.02,4144.59,4143.54,4143.85,4144.32,4144.89,4143.84,4144.15,250
2026-07-06 18:11:00,4143.84,4144.0,4143.13,4143.44,4144.14,4144.3,4143.43,4143.74,174
2026-07-06 18:12:00,4143.45,4143.68,4142.83,4142.89,4143.75,4143.98,4143.13,4143.19,249
2026-07-06 18:13:00,4142.97,4143.13,4141.23,4142.35,4143.27,4143.43,4141.53,4142.65,306
2026-07-06 18:14:00,4142.34,4142.59,4140.36,4140.52,4142.64,4142.89,4140.66,4140.82,256
2026-07-06 18:15:00,4140.56,4141.78,4140.22,4141.09,4140.86,4142.08,4140.52,4141.39,388
2026-07-06 18:16:00,4141.07,4142.29,4141.07,4141.49,4141.37,4142.59,4141.37,4141.79,307
2026-07-06 18:17:00,4141.5,4142.77,4141.49,4142.19,4141.8,4143.07,4141.79,4142.49,238
2026-07-06 18:18:00,4142.11,4143.77,4141.94,4143.58,4142.41,4144.07,4142.24,4143.88,304
2026-07-06 18:19:00,4143.57,4143.57,4142.21,4143.5,4143.87,4143.87,4142.51,4143.8,261
2026-07-06 18:20:00,4143.49,4143.95,4142.63,4143.24,4143.79,4144.25,4142.93,4143.54,286
2026-07-06 18:21:00,4143.2,4143.33,4142.19,4142.63,4143.5,4143.63,4142.49,4142.93,254
2026-07-06 18:22:00,4142.59,4144.69,4142.24,4143.4,4142.89,4144.99,4142.54,4143.7,260
2026-07-06 18:23:00,4143.41,4144.69,4143.41,4144.69,4143.71,4144.99,4143.71,4144.99,222
2026-07-06 18:24:00,4144.68,4145.51,4144.29,4145.51,4144.98,4145.81,4144.59,4145.81,241
2026-07-06 18:25:00,4145.44,4145.45,4143.92,4144.27,4145.74,4145.75,4144.22,4144.57,244
2026-07-06 18:26:00,4144.2,4146.31,4143.9,4145.63,4144.5,4146.61,4144.2,4145.93,244
2026-07-06 18:27:00,4145.62,4145.63,4144.58,4145.0,4145.92,4145.93,4144.88,4145.3,186
2026-07-06 18:28:00,4144.92,4145.01,4144.21,4144.82,4145.22,4145.31,4144.51,4145.12,183
2026-07-06 18:29:00,4144.81,4145.58,4144.14,4145.52,4145.11,4145.88,4144.44,4145.82,232
2026-07-06 18:30:00,4145.53,4146.84,4145.24,4146.5,4145.83,4147.14,4145.54,4146.8,280
2026-07-06 18:31:00,4146.49,4147.7,4146.38,4147.49,4146.79,4148.0,4146.68,4147.79,252
2026-07-06 18:32:00,4147.46,4148.43,4146.93,4147.27,4147.76,4148.73,4147.23,4147.57,370
2026-07-06 18:33:00,4147.26,4148.22,4147.05,4148.11,4147.56,4148.52,4147.35,4148.41,264
2026-07-06 18:34:00,4148.04,4148.04,4146.74,4147.12,4148.34,4148.34,4147.04,4147.42,294
2026-07-06 18:35:00,4147.11,4147.33,4146.76,4147.31,4147.41,4147.63,4147.06,4147.61,258
2026-07-06 18:36:00,4147.24,4148.68,4147.1,4148.44,4147.54,4148.98,4147.4,4148.74,246
2026-07-06 18:37:00,4148.45,4149.55,4148.16,4148.87,4148.75,4149.85,4148.46,4149.17,261
2026-07-06 18:38:00,4148.81,4149.21,4148.21,4148.32,4149.11,4149.51,4148.51,4148.62,317
2026-07-06 18:39:00,4148.36,4149.76,4148.12,4149.47,4148.66,4150.06,4148.42,4149.77,289
2026-07-06 18:40:00,4149.45,4149.55,4148.6,4149.03,4149.75,4149.85,4148.9,4149.33,249
2026-07-06 18:41:00,4149.0,4149.37,4148.22,4149.02,4149.3,4149.67,4148.52,4149.32,204
2026-07-06 18:42:00,4149.0,4150.24,4148.95,4149.57,4149.3,4150.54,4149.25,4149.87,248
2026-07-06 18:43:00,4149.54,4149.96,4149.16,4149.18,4149.84,4150.26,4149.46,4149.48,230
2026-07-06 18:44:00,4149.17,4149.67,4149.16,4149.28,4149.47,4149.97,4149.46,4149.58,195
2026-07-06 18:45:00,4149.29,4149.36,4148.7,4148.94,4149.59,4149.66,4149.0,4149.24,266
2026-07-06 18:46:00,4149.01,4150.08,4149.01,4149.5,4149.31,4150.38,4149.31,4149.8,259
2026-07-06 18:47:00,4149.51,4149.67,4148.96,4149.45,4149.81,4149.97,4149.26,4149.75,197
2026-07-06 18:48:00,4149.38,4149.38,4148.75,4148.84,4149.68,4149.68,4149.05,4149.14,188
2026-07-06 18:49:00,4148.83,4150.15,4148.74,4150.15,4149.13,4150.45,4149.04,4150.45,187
2026-07-06 18:50:00,4150.23,4153.29,4150.2,4153.01,4150.53,4153.59,4150.5,4153.31,293
2026-07-06 18:51:00,4153.0,4154.48,4152.85,4153.2,4153.3,4154.78,4153.15,4153.5,381
2026-07-06 18:52:00,4153.11,4153.61,4152.91,4153.54,4153.41,4153.91,4153.21,4153.84,243
2026-07-06 18:53:00,4153.53,4154.48,4153.39,4153.93,4153.83,4154.78,4153.69,4154.23,230
2026-07-06 18:54:00,4153.98,4155.59,4153.94,4153.96,4154.28,4155.89,4154.24,4154.26,274
2026-07-06 18:55:00,4154.02,4154.07,4153.2,4153.42,4154.32,4154.37,4153.5,4153.72,262
2026-07-06 18:56:00,4153.4,4153.78,4152.84,4153.21,4153.7,4154.08,4153.14,4153.51,241
2026-07-06 18:57:00,4153.14,4155.7,4153.14,4155.36,4153.44,4156.0,4153.44,4155.66,257
2026-07-06 18:58:00,4155.46,4156.18,4154.88,4154.95,4155.76,4156.48,4155.18,4155.25,207
2026-07-06 18:59:00,4155.03,4155.84,4154.7,4154.97,4155.33,4156.14,4155.0,4155.27,305
2026-07-06 19:00:00,4155.02,4155.7,4154.11,4155.32,4155.32,4156.0,4154.41,4155.62,358
2026-07-06 19:01:00,4155.25,4155.25,4152.5,4152.58,4155.55,4155.55,4152.8,4152.88,330
2026-07-06 19:02:00,4152.54,4153.75,4152.5,4152.57,4152.84,4154.05,4152.8,4152.87,288
2026-07-06 19:03:00,4152.55,4153.5,4152.22,4153.32,4152.85,4153.8,4152.52,4153.62,261
2026-07-06 19:04:00,4153.34,4153.56,4152.83,4152.89,4153.64,4153.86,4153.13,4153.19,244
2026-07-06 19:05:00,4152.97,4155.57,4152.97,4154.94,4153.27,4155.87,4153.27,4155.24,339
2026-07-06 19:06:00,4154.96,4156.18,4153.75,4155.65,4155.26,4156.48,4154.05,4155.95,307
2026-07-06 19:07:00,4155.66,4155.82,4154.8,4155.43,4155.96,4156.12,4155.1,4155.73,239
2026-07-06 19:08:00,4155.44,4155.44,4154.46,4155.18,4155.74,4155.74,4154.76,4155.48,220
2026-07-06 19:09:00,4155.19,4155.33,4154.21,4154.21,4155.49,4155.63,4154.51,4154.51,228
2026-07-06 19:10:00,4154.24,4154.24,4152.92,4153.03,4154.54,4154.54,4153.22,4153.33,265
2026-07-06 19:11:00,4153.04,4153.56,4152.9,4153.4,4153.34,4153.86,4153.2,4153.7,211
2026-07-06 19:12:00,4153.39,4153.61,4152.85,4153.61,4153.69,4153.91,4153.15,4153.91,233
2026-07-06 19:13:00,4153.64,4155.46,4153.6,4155.41,4153.94,4155.76,4153.9,4155.71,296
2026-07-06 19:14:00,4155.42,4155.42,4152.63,4153.44,4155.72,4155.72,4152.93,4153.74,327
2026-07-06 19:15:00,4153.45,4154.6,4153.11,4154.45,4153.75,4154.9,4153.41,4154.75,243
2026-07-06 19:16:00,4154.46,4154.51,4153.07,4153.14,4154.76,4154.81,4153.37,4153.44,202
2026-07-06 19:17:00,4153.08,4153.15,4151.33,4151.47,4153.38,4153.45,4151.63,4151.77,269
2026-07-06 19:18:00,4151.46,4152.33,4150.99,4152.27,4151.76,4152.63,4151.29,4152.57,216
2026-07-06 19:19:00,4152.23,4152.46,4151.5,4151.57,4152.53,4152.76,4151.8,4151.87,181
2026-07-06 19:20:00,4151.59,4152.12,4150.83,4150.95,4151.89,4152.42,4151.13,4151.25,233
2026-07-06 19:21:00,4150.88,4151.04,4150.25,4151.03,4151.18,4151.34,4150.55,4151.33,221
2026-07-06 19:22:00,4151.01,4153.98,4151.01,4153.82,4151.31,4154.28,4151.31,4154.12,289
2026-07-06 19:23:00,4153.78,4157.45,4153.71,4156.88,4154.08,4157.75,4154.01,4157.18,359
2026-07-06 19:24:00,4156.96,4158.67,4156.65,4157.12,4157.26,4158.97,4156.95,4157.42,396
2026-07-06 19:25:00,4157.11,4158.94,4156.82,4158.69,4157.41,4159.24,4157.12,4158.99,299
2026-07-06 19:26:00,4158.74,4159.46,4157.23,4157.35,4159.04,4159.76,4157.53,4157.65,269
2026-07-06 19:27:00,4157.3,4158.3,4156.96,4157.8,4157.6,4158.6,4157.26,4158.1,275
2026-07-06 19:28:00,4157.84,4157.98,4156.38,4157.03,4158.14,4158.28,4156.68,4157.33,353
2026-07-06 19:29:00,4156.97,4157.21,4154.26,4155.42,4157.27,4157.51,4154.56,4155.72,531
2026-07-06 19:30:00,4155.48,4156.32,4154.78,4154.9,4155.78,4156.62,4155.08,4155.2,346
2026-07-06 19:31:00,4154.96,4157.2,4154.84,4156.85,4155.26,4157.5,4155.14,4157.15,294
2026-07-06 19:32:00,4156.82,4157.11,4156.19,4156.23,4157.12,4157.41,4156.49,4156.53,217
2026-07-06 19:33:00,4156.21,4157.27,4155.63,4157.27,4156.51,4157.57,4155.93,4157.57,285
2026-07-06 19:34:00,4157.25,4158.32,4156.8,4158.13,4157.55,4158.62,4157.1,4158.43,229
2026-07-06 19:35:00,4158.15,4158.55,4157.36,4157.55,4158.45,4158.85,4157.66,4157.85,256
2026-07-06 19:36:00,4157.53,4157.53,4156.29,4156.47,4157.83,4157.83,4156.59,4156.77,239
2026-07-06 19:37:00,4156.42,4157.56,4156.19,4157.34,4156.72,4157.86,4156.49,4157.64,268
2026-07-06 19:38:00,4157.36,4158.71,4157.12,4158.58,4157.66,4159.01,4157.42,4158.88,232
2026-07-06 19:39:00,4158.61,4158.65,4157.87,4158.52,4158.91,4158.95,4158.17,4158.82,217
2026-07-06 19:40:00,4158.54,4159.21,4158.1,4158.58,4158.84,4159.51,4158.4,4158.88,225
2026-07-06 19:41:00,4158.55,4159.12,4157.69,4159.12,4158.85,4159.42,4157.99,4159.42,264
2026-07-06 19:42:00,4159.13,4159.18,4157.09,4157.54,4159.43,4159.48,4157.39,4157.84,222
2026-07-06 19:43:00,4157.53,4158.31,4157.3,4158.01,4157.83,4158.61,4157.6,4158.31,297
2026-07-06 19:44:00,4157.93,4158.11,4156.54,4156.68,4158.23,4158.41,4156.84,4156.98,209
2026-07-06 19:45:00,4156.6,4157.89,4156.18,4157.77,4156.9,4158.19,4156.48,4158.07,253
2026-07-06 19:46:00,4157.78,4159.05,4157.67,4158.4,4158.08,4159.35,4157.97,4158.7,279
2026-07-06 19:47:00,4158.48,4158.94,4158.31,4158.49,4158.78,4159.24,4158.61,4158.79,227
2026-07-06 19:48:00,4158.46,4159.43,4158.22,4159.43,4158.76,4159.73,4158.52,4159.73,242
2026-07-06 19:49:00,4159.45,4159.89,4159.12,4159.52,4159.75,4160.19,4159.42,4159.82,230
2026-07-06 19:50:00,4159.53,4159.91,4159.06,4159.82,4159.83,4160.21,4159.36,4160.12,234
2026-07-06 19:51:00,4159.81,4161.07,4159.37,4161.07,4160.11,4161.37,4159.67,4161.37,271
2026-07-06 19:52:00,4161.04,4161.05,4159.32,4159.32,4161.34,4161.35,4159.62,4159.62,241
2026-07-06 19:53:00,4159.33,4159.33,4158.72,4159.06,4159.63,4159.63,4159.02,4159.36,193
2026-07-06 19:54:00,4159.12,4159.93,4159.12,4159.45,4159.42,4160.23,4159.42,4159.75,242
2026-07-06 19:55:00,4159.46,4159.55,4158.89,4159.02,4159.76,4159.85,4159.19,4159.32,231
2026-07-06 19:56:00,4159.05,4160.43,4159.05,4160.03,4159.35,4160.73,4159.35,4160.33,242
2026-07-06 19:57:00,4160.04,4161.49,4159.97,4161.14,4160.34,4161.79,4160.27,4161.44,211
2026-07-06 19:58:00,4161.15,4161.35,4160.25,4160.31,4161.45,4161.65,4160.55,4160.61,200
2026-07-06 19:59:00,4160.3,4161.4,4159.82,4161.08,4160.6,4161.7,4160.12,4161.38,222
2026-07-06 20:00:00,4161.13,4161.82,4158.73,4159.17,4161.43,4162.12,4159.03,4159.47,341
2026-07-06 20:01:00,4159.19,4160.31,4159.18,4160.31,4159.49,4160.61,4159.48,4160.61,268
2026-07-06 20:02:00,4160.32,4160.59,4157.74,4157.76,4160.62,4160.89,4158.04,4158.06,273
2026-07-06 20:03:00,4157.8,4157.99,4157.56,4157.86,4158.1,4158.29,4157.86,4158.16,207
2026-07-06 20:04:00,4157.8,4157.82,4156.87,4157.43,4158.1,4158.12,4157.17,4157.73,315
2026-07-06 20:05:00,4157.48,4157.55,4156.13,4156.17,4157.78,4157.85,4156.43,4156.47,223
2026-07-06 20:06:00,4156.13,4156.82,4155.41,4156.81,4156.43,4157.12,4155.71,4157.11,265
2026-07-06 20:07:00,4156.8,4156.84,4155.88,4156.25,4157.1,4157.14,4156.18,4156.55,214
2026-07-06 20:08:00,4156.24,4156.68,4155.89,4156.05,4156.54,4156.98,4156.19,4156.35,232
2026-07-06 20:09:00,4156.02,4156.26,4155.32,4156.26,4156.32,4156.56,4155.62,4156.56,219
2026-07-06 20:10:00,4156.28,4156.28,4155.29,4156.07,4156.58,4156.58,4155.59,4156.37,203
2026-07-06 20:11:00,4156.14,4156.88,4155.83,4156.76,4156.44,4157.18,4156.13,4157.06,200
2026-07-06 20:12:00,4156.74,4157.58,4156.69,4157.07,4157.04,4157.88,4156.99,4157.37,225
2026-07-06 20:13:00,4157.05,4157.4,4156.78,4157.26,4157.35,4157.7,4157.08,4157.56,130
2026-07-06 20:14:00,4157.25,4158.34,4157.24,4158.06,4157.55,4158.64,4157.54,4158.36,182
2026-07-06 20:15:00,4158.07,4160.18,4158.07,4160.17,4158.37,4160.48,4158.37,4160.47,201
2026-07-06 20:16:00,4160.21,4161.35,4160.19,4161.35,4160.51,4161.65,4160.49,4161.65,205
2026-07-06 20:17:00,4161.38,4161.51,4160.55,4160.78,4161.68,4161.81,4160.85,4161.08,240
2026-07-06 20:18:00,4160.72,4160.8,4160.2,4160.38,4161.02,4161.1,4160.5,4160.68,165
2026-07-06 20:19:00,4160.44,4161.5,4160.4,4161.11,4160.74,4161.8,4160.7,4161.41,149
2026-07-06 20:20:00,4161.09,4161.53,4160.8,4161.53,4161.39,4161.83,4161.1,4161.83,150
2026-07-06 20:21:00,4161.45,4161.45,4160.27,4160.73,4161.75,4161.75,4160.57,4161.03,173
2026-07-06 20:22:00,4160.74,4161.35,4160.05,4161.23,4161.04,4161.65,4160.35,4161.53,199
2026-07-06 20:23:00,4161.19,4161.86,4161.13,4161.61,4161.49,4162.16,4161.43,4161.91,185
2026-07-06 20:24:00,4161.59,4161.84,4160.67,4161.69,4161.89,4162.14,4160.97,4161.99,168
2026-07-06 20:25:00,4161.7,4161.96,4161.39,4161.71,4162.0,4162.26,4161.69,4162.01,195
2026-07-06 20:26:00,4161.72,4162.15,4161.36,4162.15,4162.02,4162.45,4161.66,4162.45,186
2026-07-06 20:27:00,4162.09,4163.04,4162.03,4162.28,4162.39,4163.34,4162.33,4162.58,215
2026-07-06 20:28:00,4162.25,4162.31,4161.17,4161.53,4162.55,4162.61,4161.47,4161.83,188
2026-07-06 20:29:00,4161.52,4161.8,4161.3,4161.8,4161.82,4162.1,4161.6,4162.1,174
2026-07-06 20:30:00,4161.78,4161.78,4159.68,4160.38,4162.08,4162.08,4159.98,4160.68,324
2026-07-06 20:31:00,4160.43,4160.88,4160.16,4160.39,4160.73,4161.18,4160.46,4160.69,210
2026-07-06 20:32:00,4160.43,4162.16,4160.31,4162.09,4160.73,4162.46,4160.61,4162.39,250
2026-07-06 20:33:00,4162.11,4163.73,4162.11,4163.5,4162.41,4164.03,4162.41,4163.8,272
2026-07-06 20:34:00,4163.52,4163.94,4163.41,4163.5,4163.82,4164.24,4163.71,4163.8,169
2026-07-06 20:35:00,4163.53,4166.05,4163.49,4165.88,4163.83,4166.35,4163.79,4166.18,246
2026-07-06 20:36:00,4165.9,4167.46,4165.9,4166.65,4166.2,4167.76,4166.2,4166.95,301
2026-07-06 20:37:00,4166.6,4167.21,4166.12,4166.85,4166.9,4167.51,4166.42,4167.15,179
2026-07-06 20:38:00,4166.77,4166.93,4165.69,4166.04,4167.07,4167.23,4165.99,4166.34,209
2026-07-06 20:39:00,4166.01,4166.1,4164.59,4165.13,4166.31,4166.4,4164.89,4165.43,246
2026-07-06 20:40:00,4165.14,4165.53,4164.64,4164.99,4165.44,4165.83,4164.94,4165.29,231
2026-07-06 20:41:00,4165.01,4165.34,4164.59,4164.59,4165.31,4165.64,4164.89,4164.89,190
2026-07-06 20:42:00,4164.64,4164.97,4162.84,4163.67,4164.94,4165.27,4163.14,4163.97,218
2026-07-06 20:43:00,4163.69,4164.36,4163.66,4164.17,4163.99,4164.66,4163.96,4164.47,203
2026-07-06 20:44:00,4164.19,4164.31,4163.52,4164.08,4164.49,4164.61,4163.82,4164.38,241
2026-07-06 20:45:00,4164.12,4164.56,4163.8,4164.4,4164.42,4164.86,4164.1,4164.7,194
2026-07-06 20:46:00,4164.41,4164.78,4163.83,4164.76,4164.71,4165.08,4164.13,4165.06,204
2026-07-06 20:47:00,4164.77,4165.02,4164.4,4164.94,4165.07,4165.32,4164.7,4165.24,176
2026-07-06 20:48:00,4164.93,4165.17,4164.03,4164.16,4165.23,4165.47,4164.33,4164.46,178
2026-07-06 20:49:00,4164.15,4164.4,4163.6,4164.3,4164.45,4164.7,4163.9,4164.6,214
2026-07-06 20:50:00,4164.29,4164.37,4163.63,4164.27,4164.59,4164.67,4163.93,4164.57,237
2026-07-06 20:51:00,4164.29,4164.56,4162.99,4163.07,4164.59,4164.86,4163.29,4163.37,220
2026-07-06 20:52:00,4163.05,4163.6,4162.83,4162.87,4163.35,4163.9,4163.13,4163.17,216
2026-07-06 20:53:00,4162.84,4162.85,4162.09,4162.59,4163.14,4163.15,4162.39,4162.89,189
2026-07-06 20:54:00,4162.61,4162.86,4162.29,4162.79,4162.91,4163.16,4162.59,4163.09,199
2026-07-06 20:55:00,4162.8,4163.14,4162.42,4163.14,4163.1,4163.22,4162.72,4163.13,165
