time,open_bid,high_bid,low_bid,close_bid,open_ask,high_ask,low_ask,close_ask,volume
2026-07-03 02:12:00,68.35,68.355,68.335,68.34,68.382,68.387,68.367,68.372,5
2026-07-03 02:13:00,68.35,68.36,68.35,68.355,68.382,68.392,68.382,68.387,5
2026-07-03 02:14:00,68.37,68.385,68.36,68.37,68.402,68.417,68.392,68.402,11
2026-07-03 02:15:00,68.365,68.365,68.33,68.33,68.397,68.397,68.362,68.362,6
2026-07-03 02:16:00,68.35,68.4,68.345,68.395,68.382,68.432,68.377,68.427,13
2026-07-03 02:17:00,68.4,68.4,68.385,68.39,68.432,68.432,68.417,68.422,6
2026-07-03 02:18:00,68.38,68.385,68.365,68.38,68.412,68.417,68.397,68.412,11
2026-07-03 02:19:00,68.375,68.385,68.375,68.385,68.407,68.417,68.407,68.417,5
2026-07-03 02:20:00,68.38,68.38,68.38,68.38,68.412,68.412,68.412,68.412,1
2026-07-03 02:21:00,68.375,68.39,68.36,68.37,68.407,68.422,68.392,68.402,17
2026-07-03 02:22:00,68.38,68.4,68.375,68.395,68.412,68.432,68.407,68.427,15
2026-07-03 02:23:00,68.4,68.4,68.38,68.385,68.432,68.432,68.412,68.417,4
2026-07-03 02:24:00,68.38,68.395,68.38,68.395,68.412,68.427,68.412,68.427,4
2026-07-03 02:25:00,68.38,68.385,68.38,68.385,68.412,68.417,68.412,68.417,4
2026-07-03 02:27:00,68.376,68.376,68.375,68.375,68.416,68.416,68.407,68.407,2
2026-07-03 02:28:00,68.37,68.385,68.36,68.36,68.402,68.417,68.392,68.392,11
2026-07-03 02:29:00,68.355,68.37,68.355,68.355,68.387,68.402,68.387,68.387,7
2026-07-03 02:30:00,68.365,68.365,68.34,68.34,68.397,68.397,68.372,68.372,7
2026-07-03 02:31:00,68.335,68.335,68.335,68.335,68.367,68.367,68.367,68.367,1
2026-07-03 02:32:00,68.34,68.34,68.335,68.335,68.372,68.372,68.367,68.367,4
2026-07-03 02:33:00,68.33,68.34,68.325,68.325,68.362,68.372,68.357,68.357,10
2026-07-03 02:34:00,68.335,68.355,68.335,68.355,68.367,68.387,68.367,68.387,9
2026-07-03 02:35:00,68.35,68.35,68.35,68.35,68.382,68.382,68.382,68.382,1
2026-07-03 02:36:00,68.355,68.355,68.335,68.335,68.387,68.387,68.367,68.367,3
2026-07-03 02:37:00,68.345,68.38,68.345,68.37,68.377,68.412,68.377,68.402,10
2026-07-03 02:38:00,68.365,68.395,68.36,68.385,68.397,68.427,68.392,68.417,14
2026-07-03 02:39:00,68.386,68.395,68.376,68.395,68.426,68.427,68.412,68.427,14
2026-07-03 02:40:00,68.385,68.42,68.385,68.41,68.417,68.452,68.417,68.442,14
2026-07-03 02:41:00,68.4,68.4,68.38,68.385,68.432,68.432,68.412,68.417,4
2026-07-03 02:42:00,68.39,68.39,68.375,68.375,68.422,68.422,68.407,68.407,6
2026-07-03 02:44:00,68.385,68.385,68.375,68.375,68.417,68.417,68.407,68.407,3
2026-07-03 02:45:00,68.37,68.37,68.345,68.355,68.402,68.402,68.377,68.387,18
2026-07-03 02:46:00,68.34,68.355,68.34,68.355,68.372,68.387,68.372,68.387,3
2026-07-03 02:47:00,68.375,68.38,68.37,68.38,68.407,68.412,68.402,68.412,6
2026-07-03 02:48:00,68.375,68.38,68.375,68.38,68.407,68.412,68.407,68.412,2
2026-07-03 02:49:00,68.375,68.38,68.375,68.38,68.407,68.412,68.407,68.412,2
2026-07-03 02:50:00,68.385,68.405,68.38,68.405,68.417,68.437,68.412,68.437,6
2026-07-03 02:51:00,68.4,68.435,68.4,68.435,68.432,68.467,68.432,68.467,10
2026-07-03 02:52:00,68.436,68.455,68.436,68.45,68.476,68.487,68.476,68.482,6
2026-07-03 02:53:00,68.44,68.445,68.425,68.425,68.472,68.477,68.457,68.457,5
2026-07-03 02:54:00,68.43,68.43,68.405,68.415,68.462,68.462,68.437,68.447,9
2026-07-03 02:55:00,68.41,68.42,68.405,68.42,68.442,68.452,68.437,68.452,5
2026-07-03 02:56:00,68.425,68.49,68.425,68.455,68.457,68.522,68.457,68.487,21
2026-07-03 02:57:00,68.46,68.475,68.426,68.435,68.492,68.507,68.462,68.467,39
2026-07-03 02:58:00,68.425,68.43,68.395,68.395,68.457,68.462,68.427,68.427,15
2026-07-03 02:59:00,68.405,68.415,68.385,68.4,68.437,68.447,68.417,68.432,22
2026-07-03 03:00:00,68.396,68.47,68.355,68.356,68.436,68.502,68.387,68.396,97
2026-07-03 03:01:00,68.365,68.41,68.335,68.4,68.397,68.446,68.367,68.432,75
2026-07-03 03:02:00,68.395,68.395,68.33,68.385,68.427,68.427,68.362,68.417,47
2026-07-03 03:03:00,68.39,68.5,68.39,68.465,68.422,68.532,68.422,68.497,59
2026-07-03 03:04:00,68.46,68.51,68.425,68.496,68.492,68.542,68.457,68.536,66
2026-07-03 03:05:00,68.505,68.565,68.495,68.555,68.537,68.597,68.527,68.587,62
2026-07-03 03:06:00,68.545,68.545,68.45,68.455,68.577,68.577,68.482,68.487,42
2026-07-03 03:07:00,68.445,68.51,68.445,68.46,68.477,68.542,68.477,68.492,37
2026-07-03 03:08:00,68.455,68.465,68.405,68.426,68.487,68.497,68.437,68.466,44
2026-07-03 03:09:00,68.425,68.485,68.415,68.425,68.457,68.517,68.447,68.457,72
2026-07-03 03:10:00,68.435,68.485,68.43,68.445,68.467,68.517,68.462,68.477,59
2026-07-03 03:11:00,68.46,68.49,68.446,68.465,68.492,68.522,68.482,68.497,55
2026-07-03 03:12:00,68.475,68.475,68.4,68.4,68.507,68.507,68.432,68.432,28
2026-07-03 03:13:00,68.405,68.436,68.356,68.42,68.437,68.476,68.396,68.452,52
2026-07-03 03:14:00,68.415,68.415,68.346,68.346,68.447,68.447,68.386,68.386,32
2026-07-03 03:15:00,68.345,68.375,68.285,68.305,68.377,68.407,68.317,68.337,70
2026-07-03 03:16:00,68.315,68.4,68.295,68.375,68.347,68.436,68.327,68.407,64
2026-07-03 03:17:00,68.37,68.395,68.345,68.385,68.402,68.427,68.377,68.417,16
2026-07-03 03:18:00,68.375,68.375,68.335,68.345,68.407,68.407,68.367,68.377,31
2026-07-03 03:19:00,68.346,68.356,68.325,68.355,68.386,68.396,68.357,68.387,40
2026-07-03 03:20:00,68.365,68.365,68.316,68.34,68.397,68.397,68.352,68.372,32
2026-07-03 03:21:00,68.336,68.38,68.335,68.375,68.376,68.412,68.367,68.407,26
2026-07-03 03:22:00,68.385,68.405,68.355,68.365,68.417,68.437,68.387,68.397,30
2026-07-03 03:23:00,68.37,68.39,68.365,68.376,68.402,68.422,68.397,68.416,16
2026-07-03 03:24:00,68.385,68.425,68.385,68.395,68.417,68.457,68.417,68.427,30
2026-07-03 03:25:00,68.396,68.47,68.386,68.46,68.436,68.502,68.426,68.492,21
2026-07-03 03:26:00,68.456,68.5,68.445,68.465,68.496,68.532,68.477,68.497,45
2026-07-03 03:27:00,68.46,68.466,68.445,68.465,68.492,68.506,68.477,68.497,35
2026-07-03 03:28:00,68.466,68.5,68.466,68.476,68.506,68.532,68.506,68.516,22
2026-07-03 03:29:00,68.485,68.515,68.465,68.505,68.517,68.547,68.497,68.537,41
2026-07-03 03:30:00,68.495,68.53,68.495,68.53,68.527,68.562,68.527,68.562,14
2026-07-03 03:31:00,68.54,68.575,68.52,68.575,68.572,68.607,68.552,68.607,42
2026-07-03 03:32:00,68.56,68.575,68.545,68.575,68.592,68.607,68.577,68.607,25
2026-07-03 03:33:00,68.57,68.575,68.565,68.575,68.602,68.607,68.597,68.607,16
2026-07-03 03:34:00,68.58,68.6,68.56,68.565,68.612,68.632,68.592,68.597,34
2026-07-03 03:35:00,68.57,68.585,68.535,68.575,68.602,68.617,68.567,68.607,26
2026-07-03 03:36:00,68.585,68.635,68.576,68.605,68.617,68.667,68.612,68.637,45
2026-07-03 03:37:00,68.61,68.63,68.585,68.585,68.642,68.662,68.617,68.617,31
2026-07-03 03:38:00,68.59,68.61,68.57,68.58,68.622,68.642,68.602,68.612,35
2026-07-03 03:39:00,68.585,68.635,68.58,68.635,68.617,68.667,68.612,68.667,18
2026-07-03 03:40:00,68.626,68.67,68.605,68.64,68.666,68.702,68.637,68.672,52
2026-07-03 03:41:00,68.65,68.675,68.635,68.675,68.682,68.707,68.667,68.707,58
2026-07-03 03:42:00,68.665,68.72,68.665,68.695,68.697,68.752,68.697,68.727,41
2026-07-03 03:43:00,68.7,68.72,68.69,68.69,68.732,68.752,68.722,68.722,29
2026-07-03 03:44:00,68.705,68.78,68.68,68.765,68.737,68.812,68.712,68.797,48
2026-07-03 03:45:00,68.76,68.775,68.71,68.715,68.792,68.807,68.742,68.747,48
2026-07-03 03:46:00,68.705,68.755,68.7,68.755,68.737,68.787,68.732,68.787,46
2026-07-03 03:47:00,68.745,68.78,68.735,68.775,68.777,68.812,68.767,68.807,54
2026-07-03 03:48:00,68.78,68.885,68.77,68.856,68.812,68.917,68.802,68.896,76
2026-07-03 03:49:00,68.855,68.885,68.805,68.815,68.887,68.917,68.837,68.847,49
2026-07-03 03:50:00,68.82,68.835,68.725,68.79,68.852,68.867,68.757,68.822,56
2026-07-03 03:51:00,68.795,68.855,68.77,68.835,68.827,68.887,68.802,68.867,47
2026-07-03 03:52:00,68.825,68.825,68.78,68.795,68.857,68.857,68.812,68.827,35
2026-07-03 03:53:00,68.805,68.84,68.775,68.795,68.837,68.872,68.807,68.827,36
2026-07-03 03:54:00,68.79,68.79,68.745,68.745,68.822,68.822,68.777,68.777,31
2026-07-03 03:55:00,68.755,68.785,68.745,68.775,68.787,68.817,68.777,68.807,28
2026-07-03 03:56:00,68.77,68.815,68.755,68.815,68.802,68.847,68.787,68.847,22
2026-07-03 03:57:00,68.806,68.835,68.79,68.815,68.846,68.867,68.822,68.847,16
2026-07-03 03:58:00,68.82,68.88,68.815,68.865,68.852,68.912,68.847,68.897,50
2026-07-03 03:59:00,68.875,68.875,68.85,68.865,68.907,68.907,68.882,68.897,19
2026-07-03 04:00:00,68.87,68.89,68.845,68.875,68.902,68.922,68.877,68.907,52
2026-07-03 04:01:00,68.885,68.925,68.865,68.9,68.917,68.957,68.897,68.932,43
2026-07-03 04:02:00,68.905,68.91,68.865,68.905,68.937,68.942,68.897,68.937,43
2026-07-03 04:03:00,68.915,68.925,68.87,68.915,68.947,68.957,68.902,68.947,42
2026-07-03 04:04:00,68.91,68.93,68.895,68.925,68.942,68.962,68.927,68.957,23
2026-07-03 04:05:00,68.915,68.93,68.885,68.9,68.947,68.962,68.917,68.932,45
2026-07-03 04:06:00,68.895,68.905,68.875,68.875,68.927,68.937,68.907,68.907,23
2026-07-03 04:07:00,68.87,68.91,68.865,68.885,68.902,68.942,68.897,68.917,20
2026-07-03 04:08:00,68.895,68.9,68.866,68.89,68.927,68.932,68.906,68.922,19
2026-07-03 04:09:00,68.88,68.97,68.875,68.905,68.912,69.002,68.907,68.937,38
2026-07-03 04:10:00,68.91,68.91,68.865,68.875,68.942,68.942,68.897,68.907,22
2026-07-03 04:11:00,68.87,68.9,68.855,68.855,68.902,68.932,68.887,68.887,38
2026-07-03 04:12:00,68.865,68.905,68.85,68.905,68.897,68.937,68.882,68.937,27
2026-07-03 04:13:00,68.895,68.925,68.895,68.915,68.927,68.957,68.927,68.947,15
2026-07-03 04:14:00,68.905,68.935,68.9,68.905,68.937,68.967,68.932,68.937,17
2026-07-03 04:15:00,68.91,68.91,68.895,68.91,68.942,68.942,68.927,68.942,8
2026-07-03 04:16:00,68.925,68.925,68.91,68.915,68.957,68.957,68.942,68.947,13
2026-07-03 04:17:00,68.91,68.915,68.905,68.91,68.942,68.947,68.937,68.942,7
2026-07-03 04:18:00,68.905,68.905,68.875,68.88,68.937,68.937,68.907,68.912,9
2026-07-03 04:19:00,68.875,68.875,68.86,68.865,68.907,68.907,68.892,68.897,18
2026-07-03 04:20:00,68.875,68.885,68.86,68.885,68.907,68.917,68.892,68.917,7
2026-07-03 04:21:00,68.88,68.885,68.88,68.885,68.912,68.917,68.912,68.917,4
2026-07-03 04:22:00,68.88,68.885,68.875,68.88,68.912,68.917,68.907,68.912,4
2026-07-03 04:23:00,68.885,68.91,68.87,68.91,68.917,68.942,68.902,68.942,20
2026-07-03 04:24:00,68.915,68.925,68.91,68.915,68.947,68.957,68.942,68.947,9
2026-07-03 04:25:00,68.91,68.945,68.91,68.945,68.942,68.977,68.942,68.977,9
2026-07-03 04:26:00,68.94,68.94,68.93,68.935,68.972,68.972,68.962,68.967,16
2026-07-03 04:27:00,68.945,68.945,68.94,68.945,68.977,68.977,68.972,68.977,3
2026-07-03 04:28:00,68.95,68.95,68.89,68.89,68.982,68.982,68.922,68.922,19
2026-07-03 04:29:00,68.895,68.92,68.895,68.915,68.927,68.952,68.927,68.947,12
2026-07-03 04:30:00,68.93,68.93,68.855,68.875,68.962,68.962,68.887,68.907,56
2026-07-03 04:31:00,68.865,68.895,68.865,68.875,68.897,68.927,68.897,68.907,11
2026-07-03 04:32:00,68.865,68.915,68.865,68.885,68.897,68.947,68.897,68.917,33
2026-07-03 04:33:00,68.9,68.96,68.886,68.936,68.932,68.992,68.922,68.976,44
2026-07-03 04:34:00,68.935,68.98,68.915,68.94,68.967,69.012,68.947,68.972,35
2026-07-03 04:35:00,68.935,68.975,68.925,68.966,68.967,69.007,68.957,69.006,38
2026-07-03 04:36:00,68.965,69.005,68.94,68.995,68.997,69.037,68.972,69.027,32
2026-07-03 04:37:00,68.986,69.005,68.955,68.975,69.026,69.037,68.987,69.007,59
2026-07-03 04:38:00,68.965,68.985,68.935,68.935,68.997,69.017,68.967,68.967,32
2026-07-03 04:39:00,68.94,68.97,68.935,68.956,68.972,69.002,68.967,68.996,36
2026-07-03 04:40:00,68.955,68.985,68.935,68.975,68.987,69.017,68.967,69.007,36
2026-07-03 04:41:00,68.97,68.99,68.95,68.976,69.002,69.022,68.982,69.016,33
2026-07-03 04:42:00,68.975,69.06,68.975,69.05,69.007,69.092,69.007,69.082,64
2026-07-03 04:43:00,69.045,69.1,69.036,69.065,69.077,69.132,69.072,69.097,60
2026-07-03 04:44:00,69.06,69.075,69.03,69.035,69.092,69.107,69.062,69.067,32
2026-07-03 04:45:00,69.03,69.045,68.975,69.02,69.062,69.077,69.007,69.052,52
2026-07-03 04:46:00,69.015,69.025,68.99,68.99,69.047,69.057,69.022,69.022,32
2026-07-03 04:47:00,68.985,69.035,68.975,68.995,69.017,69.067,69.007,69.027,43
2026-07-03 04:48:00,68.99,69.005,68.97,68.97,69.022,69.037,69.002,69.002,51
2026-07-03 04:49:00,68.975,68.996,68.965,68.99,69.007,69.036,68.997,69.022,18
2026-07-03 04:50:00,68.986,68.995,68.935,68.96,69.026,69.027,68.967,68.992,68
2026-07-03 04:51:00,68.95,68.995,68.945,68.945,68.982,69.027,68.977,68.977,35
2026-07-03 04:52:00,68.94,68.96,68.93,68.945,68.972,68.992,68.962,68.977,22
2026-07-03 04:53:00,68.95,68.96,68.885,68.915,68.982,68.992,68.917,68.947,42
2026-07-03 04:54:00,68.92,68.935,68.89,68.89,68.952,68.967,68.922,68.922,44
2026-07-03 04:55:00,68.9,68.925,68.885,68.885,68.932,68.957,68.917,68.917,34
2026-07-03 04:56:00,68.88,68.88,68.83,68.845,68.912,68.912,68.862,68.877,30
2026-07-03 04:57:00,68.85,68.855,68.79,68.82,68.882,68.887,68.822,68.852,46
2026-07-03 04:58:00,68.825,68.875,68.82,68.875,68.857,68.911,68.852,68.907,43
2026-07-03 04:59:00,68.87,68.875,68.846,68.865,68.902,68.907,68.882,68.897,30
2026-07-03 05:00:00,68.86,68.93,68.855,68.925,68.892,68.962,68.887,68.957,38
2026-07-03 05:01:00,68.93,68.94,68.92,68.92,68.962,68.972,68.952,68.952,13
2026-07-03 05:02:00,68.925,68.925,68.895,68.915,68.957,68.957,68.927,68.947,21
2026-07-03 05:03:00,68.92,68.935,68.905,68.925,68.952,68.967,68.937,68.957,17
2026-07-03 05:04:00,68.915,68.94,68.915,68.935,68.947,68.972,68.947,68.967,15
2026-07-03 05:05:00,68.92,68.94,68.905,68.925,68.952,68.972,68.937,68.957,25
2026-07-03 05:06:00,68.92,68.94,68.905,68.94,68.952,68.972,68.937,68.972,24
2026-07-03 05:07:00,68.95,68.96,68.915,68.925,68.982,68.992,68.947,68.957,36
2026-07-03 05:08:00,68.915,68.975,68.915,68.975,68.947,69.007,68.947,69.007,36
2026-07-03 05:09:00,68.985,69.0,68.976,68.995,69.017,69.032,69.012,69.027,26
2026-07-03 05:10:00,69.0,69.005,68.96,69.005,69.032,69.037,68.992,69.037,31
2026-07-03 05:11:00,68.995,69.04,68.995,69.03,69.027,69.072,69.027,69.062,19
2026-07-03 05:12:00,69.025,69.07,69.025,69.07,69.057,69.102,69.057,69.102,27
2026-07-03 05:13:00,69.065,69.09,69.046,69.07,69.097,69.122,69.086,69.102,26
2026-07-03 05:14:00,69.06,69.065,69.025,69.025,69.092,69.097,69.057,69.057,22
2026-07-03 05:15:00,69.02,69.035,68.995,69.005,69.052,69.067,69.027,69.037,21
2026-07-03 05:16:00,69.01,69.045,69.005,69.035,69.042,69.077,69.037,69.067,16
2026-07-03 05:17:00,69.026,69.045,69.015,69.015,69.066,69.077,69.047,69.047,21
2026-07-03 05:18:00,69.025,69.035,69.015,69.035,69.057,69.067,69.047,69.067,14
2026-07-03 05:19:00,69.045,69.045,69.03,69.035,69.077,69.077,69.062,69.067,10
2026-07-03 05:20:00,69.045,69.065,69.045,69.06,69.077,69.097,69.077,69.092,11
2026-07-03 05:21:00,69.065,69.065,69.04,69.05,69.097,69.097,69.072,69.082,14
2026-07-03 05:22:00,69.055,69.1,69.045,69.085,69.087,69.132,69.077,69.117,36
2026-07-03 05:23:00,69.09,69.115,69.08,69.105,69.122,69.147,69.112,69.137,24
2026-07-03 05:24:00,69.115,69.13,69.07,69.075,69.147,69.162,69.102,69.107,33
2026-07-03 05:25:00,69.06,69.095,69.05,69.086,69.092,69.127,69.082,69.126,36
2026-07-03 05:26:00,69.095,69.11,69.085,69.096,69.127,69.142,69.117,69.136,18
2026-07-03 05:27:00,69.105,69.105,69.09,69.095,69.137,69.137,69.122,69.127,9
2026-07-03 05:28:00,69.09,69.095,69.075,69.075,69.122,69.127,69.107,69.107,20
2026-07-03 05:29:00,69.085,69.085,69.05,69.055,69.117,69.117,69.082,69.087,37
2026-07-03 05:30:00,69.05,69.065,68.97,68.99,69.082,69.097,69.002,69.022,56
2026-07-03 05:31:00,68.985,69.02,68.97,69.015,69.017,69.052,69.002,69.047,49
2026-07-03 05:32:00,69.01,69.02,68.99,69.0,69.042,69.052,69.022,69.032,18
2026-07-03 05:33:00,68.99,69.0,68.99,69.0,69.022,69.032,69.022,69.032,7
2026-07-03 05:34:00,68.995,69.0,68.99,68.99,69.027,69.032,69.022,69.022,21
2026-07-03 05:35:00,68.995,69.0,68.985,68.985,69.027,69.032,69.017,69.017,14
2026-07-03 05:36:00,69.0,69.005,68.99,68.99,69.032,69.037,69.022,69.022,13
2026-07-03 05:37:00,69.0,69.025,69.0,69.015,69.032,69.057,69.032,69.047,12
2026-07-03 05:38:00,69.006,69.03,69.006,69.03,69.046,69.062,69.042,69.062,12
2026-07-03 05:39:00,69.025,69.035,69.005,69.025,69.057,69.067,69.037,69.057,16
2026-07-03 05:40:00,69.02,69.025,68.986,68.995,69.052,69.057,69.022,69.027,16
2026-07-03 05:41:00,69.0,69.01,68.99,68.99,69.032,69.046,69.022,69.022,10
2026-07-03 05:42:00,69.0,69.0,68.99,68.995,69.032,69.032,69.022,69.027,3
2026-07-03 05:43:00,68.985,68.985,68.956,68.97,69.017,69.017,68.992,69.002,15
2026-07-03 05:44:00,68.965,68.97,68.955,68.955,68.997,69.002,68.987,68.987,6
2026-07-03 05:45:00,68.96,68.96,68.94,68.95,68.992,68.992,68.972,68.982,9
2026-07-03 05:46:00,68.94,68.95,68.94,68.945,68.972,68.982,68.972,68.977,7
2026-07-03 05:47:00,68.95,68.95,68.94,68.95,68.982,68.982,68.972,68.982,5
2026-07-03 05:48:00,68.945,68.955,68.94,68.955,68.977,68.987,68.972,68.987,7
2026-07-03 05:49:00,68.95,68.95,68.94,68.95,68.982,68.982,68.972,68.982,7
2026-07-03 05:50:00,68.955,68.96,68.955,68.96,68.987,68.992,68.987,68.992,2
2026-07-03 05:51:00,68.95,68.95,68.945,68.945,68.982,68.982,68.977,68.977,2
2026-07-03 05:52:00,68.95,68.97,68.94,68.965,68.982,69.002,68.972,68.997,9
2026-07-03 05:54:00,68.96,68.97,68.955,68.96,68.992,69.002,68.987,68.992,7
2026-07-03 05:55:00,68.965,68.975,68.965,68.975,68.997,69.007,68.997,69.007,5
2026-07-03 05:56:00,68.98,69.005,68.98,68.99,69.012,69.037,69.012,69.022,8
2026-07-03 05:58:00,68.98,68.98,68.975,68.98,69.012,69.012,69.007,69.012,3
2026-07-03 05:59:00,68.975,68.99,68.975,68.985,69.007,69.022,69.007,69.017,5
2026-07-03 06:00:00,68.99,69.0,68.985,68.99,69.022,69.032,69.017,69.022,6
2026-07-03 06:01:00,68.985,68.99,68.98,68.985,69.017,69.022,69.012,69.017,5
2026-07-03 06:02:00,68.98,68.985,68.975,68.98,69.012,69.017,69.007,69.012,8
2026-07-03 06:03:00,68.975,68.99,68.975,68.99,69.007,69.022,69.007,69.022,7
2026-07-03 06:04:00,68.985,68.99,68.98,68.98,69.017,69.022,69.012,69.012,3
2026-07-03 06:05:00,68.975,68.98,68.975,68.98,69.007,69.012,69.007,69.012,2
2026-07-03 06:06:00,68.985,68.99,68.975,68.98,69.017,69.022,69.007,69.012,6
2026-07-03 06:07:00,68.975,68.98,68.97,68.98,69.007,69.012,69.002,69.012,4
2026-07-03 06:08:00,68.97,68.97,68.97,68.97,69.002,69.002,69.002,69.002,1
2026-07-03 06:09:00,68.98,69.0,68.98,68.99,69.012,69.032,69.012,69.022,5
2026-07-03 06:10:00,68.985,69.01,68.985,69.0,69.017,69.042,69.017,69.032,6
2026-07-03 06:11:00,68.995,68.995,68.99,68.995,69.027,69.027,69.022,69.027,3
2026-07-03 06:12:00,69.0,69.0,69.0,69.0,69.032,69.032,69.032,69.032,1
2026-07-03 06:14:00,69.005,69.005,68.99,69.0,69.037,69.037,69.022,69.032,5
2026-07-03 06:15:00,68.99,69.0,68.985,69.0,69.022,69.032,69.017,69.032,6
2026-07-03 06:16:00,69.005,69.005,69.0,69.0,69.037,69.037,69.032,69.032,2
2026-07-03 06:17:00,68.995,68.995,68.995,68.995,69.027,69.027,69.027,69.027,1
2026-07-03 06:18:00,68.985,68.985,68.97,68.97,69.017,69.017,69.002,69.002,6
2026-07-03 06:20:00,68.96,68.96,68.94,68.95,68.992,68.992,68.972,68.982,9
2026-07-03 06:21:00,68.945,68.945,68.935,68.935,68.977,68.977,68.967,68.967,5
2026-07-03 06:22:00,68.945,68.975,68.945,68.97,68.977,69.007,68.977,69.002,7
2026-07-03 06:23:00,68.965,68.97,68.96,68.97,68.997,69.002,68.992,69.002,4
2026-07-03 06:24:00,68.965,68.975,68.965,68.975,68.997,69.007,68.997,69.007,3
2026-07-03 06:25:00,68.97,68.99,68.965,68.97,69.002,69.022,68.997,69.002,5
2026-07-03 06:26:00,68.965,68.965,68.965,68.965,68.997,68.997,68.997,68.997,1
2026-07-03 06:27:00,68.96,68.975,68.945,68.95,68.992,69.007,68.977,68.982,9
2026-07-03 06:28:00,68.96,68.975,68.96,68.97,68.992,69.007,68.992,69.002,6
2026-07-03 06:29:00,68.975,68.99,68.975,68.98,69.007,69.022,69.007,69.012,8
2026-07-03 06:30:00,68.985,68.995,68.975,68.995,69.017,69.027,69.007,69.027,9
2026-07-03 06:31:00,68.99,68.99,68.97,68.99,69.022,69.022,69.002,69.022,9
2026-07-03 06:32:00,68.995,69.005,68.995,69.005,69.027,69.037,69.027,69.037,5
2026-07-03 06:33:00,68.995,69.0,68.995,68.995,69.027,69.032,69.027,69.027,3
2026-07-03 06:34:00,69.01,69.02,68.99,69.015,69.042,69.052,69.022,69.047,7
2026-07-03 06:35:00,69.01,69.04,69.01,69.025,69.042,69.072,69.042,69.057,12
2026-07-03 06:36:00,69.02,69.055,69.02,69.03,69.052,69.087,69.052,69.062,15
2026-07-03 06:37:00,69.02,69.02,69.01,69.02,69.052,69.052,69.042,69.052,6
2026-07-03 06:38:00,69.015,69.025,69.015,69.025,69.047,69.057,69.047,69.057,3
2026-07-03 06:39:00,69.03,69.03,69.015,69.03,69.062,69.062,69.047,69.062,8
2026-07-03 06:40:00,69.035,69.035,69.015,69.015,69.067,69.067,69.047,69.047,18
2026-07-03 06:41:00,69.03,69.035,69.025,69.035,69.062,69.067,69.057,69.067,7
2026-07-03 06:42:00,69.05,69.05,69.03,69.03,69.082,69.082,69.062,69.062,10
2026-07-03 06:43:00,69.035,69.04,69.03,69.035,69.067,69.076,69.062,69.067,9
2026-07-03 06:44:00,69.03,69.035,69.01,69.015,69.062,69.067,69.042,69.047,11
2026-07-03 06:46:00,69.01,69.025,69.0,69.016,69.042,69.057,69.032,69.056,10
2026-07-03 06:47:00,69.015,69.015,69.01,69.015,69.047,69.047,69.042,69.047,13
2026-07-03 06:48:00,69.02,69.02,69.0,69.0,69.052,69.052,69.032,69.032,4
2026-07-03 06:49:00,69.005,69.005,68.995,69.005,69.037,69.037,69.027,69.037,22
2026-07-03 06:50:00,69.0,69.0,68.99,68.995,69.032,69.032,69.022,69.027,4
2026-07-03 06:51:00,69.0,69.015,69.0,69.005,69.032,69.047,69.032,69.037,6
2026-07-03 06:53:00,69.01,69.01,68.995,69.0,69.042,69.042,69.027,69.032,5
2026-07-03 06:54:00,69.005,69.005,68.995,68.995,69.037,69.037,69.027,69.027,7
2026-07-03 06:55:00,68.99,68.995,68.97,68.975,69.022,69.027,69.002,69.007,8
2026-07-03 06:56:00,68.97,68.98,68.97,68.975,69.002,69.012,69.002,69.007,11
2026-07-03 06:57:00,68.98,68.98,68.945,68.95,69.012,69.012,68.977,68.982,11
2026-07-03 06:58:00,68.945,68.95,68.93,68.945,68.977,68.982,68.962,68.977,15
2026-07-03 06:59:00,68.94,68.955,68.925,68.94,68.972,68.987,68.957,68.972,13
2026-07-03 07:00:00,68.95,68.95,68.94,68.945,68.982,68.982,68.972,68.977,12
2026-07-03 07:01:00,68.95,68.955,68.945,68.95,68.982,68.987,68.977,68.982,5
2026-07-03 07:02:00,68.955,68.965,68.945,68.965,68.987,68.997,68.977,68.997,4
2026-07-03 07:03:00,68.97,68.97,68.955,68.965,69.002,69.002,68.987,68.997,7
2026-07-03 07:04:00,68.97,68.98,68.965,68.975,69.002,69.012,68.997,69.007,7
2026-07-03 07:05:00,68.97,68.99,68.97,68.99,69.002,69.022,69.002,69.022,8
2026-07-03 07:06:00,69.0,69.0,68.99,69.0,69.032,69.032,69.022,69.032,6
2026-07-03 07:07:00,68.99,69.01,68.985,68.985,69.022,69.042,69.017,69.017,7
2026-07-03 07:08:00,68.98,69.02,68.98,69.005,69.012,69.052,69.012,69.037,10
2026-07-03 07:09:00,69.01,69.01,69.005,69.005,69.042,69.042,69.037,69.037,2
2026-07-03 07:10:00,69.0,69.035,69.0,69.025,69.032,69.067,69.032,69.057,15
2026-07-03 07:11:00,69.02,69.02,68.985,68.985,69.052,69.052,69.017,69.017,12
2026-07-03 07:12:00,68.99,68.99,68.97,68.975,69.022,69.022,69.002,69.007,14
2026-07-03 07:13:00,68.97,69.02,68.97,69.01,69.002,69.052,69.002,69.042,9
2026-07-03 07:14:00,69.015,69.015,69.01,69.01,69.047,69.047,69.042,69.042,6
2026-07-03 07:15:00,69.005,69.01,68.99,68.995,69.037,69.042,69.022,69.027,10
2026-07-03 07:16:00,69.0,69.02,69.0,69.02,69.032,69.052,69.032,69.052,8
2026-07-03 07:17:00,69.015,69.025,69.015,69.02,69.047,69.057,69.047,69.052,5
2026-07-03 07:18:00,69.025,69.04,69.02,69.04,69.057,69.072,69.052,69.072,7
2026-07-03 07:19:00,69.045,69.06,69.045,69.05,69.077,69.092,69.077,69.082,10
2026-07-03 07:20:00,69.046,69.055,69.025,69.03,69.086,69.087,69.057,69.062,16
2026-07-03 07:21:00,69.02,69.035,69.02,69.025,69.052,69.067,69.052,69.057,5
2026-07-03 07:22:00,69.015,69.03,69.005,69.03,69.047,69.066,69.037,69.062,13
2026-07-03 07:23:00,69.035,69.035,69.015,69.015,69.067,69.067,69.047,69.047,6
2026-07-03 07:24:00,69.01,69.015,69.005,69.005,69.042,69.047,69.037,69.037,6
2026-07-03 07:25:00,68.996,69.015,68.996,69.005,69.036,69.047,69.032,69.037,12
2026-07-03 07:26:00,69.0,69.015,68.996,69.015,69.032,69.047,69.032,69.047,6
2026-07-03 07:27:00,69.02,69.02,69.005,69.005,69.052,69.052,69.037,69.037,9
2026-07-03 07:29:00,69.01,69.01,68.965,68.965,69.042,69.042,68.997,68.997,10
2026-07-03 07:30:00,68.97,69.02,68.96,68.96,69.002,69.052,68.992,68.992,52
2026-07-03 07:31:00,68.965,69.005,68.96,68.995,68.997,69.037,68.992,69.027,42
2026-07-03 07:32:00,69.005,69.015,68.996,69.005,69.037,69.047,69.032,69.037,13
2026-07-03 07:33:00,69.015,69.075,69.015,69.065,69.047,69.107,69.047,69.097,25
2026-07-03 07:34:00,69.056,69.085,69.05,69.065,69.096,69.117,69.082,69.097,31
2026-07-03 07:35:00,69.07,69.085,69.06,69.075,69.102,69.117,69.092,69.107,22
2026-07-03 07:36:00,69.08,69.08,69.035,69.045,69.112,69.112,69.067,69.077,15
2026-07-03 07:37:00,69.04,69.045,69.015,69.025,69.072,69.077,69.047,69.057,26
2026-07-03 07:38:00,69.02,69.03,68.99,68.99,69.052,69.066,69.022,69.022,36
2026-07-03 07:39:00,68.995,69.015,68.99,69.015,69.027,69.047,69.022,69.047,14
2026-07-03 07:40:00,69.005,69.045,69.0,69.045,69.037,69.077,69.032,69.077,23
2026-07-03 07:41:00,69.05,69.09,69.05,69.08,69.082,69.122,69.082,69.112,31
2026-07-03 07:42:00,69.085,69.15,69.085,69.12,69.117,69.182,69.117,69.152,42
2026-07-03 07:43:00,69.115,69.145,69.1,69.14,69.147,69.177,69.132,69.172,21
2026-07-03 07:44:00,69.145,69.16,69.14,69.155,69.177,69.192,69.172,69.187,27
2026-07-03 07:45:00,69.16,69.16,69.13,69.135,69.192,69.192,69.162,69.167,16
2026-07-03 07:46:00,69.145,69.145,69.115,69.12,69.177,69.177,69.147,69.152,32
2026-07-03 07:47:00,69.125,69.13,69.115,69.12,69.157,69.162,69.147,69.152,17
2026-07-03 07:48:00,69.125,69.125,69.1,69.12,69.157,69.157,69.132,69.152,12
2026-07-03 07:49:00,69.125,69.135,69.1,69.115,69.157,69.167,69.132,69.147,39
2026-07-03 07:50:00,69.12,69.135,69.1,69.13,69.152,69.167,69.132,69.162,20
2026-07-03 07:51:00,69.14,69.19,69.125,69.13,69.172,69.222,69.157,69.162,37
2026-07-03 07:52:00,69.135,69.155,69.135,69.155,69.167,69.187,69.167,69.187,11
2026-07-03 07:53:00,69.15,69.18,69.14,69.17,69.182,69.212,69.172,69.202,38
2026-07-03 07:54:00,69.175,69.18,69.16,69.165,69.207,69.212,69.192,69.197,14
2026-07-03 07:55:00,69.155,69.17,69.15,69.155,69.187,69.202,69.182,69.187,32
2026-07-03 07:56:00,69.15,69.165,69.14,69.14,69.182,69.197,69.172,69.172,12
2026-07-03 07:57:00,69.145,69.205,69.13,69.19,69.177,69.237,69.162,69.222,26
2026-07-03 07:58:00,69.2,69.21,69.18,69.18,69.232,69.242,69.212,69.212,11
2026-07-03 07:59:00,69.185,69.185,69.155,69.16,69.217,69.217,69.187,69.192,14
2026-07-03 08:00:00,69.17,69.205,69.155,69.17,69.202,69.237,69.187,69.202,61
2026-07-03 08:01:00,69.165,69.23,69.165,69.21,69.197,69.262,69.197,69.242,26
2026-07-03 08:02:00,69.2,69.215,69.19,69.215,69.232,69.247,69.222,69.247,23
2026-07-03 08:03:00,69.22,69.23,69.18,69.19,69.252,69.262,69.212,69.222,29
2026-07-03 08:04:00,69.2,69.2,69.12,69.13,69.232,69.232,69.152,69.162,28
2026-07-03 08:05:00,69.135,69.16,69.08,69.09,69.167,69.192,69.112,69.122,41
2026-07-03 08:06:00,69.095,69.13,69.095,69.11,69.127,69.162,69.127,69.142,22
2026-07-03 08:07:00,69.105,69.12,69.095,69.115,69.137,69.152,69.127,69.147,28
2026-07-03 08:08:00,69.105,69.105,69.01,69.02,69.137,69.137,69.042,69.052,32
2026-07-03 08:09:00,69.03,69.03,69.01,69.01,69.062,69.062,69.042,69.042,7
2026-07-03 08:10:00,69.015,69.03,68.97,69.02,69.047,69.062,69.002,69.052,24
2026-07-03 08:11:00,69.025,69.025,68.98,68.98,69.057,69.057,69.012,69.012,22
2026-07-03 08:12:00,68.99,69.0,68.97,68.975,69.022,69.032,69.002,69.007,23
2026-07-03 08:13:00,68.98,69.0,68.96,68.96,69.012,69.032,68.992,68.992,29
2026-07-03 08:14:00,68.95,68.97,68.94,68.95,68.982,69.002,68.972,68.982,30
2026-07-03 08:15:00,68.955,68.98,68.94,68.94,68.987,69.012,68.972,68.972,55
2026-07-03 08:16:00,68.945,68.945,68.91,68.915,68.977,68.977,68.942,68.947,22
2026-07-03 08:17:00,68.92,68.925,68.905,68.915,68.952,68.957,68.937,68.947,24
2026-07-03 08:18:00,68.89,68.945,68.89,68.935,68.922,68.977,68.922,68.967,26
2026-07-03 08:19:00,68.95,68.955,68.93,68.945,68.982,68.987,68.962,68.977,27
2026-07-03 08:20:00,68.95,68.955,68.9,68.915,68.982,68.987,68.932,68.947,28
2026-07-03 08:21:00,68.92,68.935,68.91,68.935,68.952,68.967,68.942,68.967,19
2026-07-03 08:22:00,68.925,68.925,68.9,68.905,68.957,68.957,68.932,68.937,23
2026-07-03 08:23:00,68.9,68.915,68.9,68.915,68.932,68.947,68.932,68.947,19
2026-07-03 08:24:00,68.91,68.915,68.895,68.895,68.942,68.947,68.927,68.927,27
2026-07-03 08:25:00,68.9,68.92,68.89,68.92,68.932,68.952,68.922,68.952,30
2026-07-03 08:26:00,68.915,68.92,68.87,68.875,68.947,68.952,68.902,68.907,38
2026-07-03 08:27:00,68.88,68.9,68.87,68.875,68.912,68.932,68.902,68.907,30
2026-07-03 08:28:00,68.88,68.895,68.875,68.885,68.912,68.927,68.907,68.917,11
2026-07-03 08:29:00,68.88,68.93,68.875,68.905,68.912,68.962,68.907,68.937,34
2026-07-03 08:30:00,68.9,68.98,68.9,68.96,68.932,69.012,68.932,68.992,34
2026-07-03 08:31:00,68.97,69.03,68.96,69.03,69.002,69.062,68.992,69.062,31
2026-07-03 08:32:00,69.04,69.07,69.025,69.05,69.072,69.102,69.057,69.082,36
2026-07-03 08:33:00,69.04,69.04,68.925,68.925,69.072,69.072,68.957,68.957,30
2026-07-03 08:34:00,68.93,68.955,68.92,68.955,68.962,68.987,68.952,68.987,20
2026-07-03 08:35:00,68.95,68.95,68.92,68.92,68.982,68.982,68.952,68.952,26
2026-07-03 08:36:00,68.925,68.96,68.895,68.955,68.957,68.992,68.927,68.987,24
2026-07-03 08:37:00,68.96,68.965,68.92,68.955,68.992,68.997,68.952,68.987,29
2026-07-03 08:38:00,68.95,68.98,68.945,68.98,68.982,69.012,68.977,69.012,15
2026-07-03 08:39:00,68.99,69.03,68.99,69.005,69.022,69.062,69.022,69.037,20
2026-07-03 08:40:00,69.0,69.02,68.99,68.99,69.032,69.052,69.022,69.022,17
2026-07-03 08:41:00,68.995,69.005,68.975,68.99,69.027,69.037,69.007,69.022,19
2026-07-03 08:42:00,68.995,69.005,68.985,69.0,69.027,69.037,69.017,69.032,12
2026-07-03 08:43:00,69.01,69.035,69.0,69.0,69.042,69.067,69.032,69.032,28
2026-07-03 08:44:00,68.99,68.995,68.93,68.96,69.022,69.027,68.962,68.992,39
2026-07-03 08:45:00,68.955,68.965,68.945,68.96,68.987,68.997,68.977,68.992,25
2026-07-03 08:46:00,68.955,68.96,68.89,68.905,68.987,68.992,68.922,68.937,25
2026-07-03 08:47:00,68.915,68.925,68.9,68.905,68.947,68.957,68.932,68.937,25
2026-07-03 08:48:00,68.9,68.93,68.875,68.92,68.932,68.962,68.907,68.952,44
2026-07-03 08:49:00,68.925,68.945,68.92,68.935,68.957,68.977,68.952,68.967,29
2026-07-03 08:50:00,68.925,68.93,68.89,68.915,68.957,68.962,68.922,68.947,37
2026-07-03 08:51:00,68.91,68.92,68.89,68.905,68.942,68.952,68.922,68.937,15
2026-07-03 08:52:00,68.91,68.92,68.9,68.905,68.942,68.952,68.932,68.937,18
2026-07-03 08:53:00,68.91,68.92,68.86,68.88,68.942,68.952,68.892,68.912,25
2026-07-03 08:54:00,68.885,68.9,68.87,68.9,68.917,68.932,68.902,68.932,24
2026-07-03 08:55:00,68.91,68.94,68.895,68.915,68.942,68.972,68.927,68.947,32
2026-07-03 08:56:00,68.92,68.94,68.915,68.92,68.952,68.972,68.947,68.952,11
2026-07-03 08:57:00,68.91,68.945,68.9,68.945,68.942,68.977,68.932,68.977,37
2026-07-03 08:58:00,68.94,68.97,68.91,68.91,68.972,69.002,68.942,68.942,61
2026-07-03 08:59:00,68.905,68.945,68.89,68.91,68.937,68.977,68.922,68.942,33
2026-07-03 09:00:00,68.905,68.905,68.85,68.89,68.937,68.937,68.882,68.922,61
2026-07-03 09:01:00,68.895,68.93,68.875,68.915,68.927,68.962,68.907,68.947,26
2026-07-03 09:02:00,68.91,68.965,68.91,68.955,68.942,68.997,68.942,68.987,27
2026-07-03 09:03:00,68.96,68.96,68.9,68.905,68.992,68.992,68.932,68.937,42
2026-07-03 09:04:00,68.89,68.905,68.87,68.895,68.922,68.937,68.902,68.927,28
2026-07-03 09:05:00,68.89,68.895,68.82,68.835,68.922,68.927,68.852,68.867,48
2026-07-03 09:06:00,68.82,68.835,68.78,68.795,68.852,68.867,68.812,68.827,32
2026-07-03 09:07:00,68.8,68.835,68.795,68.825,68.832,68.867,68.827,68.857,38
2026-07-03 09:08:00,68.82,68.85,68.8,68.835,68.852,68.882,68.832,68.867,27
2026-07-03 09:09:00,68.83,68.845,68.825,68.825,68.862,68.877,68.857,68.857,32
2026-07-03 09:10:00,68.83,68.845,68.815,68.815,68.862,68.877,68.847,68.847,27
2026-07-03 09:11:00,68.82,68.825,68.66,68.665,68.852,68.857,68.692,68.697,45
2026-07-03 09:12:00,68.67,68.69,68.64,68.66,68.702,68.722,68.672,68.692,61
2026-07-03 09:13:00,68.665,68.695,68.665,68.685,68.697,68.727,68.697,68.717,39
2026-07-03 09:14:00,68.68,68.7,68.65,68.665,68.712,68.732,68.682,68.697,26
2026-07-03 09:15:00,68.67,68.71,68.665,68.705,68.702,68.742,68.697,68.737,32
2026-07-03 09:16:00,68.71,68.74,68.71,68.725,68.742,68.772,68.742,68.757,16
2026-07-03 09:17:00,68.73,68.76,68.725,68.755,68.762,68.792,68.757,68.787,17
2026-07-03 09:18:00,68.75,68.75,68.69,68.7,68.782,68.782,68.722,68.732,21
2026-07-03 09:19:00,68.69,68.78,68.69,68.74,68.722,68.812,68.722,68.772,28
2026-07-03 09:20:00,68.73,68.745,68.705,68.735,68.762,68.777,68.737,68.767,25
2026-07-03 09:21:00,68.73,68.735,68.705,68.71,68.762,68.767,68.737,68.742,17
2026-07-03 09:22:00,68.715,68.74,68.71,68.715,68.747,68.772,68.742,68.747,14
2026-07-03 09:23:00,68.72,68.74,68.67,68.675,68.752,68.772,68.702,68.707,29
2026-07-03 09:24:00,68.67,68.67,68.56,68.58,68.702,68.702,68.592,68.612,42
2026-07-03 09:25:00,68.59,68.61,68.56,68.56,68.622,68.642,68.592,68.592,50
2026-07-03 09:26:00,68.57,68.58,68.515,68.53,68.602,68.612,68.547,68.562,59
2026-07-03 09:27:00,68.535,68.57,68.52,68.56,68.567,68.602,68.552,68.592,25
2026-07-03 09:28:00,68.565,68.6,68.545,68.555,68.597,68.632,68.577,68.587,29
2026-07-03 09:29:00,68.55,68.56,68.53,68.535,68.582,68.592,68.562,68.567,32
2026-07-03 09:30:00,68.53,68.53,68.45,68.475,68.562,68.562,68.482,68.507,52
2026-07-03 09:31:00,68.48,68.565,68.475,68.555,68.512,68.597,68.507,68.587,51
2026-07-03 09:32:00,68.56,68.59,68.56,68.58,68.592,68.622,68.592,68.612,20
2026-07-03 09:33:00,68.575,68.6,68.57,68.575,68.607,68.632,68.602,68.607,39
2026-07-03 09:34:00,68.57,68.585,68.555,68.565,68.602,68.617,68.587,68.597,14
2026-07-03 09:35:00,68.57,68.59,68.54,68.59,68.602,68.622,68.572,68.622,19
2026-07-03 09:36:00,68.585,68.585,68.55,68.56,68.617,68.617,68.582,68.592,15
2026-07-03 09:37:00,68.565,68.64,68.565,68.63,68.597,68.672,68.597,68.662,34
2026-07-03 09:38:00,68.625,68.68,68.61,68.65,68.657,68.712,68.642,68.682,32
2026-07-03 09:39:00,68.645,68.67,68.64,68.665,68.677,68.702,68.672,68.697,14
2026-07-03 09:40:00,68.67,68.67,68.635,68.64,68.702,68.702,68.667,68.672,11
2026-07-03 09:41:00,68.655,68.655,68.61,68.62,68.687,68.687,68.642,68.652,14
2026-07-03 09:42:00,68.615,68.635,68.56,68.635,68.647,68.667,68.592,68.667,26
2026-07-03 09:43:00,68.65,68.66,68.61,68.61,68.682,68.692,68.642,68.642,26
2026-07-03 09:44:00,68.605,68.605,68.57,68.57,68.637,68.637,68.602,68.602,25
2026-07-03 09:45:00,68.575,68.585,68.55,68.57,68.607,68.617,68.582,68.602,33
2026-07-03 09:46:00,68.575,68.595,68.565,68.565,68.607,68.627,68.597,68.597,16
2026-07-03 09:47:00,68.56,68.57,68.51,68.54,68.592,68.602,68.542,68.572,39
2026-07-03 09:48:00,68.545,68.57,68.53,68.535,68.577,68.602,68.562,68.567,34
2026-07-03 09:49:00,68.53,68.535,68.485,68.495,68.562,68.567,68.517,68.527,24
2026-07-03 09:50:00,68.5,68.53,68.475,68.475,68.532,68.562,68.507,68.507,42
2026-07-03 09:51:00,68.46,68.5,68.455,68.475,68.492,68.532,68.487,68.507,53
2026-07-03 09:52:00,68.47,68.505,68.445,68.475,68.502,68.537,68.477,68.507,32
2026-07-03 09:53:00,68.485,68.5,68.475,68.5,68.517,68.532,68.507,68.532,25
2026-07-03 09:54:00,68.51,68.51,68.43,68.45,68.542,68.542,68.462,68.482,44
2026-07-03 09:55:00,68.445,68.445,68.4,68.405,68.477,68.477,68.432,68.437,43
2026-07-03 09:56:00,68.41,68.455,68.38,68.445,68.442,68.487,68.412,68.477,49
2026-07-03 09:57:00,68.45,68.46,68.43,68.435,68.482,68.492,68.462,68.467,23
2026-07-03 09:58:00,68.44,68.46,68.405,68.445,68.472,68.492,68.437,68.477,31
2026-07-03 09:59:00,68.45,68.49,68.445,68.48,68.482,68.522,68.477,68.512,28
2026-07-03 10:00:00,68.485,68.55,68.475,68.54,68.517,68.582,68.507,68.572,51
2026-07-03 10:01:00,68.53,68.56,68.52,68.52,68.562,68.592,68.552,68.552,22
2026-07-03 10:02:00,68.525,68.555,68.525,68.55,68.557,68.587,68.557,68.582,25
2026-07-03 10:03:00,68.555,68.59,68.555,68.59,68.587,68.622,68.587,68.622,16
2026-07-03 10:04:00,68.585,68.6,68.555,68.57,68.617,68.632,68.587,68.602,27
2026-07-03 10:05:00,68.575,68.585,68.57,68.585,68.607,68.617,68.602,68.617,17
2026-07-03 10:06:00,68.59,68.64,68.59,68.635,68.622,68.672,68.622,68.667,44
2026-07-03 10:07:00,68.64,68.64,68.58,68.595,68.672,68.672,68.612,68.627,24
2026-07-03 10:08:00,68.59,68.63,68.59,68.605,68.622,68.662,68.622,68.637,32
2026-07-03 10:09:00,68.6,68.635,68.585,68.635,68.632,68.667,68.617,68.667,21
2026-07-03 10:10:00,68.63,68.67,68.615,68.65,68.662,68.702,68.647,68.682,51
2026-07-03 10:11:00,68.645,68.66,68.615,68.635,68.677,68.692,68.647,68.667,24
2026-07-03 10:12:00,68.63,68.665,68.63,68.655,68.662,68.697,68.662,68.687,25
2026-07-03 10:13:00,68.66,68.7,68.65,68.665,68.692,68.732,68.682,68.697,41
2026-07-03 10:14:00,68.66,68.69,68.65,68.665,68.692,68.722,68.682,68.697,50
2026-07-03 10:15:00,68.66,68.66,68.59,68.615,68.692,68.692,68.622,68.647,64
2026-07-03 10:16:00,68.61,68.61,68.54,68.54,68.642,68.642,68.572,68.572,40
2026-07-03 10:17:00,68.55,68.595,68.54,68.545,68.582,68.627,68.572,68.577,44
2026-07-03 10:18:00,68.55,68.56,68.485,68.51,68.582,68.592,68.517,68.542,54
2026-07-03 10:19:00,68.515,68.52,68.45,68.48,68.547,68.552,68.482,68.512,44
2026-07-03 10:20:00,68.49,68.54,68.47,68.475,68.522,68.572,68.502,68.507,61
2026-07-03 10:21:00,68.476,68.495,68.46,68.495,68.516,68.527,68.492,68.527,21
2026-07-03 10:22:00,68.485,68.505,68.475,68.5,68.517,68.537,68.507,68.532,27
2026-07-03 10:23:00,68.505,68.515,68.47,68.48,68.537,68.547,68.502,68.512,38
2026-07-03 10:24:00,68.485,68.505,68.38,68.38,68.517,68.537,68.412,68.412,106
2026-07-03 10:25:00,68.395,68.395,68.29,68.3,68.427,68.427,68.322,68.332,151
2026-07-03 10:26:00,68.295,68.34,68.27,68.31,68.327,68.372,68.302,68.342,80
2026-07-03 10:27:00,68.315,68.38,68.305,68.355,68.347,68.412,68.337,68.387,57
2026-07-03 10:28:00,68.35,68.355,68.21,68.31,68.382,68.387,68.242,68.342,174
2026-07-03 10:29:00,68.32,68.35,68.11,68.225,68.352,68.382,68.142,68.257,311
2026-07-03 10:30:00,68.24,68.315,68.175,68.295,68.272,68.347,68.207,68.327,159
2026-07-03 10:31:00,68.3,68.355,68.29,68.355,68.332,68.387,68.322,68.387,73
2026-07-03 10:32:00,68.36,68.38,68.205,68.21,68.392,68.412,68.237,68.242,63
2026-07-03 10:33:00,68.215,68.265,68.16,68.17,68.247,68.297,68.192,68.202,64
2026-07-03 10:34:00,68.165,68.235,68.155,68.205,68.197,68.267,68.187,68.237,65
2026-07-03 10:35:00,68.19,68.2,68.14,68.14,68.222,68.232,68.172,68.172,43
2026-07-03 10:36:00,68.135,68.175,68.135,68.165,68.167,68.207,68.167,68.197,51
2026-07-03 10:37:00,68.185,68.27,68.175,68.265,68.217,68.302,68.207,68.297,48
2026-07-03 10:38:00,68.26,68.34,68.255,68.33,68.292,68.372,68.287,68.362,51
2026-07-03 10:39:00,68.335,68.415,68.335,68.41,68.367,68.447,68.367,68.442,61
2026-07-03 10:40:00,68.42,68.48,68.415,68.46,68.452,68.512,68.447,68.492,60
2026-07-03 10:41:00,68.465,68.48,68.43,68.445,68.497,68.512,68.462,68.477,46
2026-07-03 10:42:00,68.44,68.44,68.37,68.375,68.472,68.472,68.402,68.407,40
2026-07-03 10:43:00,68.38,68.415,68.36,68.395,68.412,68.447,68.392,68.427,58
2026-07-03 10:44:00,68.4,68.41,68.35,68.39,68.432,68.442,68.382,68.422,48
2026-07-03 10:45:00,68.395,68.41,68.36,68.4,68.427,68.442,68.392,68.432,34
2026-07-03 10:46:00,68.395,68.425,68.355,68.405,68.427,68.457,68.387,68.437,46
2026-07-03 10:47:00,68.4,68.54,68.395,68.54,68.432,68.572,68.427,68.572,57
2026-07-03 10:48:00,68.545,68.635,68.545,68.605,68.577,68.667,68.577,68.637,61
2026-07-03 10:49:00,68.61,68.66,68.565,68.57,68.642,68.692,68.597,68.602,68
2026-07-03 10:50:00,68.55,68.6,68.53,68.57,68.582,68.632,68.562,68.602,44
2026-07-03 10:51:00,68.575,68.64,68.565,68.615,68.607,68.672,68.597,68.647,53
2026-07-03 10:52:00,68.62,68.64,68.59,68.59,68.652,68.672,68.622,68.622,47
2026-07-03 10:53:00,68.6,68.625,68.57,68.62,68.632,68.657,68.602,68.652,36
2026-07-03 10:54:00,68.61,68.68,68.61,68.67,68.642,68.712,68.642,68.702,37
2026-07-03 10:55:00,68.66,68.68,68.585,68.59,68.692,68.712,68.617,68.622,63
2026-07-03 10:56:00,68.595,68.665,68.59,68.65,68.627,68.697,68.622,68.682,51
2026-07-03 10:57:00,68.66,68.67,68.65,68.65,68.692,68.702,68.682,68.682,32
2026-07-03 10:58:00,68.655,68.755,68.64,68.705,68.687,68.787,68.672,68.737,61
2026-07-03 10:59:00,68.7,68.75,68.695,68.745,68.732,68.782,68.727,68.777,48
2026-07-03 11:00:00,68.75,68.81,68.715,68.79,68.782,68.842,68.747,68.822,81
2026-07-03 11:01:00,68.795,68.8,68.77,68.795,68.827,68.836,68.802,68.827,59
2026-07-03 11:02:00,68.79,68.805,68.745,68.745,68.822,68.837,68.777,68.777,64
2026-07-03 11:03:00,68.75,68.75,68.62,68.625,68.782,68.782,68.652,68.657,57
2026-07-03 11:04:00,68.63,68.645,68.58,68.59,68.662,68.677,68.612,68.622,47
2026-07-03 11:05:00,68.585,68.585,68.45,68.51,68.617,68.617,68.482,68.542,97
2026-07-03 11:06:00,68.505,68.52,68.475,68.475,68.537,68.552,68.507,68.507,41
2026-07-03 11:07:00,68.48,68.57,68.475,68.55,68.512,68.602,68.507,68.582,48
2026-07-03 11:08:00,68.545,68.635,68.545,68.62,68.577,68.667,68.577,68.652,40
2026-07-03 11:09:00,68.63,68.635,68.575,68.635,68.662,68.667,68.607,68.667,37
2026-07-03 11:10:00,68.64,68.67,68.62,68.67,68.672,68.702,68.652,68.702,39
2026-07-03 11:11:00,68.675,68.675,68.595,68.625,68.707,68.707,68.627,68.657,35
2026-07-03 11:12:00,68.635,68.66,68.625,68.645,68.667,68.692,68.657,68.677,17
2026-07-03 11:13:00,68.64,68.69,68.63,68.685,68.672,68.722,68.662,68.717,43
2026-07-03 11:14:00,68.69,68.7,68.635,68.655,68.722,68.732,68.667,68.687,31
2026-07-03 11:15:00,68.66,68.695,68.64,68.685,68.692,68.727,68.672,68.717,37
2026-07-03 11:16:00,68.69,68.7,68.64,68.66,68.722,68.732,68.672,68.692,25
2026-07-03 11:17:00,68.665,68.69,68.65,68.655,68.697,68.722,68.682,68.687,35
2026-07-03 11:18:00,68.66,68.675,68.645,68.66,68.692,68.707,68.677,68.692,29
2026-07-03 11:19:00,68.665,68.73,68.64,68.715,68.697,68.762,68.672,68.747,53
2026-07-03 11:20:00,68.72,68.735,68.67,68.67,68.752,68.767,68.702,68.702,40
2026-07-03 11:21:00,68.655,68.68,68.61,68.615,68.687,68.712,68.642,68.647,30
2026-07-03 11:22:00,68.61,68.645,68.6,68.64,68.642,68.677,68.632,68.672,34
2026-07-03 11:23:00,68.635,68.675,68.63,68.655,68.667,68.707,68.662,68.687,22
2026-07-03 11:24:00,68.66,68.66,68.53,68.555,68.692,68.692,68.562,68.587,68
2026-07-03 11:25:00,68.545,68.62,68.535,68.605,68.577,68.652,68.567,68.637,61
2026-07-03 11:26:00,68.615,68.63,68.585,68.595,68.647,68.662,68.617,68.627,48
2026-07-03 11:27:00,68.59,68.665,68.585,68.645,68.622,68.697,68.617,68.677,38
2026-07-03 11:28:00,68.65,68.685,68.635,68.685,68.682,68.717,68.667,68.717,44
2026-07-03 11:29:00,68.69,68.705,68.655,68.695,68.722,68.737,68.687,68.727,38
2026-07-03 11:30:00,68.69,68.72,68.675,68.69,68.722,68.752,68.707,68.722,47
2026-07-03 11:31:00,68.685,68.7,68.67,68.675,68.717,68.732,68.702,68.707,20
2026-07-03 11:32:00,68.67,68.695,68.645,68.645,68.702,68.727,68.677,68.677,29
2026-07-03 11:33:00,68.655,68.655,68.625,68.645,68.687,68.687,68.657,68.677,39
2026-07-03 11:34:00,68.65,68.675,68.635,68.645,68.682,68.707,68.667,68.677,39
2026-07-03 11:35:00,68.65,68.66,68.625,68.655,68.682,68.692,68.657,68.687,37
2026-07-03 11:36:00,68.665,68.67,68.545,68.545,68.697,68.702,68.577,68.577,41
2026-07-03 11:37:00,68.55,68.59,68.545,68.585,68.582,68.622,68.577,68.617,35
2026-07-03 11:38:00,68.59,68.62,68.59,68.615,68.622,68.652,68.622,68.647,18
2026-07-03 11:39:00,68.62,68.64,68.615,68.635,68.652,68.672,68.647,68.667,18
2026-07-03 11:40:00,68.62,68.635,68.59,68.605,68.652,68.667,68.622,68.637,35
2026-07-03 11:41:00,68.61,68.625,68.55,68.555,68.642,68.657,68.582,68.587,39
2026-07-03 11:42:00,68.55,68.6,68.525,68.555,68.582,68.632,68.557,68.587,40
2026-07-03 11:43:00,68.56,68.57,68.545,68.555,68.592,68.602,68.577,68.587,31
2026-07-03 11:44:00,68.55,68.55,68.5,68.515,68.582,68.582,68.532,68.547,46
2026-07-03 11:45:00,68.52,68.54,68.52,68.535,68.552,68.572,68.552,68.567,21
2026-07-03 11:46:00,68.53,68.59,68.52,68.53,68.562,68.622,68.552,68.562,44
2026-07-03 11:47:00,68.535,68.575,68.535,68.57,68.567,68.607,68.567,68.602,21
2026-07-03 11:48:00,68.575,68.595,68.57,68.575,68.607,68.627,68.602,68.607,18
2026-07-03 11:49:00,68.58,68.59,68.55,68.575,68.612,68.622,68.582,68.607,32
2026-07-03 11:50:00,68.59,68.73,68.58,68.71,68.622,68.762,68.612,68.742,45
2026-07-03 11:51:00,68.7,68.71,68.615,68.625,68.732,68.746,68.647,68.657,51
2026-07-03 11:52:00,68.63,68.65,68.615,68.64,68.662,68.682,68.647,68.672,26
2026-07-03 11:53:00,68.645,68.645,68.615,68.63,68.677,68.677,68.647,68.662,28
2026-07-03 11:54:00,68.62,68.63,68.6,68.6,68.652,68.662,68.632,68.632,13
2026-07-03 11:55:00,68.605,68.63,68.58,68.63,68.637,68.662,68.612,68.662,28
2026-07-03 11:56:00,68.62,68.675,68.62,68.655,68.652,68.707,68.652,68.687,36
2026-07-03 11:57:00,68.645,68.69,68.635,68.655,68.677,68.722,68.667,68.687,32
2026-07-03 11:58:00,68.66,68.66,68.615,68.625,68.692,68.692,68.647,68.657,29
2026-07-03 11:59:00,68.615,68.65,68.61,68.635,68.647,68.682,68.642,68.667,31
2026-07-03 12:00:00,68.645,68.7,68.645,68.675,68.677,68.732,68.677,68.707,52
2026-07-03 12:01:00,68.68,68.69,68.645,68.645,68.712,68.722,68.677,68.677,49
2026-07-03 12:02:00,68.655,68.67,68.64,68.645,68.687,68.702,68.672,68.677,39
2026-07-03 12:03:00,68.65,68.68,68.64,68.665,68.682,68.712,68.672,68.697,25
2026-07-03 12:04:00,68.68,68.68,68.63,68.63,68.712,68.712,68.662,68.662,32
2026-07-03 12:05:00,68.635,68.635,68.57,68.605,68.667,68.667,68.602,68.637,30
2026-07-03 12:06:00,68.6,68.62,68.59,68.6,68.632,68.652,68.622,68.632,27
2026-07-03 12:07:00,68.575,68.63,68.575,68.575,68.607,68.662,68.607,68.607,33
2026-07-03 12:08:00,68.57,68.57,68.52,68.556,68.602,68.602,68.552,68.596,41
2026-07-03 12:09:00,68.565,68.575,68.526,68.56,68.597,68.607,68.562,68.592,28
2026-07-03 12:10:00,68.565,68.595,68.565,68.595,68.597,68.627,68.597,68.627,22
2026-07-03 12:11:00,68.59,68.6,68.57,68.57,68.622,68.632,68.602,68.602,14
2026-07-03 12:12:00,68.565,68.6,68.55,68.585,68.597,68.632,68.582,68.617,50
2026-07-03 12:13:00,68.595,68.615,68.575,68.605,68.627,68.647,68.607,68.637,26
2026-07-03 12:14:00,68.6,68.62,68.56,68.565,68.632,68.652,68.592,68.597,34
2026-07-03 12:15:00,68.57,68.585,68.565,68.565,68.602,68.617,68.597,68.597,24
2026-07-03 12:16:00,68.56,68.595,68.5,68.5,68.592,68.627,68.532,68.532,42
2026-07-03 12:17:00,68.505,68.56,68.505,68.555,68.537,68.592,68.537,68.587,26
2026-07-03 12:18:00,68.55,68.555,68.52,68.53,68.582,68.587,68.552,68.562,29
2026-07-03 12:19:00,68.54,68.55,68.525,68.525,68.572,68.582,68.557,68.557,18
2026-07-03 12:20:00,68.53,68.55,68.52,68.525,68.562,68.582,68.552,68.557,24
2026-07-03 12:21:00,68.53,68.565,68.52,68.565,68.562,68.597,68.552,68.597,28
2026-07-03 12:22:00,68.57,68.6,68.56,68.56,68.602,68.632,68.592,68.592,28
2026-07-03 12:23:00,68.565,68.6,68.55,68.58,68.597,68.632,68.582,68.612,44
2026-07-03 12:24:00,68.575,68.575,68.5,68.515,68.607,68.607,68.532,68.547,25
2026-07-03 12:25:00,68.51,68.51,68.49,68.49,68.542,68.542,68.522,68.522,31
2026-07-03 12:26:00,68.48,68.57,68.48,68.52,68.512,68.602,68.512,68.552,43
2026-07-03 12:27:00,68.525,68.525,68.46,68.51,68.557,68.557,68.492,68.542,32
2026-07-03 12:28:00,68.52,68.535,68.495,68.52,68.552,68.567,68.527,68.552,20
2026-07-03 12:29:00,68.525,68.535,68.51,68.53,68.557,68.567,68.542,68.562,19
2026-07-03 12:30:00,68.525,68.55,68.525,68.535,68.557,68.582,68.557,68.567,21
2026-07-03 12:31:00,68.53,68.54,68.49,68.53,68.562,68.572,68.522,68.562,33
2026-07-03 12:32:00,68.535,68.535,68.5,68.51,68.567,68.567,68.532,68.542,27
2026-07-03 12:33:00,68.515,68.59,68.515,68.52,68.547,68.622,68.547,68.552,50
2026-07-03 12:34:00,68.515,68.53,68.455,68.49,68.547,68.562,68.487,68.522,37
2026-07-03 12:35:00,68.495,68.5,68.4,68.415,68.527,68.532,68.432,68.447,44
2026-07-03 12:36:00,68.41,68.435,68.39,68.42,68.442,68.467,68.422,68.452,37
2026-07-03 12:37:00,68.415,68.42,68.375,68.395,68.447,68.452,68.407,68.427,39
2026-07-03 12:38:00,68.405,68.415,68.39,68.395,68.437,68.447,68.422,68.427,27
2026-07-03 12:39:00,68.405,68.47,68.405,68.455,68.437,68.502,68.437,68.487,26
2026-07-03 12:40:00,68.47,68.495,68.46,68.49,68.502,68.527,68.492,68.522,21
2026-07-03 12:41:00,68.495,68.585,68.49,68.585,68.527,68.617,68.522,68.617,44
2026-07-03 12:42:00,68.595,68.6,68.53,68.6,68.627,68.632,68.562,68.632,36
2026-07-03 12:43:00,68.595,68.63,68.59,68.605,68.627,68.662,68.622,68.637,31
2026-07-03 12:44:00,68.6,68.615,68.57,68.58,68.632,68.647,68.602,68.612,19
2026-07-03 12:45:00,68.575,68.61,68.57,68.6,68.607,68.642,68.602,68.632,25
2026-07-03 12:46:00,68.605,68.605,68.585,68.595,68.637,68.637,68.617,68.627,12
2026-07-03 12:47:00,68.6,68.64,68.59,68.63,68.632,68.672,68.622,68.662,20
2026-07-03 12:48:00,68.625,68.64,68.625,68.63,68.657,68.672,68.657,68.662,9
2026-07-03 12:49:00,68.62,68.625,68.53,68.555,68.652,68.657,68.562,68.587,16
2026-07-03 12:50:00,68.55,68.575,68.545,68.57,68.582,68.607,68.577,68.602,18
2026-07-03 12:51:00,68.575,68.58,68.565,68.565,68.607,68.612,68.597,68.597,27
2026-07-03 12:52:00,68.56,68.58,68.55,68.56,68.592,68.612,68.582,68.592,23
2026-07-03 12:53:00,68.555,68.615,68.555,68.595,68.587,68.647,68.587,68.627,28
2026-07-03 12:54:00,68.59,68.605,68.59,68.59,68.622,68.637,68.622,68.622,12
2026-07-03 12:55:00,68.585,68.585,68.565,68.585,68.617,68.617,68.597,68.617,12
2026-07-03 12:56:00,68.58,68.595,68.58,68.59,68.612,68.627,68.612,68.622,7
2026-07-03 12:57:00,68.595,68.625,68.595,68.62,68.627,68.657,68.627,68.652,11
2026-07-03 12:58:00,68.625,68.645,68.57,68.575,68.657,68.677,68.602,68.607,64
2026-07-03 12:59:00,68.57,68.59,68.56,68.575,68.602,68.622,68.592,68.607,35
2026-07-03 13:00:00,68.59,68.65,68.585,68.585,68.622,68.682,68.617,68.617,61
2026-07-03 13:01:00,68.575,68.63,68.57,68.6,68.607,68.662,68.602,68.632,33
2026-07-03 13:02:00,68.595,68.61,68.55,68.555,68.627,68.642,68.582,68.587,31
2026-07-03 13:03:00,68.55,68.585,68.53,68.575,68.582,68.617,68.562,68.607,22
2026-07-03 13:04:00,68.58,68.6,68.55,68.6,68.612,68.632,68.582,68.632,29
2026-07-03 13:05:00,68.605,68.64,68.605,68.63,68.637,68.672,68.637,68.662,23
2026-07-03 13:06:00,68.625,68.65,68.62,68.62,68.657,68.682,68.652,68.652,26
2026-07-03 13:07:00,68.625,68.66,68.62,68.65,68.657,68.692,68.652,68.682,21
2026-07-03 13:08:00,68.655,68.68,68.585,68.605,68.687,68.712,68.617,68.637,44
2026-07-03 13:09:00,68.6,68.62,68.58,68.595,68.632,68.652,68.612,68.627,46
2026-07-03 13:10:00,68.59,68.605,68.575,68.595,68.622,68.637,68.607,68.627,36
2026-07-03 13:11:00,68.59,68.59,68.52,68.535,68.622,68.622,68.552,68.567,31
2026-07-03 13:12:00,68.53,68.55,68.52,68.525,68.562,68.582,68.552,68.557,33
2026-07-03 13:13:00,68.52,68.54,68.49,68.49,68.552,68.572,68.522,68.522,25
2026-07-03 13:14:00,68.5,68.52,68.495,68.515,68.532,68.552,68.527,68.547,28
2026-07-03 13:15:00,68.51,68.515,68.45,68.475,68.542,68.547,68.482,68.507,41
2026-07-03 13:16:00,68.47,68.475,68.445,68.46,68.502,68.507,68.477,68.492,34
2026-07-03 13:17:00,68.455,68.46,68.44,68.46,68.487,68.492,68.472,68.492,22
2026-07-03 13:18:00,68.465,68.47,68.45,68.465,68.497,68.502,68.482,68.497,26
2026-07-03 13:19:00,68.46,68.47,68.445,68.465,68.492,68.502,68.477,68.497,25
2026-07-03 13:20:00,68.46,68.48,68.44,68.475,68.492,68.512,68.472,68.507,31
2026-07-03 13:21:00,68.47,68.475,68.42,68.425,68.502,68.507,68.452,68.457,23
2026-07-03 13:22:00,68.43,68.45,68.405,68.405,68.462,68.482,68.437,68.437,30
2026-07-03 13:23:00,68.41,68.435,68.38,68.42,68.442,68.467,68.412,68.452,34
2026-07-03 13:24:00,68.415,68.44,68.415,68.44,68.447,68.472,68.447,68.472,24
2026-07-03 13:25:00,68.435,68.44,68.415,68.425,68.467,68.472,68.447,68.457,18
2026-07-03 13:26:00,68.43,68.435,68.405,68.435,68.462,68.467,68.437,68.467,22
2026-07-03 13:27:00,68.43,68.45,68.43,68.44,68.462,68.482,68.462,68.472,9
2026-07-03 13:28:00,68.435,68.445,68.425,68.43,68.467,68.477,68.457,68.462,8
2026-07-03 13:29:00,68.44,68.5,68.425,68.47,68.472,68.532,68.457,68.502,40
2026-07-03 13:30:00,68.465,68.47,68.445,68.445,68.497,68.502,68.477,68.477,22
2026-07-03 13:31:00,68.45,68.455,68.395,68.43,68.482,68.487,68.427,68.462,33
2026-07-03 13:32:00,68.435,68.48,68.42,68.48,68.467,68.512,68.452,68.512,26
2026-07-03 13:33:00,68.475,68.485,68.455,68.46,68.507,68.517,68.487,68.492,27
2026-07-03 13:34:00,68.465,68.48,68.45,68.475,68.497,68.512,68.482,68.507,18
2026-07-03 13:35:00,68.47,68.48,68.44,68.46,68.502,68.512,68.472,68.492,22
2026-07-03 13:36:00,68.465,68.475,68.44,68.465,68.497,68.507,68.472,68.497,35
2026-07-03 13:37:00,68.46,68.47,68.425,68.43,68.492,68.502,68.457,68.462,21
2026-07-03 13:38:00,68.435,68.45,68.4,68.405,68.467,68.482,68.432,68.437,22
2026-07-03 13:39:00,68.4,68.42,68.375,68.42,68.432,68.452,68.407,68.452,31
2026-07-03 13:40:00,68.425,68.44,68.33,68.35,68.457,68.472,68.362,68.382,37
2026-07-03 13:41:00,68.345,68.38,68.335,68.36,68.377,68.412,68.367,68.392,44
2026-07-03 13:42:00,68.355,68.39,68.35,68.385,68.387,68.422,68.382,68.417,29
2026-07-03 13:43:00,68.375,68.375,68.36,68.37,68.407,68.407,68.392,68.402,18
2026-07-03 13:44:00,68.365,68.375,68.34,68.355,68.397,68.407,68.372,68.387,23
2026-07-03 13:45:00,68.35,68.36,68.34,68.35,68.382,68.392,68.372,68.382,23
2026-07-03 13:46:00,68.36,68.36,68.345,68.355,68.392,68.392,68.377,68.387,12
2026-07-03 13:47:00,68.36,68.36,68.345,68.345,68.392,68.392,68.377,68.377,16
2026-07-03 13:48:00,68.34,68.36,68.34,68.355,68.372,68.392,68.372,68.387,23
2026-07-03 13:49:00,68.36,68.36,68.32,68.34,68.392,68.392,68.352,68.372,44
2026-07-03 13:50:00,68.35,68.37,68.35,68.355,68.382,68.402,68.382,68.387,29
2026-07-03 13:51:00,68.35,68.37,68.34,68.365,68.382,68.402,68.372,68.397,29
2026-07-03 13:52:00,68.37,68.38,68.35,68.355,68.402,68.412,68.382,68.387,30
2026-07-03 13:53:00,68.36,68.375,68.355,68.355,68.392,68.407,68.387,68.387,21
2026-07-03 13:54:00,68.36,68.44,68.355,68.425,68.392,68.472,68.387,68.457,40
2026-07-03 13:55:00,68.415,68.425,68.39,68.395,68.447,68.457,68.422,68.427,39
2026-07-03 13:56:00,68.39,68.41,68.385,68.395,68.422,68.442,68.417,68.427,25
2026-07-03 13:57:00,68.4,68.4,68.335,68.365,68.432,68.432,68.367,68.397,49
2026-07-03 13:58:00,68.36,68.39,68.35,68.355,68.392,68.422,68.382,68.387,19
2026-07-03 13:59:00,68.35,68.375,68.35,68.36,68.382,68.407,68.382,68.392,30
2026-07-03 14:00:00,68.365,68.38,68.3,68.31,68.397,68.412,68.332,68.342,57
2026-07-03 14:01:00,68.305,68.335,68.295,68.305,68.337,68.367,68.327,68.337,33
2026-07-03 14:02:00,68.295,68.3,68.23,68.235,68.327,68.332,68.262,68.267,54
2026-07-03 14:03:00,68.23,68.28,68.225,68.275,68.262,68.312,68.257,68.307,60
2026-07-03 14:04:00,68.28,68.29,68.24,68.245,68.312,68.322,68.272,68.277,34
2026-07-03 14:05:00,68.24,68.305,68.23,68.28,68.272,68.337,68.262,68.312,43
2026-07-03 14:06:00,68.27,68.27,68.14,68.175,68.302,68.302,68.172,68.207,61
2026-07-03 14:07:00,68.16,68.19,68.14,68.185,68.192,68.222,68.172,68.217,55
2026-07-03 14:08:00,68.18,68.215,68.166,68.205,68.212,68.247,68.206,68.237,30
2026-07-03 14:09:00,68.2,68.235,68.2,68.225,68.232,68.267,68.232,68.257,34
2026-07-03 14:10:00,68.23,68.24,68.19,68.21,68.262,68.272,68.222,68.242,35
2026-07-03 14:11:00,68.215,68.225,68.195,68.225,68.247,68.257,68.227,68.257,18
2026-07-03 14:12:00,68.22,68.22,68.15,68.17,68.252,68.252,68.182,68.202,27
2026-07-03 14:13:00,68.165,68.21,68.165,68.205,68.197,68.242,68.197,68.237,15
2026-07-03 14:14:00,68.19,68.23,68.18,68.23,68.222,68.262,68.212,68.262,25
2026-07-03 14:15:00,68.225,68.28,68.22,68.27,68.257,68.312,68.252,68.302,25
2026-07-03 14:16:00,68.275,68.3,68.275,68.29,68.307,68.332,68.307,68.322,20
2026-07-03 14:17:00,68.3,68.3,68.27,68.275,68.332,68.332,68.302,68.307,23
2026-07-03 14:18:00,68.27,68.295,68.27,68.28,68.302,68.327,68.302,68.312,21
2026-07-03 14:19:00,68.285,68.305,68.28,68.28,68.317,68.337,68.312,68.312,22
2026-07-03 14:20:00,68.285,68.33,68.275,68.32,68.317,68.362,68.307,68.352,20
2026-07-03 14:21:00,68.325,68.34,68.315,68.34,68.357,68.372,68.347,68.372,27
2026-07-03 14:22:00,68.335,68.35,68.325,68.35,68.367,68.382,68.357,68.382,17
2026-07-03 14:23:00,68.345,68.38,68.33,68.355,68.377,68.412,68.362,68.387,34
2026-07-03 14:24:00,68.35,68.35,68.33,68.335,68.382,68.382,68.362,68.367,11
2026-07-03 14:25:00,68.325,68.35,68.27,68.29,68.357,68.382,68.302,68.322,31
2026-07-03 14:26:00,68.28,68.28,68.175,68.235,68.312,68.312,68.207,68.267,65
2026-07-03 14:27:00,68.24,68.29,68.24,68.275,68.272,68.322,68.272,68.307,32
2026-07-03 14:28:00,68.27,68.27,68.255,68.255,68.302,68.302,68.287,68.287,10
2026-07-03 14:29:00,68.25,68.26,68.22,68.26,68.282,68.292,68.252,68.292,45
2026-07-03 14:30:00,68.265,68.27,68.22,68.235,68.297,68.302,68.252,68.267,35
2026-07-03 14:31:00,68.23,68.245,68.225,68.24,68.262,68.277,68.257,68.272,19
2026-07-03 14:32:00,68.245,68.25,68.205,68.24,68.277,68.282,68.237,68.272,25
2026-07-03 14:33:00,68.235,68.255,68.215,68.24,68.267,68.287,68.247,68.272,16
2026-07-03 14:34:00,68.245,68.25,68.1,68.165,68.277,68.282,68.132,68.197,59
2026-07-03 14:35:00,68.155,68.16,68.135,68.145,68.187,68.192,68.167,68.177,32
2026-07-03 14:36:00,68.14,68.19,68.12,68.19,68.172,68.222,68.152,68.222,27
2026-07-03 14:37:00,68.195,68.21,68.155,68.165,68.227,68.242,68.187,68.197,19
2026-07-03 14:38:00,68.17,68.18,68.16,68.17,68.202,68.212,68.192,68.202,16
2026-07-03 14:39:00,68.165,68.18,68.05,68.065,68.197,68.212,68.082,68.097,51
2026-07-03 14:40:00,68.07,68.14,68.045,68.14,68.102,68.172,68.077,68.172,59
2026-07-03 14:41:00,68.13,68.16,68.13,68.16,68.162,68.192,68.162,68.192,26
2026-07-03 14:42:00,68.155,68.18,68.15,68.17,68.187,68.212,68.182,68.202,28
2026-07-03 14:43:00,68.18,68.21,68.18,68.19,68.212,68.242,68.212,68.222,18
2026-07-03 14:44:00,68.195,68.205,68.175,68.185,68.227,68.237,68.207,68.217,25
2026-07-03 14:45:00,68.2,68.205,68.18,68.19,68.232,68.237,68.212,68.222,29
2026-07-03 14:46:00,68.195,68.2,68.16,68.175,68.227,68.232,68.192,68.207,29
2026-07-03 14:47:00,68.17,68.185,68.155,68.17,68.202,68.217,68.187,68.202,21
2026-07-03 14:48:00,68.165,68.165,68.13,68.16,68.197,68.197,68.162,68.192,26
2026-07-03 14:49:00,68.155,68.18,68.08,68.17,68.187,68.212,68.112,68.202,56
2026-07-03 14:50:00,68.175,68.19,68.17,68.185,68.207,68.222,68.202,68.217,26
2026-07-03 14:51:00,68.19,68.2,68.145,68.165,68.222,68.232,68.177,68.197,35
2026-07-03 14:52:00,68.16,68.2,68.16,68.195,68.192,68.232,68.192,68.227,16
2026-07-03 14:53:00,68.2,68.215,68.195,68.215,68.232,68.247,68.227,68.247,11
2026-07-03 14:54:00,68.21,68.235,68.195,68.215,68.242,68.267,68.227,68.247,29
2026-07-03 14:55:00,68.21,68.24,68.21,68.24,68.242,68.272,68.242,68.272,18
2026-07-03 14:56:00,68.235,68.25,68.23,68.24,68.267,68.282,68.262,68.272,21
2026-07-03 14:57:00,68.235,68.24,68.22,68.225,68.267,68.272,68.252,68.257,9
2026-07-03 14:58:00,68.22,68.23,68.21,68.22,68.252,68.262,68.242,68.252,14
2026-07-03 14:59:00,68.225,68.24,68.21,68.225,68.257,68.272,68.242,68.257,17
2026-07-03 15:00:00,68.22,68.31,68.19,68.3,68.252,68.342,68.222,68.332,122
2026-07-03 15:01:00,68.305,68.32,68.265,68.29,68.337,68.352,68.297,68.322,80
2026-07-03 15:02:00,68.295,68.38,68.27,68.38,68.327,68.412,68.302,68.412,90
2026-07-03 15:03:00,68.375,68.41,68.33,68.405,68.407,68.442,68.362,68.437,61
2026-07-03 15:04:00,68.4,68.405,68.34,68.365,68.432,68.437,68.372,68.397,60
2026-07-03 15:05:00,68.36,68.46,68.36,68.425,68.392,68.492,68.392,68.457,90
2026-07-03 15:06:00,68.41,68.445,68.405,68.415,68.442,68.477,68.437,68.447,36
2026-07-03 15:07:00,68.42,68.47,68.415,68.46,68.452,68.502,68.447,68.492,50
2026-07-03 15:08:00,68.45,68.48,68.43,68.455,68.482,68.512,68.462,68.487,68
2026-07-03 15:09:00,68.45,68.465,68.395,68.455,68.482,68.497,68.427,68.487,63
2026-07-03 15:10:00,68.45,68.46,68.41,68.45,68.482,68.492,68.442,68.482,56
2026-07-03 15:11:00,68.445,68.48,68.435,68.475,68.477,68.512,68.467,68.507,51
2026-07-03 15:12:00,68.48,68.58,68.475,68.54,68.512,68.612,68.507,68.572,92
2026-07-03 15:13:00,68.53,68.565,68.53,68.56,68.562,68.597,68.562,68.592,56
2026-07-03 15:14:00,68.555,68.61,68.52,68.57,68.587,68.642,68.552,68.602,71
2026-07-03 15:15:00,68.565,68.57,68.51,68.535,68.597,68.602,68.542,68.567,68
2026-07-03 15:16:00,68.53,68.56,68.5,68.535,68.562,68.592,68.532,68.567,42
2026-07-03 15:17:00,68.54,68.54,68.485,68.505,68.572,68.572,68.517,68.537,48
2026-07-03 15:18:00,68.51,68.525,68.47,68.51,68.542,68.557,68.502,68.542,50
2026-07-03 15:19:00,68.505,68.555,68.505,68.54,68.537,68.587,68.537,68.572,45
2026-07-03 15:20:00,68.545,68.555,68.5,68.52,68.577,68.587,68.532,68.552,73
2026-07-03 15:21:00,68.525,68.56,68.5,68.535,68.557,68.596,68.532,68.567,61
2026-07-03 15:22:00,68.53,68.58,68.51,68.57,68.562,68.612,68.542,68.602,61
2026-07-03 15:23:00,68.58,68.635,68.57,68.63,68.612,68.667,68.602,68.662,57
2026-07-03 15:24:00,68.62,68.635,68.57,68.575,68.652,68.667,68.602,68.607,45
2026-07-03 15:25:00,68.57,68.61,68.54,68.595,68.602,68.642,68.572,68.627,62
2026-07-03 15:26:00,68.6,68.63,68.54,68.605,68.632,68.662,68.572,68.637,63
2026-07-03 15:27:00,68.6,68.605,68.566,68.58,68.632,68.637,68.606,68.612,30
2026-07-03 15:28:00,68.575,68.62,68.565,68.6,68.607,68.652,68.597,68.632,41
2026-07-03 15:29:00,68.605,68.62,68.59,68.6,68.637,68.652,68.622,68.632,68
2026-07-03 15:30:00,68.595,68.64,68.54,68.64,68.627,68.672,68.572,68.672,75
2026-07-03 15:31:00,68.63,68.645,68.57,68.58,68.662,68.677,68.602,68.612,57
2026-07-03 15:32:00,68.59,68.65,68.585,68.635,68.622,68.682,68.617,68.667,62
2026-07-03 15:33:00,68.64,68.66,68.6,68.605,68.672,68.692,68.632,68.637,50
2026-07-03 15:34:00,68.6,68.67,68.59,68.665,68.632,68.702,68.622,68.697,83
2026-07-03 15:35:00,68.66,68.67,68.62,68.64,68.692,68.702,68.652,68.672,46
2026-07-03 15:36:00,68.635,68.665,68.615,68.625,68.667,68.697,68.647,68.657,53
2026-07-03 15:37:00,68.63,68.64,68.57,68.57,68.662,68.672,68.602,68.602,45
2026-07-03 15:38:00,68.56,68.565,68.53,68.565,68.592,68.597,68.562,68.597,25
2026-07-03 15:39:00,68.56,68.585,68.55,68.55,68.592,68.617,68.582,68.582,26
2026-07-03 15:40:00,68.56,68.61,68.56,68.61,68.592,68.642,68.592,68.642,46
2026-07-03 15:41:00,68.595,68.62,68.57,68.57,68.627,68.652,68.602,68.602,34
2026-07-03 15:42:00,68.56,68.57,68.505,68.51,68.592,68.602,68.537,68.542,32
2026-07-03 15:43:00,68.515,68.57,68.51,68.55,68.547,68.602,68.542,68.582,47
2026-07-03 15:44:00,68.54,68.555,68.525,68.535,68.572,68.587,68.557,68.567,17
2026-07-03 15:45:00,68.53,68.56,68.525,68.54,68.562,68.592,68.557,68.572,33
2026-07-03 15:46:00,68.55,68.58,68.52,68.575,68.582,68.612,68.552,68.607,46
2026-07-03 15:47:00,68.57,68.59,68.54,68.59,68.602,68.622,68.572,68.622,23
2026-07-03 15:48:00,68.595,68.63,68.58,68.6,68.627,68.662,68.612,68.632,22
2026-07-03 15:49:00,68.61,68.64,68.61,68.625,68.642,68.672,68.642,68.657,30
2026-07-03 15:50:00,68.63,68.63,68.57,68.605,68.662,68.662,68.602,68.637,38
2026-07-03 15:51:00,68.6,68.63,68.6,68.61,68.632,68.662,68.632,68.642,30
2026-07-03 15:52:00,68.605,68.63,68.59,68.6,68.637,68.662,68.622,68.632,27
2026-07-03 15:53:00,68.605,68.64,68.6,68.63,68.637,68.672,68.632,68.662,39
2026-07-03 15:54:00,68.64,68.64,68.62,68.635,68.672,68.672,68.652,68.667,23
2026-07-03 15:55:00,68.63,68.66,68.585,68.645,68.662,68.692,68.617,68.677,50
2026-07-03 15:56:00,68.64,68.66,68.6,68.66,68.672,68.692,68.632,68.692,71
2026-07-03 15:57:00,68.655,68.71,68.645,68.695,68.687,68.742,68.677,68.727,50
2026-07-03 15:58:00,68.69,68.73,68.68,68.72,68.722,68.762,68.712,68.752,36
2026-07-03 15:59:00,68.71,68.73,68.7,68.715,68.742,68.762,68.732,68.747,25
2026-07-03 16:00:00,68.73,68.77,68.715,68.76,68.762,68.802,68.747,68.792,69
2026-07-03 16:01:00,68.755,68.89,68.755,68.875,68.787,68.922,68.787,68.907,62
2026-07-03 16:02:00,68.88,68.88,68.8,68.83,68.912,68.912,68.832,68.862,49
2026-07-03 16:03:00,68.835,68.85,68.75,68.75,68.867,68.882,68.782,68.782,57
2026-07-03 16:04:00,68.765,68.78,68.73,68.745,68.797,68.816,68.762,68.777,33
2026-07-03 16:05:00,68.74,68.76,68.7,68.755,68.772,68.792,68.732,68.787,58
2026-07-03 16:06:00,68.76,68.87,68.76,68.85,68.792,68.902,68.792,68.882,55
2026-07-03 16:07:00,68.86,68.9,68.86,68.89,68.892,68.932,68.892,68.922,34
2026-07-03 16:08:00,68.9,68.905,68.83,68.835,68.932,68.937,68.862,68.867,62
2026-07-03 16:09:00,68.83,68.88,68.79,68.81,68.862,68.912,68.822,68.842,67
2026-07-03 16:10:00,68.8,68.84,68.8,68.84,68.832,68.872,68.832,68.872,30
2026-07-03 16:11:00,68.83,68.845,68.77,68.785,68.862,68.877,68.802,68.817,47
2026-07-03 16:12:00,68.79,68.82,68.775,68.785,68.822,68.852,68.807,68.817,48
2026-07-03 16:13:00,68.775,68.83,68.75,68.8,68.807,68.862,68.782,68.832,56
2026-07-03 16:14:00,68.795,68.8,68.73,68.74,68.827,68.832,68.762,68.772,38
2026-07-03 16:15:00,68.735,68.75,68.68,68.71,68.767,68.782,68.712,68.742,65
2026-07-03 16:16:00,68.72,68.72,68.665,68.68,68.752,68.752,68.697,68.712,35
2026-07-03 16:17:00,68.69,68.69,68.66,68.67,68.722,68.722,68.692,68.702,32
2026-07-03 16:18:00,68.675,68.735,68.665,68.72,68.707,68.767,68.697,68.752,34
2026-07-03 16:19:00,68.73,68.75,68.7,68.725,68.762,68.782,68.732,68.757,24
2026-07-03 16:20:00,68.71,68.71,68.67,68.685,68.742,68.742,68.702,68.717,32
2026-07-03 16:21:00,68.69,68.69,68.575,68.575,68.722,68.722,68.607,68.607,45
2026-07-03 16:22:00,68.58,68.61,68.56,68.61,68.612,68.642,68.592,68.642,65
2026-07-03 16:23:00,68.615,68.63,68.55,68.575,68.647,68.662,68.582,68.607,49
2026-07-03 16:24:00,68.57,68.59,68.56,68.57,68.602,68.622,68.592,68.602,38
2026-07-03 16:25:00,68.575,68.625,68.56,68.595,68.607,68.657,68.592,68.627,34
2026-07-03 16:26:00,68.59,68.625,68.54,68.54,68.622,68.657,68.572,68.572,49
2026-07-03 16:27:00,68.545,68.59,68.54,68.565,68.577,68.622,68.572,68.597,42
2026-07-03 16:28:00,68.57,68.595,68.56,68.585,68.602,68.627,68.592,68.617,39
2026-07-03 16:29:00,68.595,68.63,68.585,68.625,68.627,68.662,68.617,68.657,39
2026-07-03 16:30:00,68.62,68.7,68.6,68.695,68.652,68.732,68.632,68.727,63
2026-07-03 16:31:00,68.7,68.745,68.69,68.71,68.732,68.777,68.722,68.742,48
2026-07-03 16:32:00,68.69,68.73,68.66,68.73,68.722,68.762,68.692,68.762,45
2026-07-03 16:33:00,68.725,68.745,68.72,68.73,68.757,68.777,68.752,68.762,44
2026-07-03 16:34:00,68.715,68.76,68.705,68.755,68.747,68.792,68.737,68.787,39
2026-07-03 16:35:00,68.77,68.8,68.73,68.745,68.802,68.832,68.762,68.777,46
2026-07-03 16:36:00,68.74,68.75,68.69,68.705,68.772,68.782,68.722,68.737,43
2026-07-03 16:37:00,68.7,68.755,68.7,68.755,68.732,68.787,68.732,68.787,27
2026-07-03 16:38:00,68.76,68.79,68.745,68.78,68.792,68.822,68.777,68.812,24
2026-07-03 16:39:00,68.79,68.79,68.735,68.75,68.822,68.822,68.767,68.782,39
2026-07-03 16:40:00,68.74,68.77,68.685,68.69,68.772,68.802,68.717,68.722,35
2026-07-03 16:41:00,68.695,68.775,68.69,68.745,68.727,68.807,68.722,68.777,48
2026-07-03 16:42:00,68.75,68.77,68.74,68.77,68.782,68.802,68.772,68.802,32
2026-07-03 16:43:00,68.765,68.765,68.74,68.75,68.797,68.797,68.772,68.782,23
2026-07-03 16:44:00,68.745,68.75,68.735,68.745,68.777,68.782,68.767,68.777,27
2026-07-03 16:45:00,68.735,68.77,68.725,68.77,68.767,68.802,68.757,68.802,46
2026-07-03 16:46:00,68.765,68.775,68.73,68.74,68.797,68.807,68.762,68.772,41
2026-07-03 16:47:00,68.75,68.75,68.665,68.665,68.782,68.782,68.697,68.697,56
2026-07-03 16:48:00,68.66,68.68,68.63,68.665,68.692,68.712,68.662,68.697,67
2026-07-03 16:49:00,68.675,68.69,68.665,68.685,68.707,68.722,68.697,68.717,45
2026-07-03 16:50:00,68.69,68.705,68.655,68.67,68.722,68.737,68.687,68.702,38
2026-07-03 16:51:00,68.675,68.68,68.65,68.665,68.707,68.712,68.682,68.697,37
2026-07-03 16:52:00,68.67,68.675,68.66,68.67,68.702,68.707,68.692,68.702,27
2026-07-03 16:53:00,68.665,68.67,68.635,68.635,68.697,68.702,68.667,68.667,26
2026-07-03 16:54:00,68.63,68.63,68.58,68.615,68.662,68.662,68.612,68.647,55
2026-07-03 16:55:00,68.62,68.65,68.605,68.625,68.652,68.682,68.637,68.657,50
2026-07-03 16:56:00,68.63,68.66,68.62,68.645,68.662,68.692,68.652,68.677,39
2026-07-03 16:57:00,68.65,68.65,68.605,68.615,68.682,68.682,68.637,68.647,38
2026-07-03 16:58:00,68.62,68.64,68.56,68.58,68.652,68.672,68.592,68.612,53
2026-07-03 16:59:00,68.585,68.62,68.54,68.59,68.617,68.652,68.572,68.622,86
2026-07-03 17:00:00,68.595,68.63,68.585,68.615,68.627,68.662,68.617,68.647,55
2026-07-03 17:01:00,68.62,68.635,68.57,68.575,68.652,68.667,68.602,68.607,33
2026-07-03 17:02:00,68.58,68.61,68.575,68.605,68.612,68.642,68.607,68.637,47
2026-07-03 17:03:00,68.59,68.63,68.56,68.595,68.622,68.662,68.592,68.627,49
2026-07-03 17:04:00,68.585,68.61,68.555,68.595,68.617,68.642,68.587,68.627,33
2026-07-03 17:05:00,68.6,68.615,68.58,68.605,68.632,68.647,68.612,68.637,36
2026-07-03 17:06:00,68.61,68.625,68.57,68.61,68.642,68.657,68.602,68.642,34
2026-07-03 17:07:00,68.62,68.625,68.595,68.605,68.652,68.657,68.627,68.637,28
2026-07-03 17:08:00,68.6,68.605,68.565,68.575,68.632,68.637,68.597,68.607,33
2026-07-03 17:09:00,68.57,68.605,68.545,68.57,68.602,68.637,68.577,68.602,64
2026-07-03 17:10:00,68.575,68.585,68.48,68.515,68.607,68.617,68.512,68.547,75
2026-07-03 17:11:00,68.52,68.52,68.49,68.5,68.552,68.552,68.522,68.532,52
2026-07-03 17:12:00,68.51,68.51,68.48,68.51,68.542,68.542,68.512,68.542,44
2026-07-03 17:13:00,68.505,68.535,68.485,68.51,68.537,68.567,68.517,68.542,43
2026-07-03 17:14:00,68.52,68.52,68.475,68.475,68.552,68.552,68.507,68.507,37
2026-07-03 17:15:00,68.47,68.485,68.39,68.39,68.502,68.517,68.422,68.422,67
2026-07-03 17:16:00,68.405,68.405,68.33,68.37,68.437,68.437,68.362,68.402,55
2026-07-03 17:17:00,68.365,68.44,68.35,68.43,68.397,68.472,68.382,68.462,54
2026-07-03 17:18:00,68.44,68.46,68.415,68.46,68.472,68.492,68.447,68.492,50
2026-07-03 17:19:00,68.47,68.47,68.39,68.4,68.502,68.502,68.422,68.432,47
2026-07-03 17:20:00,68.395,68.435,68.36,68.43,68.427,68.467,68.392,68.462,48
2026-07-03 17:21:00,68.42,68.48,68.415,68.48,68.452,68.512,68.447,68.512,45
2026-07-03 17:22:00,68.475,68.505,68.455,68.49,68.507,68.537,68.487,68.522,51
2026-07-03 17:23:00,68.485,68.515,68.465,68.48,68.517,68.547,68.497,68.512,48
2026-07-03 17:24:00,68.475,68.52,68.47,68.505,68.507,68.552,68.502,68.537,48
2026-07-03 17:25:00,68.51,68.58,68.505,68.505,68.542,68.612,68.537,68.537,65
2026-07-03 17:26:00,68.51,68.54,68.465,68.505,68.542,68.572,68.497,68.537,80
2026-07-03 17:27:00,68.5,68.515,68.45,68.465,68.532,68.547,68.482,68.497,70
2026-07-03 17:28:00,68.48,68.56,68.46,68.52,68.512,68.592,68.492,68.552,104
2026-07-03 17:29:00,68.51,68.515,68.435,68.51,68.542,68.547,68.467,68.542,165
2026-07-03 17:30:00,68.505,68.505,68.415,68.465,68.537,68.537,68.447,68.497,91
2026-07-03 17:31:00,68.45,68.52,68.41,68.495,68.482,68.552,68.442,68.527,54
2026-07-03 17:32:00,68.49,68.5,68.47,68.495,68.522,68.532,68.502,68.527,35
2026-07-03 17:33:00,68.48,68.485,68.47,68.475,68.512,68.517,68.502,68.507,14
2026-07-03 17:34:00,68.48,68.565,68.475,68.54,68.512,68.597,68.507,68.572,40
2026-07-03 17:35:00,68.545,68.56,68.52,68.56,68.577,68.592,68.552,68.592,33
2026-07-03 17:36:00,68.57,68.585,68.56,68.565,68.602,68.617,68.592,68.597,25
2026-07-03 17:37:00,68.56,68.69,68.56,68.685,68.592,68.722,68.592,68.717,66
2026-07-03 17:38:00,68.69,68.725,68.68,68.72,68.722,68.757,68.712,68.752,48
2026-07-03 17:39:00,68.715,68.75,68.685,68.735,68.747,68.782,68.717,68.767,64
2026-07-03 17:40:00,68.74,68.755,68.66,68.66,68.772,68.787,68.692,68.692,43
2026-07-03 17:41:00,68.65,68.675,68.625,68.655,68.682,68.707,68.657,68.687,39
2026-07-03 17:42:00,68.65,68.665,68.64,68.655,68.682,68.697,68.672,68.687,23
2026-07-03 17:43:00,68.665,68.67,68.635,68.67,68.697,68.702,68.667,68.702,31
2026-07-03 17:44:00,68.68,68.71,68.675,68.705,68.712,68.742,68.707,68.737,31
2026-07-03 17:45:00,68.695,68.7,68.64,68.66,68.727,68.732,68.672,68.692,31
2026-07-03 17:46:00,68.655,68.67,68.645,68.65,68.687,68.702,68.677,68.682,22
2026-07-03 17:47:00,68.66,68.66,68.64,68.66,68.692,68.692,68.672,68.692,14
2026-07-03 17:48:00,68.655,68.67,68.655,68.66,68.687,68.702,68.687,68.692,18
2026-07-03 17:49:00,68.67,68.67,68.64,68.64,68.702,68.702,68.672,68.672,24
2026-07-03 17:50:00,68.63,68.66,68.63,68.655,68.662,68.692,68.662,68.687,26
2026-07-03 17:51:00,68.68,68.68,68.64,68.655,68.712,68.712,68.672,68.687,24
2026-07-03 17:52:00,68.66,68.69,68.64,68.68,68.692,68.722,68.672,68.712,29
2026-07-03 17:53:00,68.69,68.72,68.685,68.715,68.722,68.752,68.717,68.747,34
2026-07-03 17:54:00,68.71,68.72,68.66,68.66,68.742,68.752,68.692,68.692,31
2026-07-03 17:55:00,68.665,68.695,68.655,68.695,68.697,68.727,68.687,68.727,41
2026-07-03 17:56:00,68.686,68.695,68.66,68.665,68.726,68.727,68.692,68.697,27
2026-07-03 17:57:00,68.675,68.71,68.67,68.705,68.707,68.742,68.702,68.737,27
2026-07-03 17:58:00,68.7,68.735,68.7,68.715,68.732,68.767,68.732,68.747,39
2026-07-03 17:59:00,68.71,68.74,68.7,68.725,68.742,68.772,68.732,68.757,40
2026-07-03 18:00:00,68.74,68.775,68.72,68.74,68.772,68.807,68.752,68.772,50
2026-07-03 18:01:00,68.73,68.73,68.675,68.68,68.762,68.762,68.707,68.712,11
2026-07-03 18:02:00,68.69,68.75,68.68,68.745,68.722,68.782,68.712,68.777,24
2026-07-03 18:03:00,68.74,68.74,68.59,68.68,68.772,68.772,68.622,68.712,70
2026-07-03 18:04:00,68.69,68.695,68.655,68.655,68.722,68.727,68.687,68.687,17
2026-07-03 18:05:00,68.66,68.68,68.65,68.66,68.692,68.712,68.682,68.692,19
2026-07-03 18:06:00,68.665,68.67,68.65,68.67,68.697,68.702,68.682,68.702,14
2026-07-03 18:07:00,68.665,68.69,68.66,68.676,68.697,68.722,68.692,68.716,29
2026-07-03 18:08:00,68.675,68.675,68.655,68.665,68.707,68.707,68.687,68.697,10
2026-07-03 18:09:00,68.67,68.675,68.655,68.655,68.702,68.707,68.687,68.687,22
2026-07-03 18:10:00,68.66,68.695,68.635,68.635,68.692,68.727,68.667,68.667,38
2026-07-03 18:11:00,68.63,68.665,68.63,68.655,68.662,68.697,68.662,68.687,23
2026-07-03 18:12:00,68.65,68.665,68.61,68.62,68.682,68.697,68.642,68.652,21
2026-07-03 18:13:00,68.625,68.655,68.62,68.65,68.657,68.687,68.652,68.682,27
2026-07-03 18:14:00,68.655,68.655,68.625,68.635,68.687,68.687,68.657,68.667,22
2026-07-03 18:15:00,68.63,68.63,68.61,68.61,68.662,68.662,68.642,68.642,26
2026-07-03 18:16:00,68.605,68.62,68.59,68.595,68.637,68.652,68.622,68.627,27
2026-07-03 18:17:00,68.59,68.64,68.58,68.635,68.622,68.672,68.612,68.667,25
2026-07-03 18:18:00,68.64,68.66,68.63,68.66,68.672,68.692,68.662,68.692,22
2026-07-03 18:19:00,68.665,68.67,68.65,68.66,68.697,68.702,68.682,68.692,9
2026-07-03 18:20:00,68.655,68.68,68.65,68.68,68.687,68.712,68.682,68.712,22
2026-07-03 18:21:00,68.675,68.71,68.67,68.695,68.707,68.742,68.702,68.727,20
2026-07-03 18:22:00,68.7,68.71,68.67,68.685,68.732,68.742,68.702,68.717,20
2026-07-03 18:23:00,68.68,68.7,68.68,68.685,68.712,68.732,68.712,68.717,18
2026-07-03 18:24:00,68.675,68.685,68.655,68.655,68.707,68.717,68.687,68.687,24
2026-07-03 18:25:00,68.665,68.675,68.64,68.675,68.697,68.707,68.672,68.707,22
2026-07-03 18:26:00,68.68,68.69,68.665,68.685,68.712,68.722,68.697,68.717,15
2026-07-03 18:27:00,68.675,68.685,68.675,68.68,68.707,68.717,68.707,68.712,17
2026-07-03 18:28:00,68.67,68.685,68.665,68.67,68.702,68.717,68.697,68.702,15
2026-07-03 18:29:00,68.665,68.68,68.655,68.66,68.697,68.712,68.687,68.692,39
2026-07-03 18:30:00,68.665,68.665,68.615,68.625,68.697,68.697,68.647,68.657,41
2026-07-03 18:31:00,68.63,68.665,68.615,68.635,68.662,68.697,68.647,68.667,53
2026-07-03 18:32:00,68.645,68.645,68.63,68.635,68.677,68.677,68.662,68.667,8
2026-07-03 18:33:00,68.64,68.64,68.59,68.615,68.672,68.672,68.622,68.647,30
2026-07-03 18:34:00,68.61,68.62,68.575,68.58,68.642,68.652,68.607,68.612,26
2026-07-03 18:35:00,68.585,68.59,68.57,68.585,68.617,68.622,68.602,68.617,17
2026-07-03 18:36:00,68.58,68.615,68.575,68.605,68.612,68.647,68.607,68.637,19
2026-07-03 18:37:00,68.62,68.63,68.62,68.625,68.652,68.662,68.652,68.657,12
2026-07-03 18:38:00,68.63,68.63,68.625,68.63,68.662,68.662,68.657,68.662,5
2026-07-03 18:39:00,68.625,68.625,68.595,68.6,68.657,68.657,68.627,68.632,13
2026-07-03 18:40:00,68.595,68.605,68.575,68.585,68.627,68.637,68.607,68.617,26
2026-07-03 18:41:00,68.59,68.59,68.56,68.57,68.622,68.622,68.592,68.602,22
2026-07-03 18:42:00,68.565,68.57,68.56,68.565,68.597,68.602,68.592,68.597,21
2026-07-03 18:43:00,68.56,68.61,68.56,68.61,68.592,68.642,68.592,68.642,27
2026-07-03 18:44:00,68.595,68.62,68.595,68.605,68.627,68.652,68.627,68.637,21
2026-07-03 18:45:00,68.595,68.615,68.58,68.605,68.627,68.647,68.612,68.637,33
2026-07-03 18:46:00,68.595,68.6,68.57,68.585,68.627,68.632,68.602,68.617,25
2026-07-03 18:47:00,68.59,68.6,68.57,68.585,68.622,68.632,68.602,68.617,18
2026-07-03 18:48:00,68.586,68.65,68.585,68.636,68.626,68.682,68.617,68.676,40
2026-07-03 18:49:00,68.645,68.65,68.635,68.645,68.677,68.682,68.667,68.677,13
2026-07-03 18:50:00,68.64,68.65,68.626,68.626,68.672,68.682,68.662,68.666,21
2026-07-03 18:51:00,68.635,68.67,68.63,68.67,68.667,68.702,68.662,68.702,30
2026-07-03 18:52:00,68.675,68.68,68.655,68.675,68.707,68.712,68.687,68.707,25
2026-07-03 18:53:00,68.665,68.665,68.615,68.655,68.697,68.697,68.647,68.687,26
2026-07-03 18:54:00,68.66,68.66,68.63,68.645,68.692,68.692,68.662,68.677,34
2026-07-03 18:55:00,68.64,68.65,68.635,68.64,68.672,68.682,68.667,68.672,8
2026-07-03 18:56:00,68.65,68.655,68.635,68.655,68.682,68.687,68.667,68.687,22
2026-07-03 18:57:00,68.65,68.68,68.645,68.655,68.682,68.712,68.677,68.687,36
2026-07-03 18:58:00,68.66,68.73,68.655,68.725,68.692,68.766,68.687,68.757,120
2026-07-03 18:59:00,68.73,68.78,68.705,68.735,68.762,68.812,68.737,68.767,69
2026-07-03 22:59:00,68.737,68.737,68.737,68.737,68.767,68.767,68.767,68.767,1
2026-07-06 00:00:00,68.597,68.617,68.497,68.577,68.677,68.677,68.538,68.617,73
2026-07-06 00:01:00,68.587,68.587,68.446,68.457,68.627,68.642,68.478,68.497,31
2026-07-06 00:02:00,68.467,68.522,68.442,68.491,68.507,68.562,68.482,68.523,27
2026-07-06 00:03:00,68.496,68.546,68.462,68.492,68.528,68.578,68.528,68.532,24
2026-07-06 00:04:00,68.476,68.501,68.412,68.432,68.508,68.533,68.462,68.472,26
2026-07-06 00:05:00,68.446,68.536,68.442,68.451,68.478,68.568,68.478,68.483,40
2026-07-06 00:06:00,68.446,68.461,68.406,68.441,68.478,68.493,68.438,68.473,36
2026-07-06 00:07:00,68.436,68.546,68.432,68.521,68.468,68.578,68.468,68.553,39
2026-07-06 00:08:00,68.526,68.526,68.466,68.502,68.558,68.558,68.498,68.542,19
2026-07-06 00:09:00,68.501,68.501,68.431,68.441,68.533,68.533,68.463,68.473,13
2026-07-06 00:10:00,68.452,68.461,68.431,68.431,68.492,68.493,68.463,68.463,21
2026-07-06 00:11:00,68.441,68.461,68.421,68.422,68.473,68.493,68.453,68.462,11
2026-07-06 00:12:00,68.431,68.431,68.382,68.382,68.463,68.463,68.422,68.422,15
2026-07-06 00:13:00,68.372,68.376,68.291,68.326,68.412,68.412,68.323,68.358,19
2026-07-06 00:14:00,68.321,68.336,68.291,68.291,68.353,68.368,68.323,68.323,18
2026-07-06 00:15:00,68.297,68.371,68.292,68.331,68.337,68.403,68.332,68.363,20
2026-07-06 00:16:00,68.336,68.356,68.326,68.351,68.368,68.388,68.358,68.383,12
2026-07-06 00:17:00,68.361,68.411,68.321,68.321,68.393,68.443,68.353,68.353,19
2026-07-06 00:18:00,68.341,68.341,68.331,68.336,68.373,68.373,68.363,68.368,4
2026-07-06 00:19:00,68.331,68.351,68.326,68.331,68.363,68.383,68.358,68.363,6
2026-07-06 00:20:00,68.336,68.352,68.326,68.342,68.368,68.392,68.358,68.382,10
2026-07-06 00:21:00,68.346,68.371,68.341,68.371,68.378,68.407,68.373,68.403,7
2026-07-06 00:22:00,68.356,68.406,68.356,68.406,68.388,68.438,68.388,68.438,4
2026-07-06 00:23:00,68.381,68.381,68.331,68.342,68.413,68.413,68.363,68.382,13
2026-07-06 00:24:00,68.336,68.356,68.336,68.351,68.368,68.388,68.368,68.383,8
2026-07-06 00:25:00,68.356,68.366,68.356,68.366,68.388,68.398,68.388,68.398,4
2026-07-06 00:26:00,68.376,68.382,68.366,68.382,68.408,68.422,68.398,68.422,4
2026-07-06 00:27:00,68.381,68.382,68.372,68.382,68.413,68.422,68.412,68.422,3
2026-07-06 00:28:00,68.391,68.391,68.372,68.372,68.423,68.423,68.412,68.412,5
2026-07-06 00:29:00,68.367,68.367,68.346,68.346,68.407,68.407,68.378,68.378,3
2026-07-06 00:30:00,68.341,68.351,68.336,68.351,68.373,68.383,68.368,68.383,8
2026-07-06 00:31:00,68.341,68.351,68.341,68.346,68.373,68.383,68.373,68.378,4
2026-07-06 00:32:00,68.351,68.351,68.331,68.331,68.383,68.383,68.363,68.363,6
2026-07-06 00:33:00,68.336,68.351,68.336,68.351,68.368,68.383,68.368,68.383,2
2026-07-06 00:34:00,68.361,68.371,68.352,68.361,68.393,68.403,68.388,68.393,6
2026-07-06 00:35:00,68.352,68.361,68.332,68.332,68.392,68.393,68.372,68.372,3
2026-07-06 00:36:00,68.326,68.331,68.311,68.322,68.358,68.363,68.343,68.362,9
2026-07-06 00:37:00,68.331,68.371,68.331,68.362,68.363,68.407,68.363,68.402,8
2026-07-06 00:38:00,68.361,68.381,68.361,68.381,68.393,68.413,68.393,68.413,3
2026-07-06 00:39:00,68.362,68.362,68.351,68.351,68.402,68.402,68.383,68.383,3
2026-07-06 00:40:00,68.342,68.351,68.342,68.351,68.382,68.383,68.382,68.383,2
2026-07-06 00:41:00,68.366,68.366,68.351,68.351,68.398,68.398,68.383,68.383,6
2026-07-06 00:42:00,68.341,68.341,68.326,68.326,68.373,68.373,68.358,68.358,3
2026-07-06 00:43:00,68.321,68.331,68.316,68.331,68.353,68.363,68.348,68.363,4
2026-07-06 00:44:00,68.346,68.346,68.321,68.321,68.378,68.378,68.353,68.353,5
2026-07-06 00:45:00,68.311,68.311,68.301,68.301,68.343,68.343,68.333,68.333,2
2026-07-06 00:46:00,68.296,68.301,68.286,68.291,68.328,68.333,68.318,68.323,5
2026-07-06 00:47:00,68.286,68.296,68.266,68.281,68.318,68.328,68.298,68.313,10
2026-07-06 00:48:00,68.286,68.286,68.281,68.282,68.318,68.322,68.313,68.322,5
2026-07-06 00:49:00,68.281,68.286,68.266,68.281,68.313,68.318,68.298,68.313,12
2026-07-06 00:50:00,68.301,68.301,68.291,68.291,68.333,68.333,68.323,68.323,2
2026-07-06 00:51:00,68.281,68.286,68.276,68.286,68.313,68.322,68.308,68.318,6
2026-07-06 00:52:00,68.291,68.296,68.286,68.291,68.323,68.332,68.318,68.323,6
2026-07-06 00:53:00,68.296,68.301,68.296,68.301,68.328,68.333,68.328,68.333,2
2026-07-06 00:54:00,68.306,68.316,68.301,68.301,68.338,68.348,68.333,68.333,3
2026-07-06 00:55:00,68.306,68.306,68.292,68.306,68.338,68.338,68.328,68.338,4
2026-07-06 00:56:00,68.301,68.301,68.291,68.301,68.333,68.333,68.323,68.333,4
2026-07-06 00:57:00,68.291,68.291,68.266,68.271,68.323,68.323,68.298,68.303,7
2026-07-06 00:58:00,68.276,68.276,68.276,68.276,68.308,68.308,68.308,68.308,1
2026-07-06 00:59:00,68.271,68.276,68.271,68.276,68.303,68.308,68.303,68.308,4
2026-07-06 01:00:00,68.291,68.301,68.261,68.301,68.323,68.333,68.293,68.333,13
2026-07-06 01:01:00,68.306,68.331,68.306,68.311,68.338,68.363,68.338,68.343,10
2026-07-06 01:02:00,68.321,68.321,68.321,68.321,68.353,68.353,68.353,68.353,1
2026-07-06 01:03:00,68.311,68.346,68.292,68.346,68.343,68.378,68.332,68.378,13
2026-07-06 01:04:00,68.341,68.361,68.336,68.351,68.373,68.393,68.368,68.383,8
2026-07-06 01:05:00,68.341,68.346,68.317,68.321,68.373,68.378,68.353,68.353,10
2026-07-06 01:06:00,68.331,68.366,68.321,68.361,68.363,68.398,68.353,68.393,11
2026-07-06 01:07:00,68.366,68.391,68.366,68.391,68.398,68.423,68.398,68.423,4
2026-07-06 01:08:00,68.381,68.386,68.376,68.381,68.413,68.418,68.408,68.413,6
2026-07-06 01:09:00,68.372,68.391,68.372,68.391,68.412,68.423,68.408,68.423,5
2026-07-06 01:10:00,68.386,68.386,68.381,68.381,68.418,68.418,68.413,68.413,2
2026-07-06 01:11:00,68.376,68.376,68.351,68.351,68.408,68.408,68.383,68.383,5
2026-07-06 01:12:00,68.336,68.346,68.306,68.311,68.368,68.378,68.338,68.343,10
2026-07-06 01:13:00,68.301,68.316,68.301,68.316,68.333,68.348,68.333,68.348,5
2026-07-06 01:14:00,68.311,68.311,68.301,68.301,68.343,68.343,68.333,68.333,2
2026-07-06 01:15:00,68.286,68.301,68.281,68.301,68.318,68.333,68.313,68.333,6
2026-07-06 01:16:00,68.306,68.306,68.266,68.276,68.338,68.338,68.298,68.308,10
2026-07-06 01:17:00,68.281,68.286,68.276,68.276,68.313,68.318,68.308,68.308,3
2026-07-06 01:18:00,68.271,68.276,68.256,68.256,68.303,68.308,68.288,68.288,4
2026-07-06 01:19:00,68.251,68.261,68.246,68.256,68.283,68.293,68.278,68.288,6
2026-07-06 01:20:00,68.261,68.266,68.261,68.266,68.293,68.298,68.293,68.298,2
2026-07-06 01:21:00,68.271,68.281,68.271,68.276,68.303,68.313,68.303,68.308,3
2026-07-06 01:22:00,68.281,68.286,68.281,68.286,68.313,68.318,68.313,68.318,2
2026-07-06 01:23:00,68.281,68.286,68.281,68.286,68.313,68.318,68.313,68.318,2
2026-07-06 01:24:00,68.291,68.316,68.291,68.316,68.323,68.348,68.323,68.348,8
2026-07-06 01:25:00,68.301,68.301,68.301,68.301,68.333,68.333,68.333,68.333,1
2026-07-06 01:26:00,68.296,68.296,68.236,68.251,68.328,68.328,68.268,68.283,21
2026-07-06 01:27:00,68.246,68.251,68.246,68.251,68.278,68.283,68.278,68.283,2
2026-07-06 01:28:00,68.256,68.271,68.251,68.251,68.288,68.303,68.283,68.283,5
2026-07-06 01:30:00,68.241,68.241,68.231,68.231,68.273,68.273,68.263,68.263,6
2026-07-06 01:31:00,68.236,68.261,68.236,68.251,68.268,68.293,68.268,68.283,7
2026-07-06 01:32:00,68.256,68.256,68.246,68.251,68.288,68.288,68.278,68.283,5
2026-07-06 01:33:00,68.246,68.246,68.226,68.231,68.278,68.278,68.258,68.263,5
2026-07-06 01:34:00,68.232,68.266,68.232,68.256,68.272,68.298,68.272,68.288,13
2026-07-06 01:35:00,68.242,68.251,68.236,68.251,68.282,68.283,68.268,68.283,6
2026-07-06 01:36:00,68.256,68.256,68.256,68.256,68.288,68.288,68.288,68.288,1
2026-07-06 01:37:00,68.261,68.286,68.261,68.271,68.293,68.318,68.293,68.303,6
2026-07-06 01:38:00,68.262,68.266,68.236,68.236,68.302,68.302,68.268,68.268,7
2026-07-06 01:40:00,68.231,68.231,68.216,68.231,68.263,68.263,68.248,68.263,3
2026-07-06 01:41:00,68.246,68.246,68.241,68.241,68.278,68.282,68.273,68.273,4
2026-07-06 01:42:00,68.246,68.261,68.246,68.256,68.278,68.293,68.278,68.288,5
2026-07-06 01:43:00,68.251,68.251,68.236,68.246,68.283,68.283,68.268,68.278,5
2026-07-06 01:44:00,68.241,68.246,68.236,68.236,68.273,68.278,68.268,68.268,6
2026-07-06 01:45:00,68.216,68.226,68.201,68.201,68.248,68.258,68.233,68.233,5
2026-07-06 01:46:00,68.196,68.196,68.191,68.191,68.228,68.228,68.223,68.223,6
2026-07-06 01:47:00,68.186,68.191,68.186,68.191,68.218,68.223,68.218,68.223,4
2026-07-06 01:48:00,68.206,68.216,68.201,68.201,68.238,68.248,68.233,68.233,9
2026-07-06 01:49:00,68.206,68.206,68.191,68.191,68.238,68.238,68.223,68.223,3
2026-07-06 01:50:00,68.206,68.216,68.206,68.216,68.238,68.248,68.238,68.248,7
2026-07-06 01:51:00,68.226,68.226,68.226,68.226,68.258,68.258,68.258,68.258,1
2026-07-06 01:52:00,68.216,68.216,68.186,68.196,68.248,68.248,68.218,68.228,4
2026-07-06 01:53:00,68.191,68.196,68.191,68.196,68.223,68.228,68.223,68.228,2
2026-07-06 01:54:00,68.206,68.216,68.196,68.206,68.238,68.248,68.228,68.238,7
2026-07-06 01:55:00,68.196,68.206,68.196,68.196,68.228,68.238,68.228,68.228,5
2026-07-06 01:56:00,68.206,68.221,68.206,68.221,68.238,68.253,68.238,68.253,11
2026-07-06 01:57:00,68.211,68.211,68.211,68.211,68.243,68.243,68.243,68.243,1
2026-07-06 01:58:00,68.216,68.221,68.216,68.221,68.248,68.253,68.248,68.253,2
2026-07-06 01:59:00,68.216,68.216,68.206,68.206,68.248,68.248,68.238,68.238,4
2026-07-06 02:00:00,68.216,68.216,68.176,68.181,68.248,68.248,68.208,68.213,18
2026-07-06 02:01:00,68.186,68.256,68.181,68.256,68.218,68.288,68.213,68.288,12
2026-07-06 02:02:00,68.266,68.271,68.241,68.246,68.298,68.303,68.273,68.278,14
2026-07-06 02:03:00,68.261,68.291,68.261,68.286,68.293,68.323,68.293,68.318,10
2026-07-06 02:04:00,68.291,68.311,68.286,68.301,68.323,68.343,68.318,68.333,14
2026-07-06 02:05:00,68.306,68.331,68.296,68.331,68.338,68.363,68.328,68.363,16
2026-07-06 02:06:00,68.336,68.376,68.336,68.366,68.368,68.408,68.368,68.398,34
2026-07-06 02:07:00,68.371,68.441,68.366,68.431,68.403,68.477,68.398,68.463,31
2026-07-06 02:08:00,68.436,68.476,68.431,68.446,68.468,68.508,68.463,68.478,30
2026-07-06 02:09:00,68.451,68.556,68.451,68.551,68.483,68.588,68.483,68.583,25
2026-07-06 02:10:00,68.556,68.576,68.501,68.531,68.588,68.608,68.533,68.563,28
2026-07-06 02:11:00,68.526,68.541,68.506,68.526,68.558,68.573,68.538,68.558,14
2026-07-06 02:12:00,68.521,68.541,68.516,68.541,68.553,68.573,68.548,68.573,7
2026-07-06 02:13:00,68.536,68.546,68.511,68.511,68.568,68.578,68.543,68.543,19
2026-07-06 02:14:00,68.516,68.516,68.456,68.481,68.548,68.548,68.488,68.513,29
2026-07-06 02:15:00,68.476,68.491,68.451,68.461,68.508,68.523,68.483,68.493,26
2026-07-06 02:16:00,68.466,68.491,68.466,68.491,68.498,68.523,68.498,68.523,7
2026-07-06 02:17:00,68.496,68.506,68.481,68.481,68.528,68.538,68.513,68.513,14
2026-07-06 02:18:00,68.496,68.496,68.481,68.491,68.528,68.528,68.513,68.523,13
2026-07-06 02:19:00,68.482,68.491,68.452,68.491,68.522,68.523,68.492,68.523,11
2026-07-06 02:20:00,68.481,68.501,68.472,68.501,68.513,68.533,68.508,68.533,7
2026-07-06 02:21:00,68.506,68.506,68.491,68.491,68.538,68.538,68.523,68.523,7
2026-07-06 02:22:00,68.481,68.491,68.481,68.486,68.513,68.523,68.513,68.518,6
2026-07-06 02:23:00,68.481,68.481,68.441,68.446,68.513,68.513,68.473,68.478,9
2026-07-06 02:24:00,68.456,68.466,68.456,68.456,68.488,68.498,68.488,68.488,3
2026-07-06 02:25:00,68.466,68.466,68.406,68.406,68.498,68.498,68.438,68.438,11
2026-07-06 02:26:00,68.391,68.396,68.346,68.351,68.423,68.428,68.378,68.383,25
2026-07-06 02:27:00,68.361,68.366,68.346,68.346,68.393,68.398,68.378,68.378,10
2026-07-06 02:28:00,68.331,68.341,68.311,68.316,68.363,68.373,68.343,68.348,17
2026-07-06 02:29:00,68.311,68.326,68.296,68.296,68.343,68.358,68.328,68.328,5
2026-07-06 02:30:00,68.276,68.296,68.241,68.291,68.308,68.328,68.273,68.323,18
2026-07-06 02:31:00,68.296,68.301,68.296,68.296,68.328,68.333,68.328,68.328,3
2026-07-06 02:32:00,68.291,68.291,68.266,68.266,68.323,68.323,68.298,68.298,4
2026-07-06 02:33:00,68.271,68.306,68.261,68.301,68.303,68.338,68.293,68.333,19
2026-07-06 02:34:00,68.311,68.316,68.296,68.296,68.343,68.348,68.328,68.328,7
2026-07-06 02:35:00,68.306,68.316,68.306,68.311,68.338,68.348,68.338,68.343,3
2026-07-06 02:36:00,68.316,68.336,68.296,68.301,68.348,68.368,68.328,68.333,13
2026-07-06 02:37:00,68.296,68.296,68.291,68.291,68.328,68.328,68.323,68.323,4
2026-07-06 02:38:00,68.296,68.296,68.281,68.291,68.328,68.328,68.313,68.323,10
2026-07-06 02:39:00,68.296,68.296,68.266,68.291,68.328,68.328,68.298,68.323,8
2026-07-06 02:40:00,68.281,68.306,68.276,68.301,68.313,68.338,68.308,68.333,6
2026-07-06 02:41:00,68.306,68.311,68.291,68.311,68.338,68.343,68.323,68.343,7
2026-07-06 02:42:00,68.316,68.316,68.271,68.276,68.348,68.348,68.303,68.308,12
2026-07-06 02:43:00,68.266,68.286,68.226,68.226,68.298,68.322,68.258,68.258,18
2026-07-06 02:44:00,68.231,68.256,68.216,68.251,68.263,68.288,68.248,68.283,18
2026-07-06 02:45:00,68.256,68.356,68.256,68.346,68.288,68.388,68.288,68.378,19
2026-07-06 02:46:00,68.356,68.356,68.316,68.326,68.388,68.388,68.348,68.358,15
2026-07-06 02:47:00,68.336,68.356,68.336,68.356,68.368,68.392,68.368,68.388,5
2026-07-06 02:48:00,68.341,68.341,68.326,68.326,68.373,68.373,68.358,68.358,3
2026-07-06 02:49:00,68.331,68.331,68.301,68.311,68.363,68.363,68.333,68.343,7
2026-07-06 02:50:00,68.316,68.316,68.271,68.271,68.348,68.348,68.303,68.303,11
2026-07-06 02:51:00,68.266,68.296,68.266,68.286,68.298,68.328,68.298,68.318,12
2026-07-06 02:52:00,68.266,68.276,68.266,68.271,68.298,68.308,68.298,68.303,4
2026-07-06 02:53:00,68.256,68.256,68.246,68.246,68.288,68.288,68.278,68.278,3
2026-07-06 02:54:00,68.251,68.256,68.236,68.241,68.283,68.288,68.268,68.273,6
2026-07-06 02:55:00,68.236,68.266,68.236,68.261,68.268,68.298,68.268,68.293,9
2026-07-06 02:56:00,68.266,68.292,68.256,68.276,68.298,68.332,68.288,68.308,14
2026-07-06 02:57:00,68.271,68.276,68.256,68.266,68.303,68.308,68.288,68.298,17
2026-07-06 02:58:00,68.256,68.296,68.251,68.271,68.288,68.328,68.283,68.303,19
2026-07-06 02:59:00,68.266,68.266,68.196,68.201,68.298,68.298,68.228,68.233,12
2026-07-06 03:00:00,68.196,68.276,68.156,68.181,68.228,68.308,68.188,68.213,111
2026-07-06 03:01:00,68.171,68.231,68.116,68.166,68.203,68.263,68.148,68.198,94
2026-07-06 03:02:00,68.171,68.336,68.166,68.331,68.203,68.368,68.198,68.363,70
2026-07-06 03:03:00,68.336,68.381,68.301,68.356,68.368,68.413,68.333,68.388,57
2026-07-06 03:04:00,68.366,68.381,68.322,68.366,68.398,68.413,68.358,68.398,74
2026-07-06 03:05:00,68.361,68.361,68.292,68.346,68.393,68.393,68.332,68.378,47
2026-07-06 03:06:00,68.351,68.406,68.341,68.406,68.383,68.438,68.373,68.438,71
2026-07-06 03:07:00,68.401,68.496,68.396,68.451,68.433,68.528,68.428,68.483,38
2026-07-06 03:08:00,68.456,68.471,68.436,68.471,68.488,68.503,68.468,68.503,27
2026-07-06 03:09:00,68.466,68.466,68.396,68.401,68.498,68.498,68.428,68.433,38
2026-07-06 03:10:00,68.406,68.486,68.396,68.441,68.438,68.518,68.428,68.473,48
2026-07-06 03:11:00,68.451,68.476,68.416,68.461,68.483,68.508,68.448,68.493,41
2026-07-06 03:12:00,68.456,68.536,68.442,68.531,68.488,68.568,68.478,68.563,37
2026-07-06 03:13:00,68.546,68.626,68.546,68.576,68.578,68.658,68.578,68.608,53
2026-07-06 03:14:00,68.581,68.606,68.576,68.606,68.613,68.638,68.608,68.638,72
2026-07-06 03:15:00,68.626,68.676,68.596,68.666,68.658,68.708,68.628,68.698,53
2026-07-06 03:16:00,68.656,68.656,68.616,68.621,68.688,68.688,68.648,68.653,36
2026-07-06 03:17:00,68.611,68.621,68.586,68.591,68.643,68.653,68.618,68.623,28
2026-07-06 03:18:00,68.586,68.601,68.571,68.591,68.618,68.633,68.603,68.623,44
2026-07-06 03:19:00,68.596,68.621,68.586,68.611,68.628,68.653,68.618,68.643,32
2026-07-06 03:20:00,68.606,68.626,68.581,68.601,68.638,68.662,68.613,68.633,48
2026-07-06 03:21:00,68.596,68.651,68.596,68.621,68.628,68.683,68.628,68.653,34
2026-07-06 03:22:00,68.636,68.656,68.631,68.646,68.668,68.688,68.663,68.678,29
2026-07-06 03:23:00,68.651,68.666,68.601,68.621,68.683,68.698,68.633,68.653,43
2026-07-06 03:24:00,68.626,68.631,68.576,68.591,68.658,68.663,68.608,68.623,24
2026-07-06 03:25:00,68.601,68.606,68.546,68.551,68.633,68.638,68.578,68.583,31
2026-07-06 03:26:00,68.546,68.576,68.536,68.561,68.578,68.608,68.568,68.593,17
2026-07-06 03:27:00,68.566,68.591,68.556,68.591,68.598,68.623,68.588,68.623,15
2026-07-06 03:28:00,68.601,68.611,68.561,68.571,68.633,68.643,68.593,68.603,20
2026-07-06 03:29:00,68.566,68.586,68.541,68.551,68.598,68.618,68.573,68.583,28
2026-07-06 03:30:00,68.541,68.561,68.506,68.511,68.573,68.593,68.538,68.543,33
2026-07-06 03:31:00,68.516,68.521,68.506,68.516,68.548,68.553,68.538,68.548,17
2026-07-06 03:32:00,68.522,68.531,68.516,68.531,68.562,68.563,68.548,68.563,15
2026-07-06 03:33:00,68.526,68.551,68.526,68.546,68.558,68.583,68.558,68.578,9
2026-07-06 03:34:00,68.536,68.551,68.516,68.521,68.568,68.583,68.548,68.553,22
2026-07-06 03:35:00,68.536,68.536,68.496,68.501,68.568,68.568,68.528,68.533,17
2026-07-06 03:36:00,68.502,68.502,68.466,68.476,68.542,68.542,68.498,68.508,17
2026-07-06 03:37:00,68.486,68.486,68.406,68.406,68.518,68.518,68.438,68.438,17
2026-07-06 03:38:00,68.411,68.416,68.366,68.416,68.443,68.448,68.398,68.448,77
2026-07-06 03:39:00,68.406,68.411,68.382,68.391,68.438,68.443,68.418,68.423,43
2026-07-06 03:40:00,68.401,68.441,68.376,68.411,68.433,68.473,68.408,68.443,58
2026-07-06 03:41:00,68.416,68.441,68.416,68.431,68.448,68.473,68.448,68.463,25
2026-07-06 03:42:00,68.436,68.491,68.426,68.466,68.468,68.523,68.458,68.498,41
2026-07-06 03:43:00,68.476,68.511,68.476,68.511,68.508,68.543,68.508,68.543,30
2026-07-06 03:44:00,68.516,68.546,68.516,68.531,68.548,68.578,68.548,68.563,27
2026-07-06 03:45:00,68.526,68.601,68.521,68.581,68.558,68.633,68.553,68.613,29
2026-07-06 03:46:00,68.576,68.646,68.576,68.636,68.608,68.678,68.608,68.668,26
2026-07-06 03:47:00,68.631,68.631,68.601,68.606,68.663,68.663,68.633,68.638,17
2026-07-06 03:48:00,68.611,68.636,68.586,68.586,68.643,68.668,68.618,68.618,20
2026-07-06 03:49:00,68.581,68.621,68.576,68.621,68.613,68.653,68.608,68.653,27
2026-07-06 03:50:00,68.626,68.686,68.611,68.686,68.658,68.718,68.643,68.718,33
2026-07-06 03:51:00,68.691,68.796,68.676,68.791,68.723,68.828,68.708,68.823,33
2026-07-06 03:52:00,68.796,68.846,68.776,68.841,68.828,68.878,68.808,68.873,58
2026-07-06 03:53:00,68.836,68.846,68.771,68.786,68.868,68.878,68.803,68.818,40
2026-07-06 03:54:00,68.796,68.826,68.786,68.786,68.828,68.858,68.818,68.818,45
2026-07-06 03:55:00,68.791,68.856,68.791,68.806,68.823,68.888,68.823,68.838,46
2026-07-06 03:56:00,68.811,68.846,68.791,68.846,68.843,68.878,68.823,68.878,100
2026-07-06 03:57:00,68.831,68.836,68.806,68.821,68.863,68.868,68.838,68.853,61
2026-07-06 03:58:00,68.826,68.841,68.806,68.816,68.858,68.873,68.838,68.848,50
2026-07-06 03:59:00,68.811,68.831,68.801,68.831,68.843,68.863,68.833,68.863,30
2026-07-06 04:00:00,68.836,68.856,68.801,68.806,68.868,68.888,68.833,68.838,84
2026-07-06 04:01:00,68.811,68.866,68.811,68.846,68.843,68.898,68.843,68.878,45
2026-07-06 04:02:00,68.841,68.861,68.826,68.836,68.873,68.893,68.858,68.868,30
2026-07-06 04:03:00,68.841,68.896,68.841,68.871,68.873,68.928,68.873,68.903,36
2026-07-06 04:04:00,68.861,68.891,68.846,68.891,68.893,68.923,68.878,68.923,18
2026-07-06 04:05:00,68.886,69.016,68.886,69.011,68.918,69.048,68.918,69.043,47
2026-07-06 04:06:00,69.006,69.072,68.991,69.071,69.038,69.112,69.023,69.103,66
2026-07-06 04:07:00,69.066,69.121,69.061,69.091,69.098,69.153,69.093,69.123,63
2026-07-06 04:08:00,69.081,69.091,69.021,69.026,69.113,69.123,69.053,69.058,43
2026-07-06 04:09:00,69.036,69.066,69.006,69.031,69.068,69.098,69.038,69.063,26
2026-07-06 04:10:00,69.021,69.036,68.956,68.956,69.053,69.072,68.988,68.988,36
2026-07-06 04:11:00,68.966,68.981,68.956,68.961,68.998,69.013,68.988,68.993,9
2026-07-06 04:12:00,68.971,68.986,68.946,68.956,69.003,69.018,68.978,68.988,20
2026-07-06 04:13:00,68.961,68.991,68.961,68.986,68.993,69.023,68.993,69.018,25
2026-07-06 04:14:00,68.981,69.021,68.981,69.021,69.013,69.053,69.013,69.053,18
2026-07-06 04:15:00,69.001,69.016,68.986,68.996,69.033,69.048,69.018,69.028,20
2026-07-06 04:16:00,68.986,69.026,68.986,69.021,69.018,69.058,69.018,69.053,15
2026-07-06 04:17:00,69.031,69.036,68.996,69.006,69.063,69.068,69.028,69.038,18
2026-07-06 04:18:00,68.996,69.006,68.981,68.996,69.028,69.038,69.013,69.028,14
2026-07-06 04:19:00,69.001,69.001,68.956,68.986,69.033,69.033,68.988,69.018,17
2026-07-06 04:20:00,68.996,69.046,68.996,69.021,69.028,69.078,69.028,69.053,26
2026-07-06 04:21:00,69.006,69.036,69.006,69.031,69.038,69.068,69.038,69.063,10
2026-07-06 04:22:00,69.026,69.036,69.026,69.031,69.058,69.068,69.058,69.063,4
2026-07-06 04:23:00,69.021,69.036,69.006,69.036,69.053,69.068,69.038,69.068,6
2026-07-06 04:24:00,69.022,69.031,69.021,69.026,69.062,69.063,69.053,69.058,4
2026-07-06 04:25:00,69.016,69.016,69.016,69.016,69.048,69.048,69.048,69.048,1
2026-07-06 04:26:00,69.026,69.076,69.026,69.076,69.058,69.108,69.058,69.108,7
2026-07-06 04:27:00,69.086,69.086,69.076,69.081,69.118,69.118,69.108,69.113,5
2026-07-06 04:28:00,69.076,69.081,69.056,69.071,69.108,69.113,69.088,69.103,15
2026-07-06 04:29:00,69.066,69.071,69.051,69.051,69.098,69.103,69.083,69.083,5
2026-07-06 04:30:00,69.046,69.071,68.986,69.016,69.078,69.103,69.018,69.048,50
2026-07-06 04:31:00,69.011,69.056,69.001,69.046,69.043,69.088,69.033,69.078,25
2026-07-06 04:32:00,69.036,69.056,69.011,69.021,69.068,69.088,69.043,69.053,31
2026-07-06 04:33:00,69.011,69.031,68.986,69.001,69.043,69.063,69.018,69.033,33
2026-07-06 04:34:00,68.991,69.011,68.956,68.966,69.023,69.043,68.988,68.998,29
2026-07-06 04:35:00,68.961,68.981,68.916,68.931,68.993,69.013,68.948,68.963,48
2026-07-06 04:36:00,68.926,68.931,68.872,68.911,68.958,68.963,68.912,68.943,36
2026-07-06 04:37:00,68.896,68.896,68.866,68.896,68.928,68.928,68.898,68.928,26
2026-07-06 04:38:00,68.891,68.921,68.876,68.896,68.923,68.953,68.908,68.928,18
2026-07-06 04:39:00,68.901,68.911,68.866,68.871,68.933,68.943,68.898,68.903,36
2026-07-06 04:40:00,68.876,68.896,68.871,68.881,68.908,68.928,68.903,68.913,20
2026-07-06 04:41:00,68.876,68.906,68.861,68.906,68.908,68.938,68.893,68.938,20
2026-07-06 04:42:00,68.901,68.901,68.816,68.816,68.933,68.933,68.848,68.848,24
2026-07-06 04:43:00,68.806,68.866,68.806,68.836,68.838,68.898,68.838,68.868,46
2026-07-06 04:44:00,68.841,68.851,68.806,68.806,68.873,68.883,68.838,68.838,32
2026-07-06 04:45:00,68.796,68.806,68.756,68.796,68.828,68.838,68.788,68.828,38
2026-07-06 04:46:00,68.801,68.811,68.771,68.811,68.833,68.843,68.803,68.843,42
2026-07-06 04:47:00,68.801,68.811,68.751,68.756,68.833,68.843,68.783,68.788,44
2026-07-06 04:48:00,68.751,68.776,68.731,68.746,68.783,68.808,68.763,68.778,55
2026-07-06 04:49:00,68.751,68.776,68.736,68.751,68.783,68.808,68.768,68.783,34
2026-07-06 04:50:00,68.756,68.806,68.741,68.796,68.788,68.838,68.773,68.828,27
2026-07-06 04:51:00,68.791,68.791,68.656,68.656,68.823,68.823,68.688,68.688,40
2026-07-06 04:52:00,68.651,68.671,68.621,68.671,68.683,68.703,68.653,68.703,27
2026-07-06 04:53:00,68.666,68.666,68.631,68.656,68.698,68.698,68.663,68.688,34
2026-07-06 04:54:00,68.661,68.681,68.641,68.656,68.693,68.713,68.673,68.688,36
2026-07-06 04:55:00,68.661,68.682,68.636,68.661,68.693,68.722,68.668,68.693,45
2026-07-06 04:56:00,68.656,68.656,68.576,68.576,68.688,68.688,68.608,68.608,30
2026-07-06 04:57:00,68.571,68.571,68.486,68.501,68.603,68.603,68.518,68.533,46
2026-07-06 04:58:00,68.496,68.551,68.491,68.546,68.528,68.583,68.523,68.578,34
2026-07-06 04:59:00,68.551,68.556,68.521,68.541,68.583,68.588,68.553,68.573,32
2026-07-06 05:00:00,68.546,68.551,68.446,68.486,68.578,68.583,68.478,68.518,49
2026-07-06 05:01:00,68.476,68.511,68.471,68.491,68.508,68.543,68.503,68.523,27
2026-07-06 05:02:00,68.496,68.531,68.491,68.506,68.528,68.563,68.523,68.538,26
2026-07-06 05:03:00,68.511,68.511,68.481,68.491,68.543,68.543,68.513,68.523,26
2026-07-06 05:04:00,68.496,68.501,68.471,68.471,68.528,68.533,68.503,68.503,25
2026-07-06 05:05:00,68.476,68.486,68.436,68.436,68.508,68.518,68.468,68.468,24
2026-07-06 05:06:00,68.446,68.481,68.431,68.481,68.478,68.513,68.463,68.513,29
2026-07-06 05:07:00,68.491,68.536,68.481,68.536,68.523,68.568,68.513,68.568,15
2026-07-06 05:08:00,68.531,68.541,68.466,68.471,68.563,68.573,68.498,68.503,34
2026-07-06 05:09:00,68.466,68.496,68.436,68.486,68.498,68.528,68.468,68.518,46
2026-07-06 05:10:00,68.481,68.491,68.437,68.451,68.513,68.523,68.473,68.483,37
2026-07-06 05:11:00,68.441,68.446,68.416,68.416,68.473,68.478,68.448,68.448,16
2026-07-06 05:12:00,68.421,68.436,68.346,68.401,68.453,68.468,68.378,68.433,41
2026-07-06 05:13:00,68.396,68.406,68.351,68.351,68.428,68.438,68.383,68.383,19
2026-07-06 05:14:00,68.356,68.366,68.336,68.346,68.388,68.398,68.368,68.378,29
2026-07-06 05:15:00,68.336,68.391,68.336,68.386,68.368,68.423,68.368,68.418,27
2026-07-06 05:16:00,68.391,68.416,68.371,68.386,68.423,68.448,68.403,68.418,35
2026-07-06 05:17:00,68.376,68.406,68.376,68.406,68.408,68.438,68.408,68.438,18
2026-07-06 05:18:00,68.416,68.441,68.401,68.431,68.448,68.473,68.433,68.463,24
2026-07-06 05:19:00,68.441,68.466,68.416,68.426,68.473,68.498,68.448,68.458,29
2026-07-06 05:20:00,68.421,68.441,68.411,68.411,68.453,68.473,68.443,68.443,18
2026-07-06 05:21:00,68.406,68.461,68.386,68.461,68.438,68.493,68.418,68.493,28
2026-07-06 05:22:00,68.451,68.466,68.436,68.446,68.483,68.498,68.468,68.478,25
2026-07-06 05:23:00,68.436,68.471,68.436,68.451,68.468,68.503,68.468,68.483,21
2026-07-06 05:24:00,68.441,68.461,68.436,68.442,68.473,68.493,68.468,68.482,27
2026-07-06 05:25:00,68.451,68.471,68.441,68.471,68.483,68.503,68.473,68.503,20
2026-07-06 05:26:00,68.476,68.481,68.461,68.461,68.508,68.513,68.493,68.493,18
2026-07-06 05:27:00,68.471,68.506,68.471,68.501,68.503,68.538,68.503,68.533,10
2026-07-06 05:28:00,68.496,68.506,68.461,68.461,68.528,68.538,68.493,68.493,16
2026-07-06 05:29:00,68.471,68.481,68.456,68.466,68.503,68.513,68.488,68.498,33
2026-07-06 05:30:00,68.472,68.516,68.472,68.496,68.512,68.548,68.512,68.528,13
2026-07-06 05:31:00,68.501,68.501,68.481,68.481,68.533,68.533,68.513,68.513,8
2026-07-06 05:32:00,68.476,68.486,68.441,68.441,68.508,68.518,68.473,68.473,10
2026-07-06 05:33:00,68.436,68.436,68.406,68.406,68.468,68.468,68.438,68.438,9
2026-07-06 05:34:00,68.391,68.406,68.386,68.391,68.423,68.438,68.418,68.423,9
2026-07-06 05:35:00,68.396,68.396,68.381,68.391,68.428,68.428,68.413,68.423,8
2026-07-06 05:36:00,68.386,68.411,68.381,68.396,68.418,68.443,68.413,68.428,10
2026-07-06 05:37:00,68.406,68.416,68.401,68.401,68.438,68.448,68.433,68.433,5
2026-07-06 05:38:00,68.396,68.431,68.396,68.431,68.428,68.463,68.428,68.463,9
2026-07-06 05:39:00,68.426,68.436,68.421,68.426,68.458,68.472,68.453,68.458,11
2026-07-06 05:40:00,68.421,68.421,68.376,68.381,68.453,68.453,68.408,68.413,14
2026-07-06 05:41:00,68.366,68.366,68.326,68.351,68.398,68.398,68.358,68.383,23
2026-07-06 05:42:00,68.346,68.371,68.346,68.361,68.378,68.403,68.378,68.393,8
2026-07-06 05:43:00,68.362,68.376,68.362,68.376,68.402,68.408,68.402,68.408,2
2026-07-06 05:44:00,68.381,68.391,68.366,68.371,68.413,68.423,68.398,68.403,13
2026-07-06 05:45:00,68.381,68.391,68.371,68.381,68.413,68.423,68.403,68.413,15
2026-07-06 05:46:00,68.391,68.396,68.372,68.381,68.423,68.428,68.412,68.413,8
2026-07-06 05:47:00,68.372,68.401,68.366,68.381,68.412,68.433,68.398,68.413,19
2026-07-06 05:48:00,68.386,68.391,68.371,68.371,68.418,68.423,68.403,68.403,9
2026-07-06 05:49:00,68.376,68.381,68.376,68.381,68.408,68.413,68.408,68.413,2
2026-07-06 05:50:00,68.386,68.416,68.381,68.406,68.418,68.448,68.413,68.438,10
2026-07-06 05:51:00,68.416,68.416,68.396,68.401,68.448,68.448,68.428,68.433,7
2026-07-06 05:52:00,68.391,68.411,68.381,68.401,68.423,68.443,68.413,68.433,12
2026-07-06 05:53:00,68.406,68.411,68.381,68.381,68.438,68.443,68.413,68.413,9
2026-07-06 05:54:00,68.386,68.386,68.371,68.371,68.418,68.418,68.403,68.403,4
2026-07-06 05:55:00,68.366,68.371,68.366,68.366,68.398,68.403,68.398,68.398,3
2026-07-06 05:56:00,68.371,68.376,68.366,68.366,68.403,68.408,68.398,68.398,8
2026-07-06 05:57:00,68.371,68.371,68.371,68.371,68.403,68.403,68.403,68.403,1
2026-07-06 05:58:00,68.376,68.396,68.371,68.396,68.408,68.428,68.403,68.428,8
2026-07-06 05:59:00,68.391,68.396,68.386,68.391,68.423,68.428,68.418,68.423,5
2026-07-06 06:00:00,68.396,68.401,68.366,68.371,68.428,68.433,68.398,68.403,8
2026-07-06 06:01:00,68.376,68.406,68.376,68.406,68.408,68.438,68.408,68.438,8
2026-07-06 06:02:00,68.416,68.431,68.406,68.421,68.448,68.463,68.438,68.453,20
2026-07-06 06:03:00,68.426,68.431,68.406,68.411,68.458,68.463,68.438,68.443,6
2026-07-06 06:04:00,68.416,68.416,68.401,68.401,68.448,68.448,68.433,68.433,6
2026-07-06 06:05:00,68.391,68.426,68.391,68.426,68.423,68.458,68.423,68.458,5
2026-07-06 06:06:00,68.421,68.431,68.406,68.431,68.453,68.463,68.438,68.463,10
2026-07-06 06:07:00,68.436,68.456,68.431,68.456,68.468,68.488,68.463,68.488,13
2026-07-06 06:08:00,68.461,68.496,68.461,68.496,68.493,68.528,68.493,68.528,12
2026-07-06 06:09:00,68.506,68.571,68.496,68.521,68.538,68.603,68.528,68.553,27
2026-07-06 06:10:00,68.526,68.566,68.526,68.546,68.558,68.598,68.558,68.578,15
2026-07-06 06:11:00,68.536,68.541,68.526,68.531,68.568,68.573,68.558,68.563,8
2026-07-06 06:12:00,68.541,68.546,68.536,68.541,68.573,68.578,68.568,68.573,9
2026-07-06 06:13:00,68.536,68.536,68.511,68.511,68.568,68.568,68.543,68.543,6
2026-07-06 06:14:00,68.516,68.536,68.506,68.531,68.548,68.568,68.538,68.563,10
2026-07-06 06:15:00,68.526,68.531,68.526,68.531,68.558,68.563,68.558,68.563,6
2026-07-06 06:16:00,68.526,68.571,68.521,68.566,68.558,68.603,68.553,68.598,15
2026-07-06 06:17:00,68.571,68.571,68.566,68.566,68.603,68.603,68.598,68.598,6
2026-07-06 06:18:00,68.571,68.576,68.566,68.576,68.603,68.608,68.598,68.608,4
2026-07-06 06:19:00,68.581,68.581,68.566,68.566,68.613,68.613,68.598,68.598,12
2026-07-06 06:20:00,68.556,68.561,68.551,68.551,68.588,68.593,68.583,68.583,12
2026-07-06 06:21:00,68.546,68.551,68.536,68.536,68.578,68.583,68.568,68.568,11
2026-07-06 06:22:00,68.531,68.581,68.531,68.581,68.563,68.613,68.563,68.613,7
2026-07-06 06:23:00,68.586,68.591,68.576,68.576,68.618,68.623,68.608,68.608,7
2026-07-06 06:24:00,68.581,68.591,68.571,68.576,68.613,68.623,68.603,68.608,10
2026-07-06 06:25:00,68.581,68.586,68.576,68.581,68.613,68.618,68.608,68.613,6
2026-07-06 06:26:00,68.586,68.586,68.571,68.571,68.618,68.618,68.603,68.603,10
2026-07-06 06:27:00,68.576,68.576,68.571,68.571,68.608,68.608,68.603,68.603,2
2026-07-06 06:28:00,68.566,68.566,68.566,68.566,68.598,68.598,68.598,68.598,1
2026-07-06 06:29:00,68.571,68.571,68.551,68.561,68.603,68.603,68.583,68.593,18
2026-07-06 06:30:00,68.556,68.561,68.556,68.561,68.588,68.593,68.588,68.593,4
2026-07-06 06:31:00,68.552,68.561,68.541,68.551,68.592,68.593,68.573,68.583,10
2026-07-06 06:32:00,68.552,68.561,68.546,68.551,68.592,68.593,68.578,68.583,10
2026-07-06 06:33:00,68.546,68.546,68.536,68.536,68.578,68.578,68.568,68.568,3
2026-07-06 06:34:00,68.551,68.551,68.536,68.536,68.583,68.583,68.568,68.568,4
2026-07-06 06:35:00,68.541,68.541,68.521,68.521,68.573,68.573,68.553,68.553,4
2026-07-06 06:36:00,68.526,68.581,68.526,68.561,68.558,68.613,68.558,68.593,21
2026-07-06 06:37:00,68.566,68.571,68.566,68.571,68.598,68.603,68.598,68.603,2
2026-07-06 06:38:00,68.566,68.596,68.566,68.586,68.598,68.628,68.598,68.618,8
2026-07-06 06:39:00,68.596,68.601,68.581,68.581,68.628,68.633,68.613,68.613,10
2026-07-06 06:40:00,68.576,68.581,68.556,68.566,68.608,68.613,68.588,68.598,16
2026-07-06 06:41:00,68.561,68.596,68.561,68.591,68.593,68.628,68.593,68.623,16
2026-07-06 06:42:00,68.596,68.596,68.581,68.581,68.628,68.628,68.613,68.613,5
2026-07-06 06:43:00,68.591,68.591,68.581,68.581,68.623,68.623,68.613,68.613,5
2026-07-06 06:44:00,68.586,68.601,68.571,68.596,68.618,68.633,68.603,68.628,16
2026-07-06 06:45:00,68.591,68.631,68.586,68.611,68.623,68.663,68.618,68.643,19
2026-07-06 06:46:00,68.601,68.606,68.601,68.606,68.633,68.638,68.633,68.638,2
2026-07-06 06:47:00,68.596,68.606,68.591,68.602,68.628,68.642,68.623,68.642,8
2026-07-06 06:48:00,68.601,68.621,68.592,68.616,68.633,68.653,68.632,68.648,11
2026-07-06 06:49:00,68.606,68.606,68.592,68.601,68.638,68.638,68.632,68.633,4
2026-07-06 06:50:00,68.596,68.601,68.526,68.536,68.628,68.633,68.558,68.568,21
2026-07-06 06:51:00,68.531,68.531,68.506,68.526,68.563,68.563,68.538,68.558,14
2026-07-06 06:52:00,68.531,68.541,68.531,68.541,68.563,68.573,68.563,68.573,7
2026-07-06 06:53:00,68.536,68.541,68.531,68.541,68.568,68.573,68.563,68.573,9
2026-07-06 06:54:00,68.536,68.551,68.536,68.541,68.568,68.583,68.568,68.573,5
2026-07-06 06:55:00,68.536,68.536,68.531,68.531,68.568,68.568,68.563,68.563,2
2026-07-06 06:56:00,68.516,68.566,68.506,68.566,68.548,68.598,68.538,68.598,15
2026-07-06 06:57:00,68.571,68.576,68.561,68.561,68.603,68.608,68.593,68.593,19
2026-07-06 06:58:00,68.571,68.571,68.546,68.551,68.603,68.603,68.578,68.583,8
2026-07-06 06:59:00,68.561,68.561,68.551,68.561,68.593,68.593,68.583,68.593,7
2026-07-06 07:00:00,68.571,68.656,68.551,68.626,68.603,68.688,68.583,68.658,52
2026-07-06 07:01:00,68.621,68.661,68.611,68.661,68.653,68.693,68.643,68.693,22
2026-07-06 07:02:00,68.676,68.676,68.621,68.631,68.708,68.708,68.653,68.663,22
2026-07-06 07:03:00,68.641,68.676,68.636,68.676,68.673,68.708,68.668,68.708,13
2026-07-06 07:04:00,68.681,68.686,68.676,68.681,68.713,68.718,68.708,68.713,8
2026-07-06 07:05:00,68.676,68.681,68.666,68.666,68.708,68.713,68.698,68.698,17
2026-07-06 07:06:00,68.676,68.676,68.646,68.651,68.708,68.708,68.678,68.683,16
2026-07-06 07:07:00,68.646,68.651,68.646,68.651,68.678,68.683,68.678,68.683,6
2026-07-06 07:08:00,68.661,68.696,68.661,68.691,68.693,68.728,68.693,68.723,13
2026-07-06 07:09:00,68.681,68.686,68.646,68.646,68.713,68.718,68.678,68.678,12
2026-07-06 07:10:00,68.636,68.651,68.626,68.646,68.668,68.683,68.658,68.678,18
2026-07-06 07:11:00,68.631,68.631,68.616,68.621,68.663,68.663,68.648,68.653,7
2026-07-06 07:12:00,68.626,68.641,68.616,68.641,68.658,68.673,68.648,68.673,12
2026-07-06 07:13:00,68.651,68.676,68.631,68.676,68.683,68.708,68.663,68.708,19
2026-07-06 07:14:00,68.681,68.691,68.681,68.691,68.713,68.723,68.713,68.723,5
2026-07-06 07:15:00,68.696,68.706,68.691,68.706,68.728,68.738,68.723,68.738,12
2026-07-06 07:16:00,68.716,68.726,68.686,68.716,68.748,68.758,68.718,68.748,29
2026-07-06 07:17:00,68.706,68.706,68.701,68.701,68.738,68.738,68.733,68.733,2
2026-07-06 07:18:00,68.706,68.716,68.701,68.711,68.738,68.748,68.733,68.743,6
2026-07-06 07:19:00,68.706,68.706,68.691,68.696,68.738,68.738,68.723,68.728,9
2026-07-06 07:20:00,68.691,68.691,68.681,68.686,68.723,68.723,68.713,68.718,5
2026-07-06 07:21:00,68.691,68.691,68.676,68.681,68.723,68.723,68.708,68.713,9
2026-07-06 07:22:00,68.671,68.671,68.662,68.671,68.703,68.703,68.698,68.703,10
2026-07-06 07:23:00,68.662,68.662,68.636,68.646,68.702,68.702,68.668,68.678,13
2026-07-06 07:24:00,68.641,68.666,68.636,68.666,68.673,68.698,68.668,68.698,7
2026-07-06 07:25:00,68.671,68.676,68.652,68.676,68.703,68.708,68.692,68.708,9
2026-07-06 07:26:00,68.681,68.706,68.681,68.686,68.713,68.738,68.713,68.718,11
2026-07-06 07:27:00,68.691,68.716,68.691,68.701,68.723,68.748,68.723,68.733,9
2026-07-06 07:28:00,68.711,68.711,68.671,68.676,68.743,68.743,68.703,68.708,15
2026-07-06 07:29:00,68.681,68.681,68.676,68.676,68.713,68.713,68.708,68.708,4
2026-07-06 07:30:00,68.686,68.756,68.661,68.671,68.718,68.788,68.693,68.703,92
2026-07-06 07:31:00,68.661,68.706,68.661,68.686,68.693,68.742,68.693,68.718,35
2026-07-06 07:32:00,68.681,68.741,68.681,68.731,68.713,68.773,68.713,68.763,27
2026-07-06 07:33:00,68.726,68.751,68.726,68.751,68.758,68.783,68.758,68.783,23
2026-07-06 07:34:00,68.746,68.751,68.701,68.701,68.778,68.783,68.733,68.733,14
2026-07-06 07:35:00,68.711,68.716,68.661,68.681,68.743,68.748,68.693,68.713,30
2026-07-06 07:36:00,68.671,68.681,68.666,68.681,68.703,68.713,68.698,68.713,10
2026-07-06 07:37:00,68.676,68.681,68.671,68.681,68.708,68.713,68.703,68.713,10
2026-07-06 07:38:00,68.671,68.691,68.656,68.681,68.703,68.723,68.688,68.713,16
2026-07-06 07:39:00,68.671,68.671,68.656,68.671,68.703,68.703,68.688,68.703,9
2026-07-06 07:40:00,68.661,68.691,68.641,68.691,68.693,68.723,68.673,68.723,23
2026-07-06 07:41:00,68.696,68.721,68.691,68.701,68.728,68.753,68.723,68.733,17
2026-07-06 07:42:00,68.711,68.721,68.701,68.711,68.743,68.753,68.733,68.743,10
2026-07-06 07:43:00,68.706,68.731,68.706,68.722,68.738,68.763,68.738,68.762,22
2026-07-06 07:44:00,68.721,68.781,68.701,68.761,68.753,68.813,68.733,68.793,39
2026-07-06 07:45:00,68.766,68.776,68.756,68.756,68.798,68.808,68.788,68.788,18
2026-07-06 07:46:00,68.746,68.756,68.731,68.736,68.778,68.788,68.763,68.768,25
2026-07-06 07:47:00,68.731,68.741,68.716,68.741,68.763,68.773,68.748,68.773,19
2026-07-06 07:48:00,68.731,68.731,68.716,68.721,68.763,68.763,68.748,68.753,10
2026-07-06 07:49:00,68.731,68.736,68.721,68.721,68.763,68.768,68.753,68.753,11
2026-07-06 07:50:00,68.722,68.821,68.722,68.816,68.762,68.853,68.758,68.848,28
2026-07-06 07:51:00,68.821,68.836,68.806,68.811,68.853,68.868,68.838,68.843,33
2026-07-06 07:52:00,68.821,68.826,68.806,68.816,68.853,68.858,68.838,68.848,15
2026-07-06 07:53:00,68.806,68.816,68.806,68.816,68.838,68.848,68.838,68.848,3
2026-07-06 07:54:00,68.821,68.826,68.796,68.816,68.853,68.858,68.828,68.848,14
2026-07-06 07:55:00,68.811,68.811,68.781,68.786,68.843,68.843,68.813,68.818,29
2026-07-06 07:56:00,68.791,68.806,68.776,68.806,68.823,68.838,68.808,68.838,19
2026-07-06 07:57:00,68.796,68.801,68.791,68.796,68.828,68.833,68.823,68.828,10
2026-07-06 07:58:00,68.801,68.846,68.796,68.821,68.833,68.878,68.828,68.853,19
2026-07-06 07:59:00,68.826,68.831,68.796,68.821,68.858,68.863,68.828,68.853,23
2026-07-06 08:00:00,68.836,68.846,68.796,68.821,68.868,68.878,68.828,68.853,49
2026-07-06 08:01:00,68.826,68.906,68.826,68.881,68.858,68.938,68.858,68.913,45
2026-07-06 08:02:00,68.886,68.886,68.842,68.861,68.918,68.918,68.882,68.893,24
2026-07-06 08:03:00,68.856,68.891,68.836,68.846,68.888,68.923,68.868,68.878,21
2026-07-06 08:04:00,68.841,68.951,68.841,68.941,68.873,68.983,68.873,68.973,43
2026-07-06 08:05:00,68.936,69.046,68.936,69.021,68.968,69.078,68.968,69.053,56
2026-07-06 08:06:00,69.026,69.026,68.996,69.021,69.058,69.058,69.028,69.053,38
2026-07-06 08:07:00,69.026,69.056,68.991,69.046,69.058,69.088,69.023,69.078,45
2026-07-06 08:08:00,69.051,69.066,69.026,69.036,69.083,69.098,69.058,69.068,27
2026-07-06 08:09:00,69.046,69.116,69.036,69.081,69.078,69.148,69.068,69.113,39
2026-07-06 08:10:00,69.076,69.131,69.066,69.116,69.108,69.163,69.098,69.148,46
2026-07-06 08:11:00,69.121,69.146,69.106,69.131,69.153,69.178,69.138,69.163,40
2026-07-06 08:12:00,69.136,69.141,69.101,69.111,69.168,69.173,69.133,69.143,24
2026-07-06 08:13:00,69.106,69.111,69.066,69.066,69.138,69.143,69.098,69.098,46
2026-07-06 08:14:00,69.061,69.066,69.036,69.041,69.093,69.098,69.068,69.073,32
2026-07-06 08:15:00,69.046,69.076,69.016,69.071,69.078,69.108,69.048,69.103,57
2026-07-06 08:16:00,69.066,69.091,69.046,69.056,69.098,69.123,69.078,69.088,30
2026-07-06 08:17:00,69.046,69.116,69.036,69.106,69.078,69.148,69.068,69.138,47
2026-07-06 08:18:00,69.111,69.176,69.091,69.126,69.143,69.208,69.123,69.158,42
2026-07-06 08:19:00,69.136,69.136,69.066,69.066,69.168,69.168,69.098,69.098,25
2026-07-06 08:20:00,69.056,69.076,68.991,68.996,69.088,69.108,69.023,69.028,31
2026-07-06 08:21:00,68.986,69.031,68.986,69.016,69.018,69.063,69.018,69.048,19
2026-07-06 08:22:00,69.011,69.026,69.006,69.016,69.043,69.058,69.038,69.048,27
2026-07-06 08:23:00,69.006,69.006,68.966,68.976,69.038,69.038,68.998,69.008,29
2026-07-06 08:24:00,68.981,68.991,68.946,68.956,69.013,69.023,68.978,68.988,19
2026-07-06 08:25:00,68.946,68.956,68.906,68.906,68.978,68.988,68.938,68.938,46
2026-07-06 08:26:00,68.916,68.936,68.896,68.921,68.948,68.968,68.928,68.953,31
2026-07-06 08:27:00,68.916,68.916,68.866,68.891,68.948,68.948,68.898,68.923,42
2026-07-06 08:28:00,68.896,68.906,68.836,68.846,68.928,68.938,68.868,68.878,23
2026-07-06 08:29:00,68.856,68.901,68.856,68.876,68.888,68.933,68.888,68.908,41
2026-07-06 08:30:00,68.881,68.921,68.866,68.906,68.913,68.953,68.898,68.938,58
2026-07-06 08:31:00,68.911,68.916,68.846,68.906,68.943,68.948,68.878,68.938,39
2026-07-06 08:32:00,68.911,68.911,68.886,68.901,68.943,68.943,68.918,68.933,23
2026-07-06 08:33:00,68.906,68.916,68.876,68.876,68.938,68.948,68.908,68.908,27
2026-07-06 08:34:00,68.881,68.886,68.816,68.816,68.913,68.918,68.848,68.848,21
2026-07-06 08:35:00,68.821,68.846,68.816,68.821,68.853,68.882,68.848,68.853,41
2026-07-06 08:36:00,68.816,68.856,68.796,68.856,68.848,68.888,68.828,68.888,35
2026-07-06 08:37:00,68.861,68.871,68.826,68.846,68.893,68.903,68.858,68.878,22
2026-07-06 08:38:00,68.841,68.846,68.801,68.801,68.873,68.878,68.833,68.833,29
2026-07-06 08:39:00,68.796,68.836,68.796,68.826,68.828,68.868,68.828,68.858,21
2026-07-06 08:40:00,68.836,68.836,68.786,68.806,68.868,68.868,68.818,68.838,25
2026-07-06 08:41:00,68.811,68.826,68.776,68.821,68.843,68.858,68.808,68.853,31
2026-07-06 08:42:00,68.826,68.831,68.786,68.786,68.858,68.863,68.818,68.818,16
2026-07-06 08:43:00,68.781,68.791,68.736,68.746,68.813,68.823,68.768,68.778,31
2026-07-06 08:44:00,68.736,68.751,68.716,68.716,68.768,68.783,68.748,68.748,18
2026-07-06 08:45:00,68.726,68.746,68.721,68.721,68.758,68.778,68.753,68.753,26
2026-07-06 08:46:00,68.716,68.771,68.706,68.756,68.748,68.803,68.738,68.788,45
2026-07-06 08:47:00,68.762,68.786,68.761,68.776,68.802,68.818,68.793,68.808,21
2026-07-06 08:48:00,68.771,68.811,68.761,68.811,68.803,68.843,68.793,68.843,32
2026-07-06 08:49:00,68.816,68.836,68.816,68.831,68.848,68.868,68.848,68.863,22
2026-07-06 08:50:00,68.826,68.836,68.771,68.791,68.858,68.868,68.803,68.823,36
2026-07-06 08:51:00,68.781,68.786,68.736,68.736,68.813,68.818,68.768,68.768,19
2026-07-06 08:52:00,68.746,68.746,68.676,68.686,68.778,68.778,68.708,68.718,33
2026-07-06 08:53:00,68.681,68.691,68.671,68.676,68.713,68.723,68.703,68.708,19
2026-07-06 08:54:00,68.671,68.701,68.671,68.701,68.703,68.733,68.703,68.733,15
2026-07-06 08:55:00,68.702,68.756,68.702,68.716,68.742,68.788,68.742,68.748,27
2026-07-06 08:56:00,68.711,68.741,68.701,68.731,68.743,68.773,68.733,68.763,27
2026-07-06 08:57:00,68.726,68.726,68.681,68.696,68.758,68.758,68.713,68.728,19
2026-07-06 08:58:00,68.701,68.756,68.701,68.736,68.733,68.788,68.733,68.768,31
2026-07-06 08:59:00,68.731,68.741,68.716,68.721,68.763,68.773,68.748,68.753,27
2026-07-06 09:00:00,68.736,68.736,68.636,68.651,68.768,68.768,68.668,68.683,111
2026-07-06 09:01:00,68.641,68.651,68.601,68.636,68.673,68.683,68.633,68.668,38
2026-07-06 09:02:00,68.646,68.646,68.586,68.606,68.678,68.678,68.618,68.638,19
2026-07-06 09:03:00,68.596,68.646,68.576,68.596,68.628,68.678,68.608,68.628,47
2026-07-06 09:04:00,68.606,68.606,68.526,68.546,68.638,68.638,68.558,68.578,31
2026-07-06 09:05:00,68.536,68.556,68.406,68.441,68.568,68.588,68.438,68.473,52
2026-07-06 09:06:00,68.436,68.471,68.406,68.436,68.468,68.503,68.438,68.468,65
2026-07-06 09:07:00,68.431,68.461,68.396,68.401,68.463,68.493,68.428,68.433,56
2026-07-06 09:08:00,68.406,68.436,68.396,68.426,68.438,68.468,68.428,68.458,32
2026-07-06 09:09:00,68.416,68.416,68.386,68.406,68.448,68.448,68.418,68.438,34
2026-07-06 09:10:00,68.411,68.431,68.376,68.416,68.443,68.463,68.408,68.448,46
2026-07-06 09:11:00,68.426,68.466,68.426,68.466,68.458,68.498,68.458,68.498,44
2026-07-06 09:12:00,68.461,68.466,68.396,68.396,68.493,68.498,68.428,68.428,37
2026-07-06 09:13:00,68.401,68.466,68.386,68.466,68.433,68.498,68.418,68.498,54
2026-07-06 09:14:00,68.461,68.476,68.436,68.456,68.493,68.508,68.468,68.488,31
2026-07-06 09:15:00,68.466,68.466,68.426,68.436,68.498,68.498,68.458,68.468,16
2026-07-06 09:16:00,68.431,68.461,68.406,68.456,68.463,68.493,68.438,68.488,37
2026-07-06 09:17:00,68.446,68.456,68.411,68.431,68.478,68.488,68.443,68.463,24
2026-07-06 09:18:00,68.426,68.466,68.416,68.456,68.458,68.498,68.448,68.488,16
2026-07-06 09:19:00,68.451,68.466,68.396,68.406,68.483,68.498,68.428,68.438,27
2026-07-06 09:20:00,68.386,68.421,68.376,68.416,68.418,68.453,68.408,68.448,23
2026-07-06 09:21:00,68.411,68.546,68.406,68.526,68.443,68.578,68.438,68.558,39
2026-07-06 09:22:00,68.516,68.566,68.516,68.541,68.548,68.598,68.548,68.573,24
2026-07-06 09:23:00,68.536,68.541,68.486,68.536,68.568,68.573,68.518,68.568,53
2026-07-06 09:24:00,68.526,68.566,68.506,68.516,68.558,68.598,68.538,68.548,49
2026-07-06 09:25:00,68.506,68.516,68.481,68.481,68.538,68.548,68.513,68.513,33
2026-07-06 09:26:00,68.472,68.531,68.472,68.511,68.512,68.563,68.512,68.543,28
2026-07-06 09:27:00,68.516,68.526,68.486,68.491,68.548,68.558,68.518,68.523,33
2026-07-06 09:28:00,68.476,68.521,68.476,68.496,68.508,68.553,68.508,68.528,31
2026-07-06 09:29:00,68.486,68.566,68.486,68.491,68.518,68.598,68.518,68.523,38
2026-07-06 09:30:00,68.486,68.486,68.446,68.476,68.518,68.518,68.478,68.508,26
2026-07-06 09:31:00,68.466,68.486,68.416,68.446,68.498,68.518,68.448,68.478,34
2026-07-06 09:32:00,68.436,68.436,68.356,68.376,68.468,68.468,68.388,68.408,52
2026-07-06 09:33:00,68.386,68.446,68.366,68.416,68.418,68.478,68.398,68.448,41
2026-07-06 09:34:00,68.411,68.441,68.401,68.421,68.443,68.473,68.433,68.453,42
2026-07-06 09:35:00,68.426,68.456,68.386,68.396,68.458,68.488,68.418,68.428,37
2026-07-06 09:36:00,68.401,68.451,68.391,68.436,68.433,68.483,68.423,68.468,27
2026-07-06 09:37:00,68.431,68.456,68.356,68.411,68.463,68.488,68.388,68.443,61
2026-07-06 09:38:00,68.406,68.411,68.371,68.381,68.438,68.443,68.403,68.413,27
2026-07-06 09:39:00,68.376,68.381,68.336,68.346,68.408,68.413,68.368,68.378,15
2026-07-06 09:40:00,68.341,68.356,68.291,68.291,68.373,68.388,68.323,68.323,46
2026-07-06 09:41:00,68.296,68.316,68.231,68.231,68.328,68.348,68.263,68.263,39
2026-07-06 09:42:00,68.236,68.246,68.171,68.186,68.268,68.278,68.203,68.218,58
2026-07-06 09:43:00,68.181,68.236,68.156,68.166,68.213,68.268,68.188,68.198,72
2026-07-06 09:44:00,68.161,68.171,68.006,68.071,68.193,68.203,68.038,68.103,112
2026-07-06 09:45:00,68.076,68.121,68.051,68.096,68.108,68.153,68.083,68.128,75
2026-07-06 09:46:00,68.091,68.136,68.076,68.131,68.123,68.168,68.108,68.163,63
2026-07-06 09:47:00,68.146,68.151,68.086,68.126,68.178,68.183,68.118,68.158,56
2026-07-06 09:48:00,68.121,68.126,68.081,68.116,68.153,68.158,68.113,68.148,33
2026-07-06 09:49:00,68.111,68.126,68.006,68.016,68.143,68.158,68.038,68.048,50
2026-07-06 09:50:00,68.006,68.016,67.866,67.916,68.038,68.048,67.898,67.948,102
2026-07-06 09:51:00,67.911,67.956,67.906,67.916,67.943,67.988,67.938,67.948,48
2026-07-06 09:52:00,67.896,67.911,67.796,67.796,67.928,67.943,67.828,67.828,93
2026-07-06 09:53:00,67.801,67.876,67.786,67.856,67.833,67.908,67.818,67.888,66
2026-07-06 09:54:00,67.851,67.886,67.841,67.856,67.883,67.918,67.873,67.888,41
2026-07-06 09:55:00,67.866,67.881,67.806,67.841,67.898,67.913,67.838,67.873,70
2026-07-06 09:56:00,67.846,67.871,67.816,67.816,67.878,67.903,67.848,67.848,51
2026-07-06 09:57:00,67.821,67.861,67.806,67.821,67.853,67.893,67.838,67.853,42
2026-07-06 09:58:00,67.816,67.876,67.816,67.851,67.848,67.908,67.848,67.883,41
2026-07-06 09:59:00,67.856,67.926,67.851,67.886,67.888,67.958,67.883,67.918,63
2026-07-06 10:00:00,67.906,67.976,67.856,67.961,67.938,68.008,67.888,67.993,69
2026-07-06 10:01:00,67.966,67.996,67.951,67.986,67.998,68.028,67.983,68.018,67
2026-07-06 10:02:00,67.981,68.011,67.956,67.976,68.013,68.043,67.988,68.008,37
2026-07-06 10:03:00,67.971,68.016,67.966,67.986,68.003,68.048,67.998,68.018,50
2026-07-06 10:04:00,67.981,67.991,67.896,67.906,68.013,68.023,67.928,67.938,37
2026-07-06 10:05:00,67.916,67.941,67.866,67.936,67.948,67.973,67.898,67.968,56
2026-07-06 10:06:00,67.941,67.976,67.921,67.951,67.973,68.008,67.953,67.983,41
2026-07-06 10:07:00,67.956,68.046,67.926,68.046,67.988,68.078,67.958,68.078,89
2026-07-06 10:08:00,68.041,68.126,68.036,68.061,68.073,68.158,68.068,68.093,74
2026-07-06 10:09:00,68.056,68.166,68.056,68.156,68.088,68.198,68.088,68.188,52
2026-07-06 10:10:00,68.146,68.201,68.116,68.201,68.178,68.233,68.148,68.233,77
2026-07-06 10:11:00,68.196,68.251,68.166,68.216,68.228,68.283,68.198,68.248,108
2026-07-06 10:12:00,68.221,68.226,68.176,68.181,68.253,68.258,68.208,68.213,56
2026-07-06 10:13:00,68.176,68.201,68.086,68.096,68.208,68.233,68.118,68.128,49
2026-07-06 10:14:00,68.106,68.146,68.076,68.101,68.138,68.178,68.108,68.133,48
2026-07-06 10:15:00,68.096,68.236,68.091,68.226,68.128,68.268,68.123,68.258,73
2026-07-06 10:16:00,68.216,68.226,68.106,68.106,68.248,68.258,68.138,68.138,73
2026-07-06 10:17:00,68.111,68.111,68.016,68.056,68.143,68.143,68.048,68.088,52
2026-07-06 10:18:00,68.051,68.051,67.986,68.016,68.083,68.083,68.018,68.048,57
2026-07-06 10:19:00,68.011,68.066,67.986,68.046,68.043,68.098,68.018,68.078,44
2026-07-06 10:20:00,68.051,68.076,68.046,68.061,68.083,68.108,68.078,68.093,41
2026-07-06 10:21:00,68.051,68.076,68.046,68.066,68.083,68.108,68.078,68.098,35
2026-07-06 10:22:00,68.056,68.111,68.011,68.021,68.088,68.143,68.043,68.053,56
2026-07-06 10:23:00,68.026,68.101,67.986,68.091,68.058,68.133,68.018,68.123,75
2026-07-06 10:24:00,68.086,68.116,68.046,68.116,68.118,68.148,68.078,68.148,67
2026-07-06 10:25:00,68.111,68.151,68.096,68.146,68.143,68.183,68.128,68.178,67
2026-07-06 10:26:00,68.151,68.211,68.072,68.086,68.183,68.243,68.112,68.118,90
2026-07-06 10:27:00,68.076,68.136,68.071,68.106,68.108,68.168,68.103,68.138,71
2026-07-06 10:28:00,68.111,68.196,68.106,68.141,68.143,68.228,68.138,68.173,106
2026-07-06 10:29:00,68.156,68.246,68.036,68.041,68.188,68.278,68.068,68.073,182
2026-07-06 10:30:00,68.056,68.131,68.006,68.066,68.088,68.163,68.038,68.098,128
2026-07-06 10:31:00,68.061,68.246,68.051,68.246,68.093,68.278,68.083,68.278,83
2026-07-06 10:32:00,68.236,68.271,68.201,68.236,68.268,68.303,68.233,68.268,63
2026-07-06 10:33:00,68.246,68.296,68.196,68.266,68.278,68.328,68.228,68.298,54
2026-07-06 10:34:00,68.276,68.331,68.236,68.316,68.308,68.363,68.268,68.348,86
2026-07-06 10:35:00,68.321,68.336,68.276,68.321,68.353,68.368,68.308,68.353,80
2026-07-06 10:36:00,68.326,68.346,68.276,68.296,68.358,68.378,68.308,68.328,55
2026-07-06 10:37:00,68.286,68.286,68.226,68.231,68.318,68.318,68.258,68.263,38
2026-07-06 10:38:00,68.216,68.236,68.201,68.236,68.248,68.268,68.233,68.268,44
2026-07-06 10:39:00,68.241,68.251,68.221,68.231,68.273,68.283,68.253,68.263,33
2026-07-06 10:40:00,68.226,68.226,68.181,68.181,68.258,68.258,68.213,68.213,43
2026-07-06 10:41:00,68.186,68.216,68.161,68.206,68.218,68.248,68.193,68.238,47
2026-07-06 10:42:00,68.211,68.266,68.211,68.256,68.243,68.298,68.243,68.288,34
2026-07-06 10:43:00,68.266,68.296,68.246,68.271,68.298,68.328,68.278,68.303,35
2026-07-06 10:44:00,68.276,68.386,68.276,68.356,68.308,68.418,68.308,68.388,47
2026-07-06 10:45:00,68.346,68.396,68.326,68.346,68.378,68.428,68.358,68.378,55
2026-07-06 10:46:00,68.351,68.356,68.316,68.336,68.383,68.388,68.348,68.368,27
2026-07-06 10:47:00,68.346,68.416,68.341,68.411,68.378,68.448,68.373,68.443,41
2026-07-06 10:48:00,68.406,68.436,68.401,68.426,68.438,68.468,68.433,68.458,44
2026-07-06 10:49:00,68.431,68.456,68.386,68.386,68.463,68.488,68.418,68.418,37
2026-07-06 10:50:00,68.376,68.441,68.376,68.401,68.408,68.473,68.408,68.433,54
2026-07-06 10:51:00,68.406,68.476,68.391,68.446,68.438,68.508,68.423,68.478,43
2026-07-06 10:52:00,68.456,68.466,68.411,68.451,68.488,68.498,68.443,68.483,32
2026-07-06 10:53:00,68.456,68.526,68.456,68.486,68.488,68.558,68.488,68.518,60
2026-07-06 10:54:00,68.476,68.476,68.401,68.401,68.508,68.508,68.433,68.433,23
2026-07-06 10:55:00,68.406,68.436,68.386,68.386,68.438,68.468,68.418,68.418,28
2026-07-06 10:56:00,68.391,68.391,68.326,68.326,68.423,68.423,68.358,68.358,32
2026-07-06 10:57:00,68.321,68.356,68.301,68.336,68.353,68.388,68.333,68.368,37
2026-07-06 10:58:00,68.331,68.346,68.206,68.216,68.363,68.378,68.238,68.248,49
2026-07-06 10:59:00,68.211,68.216,68.146,68.161,68.243,68.248,68.178,68.193,54
2026-07-06 11:00:00,68.156,68.276,68.156,68.251,68.188,68.308,68.188,68.283,59
2026-07-06 11:01:00,68.256,68.306,68.241,68.281,68.288,68.338,68.273,68.313,39
2026-07-06 11:02:00,68.276,68.286,68.226,68.241,68.308,68.318,68.258,68.273,43
2026-07-06 11:03:00,68.251,68.271,68.216,68.216,68.283,68.303,68.248,68.248,32
2026-07-06 11:04:00,68.206,68.246,68.201,68.211,68.238,68.278,68.233,68.243,30
2026-07-06 11:05:00,68.206,68.336,68.196,68.326,68.238,68.368,68.228,68.358,53
2026-07-06 11:06:00,68.331,68.406,68.296,68.341,68.363,68.438,68.328,68.373,80
2026-07-06 11:07:00,68.346,68.351,68.256,68.256,68.378,68.383,68.288,68.288,42
2026-07-06 11:08:00,68.266,68.286,68.246,68.271,68.298,68.318,68.278,68.303,24
2026-07-06 11:09:00,68.276,68.276,68.246,68.251,68.308,68.308,68.278,68.283,23
2026-07-06 11:10:00,68.246,68.286,68.226,68.271,68.278,68.318,68.258,68.303,24
2026-07-06 11:11:00,68.276,68.381,68.276,68.371,68.308,68.413,68.308,68.403,57
2026-07-06 11:12:00,68.361,68.381,68.336,68.341,68.393,68.413,68.368,68.373,31
2026-07-06 11:13:00,68.351,68.396,68.326,68.371,68.383,68.428,68.358,68.403,34
2026-07-06 11:14:00,68.366,68.406,68.341,68.391,68.398,68.438,68.373,68.423,37
2026-07-06 11:15:00,68.386,68.436,68.381,68.431,68.418,68.468,68.413,68.463,50
2026-07-06 11:16:00,68.416,68.466,68.406,68.441,68.448,68.498,68.438,68.473,43
2026-07-06 11:17:00,68.436,68.456,68.406,68.441,68.468,68.488,68.438,68.473,28
2026-07-06 11:18:00,68.436,68.476,68.436,68.466,68.468,68.508,68.468,68.498,37
2026-07-06 11:19:00,68.461,68.466,68.436,68.441,68.493,68.498,68.468,68.473,30
2026-07-06 11:20:00,68.446,68.506,68.436,68.506,68.478,68.538,68.468,68.538,35
2026-07-06 11:21:00,68.501,68.516,68.456,68.456,68.533,68.548,68.488,68.488,24
2026-07-06 11:22:00,68.446,68.451,68.316,68.331,68.478,68.483,68.348,68.363,32
2026-07-06 11:23:00,68.326,68.376,68.316,68.326,68.358,68.408,68.348,68.358,32
2026-07-06 11:24:00,68.336,68.346,68.271,68.281,68.368,68.378,68.303,68.313,44
2026-07-06 11:25:00,68.276,68.281,68.246,68.251,68.308,68.313,68.278,68.283,25
2026-07-06 11:26:00,68.246,68.326,68.246,68.326,68.278,68.358,68.278,68.358,42
2026-07-06 11:27:00,68.331,68.346,68.266,68.266,68.363,68.378,68.298,68.298,34
2026-07-06 11:28:00,68.271,68.291,68.256,68.291,68.303,68.323,68.288,68.323,21
2026-07-06 11:29:00,68.296,68.296,68.256,68.266,68.328,68.328,68.288,68.298,15
2026-07-06 11:30:00,68.271,68.286,68.191,68.196,68.303,68.318,68.223,68.228,51
2026-07-06 11:31:00,68.201,68.302,68.196,68.301,68.233,68.342,68.228,68.333,43
2026-07-06 11:32:00,68.311,68.311,68.241,68.266,68.343,68.343,68.273,68.298,41
2026-07-06 11:33:00,68.261,68.296,68.231,68.291,68.293,68.328,68.263,68.323,27
2026-07-06 11:34:00,68.286,68.336,68.281,68.326,68.318,68.368,68.313,68.358,31
2026-07-06 11:35:00,68.331,68.336,68.286,68.291,68.363,68.368,68.318,68.323,32
2026-07-06 11:36:00,68.281,68.331,68.276,68.321,68.313,68.363,68.308,68.353,38
2026-07-06 11:37:00,68.316,68.321,68.286,68.311,68.348,68.353,68.318,68.343,13
2026-07-06 11:38:00,68.306,68.316,68.276,68.316,68.338,68.348,68.308,68.348,18
2026-07-06 11:39:00,68.301,68.306,68.236,68.236,68.333,68.338,68.268,68.268,45
2026-07-06 11:40:00,68.241,68.246,68.166,68.231,68.273,68.278,68.198,68.263,44
2026-07-06 11:41:00,68.236,68.281,68.226,68.266,68.268,68.313,68.258,68.298,48
2026-07-06 11:42:00,68.271,68.306,68.266,68.306,68.303,68.338,68.298,68.338,33
2026-07-06 11:43:00,68.301,68.326,68.271,68.286,68.333,68.358,68.303,68.318,26
2026-07-06 11:44:00,68.296,68.406,68.296,68.401,68.328,68.438,68.328,68.433,54
2026-07-06 11:45:00,68.396,68.416,68.381,68.396,68.428,68.448,68.413,68.428,42
2026-07-06 11:46:00,68.391,68.436,68.376,68.421,68.423,68.468,68.408,68.453,31
2026-07-06 11:47:00,68.426,68.431,68.391,68.406,68.458,68.463,68.423,68.438,37
2026-07-06 11:48:00,68.416,68.416,68.391,68.401,68.448,68.448,68.423,68.433,28
2026-07-06 11:49:00,68.396,68.496,68.392,68.471,68.428,68.528,68.428,68.503,61
2026-07-06 11:50:00,68.466,68.466,68.326,68.341,68.498,68.498,68.358,68.373,39
2026-07-06 11:51:00,68.331,68.331,68.246,68.286,68.363,68.363,68.278,68.318,46
2026-07-06 11:52:00,68.266,68.336,68.261,68.316,68.298,68.368,68.293,68.348,29
2026-07-06 11:53:00,68.306,68.326,68.231,68.231,68.338,68.358,68.263,68.263,47
2026-07-06 11:54:00,68.216,68.221,68.186,68.186,68.248,68.253,68.218,68.218,34
2026-07-06 11:55:00,68.196,68.196,68.136,68.141,68.228,68.228,68.168,68.173,36
2026-07-06 11:56:00,68.146,68.146,68.076,68.106,68.178,68.178,68.108,68.138,49
2026-07-06 11:57:00,68.096,68.126,68.086,68.116,68.128,68.158,68.118,68.148,30
2026-07-06 11:58:00,68.111,68.126,68.066,68.116,68.143,68.158,68.098,68.148,38
2026-07-06 11:59:00,68.121,68.276,68.111,68.276,68.153,68.308,68.143,68.308,52
2026-07-06 12:00:00,68.286,68.306,68.246,68.246,68.318,68.338,68.278,68.278,73
2026-07-06 12:01:00,68.241,68.311,68.211,68.261,68.273,68.343,68.243,68.293,71
2026-07-06 12:02:00,68.262,68.351,68.251,68.331,68.302,68.383,68.283,68.363,70
2026-07-06 12:03:00,68.326,68.336,68.296,68.301,68.358,68.368,68.328,68.333,50
2026-07-06 12:04:00,68.292,68.321,68.286,68.291,68.332,68.353,68.318,68.323,47
2026-07-06 12:05:00,68.296,68.321,68.266,68.311,68.328,68.353,68.298,68.343,39
2026-07-06 12:06:00,68.326,68.406,68.321,68.391,68.358,68.438,68.353,68.423,42
2026-07-06 12:07:00,68.396,68.396,68.346,68.371,68.428,68.428,68.378,68.403,33
2026-07-06 12:08:00,68.366,68.401,68.356,68.401,68.398,68.433,68.388,68.433,23
2026-07-06 12:09:00,68.391,68.391,68.256,68.256,68.423,68.423,68.288,68.288,38
2026-07-06 12:10:00,68.246,68.276,68.201,68.201,68.278,68.308,68.233,68.233,38
2026-07-06 12:11:00,68.206,68.236,68.186,68.186,68.238,68.268,68.218,68.218,37
2026-07-06 12:12:00,68.196,68.216,68.156,68.176,68.228,68.248,68.188,68.208,41
2026-07-06 12:13:00,68.186,68.196,68.171,68.176,68.218,68.228,68.203,68.208,15
2026-07-06 12:14:00,68.171,68.176,68.126,68.131,68.203,68.208,68.158,68.163,36
2026-07-06 12:15:00,68.126,68.136,68.066,68.111,68.158,68.168,68.098,68.143,50
2026-07-06 12:16:00,68.116,68.166,68.086,68.166,68.148,68.198,68.118,68.198,44
2026-07-06 12:17:00,68.176,68.176,68.146,68.171,68.208,68.208,68.178,68.203,22
2026-07-06 12:18:00,68.176,68.176,68.126,68.151,68.208,68.208,68.158,68.183,20
2026-07-06 12:19:00,68.146,68.176,68.141,68.176,68.178,68.208,68.173,68.208,20
2026-07-06 12:20:00,68.171,68.216,68.161,68.206,68.203,68.248,68.193,68.238,31
2026-07-06 12:21:00,68.211,68.276,68.206,68.266,68.243,68.308,68.238,68.298,26
2026-07-06 12:22:00,68.276,68.276,68.206,68.231,68.308,68.308,68.238,68.263,37
2026-07-06 12:23:00,68.236,68.241,68.196,68.206,68.268,68.273,68.228,68.238,31
2026-07-06 12:24:00,68.201,68.246,68.191,68.241,68.233,68.278,68.223,68.273,48
2026-07-06 12:25:00,68.231,68.241,68.221,68.236,68.263,68.273,68.253,68.268,15
2026-07-06 12:26:00,68.231,68.276,68.226,68.271,68.263,68.308,68.258,68.303,43
2026-07-06 12:27:00,68.276,68.276,68.226,68.266,68.308,68.308,68.258,68.298,32
2026-07-06 12:28:00,68.276,68.306,68.246,68.261,68.308,68.338,68.278,68.293,16
2026-07-06 12:29:00,68.266,68.301,68.236,68.256,68.298,68.333,68.268,68.288,38
2026-07-06 12:30:00,68.261,68.301,68.256,68.271,68.293,68.333,68.288,68.303,24
2026-07-06 12:31:00,68.276,68.281,68.246,68.266,68.308,68.313,68.278,68.298,36
2026-07-06 12:32:00,68.271,68.296,68.256,68.266,68.303,68.328,68.288,68.298,42
2026-07-06 12:33:00,68.271,68.291,68.236,68.241,68.303,68.323,68.268,68.273,18
2026-07-06 12:34:00,68.226,68.256,68.226,68.236,68.258,68.288,68.258,68.268,23
2026-07-06 12:35:00,68.246,68.256,68.176,68.176,68.278,68.288,68.208,68.208,31
2026-07-06 12:36:00,68.181,68.201,68.136,68.136,68.213,68.233,68.168,68.168,23
2026-07-06 12:37:00,68.126,68.126,68.076,68.086,68.158,68.158,68.108,68.118,63
2026-07-06 12:38:00,68.091,68.101,68.056,68.096,68.123,68.133,68.088,68.128,23
2026-07-06 12:39:00,68.106,68.156,68.101,68.151,68.138,68.188,68.133,68.183,32
2026-07-06 12:40:00,68.156,68.241,68.156,68.206,68.188,68.277,68.188,68.238,17
2026-07-06 12:41:00,68.201,68.266,68.201,68.256,68.233,68.298,68.233,68.288,23
2026-07-06 12:42:00,68.266,68.306,68.256,68.266,68.298,68.338,68.288,68.298,53
2026-07-06 12:43:00,68.256,68.281,68.206,68.281,68.288,68.313,68.238,68.313,34
2026-07-06 12:44:00,68.286,68.296,68.276,68.296,68.318,68.328,68.308,68.328,34
2026-07-06 12:45:00,68.291,68.296,68.276,68.281,68.323,68.328,68.308,68.313,28
2026-07-06 12:46:00,68.271,68.331,68.271,68.316,68.303,68.363,68.303,68.348,29
2026-07-06 12:47:00,68.311,68.311,68.281,68.296,68.343,68.343,68.313,68.328,26
2026-07-06 12:48:00,68.276,68.286,68.256,68.271,68.308,68.318,68.288,68.303,26
2026-07-06 12:49:00,68.276,68.336,68.266,68.311,68.308,68.368,68.298,68.343,24
2026-07-06 12:50:00,68.316,68.336,68.311,68.331,68.348,68.368,68.343,68.363,24
2026-07-06 12:51:00,68.326,68.406,68.321,68.406,68.358,68.438,68.353,68.438,47
2026-07-06 12:52:00,68.401,68.476,68.386,68.476,68.433,68.508,68.418,68.508,66
2026-07-06 12:53:00,68.471,68.581,68.451,68.571,68.503,68.613,68.483,68.603,91
2026-07-06 12:54:00,68.566,68.636,68.546,68.606,68.598,68.668,68.578,68.638,96
2026-07-06 12:55:00,68.611,68.621,68.546,68.561,68.643,68.653,68.578,68.593,59
2026-07-06 12:56:00,68.546,68.596,68.546,68.576,68.578,68.628,68.578,68.608,51
2026-07-06 12:57:00,68.571,68.641,68.571,68.626,68.603,68.673,68.603,68.658,46
2026-07-06 12:58:00,68.631,68.631,68.566,68.576,68.663,68.663,68.598,68.608,28
2026-07-06 12:59:00,68.581,68.601,68.546,68.556,68.613,68.633,68.578,68.588,19
2026-07-06 13:00:00,68.546,68.626,68.536,68.586,68.578,68.658,68.568,68.618,58
2026-07-06 13:01:00,68.601,68.686,68.596,68.672,68.633,68.718,68.628,68.712,66
2026-07-06 13:02:00,68.676,68.686,68.656,68.661,68.708,68.718,68.688,68.693,34
2026-07-06 13:03:00,68.666,68.706,68.626,68.686,68.698,68.738,68.658,68.718,47
2026-07-06 13:04:00,68.691,68.706,68.661,68.696,68.723,68.738,68.693,68.728,28
2026-07-06 13:05:00,68.691,68.716,68.661,68.671,68.723,68.748,68.693,68.703,53
2026-07-06 13:06:00,68.676,68.701,68.636,68.636,68.708,68.733,68.668,68.668,28
2026-07-06 13:07:00,68.621,68.626,68.586,68.586,68.653,68.658,68.618,68.618,49
2026-07-06 13:08:00,68.576,68.581,68.526,68.536,68.608,68.613,68.558,68.568,45
2026-07-06 13:09:00,68.546,68.596,68.526,68.581,68.578,68.628,68.558,68.613,40
2026-07-06 13:10:00,68.586,68.606,68.561,68.576,68.618,68.638,68.593,68.608,25
2026-07-06 13:11:00,68.566,68.601,68.556,68.601,68.598,68.633,68.588,68.633,20
2026-07-06 13:12:00,68.596,68.616,68.581,68.606,68.628,68.648,68.613,68.638,32
2026-07-06 13:13:00,68.611,68.616,68.556,68.561,68.643,68.648,68.588,68.593,40
2026-07-06 13:14:00,68.566,68.626,68.566,68.611,68.598,68.658,68.598,68.643,45
2026-07-06 13:15:00,68.601,68.611,68.566,68.591,68.633,68.643,68.598,68.623,25
2026-07-06 13:16:00,68.596,68.676,68.596,68.656,68.628,68.708,68.628,68.688,29
2026-07-06 13:17:00,68.651,68.676,68.646,68.676,68.683,68.708,68.678,68.708,17
2026-07-06 13:18:00,68.666,68.671,68.646,68.656,68.698,68.703,68.678,68.688,42
2026-07-06 13:19:00,68.661,68.661,68.606,68.636,68.693,68.693,68.638,68.668,20
2026-07-06 13:20:00,68.631,68.636,68.576,68.636,68.663,68.668,68.608,68.668,30
2026-07-06 13:21:00,68.631,68.636,68.626,68.636,68.663,68.668,68.658,68.668,20
2026-07-06 13:22:00,68.631,68.641,68.616,68.616,68.663,68.673,68.648,68.648,12
2026-07-06 13:23:00,68.606,68.616,68.536,68.536,68.638,68.648,68.568,68.568,19
2026-07-06 13:24:00,68.526,68.556,68.506,68.546,68.558,68.588,68.538,68.578,38
2026-07-06 13:25:00,68.541,68.566,68.516,68.561,68.573,68.598,68.548,68.593,28
2026-07-06 13:26:00,68.566,68.596,68.546,68.556,68.598,68.628,68.578,68.588,29
2026-07-06 13:27:00,68.551,68.576,68.521,68.541,68.583,68.608,68.553,68.573,38
2026-07-06 13:28:00,68.551,68.556,68.506,68.506,68.583,68.588,68.538,68.538,16
2026-07-06 13:29:00,68.501,68.551,68.501,68.546,68.533,68.583,68.533,68.578,33
2026-07-06 13:30:00,68.551,68.571,68.526,68.546,68.583,68.603,68.558,68.578,29
2026-07-06 13:31:00,68.536,68.551,68.526,68.536,68.568,68.583,68.558,68.568,28
2026-07-06 13:32:00,68.531,68.556,68.486,68.506,68.563,68.588,68.518,68.538,36
2026-07-06 13:33:00,68.496,68.501,68.456,68.456,68.528,68.533,68.488,68.488,26
2026-07-06 13:34:00,68.446,68.466,68.436,68.461,68.478,68.498,68.468,68.493,18
2026-07-06 13:35:00,68.466,68.496,68.436,68.441,68.498,68.528,68.468,68.473,31
2026-07-06 13:36:00,68.446,68.466,68.436,68.466,68.478,68.498,68.468,68.498,12
2026-07-06 13:37:00,68.461,68.476,68.456,68.466,68.493,68.508,68.488,68.498,10
2026-07-06 13:38:00,68.456,68.456,68.426,68.446,68.488,68.488,68.458,68.478,14
2026-07-06 13:39:00,68.441,68.456,68.436,68.446,68.473,68.488,68.468,68.478,12
2026-07-06 13:40:00,68.456,68.456,68.376,68.391,68.488,68.488,68.408,68.423,21
2026-07-06 13:41:00,68.396,68.416,68.386,68.396,68.428,68.448,68.418,68.428,17
2026-07-06 13:42:00,68.406,68.436,68.396,68.426,68.438,68.468,68.428,68.458,9
2026-07-06 13:43:00,68.416,68.416,68.401,68.406,68.448,68.448,68.433,68.438,13
2026-07-06 13:44:00,68.411,68.416,68.386,68.391,68.443,68.448,68.418,68.423,20
2026-07-06 13:45:00,68.386,68.396,68.366,68.376,68.418,68.428,68.398,68.408,12
2026-07-06 13:46:00,68.381,68.386,68.342,68.346,68.413,68.418,68.378,68.378,22
2026-07-06 13:47:00,68.341,68.376,68.341,68.361,68.373,68.412,68.373,68.393,37
2026-07-06 13:48:00,68.366,68.366,68.286,68.286,68.398,68.398,68.318,68.318,22
2026-07-06 13:49:00,68.276,68.406,68.276,68.401,68.308,68.438,68.308,68.433,43
2026-07-06 13:50:00,68.406,68.421,68.386,68.406,68.438,68.453,68.418,68.438,21
2026-07-06 13:51:00,68.396,68.436,68.396,68.436,68.428,68.468,68.428,68.468,19
2026-07-06 13:52:00,68.426,68.516,68.426,68.516,68.458,68.548,68.458,68.548,34
2026-07-06 13:53:00,68.506,68.516,68.476,68.506,68.538,68.548,68.508,68.538,45
2026-07-06 13:54:00,68.496,68.516,68.486,68.486,68.528,68.548,68.518,68.518,26
2026-07-06 13:55:00,68.476,68.556,68.471,68.546,68.508,68.588,68.503,68.578,17
2026-07-06 13:56:00,68.556,68.601,68.541,68.601,68.588,68.633,68.573,68.633,34
2026-07-06 13:57:00,68.606,68.606,68.551,68.556,68.638,68.638,68.583,68.588,26
2026-07-06 13:58:00,68.566,68.591,68.546,68.586,68.598,68.623,68.578,68.618,25
2026-07-06 13:59:00,68.596,68.616,68.586,68.606,68.628,68.648,68.618,68.638,26
2026-07-06 14:00:00,68.621,68.636,68.556,68.586,68.653,68.668,68.588,68.618,47
2026-07-06 14:01:00,68.591,68.611,68.581,68.606,68.623,68.643,68.613,68.638,27
2026-07-06 14:02:00,68.596,68.606,68.551,68.556,68.628,68.638,68.583,68.588,26
2026-07-06 14:03:00,68.551,68.576,68.531,68.546,68.583,68.608,68.563,68.578,36
2026-07-06 14:04:00,68.556,68.566,68.536,68.546,68.588,68.598,68.568,68.578,24
2026-07-06 14:05:00,68.526,68.566,68.516,68.556,68.558,68.598,68.548,68.588,20
2026-07-06 14:06:00,68.566,68.566,68.516,68.516,68.598,68.598,68.548,68.548,16
2026-07-06 14:07:00,68.526,68.556,68.516,68.551,68.558,68.588,68.548,68.583,28
2026-07-06 14:08:00,68.556,68.646,68.536,68.631,68.588,68.678,68.568,68.663,39
2026-07-06 14:09:00,68.636,68.636,68.601,68.616,68.668,68.668,68.633,68.648,23
2026-07-06 14:10:00,68.626,68.676,68.606,68.676,68.658,68.708,68.638,68.708,27
2026-07-06 14:11:00,68.661,68.696,68.641,68.676,68.693,68.728,68.673,68.708,36
2026-07-06 14:12:00,68.666,68.706,68.626,68.631,68.698,68.738,68.658,68.663,39
2026-07-06 14:13:00,68.636,68.646,68.616,68.631,68.668,68.678,68.648,68.663,24
2026-07-06 14:14:00,68.636,68.636,68.516,68.516,68.668,68.668,68.548,68.548,40
2026-07-06 14:15:00,68.506,68.566,68.501,68.526,68.538,68.598,68.533,68.558,48
2026-07-06 14:16:00,68.516,68.536,68.486,68.496,68.548,68.568,68.518,68.528,42
2026-07-06 14:17:00,68.486,68.546,68.486,68.526,68.518,68.578,68.518,68.558,38
2026-07-06 14:18:00,68.531,68.566,68.391,68.431,68.563,68.598,68.423,68.463,104
2026-07-06 14:19:00,68.436,68.436,68.271,68.271,68.468,68.468,68.303,68.303,96
2026-07-06 14:20:00,68.276,68.326,68.246,68.326,68.308,68.358,68.278,68.358,86
2026-07-06 14:21:00,68.316,68.346,68.286,68.306,68.348,68.378,68.318,68.338,40
2026-07-06 14:22:00,68.316,68.326,68.201,68.201,68.348,68.358,68.233,68.233,66
2026-07-06 14:23:00,68.206,68.246,68.186,68.241,68.238,68.278,68.218,68.273,67
2026-07-06 14:24:00,68.236,68.246,68.216,68.221,68.268,68.278,68.248,68.253,21
2026-07-06 14:25:00,68.226,68.246,68.116,68.136,68.258,68.278,68.148,68.168,75
2026-07-06 14:26:00,68.126,68.176,68.116,68.141,68.158,68.208,68.148,68.173,79
2026-07-06 14:27:00,68.146,68.226,68.136,68.166,68.178,68.258,68.168,68.198,63
2026-07-06 14:28:00,68.176,68.186,68.106,68.141,68.208,68.218,68.138,68.173,50
2026-07-06 14:29:00,68.136,68.166,68.106,68.156,68.168,68.198,68.138,68.188,76
2026-07-06 14:30:00,68.161,68.276,68.151,68.266,68.193,68.308,68.183,68.298,48
2026-07-06 14:31:00,68.261,68.266,68.236,68.246,68.293,68.298,68.268,68.278,29
2026-07-06 14:32:00,68.236,68.246,68.171,68.216,68.268,68.278,68.203,68.248,31
2026-07-06 14:33:00,68.226,68.226,68.206,68.216,68.258,68.258,68.238,68.248,23
2026-07-06 14:34:00,68.206,68.296,68.196,68.286,68.238,68.328,68.228,68.318,35
2026-07-06 14:35:00,68.276,68.291,68.246,68.266,68.308,68.323,68.278,68.298,35
2026-07-06 14:36:00,68.271,68.291,68.251,68.266,68.303,68.323,68.283,68.298,40
2026-07-06 14:37:00,68.276,68.311,68.256,68.266,68.308,68.343,68.288,68.298,39
2026-07-06 14:38:00,68.276,68.301,68.226,68.236,68.308,68.333,68.258,68.268,36
2026-07-06 14:39:00,68.226,68.271,68.216,68.266,68.258,68.303,68.248,68.298,33
2026-07-06 14:40:00,68.261,68.306,68.221,68.296,68.293,68.338,68.253,68.328,44
2026-07-06 14:41:00,68.306,68.306,68.276,68.306,68.338,68.338,68.308,68.338,37
2026-07-06 14:42:00,68.301,68.326,68.296,68.306,68.333,68.358,68.328,68.338,24
2026-07-06 14:43:00,68.301,68.326,68.296,68.301,68.333,68.358,68.328,68.333,38
2026-07-06 14:44:00,68.306,68.321,68.291,68.316,68.338,68.353,68.323,68.348,36
2026-07-06 14:45:00,68.326,68.336,68.261,68.281,68.358,68.368,68.293,68.313,43
2026-07-06 14:46:00,68.286,68.311,68.271,68.276,68.318,68.343,68.303,68.308,38
2026-07-06 14:47:00,68.271,68.296,68.236,68.241,68.303,68.328,68.268,68.273,45
2026-07-06 14:48:00,68.246,68.276,68.236,68.261,68.278,68.308,68.268,68.293,34
2026-07-06 14:49:00,68.266,68.266,68.216,68.256,68.298,68.298,68.248,68.288,29
2026-07-06 14:50:00,68.246,68.336,68.226,68.226,68.278,68.368,68.258,68.258,55
2026-07-06 14:51:00,68.236,68.266,68.196,68.261,68.268,68.298,68.228,68.293,61
2026-07-06 14:52:00,68.256,68.271,68.236,68.256,68.288,68.303,68.268,68.288,43
2026-07-06 14:53:00,68.251,68.286,68.226,68.276,68.283,68.318,68.258,68.308,35
2026-07-06 14:54:00,68.281,68.306,68.246,68.291,68.313,68.338,68.278,68.323,32
2026-07-06 14:55:00,68.286,68.306,68.286,68.286,68.318,68.338,68.318,68.318,13
2026-07-06 14:56:00,68.281,68.286,68.246,68.266,68.313,68.318,68.278,68.298,44
2026-07-06 14:57:00,68.271,68.316,68.261,68.301,68.303,68.348,68.293,68.333,26
2026-07-06 14:58:00,68.296,68.296,68.271,68.291,68.328,68.328,68.303,68.323,25
2026-07-06 14:59:00,68.296,68.296,68.216,68.251,68.328,68.328,68.248,68.283,49
2026-07-06 15:00:00,68.236,68.386,68.126,68.381,68.268,68.418,68.158,68.413,188
2026-07-06 15:01:00,68.376,68.396,68.256,68.256,68.408,68.428,68.288,68.288,93
2026-07-06 15:02:00,68.246,68.321,68.176,68.191,68.278,68.353,68.208,68.223,97
2026-07-06 15:03:00,68.196,68.206,68.106,68.121,68.228,68.238,68.138,68.153,75
2026-07-06 15:04:00,68.126,68.186,68.106,68.176,68.158,68.218,68.138,68.208,56
2026-07-06 15:05:00,68.186,68.186,68.036,68.076,68.218,68.218,68.068,68.108,123
2026-07-06 15:06:00,68.066,68.116,68.026,68.106,68.098,68.148,68.058,68.138,41
2026-07-06 15:07:00,68.116,68.126,68.046,68.066,68.148,68.158,68.078,68.098,78
2026-07-06 15:08:00,68.076,68.196,68.076,68.176,68.108,68.228,68.108,68.208,63
2026-07-06 15:09:00,68.181,68.246,68.176,68.226,68.213,68.278,68.208,68.258,68
2026-07-06 15:10:00,68.236,68.296,68.236,68.246,68.268,68.328,68.268,68.278,79
2026-07-06 15:11:00,68.251,68.291,68.221,68.286,68.283,68.323,68.253,68.318,54
2026-07-06 15:12:00,68.296,68.306,68.226,68.226,68.328,68.338,68.258,68.258,69
2026-07-06 15:13:00,68.246,68.376,68.241,68.371,68.278,68.408,68.273,68.403,90
2026-07-06 15:14:00,68.376,68.476,68.356,68.456,68.408,68.508,68.388,68.488,68
2026-07-06 15:15:00,68.466,68.466,68.396,68.406,68.498,68.498,68.428,68.438,49
2026-07-06 15:16:00,68.396,68.516,68.371,68.476,68.428,68.548,68.403,68.508,74
2026-07-06 15:17:00,68.481,68.496,68.431,68.466,68.513,68.528,68.463,68.498,70
2026-07-06 15:18:00,68.486,68.536,68.486,68.526,68.518,68.568,68.518,68.558,73
2026-07-06 15:19:00,68.536,68.586,68.531,68.576,68.568,68.618,68.563,68.608,74
2026-07-06 15:20:00,68.586,68.646,68.516,68.626,68.618,68.678,68.548,68.658,74
2026-07-06 15:21:00,68.636,68.656,68.596,68.606,68.668,68.688,68.628,68.638,65
2026-07-06 15:22:00,68.611,68.611,68.561,68.571,68.643,68.643,68.593,68.603,63
2026-07-06 15:23:00,68.566,68.601,68.516,68.541,68.598,68.633,68.548,68.573,62
2026-07-06 15:24:00,68.526,68.596,68.526,68.591,68.558,68.628,68.558,68.623,46
2026-07-06 15:25:00,68.586,68.596,68.556,68.566,68.618,68.628,68.588,68.598,48
2026-07-06 15:26:00,68.556,68.626,68.556,68.601,68.588,68.658,68.588,68.633,56
2026-07-06 15:27:00,68.596,68.636,68.596,68.631,68.628,68.668,68.628,68.663,50
2026-07-06 15:28:00,68.626,68.786,68.606,68.771,68.658,68.818,68.638,68.803,84
2026-07-06 15:29:00,68.766,68.821,68.716,68.801,68.798,68.853,68.748,68.833,61
2026-07-06 15:30:00,68.806,68.911,68.771,68.796,68.838,68.943,68.803,68.828,121
2026-07-06 15:31:00,68.801,68.826,68.716,68.716,68.833,68.858,68.748,68.748,94
2026-07-06 15:32:00,68.726,68.731,68.671,68.696,68.758,68.763,68.703,68.728,81
2026-07-06 15:33:00,68.676,68.686,68.646,68.656,68.708,68.718,68.678,68.688,50
2026-07-06 15:34:00,68.636,68.636,68.486,68.526,68.668,68.668,68.518,68.558,91
2026-07-06 15:35:00,68.516,68.586,68.486,68.556,68.548,68.618,68.518,68.588,67
2026-07-06 15:36:00,68.551,68.586,68.536,68.551,68.583,68.618,68.568,68.583,61
2026-07-06 15:37:00,68.556,68.616,68.536,68.606,68.588,68.648,68.568,68.638,49
2026-07-06 15:38:00,68.601,68.611,68.541,68.576,68.633,68.643,68.573,68.608,51
2026-07-06 15:39:00,68.586,68.586,68.516,68.561,68.618,68.618,68.548,68.593,48
2026-07-06 15:40:00,68.556,68.626,68.536,68.601,68.588,68.658,68.568,68.633,50
2026-07-06 15:41:00,68.606,68.686,68.586,68.661,68.638,68.718,68.618,68.693,72
2026-07-06 15:42:00,68.656,68.656,68.536,68.556,68.688,68.688,68.568,68.588,52
2026-07-06 15:43:00,68.566,68.616,68.536,68.601,68.598,68.648,68.568,68.633,56
2026-07-06 15:44:00,68.591,68.591,68.546,68.546,68.623,68.623,68.578,68.578,39
2026-07-06 15:45:00,68.551,68.561,68.486,68.496,68.583,68.593,68.518,68.528,53
2026-07-06 15:46:00,68.486,68.556,68.466,68.526,68.518,68.588,68.498,68.558,67
2026-07-06 15:47:00,68.536,68.541,68.426,68.456,68.568,68.573,68.458,68.488,63
2026-07-06 15:48:00,68.451,68.501,68.441,68.461,68.483,68.533,68.473,68.493,79
2026-07-06 15:49:00,68.466,68.546,68.466,68.546,68.498,68.578,68.498,68.578,34
2026-07-06 15:50:00,68.551,68.556,68.516,68.536,68.583,68.588,68.548,68.568,38
2026-07-06 15:51:00,68.526,68.576,68.506,68.576,68.558,68.608,68.538,68.608,37
2026-07-06 15:52:00,68.586,68.586,68.531,68.541,68.618,68.618,68.563,68.573,45
2026-07-06 15:53:00,68.556,68.666,68.546,68.646,68.588,68.698,68.578,68.678,43
2026-07-06 15:54:00,68.636,68.656,68.576,68.636,68.668,68.688,68.608,68.668,67
2026-07-06 15:55:00,68.641,68.656,68.626,68.636,68.673,68.688,68.658,68.668,43
2026-07-06 15:56:00,68.646,68.661,68.606,68.656,68.678,68.693,68.638,68.688,40
2026-07-06 15:57:00,68.666,68.696,68.616,68.626,68.698,68.728,68.648,68.658,41
2026-07-06 15:58:00,68.636,68.706,68.616,68.666,68.668,68.738,68.648,68.698,46
2026-07-06 15:59:00,68.676,68.716,68.666,68.666,68.708,68.748,68.698,68.698,45
2026-07-06 16:00:00,68.661,68.706,68.616,68.616,68.693,68.738,68.648,68.648,86
2026-07-06 16:01:00,68.621,68.686,68.596,68.626,68.653,68.718,68.628,68.658,69
2026-07-06 16:02:00,68.636,68.701,68.636,68.681,68.668,68.733,68.668,68.713,72
2026-07-06 16:03:00,68.676,68.696,68.661,68.696,68.708,68.753,68.693,68.753,24
2026-07-06 16:04:00,68.711,68.786,68.686,68.756,68.748,68.818,68.718,68.788,60
2026-07-06 16:05:00,68.766,68.786,68.736,68.756,68.798,68.818,68.768,68.788,58
2026-07-06 16:06:00,68.766,68.786,68.706,68.771,68.798,68.818,68.738,68.803,67
2026-07-06 16:07:00,68.756,68.761,68.676,68.676,68.788,68.793,68.708,68.708,68
2026-07-06 16:08:00,68.666,68.716,68.656,68.691,68.698,68.748,68.688,68.723,68
2026-07-06 16:09:00,68.696,68.716,68.656,68.701,68.728,68.748,68.688,68.733,42
2026-07-06 16:10:00,68.706,68.746,68.686,68.706,68.738,68.778,68.718,68.738,37
2026-07-06 16:11:00,68.701,68.716,68.676,68.696,68.733,68.748,68.708,68.728,43
2026-07-06 16:12:00,68.686,68.726,68.686,68.716,68.718,68.758,68.718,68.748,26
2026-07-06 16:13:00,68.721,68.746,68.601,68.606,68.753,68.778,68.633,68.638,73
2026-07-06 16:14:00,68.596,68.616,68.576,68.591,68.628,68.648,68.608,68.623,49
2026-07-06 16:15:00,68.586,68.626,68.576,68.581,68.618,68.658,68.608,68.613,52
2026-07-06 16:16:00,68.596,68.596,68.506,68.516,68.628,68.628,68.538,68.548,42
2026-07-06 16:17:00,68.511,68.536,68.456,68.486,68.543,68.568,68.488,68.518,49
2026-07-06 16:18:00,68.476,68.496,68.446,68.446,68.508,68.528,68.478,68.478,33
2026-07-06 16:19:00,68.436,68.476,68.411,68.466,68.468,68.508,68.443,68.498,40
2026-07-06 16:20:00,68.456,68.536,68.441,68.536,68.488,68.568,68.473,68.568,53
2026-07-06 16:21:00,68.556,68.636,68.556,68.586,68.588,68.668,68.588,68.618,77
2026-07-06 16:22:00,68.596,68.686,68.586,68.661,68.628,68.718,68.618,68.693,59
2026-07-06 16:23:00,68.656,68.786,68.646,68.766,68.688,68.818,68.678,68.798,69
2026-07-06 16:24:00,68.756,68.806,68.726,68.766,68.788,68.838,68.758,68.798,86
2026-07-06 16:25:00,68.756,68.876,68.751,68.851,68.788,68.908,68.783,68.883,69
2026-07-06 16:26:00,68.856,68.906,68.846,68.856,68.888,68.938,68.878,68.888,51
2026-07-06 16:27:00,68.866,68.876,68.816,68.856,68.898,68.908,68.848,68.888,59
2026-07-06 16:28:00,68.846,68.896,68.806,68.891,68.878,68.928,68.838,68.923,54
2026-07-06 16:29:00,68.886,68.897,68.846,68.866,68.918,68.937,68.878,68.898,65
2026-07-06 16:30:00,68.856,69.046,68.846,68.966,68.888,69.078,68.878,68.998,84
2026-07-06 16:31:00,68.956,69.006,68.936,68.986,68.988,69.038,68.968,69.018,48
2026-07-06 16:32:00,68.996,68.996,68.886,68.886,69.028,69.028,68.918,68.918,59
2026-07-06 16:33:00,68.896,68.926,68.886,68.906,68.928,68.958,68.918,68.938,67
2026-07-06 16:34:00,68.901,68.936,68.816,68.816,68.933,68.968,68.848,68.848,83
2026-07-06 16:35:00,68.806,68.846,68.786,68.836,68.838,68.878,68.818,68.868,45
2026-07-06 16:36:00,68.846,68.866,68.806,68.861,68.878,68.898,68.838,68.893,43
2026-07-06 16:37:00,68.876,68.926,68.826,68.926,68.908,68.958,68.858,68.958,42
2026-07-06 16:38:00,68.916,69.016,68.916,68.976,68.948,69.048,68.948,69.008,104
2026-07-06 16:39:00,68.971,69.086,68.966,69.056,69.003,69.118,68.998,69.088,54
2026-07-06 16:40:00,69.066,69.066,68.976,68.996,69.098,69.098,69.008,69.028,57
2026-07-06 16:41:00,68.991,69.016,68.961,68.986,69.023,69.048,68.993,69.018,68
2026-07-06 16:42:00,68.966,68.986,68.886,68.926,68.998,69.018,68.918,68.958,80
2026-07-06 16:43:00,68.936,69.006,68.931,68.986,68.968,69.038,68.963,69.018,76
2026-07-06 16:44:00,68.981,69.016,68.966,68.976,69.013,69.048,68.998,69.008,88
2026-07-06 16:45:00,68.971,68.996,68.896,68.916,69.003,69.028,68.928,68.948,54
2026-07-06 16:46:00,68.921,68.956,68.906,68.906,68.953,68.988,68.938,68.938,52
2026-07-06 16:47:00,68.916,68.956,68.916,68.941,68.948,68.988,68.948,68.973,50
2026-07-06 16:48:00,68.936,68.976,68.866,68.911,68.968,69.008,68.898,68.943,63
2026-07-06 16:49:00,68.916,68.926,68.846,68.871,68.948,68.958,68.878,68.903,82
2026-07-06 16:50:00,68.876,68.886,68.836,68.836,68.908,68.918,68.868,68.868,56
2026-07-06 16:51:00,68.826,68.876,68.821,68.856,68.858,68.908,68.853,68.888,39
2026-07-06 16:52:00,68.866,68.866,68.706,68.716,68.898,68.898,68.738,68.748,79
2026-07-06 16:53:00,68.726,68.766,68.676,68.706,68.758,68.798,68.708,68.738,62
2026-07-06 16:54:00,68.716,68.746,68.686,68.736,68.748,68.778,68.718,68.768,53
2026-07-06 16:55:00,68.746,68.766,68.716,68.726,68.778,68.798,68.748,68.758,57
2026-07-06 16:56:00,68.721,68.776,68.721,68.746,68.753,68.808,68.753,68.778,46
2026-07-06 16:57:00,68.736,68.761,68.661,68.686,68.768,68.793,68.693,68.718,52
2026-07-06 16:58:00,68.696,68.756,68.676,68.736,68.728,68.788,68.708,68.768,61
2026-07-06 16:59:00,68.726,68.746,68.706,68.721,68.758,68.778,68.738,68.753,46
2026-07-06 17:00:00,68.716,68.846,68.716,68.766,68.748,68.878,68.748,68.798,97
2026-07-06 17:01:00,68.756,68.776,68.726,68.736,68.788,68.808,68.758,68.768,51
2026-07-06 17:02:00,68.731,68.786,68.696,68.776,68.763,68.818,68.728,68.808,60
2026-07-06 17:03:00,68.786,68.786,68.676,68.691,68.818,68.818,68.708,68.723,63
2026-07-06 17:04:00,68.696,68.716,68.606,68.611,68.728,68.748,68.638,68.643,134
2026-07-06 17:05:00,68.616,68.626,68.556,68.566,68.648,68.658,68.588,68.598,86
2026-07-06 17:06:00,68.576,68.616,68.541,68.611,68.608,68.648,68.573,68.643,89
2026-07-06 17:07:00,68.606,68.646,68.596,68.636,68.638,68.678,68.628,68.668,41
2026-07-06 17:08:00,68.626,68.646,68.616,68.621,68.658,68.678,68.648,68.653,29
2026-07-06 17:09:00,68.626,68.666,68.596,68.661,68.658,68.698,68.628,68.693,51
2026-07-06 17:10:00,68.666,68.681,68.636,68.666,68.698,68.713,68.668,68.698,55
2026-07-06 17:11:00,68.676,68.676,68.596,68.651,68.708,68.708,68.628,68.683,49
2026-07-06 17:12:00,68.646,68.656,68.586,68.596,68.678,68.688,68.618,68.628,50
2026-07-06 17:13:00,68.586,68.636,68.546,68.636,68.618,68.668,68.578,68.668,62
2026-07-06 17:14:00,68.646,68.696,68.646,68.661,68.678,68.728,68.678,68.693,35
2026-07-06 17:15:00,68.666,68.676,68.636,68.666,68.698,68.708,68.668,68.698,62
2026-07-06 17:16:00,68.671,68.676,68.616,68.646,68.703,68.708,68.648,68.678,34
2026-07-06 17:17:00,68.656,68.696,68.626,68.656,68.688,68.728,68.658,68.688,41
2026-07-06 17:18:00,68.666,68.736,68.656,68.721,68.698,68.768,68.688,68.753,45
2026-07-06 17:19:00,68.726,68.726,68.666,68.706,68.758,68.758,68.698,68.738,58
2026-07-06 17:20:00,68.711,68.766,68.686,68.691,68.743,68.798,68.718,68.723,55
2026-07-06 17:21:00,68.686,68.701,68.656,68.656,68.718,68.733,68.688,68.688,60
2026-07-06 17:22:00,68.651,68.666,68.616,68.656,68.683,68.698,68.648,68.688,50
2026-07-06 17:23:00,68.666,68.736,68.656,68.726,68.698,68.768,68.688,68.758,43
2026-07-06 17:24:00,68.716,68.731,68.646,68.666,68.748,68.763,68.678,68.698,38
2026-07-06 17:25:00,68.676,68.756,68.656,68.751,68.708,68.788,68.688,68.783,48
2026-07-06 17:26:00,68.756,68.796,68.746,68.786,68.788,68.828,68.778,68.818,51
2026-07-06 17:27:00,68.796,68.801,68.756,68.776,68.828,68.833,68.788,68.808,44
2026-07-06 17:28:00,68.786,68.896,68.786,68.891,68.818,68.928,68.818,68.923,87
2026-07-06 17:29:00,68.886,68.891,68.771,68.846,68.918,68.923,68.803,68.878,117
2026-07-06 17:30:00,68.821,68.996,68.821,68.976,68.853,69.028,68.853,69.008,143
2026-07-06 17:31:00,68.966,68.976,68.796,68.806,68.998,69.008,68.828,68.838,71
2026-07-06 17:32:00,68.816,68.886,68.786,68.886,68.848,68.918,68.818,68.918,94
2026-07-06 17:33:00,68.896,68.926,68.841,68.856,68.928,68.958,68.873,68.888,106
2026-07-06 17:34:00,68.871,68.901,68.826,68.846,68.903,68.933,68.858,68.878,100
2026-07-06 17:35:00,68.851,68.871,68.816,68.826,68.883,68.903,68.848,68.858,36
2026-07-06 17:36:00,68.831,68.836,68.796,68.806,68.863,68.868,68.828,68.838,30
2026-07-06 17:37:00,68.801,68.826,68.786,68.796,68.833,68.858,68.818,68.828,35
2026-07-06 17:38:00,68.791,68.796,68.746,68.796,68.823,68.828,68.778,68.828,36
2026-07-06 17:39:00,68.786,68.796,68.766,68.766,68.818,68.828,68.798,68.798,26
2026-07-06 17:40:00,68.756,68.801,68.736,68.796,68.788,68.833,68.768,68.828,59
2026-07-06 17:41:00,68.806,68.806,68.756,68.771,68.838,68.838,68.788,68.803,66
2026-07-06 17:42:00,68.766,68.816,68.761,68.786,68.798,68.848,68.793,68.818,35
2026-07-06 17:43:00,68.791,68.826,68.756,68.761,68.823,68.858,68.788,68.793,46
2026-07-06 17:44:00,68.756,68.761,68.676,68.686,68.788,68.793,68.708,68.718,55
2026-07-06 17:45:00,68.696,68.706,68.656,68.661,68.728,68.738,68.688,68.693,47
2026-07-06 17:46:00,68.666,68.696,68.656,68.686,68.698,68.728,68.688,68.718,36
2026-07-06 17:47:00,68.696,68.736,68.696,68.736,68.728,68.768,68.728,68.768,38
2026-07-06 17:48:00,68.731,68.736,68.716,68.726,68.763,68.768,68.748,68.758,31
2026-07-06 17:49:00,68.731,68.786,68.721,68.781,68.763,68.818,68.753,68.813,30
2026-07-06 17:50:00,68.786,68.806,68.736,68.736,68.818,68.838,68.768,68.768,39
2026-07-06 17:51:00,68.731,68.736,68.676,68.686,68.763,68.768,68.708,68.718,44
2026-07-06 17:52:00,68.701,68.716,68.676,68.676,68.733,68.748,68.708,68.708,27
2026-07-06 17:53:00,68.681,68.746,68.666,68.746,68.713,68.778,68.698,68.778,31
2026-07-06 17:54:00,68.756,68.756,68.691,68.706,68.788,68.788,68.723,68.738,29
2026-07-06 17:55:00,68.716,68.746,68.706,68.706,68.748,68.778,68.738,68.738,37
2026-07-06 17:56:00,68.716,68.726,68.681,68.726,68.748,68.758,68.713,68.758,35
2026-07-06 17:57:00,68.721,68.726,68.676,68.706,68.753,68.758,68.708,68.738,45
2026-07-06 17:58:00,68.701,68.701,68.671,68.676,68.733,68.733,68.703,68.708,25
2026-07-06 17:59:00,68.681,68.706,68.676,68.696,68.713,68.738,68.708,68.728,26
2026-07-06 18:00:00,68.701,68.746,68.686,68.731,68.733,68.778,68.718,68.763,40
2026-07-06 18:01:00,68.726,68.736,68.686,68.721,68.758,68.768,68.718,68.753,34
2026-07-06 18:02:00,68.726,68.771,68.726,68.746,68.758,68.803,68.758,68.778,32
2026-07-06 18:03:00,68.761,68.776,68.731,68.746,68.793,68.808,68.763,68.778,26
2026-07-06 18:04:00,68.741,68.746,68.721,68.736,68.773,68.778,68.753,68.768,36
2026-07-06 18:05:00,68.746,68.746,68.636,68.656,68.778,68.778,68.668,68.688,37
2026-07-06 18:06:00,68.661,68.666,68.636,68.641,68.693,68.698,68.668,68.673,38
2026-07-06 18:07:00,68.646,68.646,68.626,68.636,68.678,68.678,68.658,68.668,20
2026-07-06 18:08:00,68.626,68.646,68.616,68.641,68.658,68.678,68.648,68.673,25
2026-07-06 18:09:00,68.636,68.656,68.626,68.626,68.668,68.688,68.658,68.658,24
2026-07-06 18:10:00,68.631,68.656,68.616,68.641,68.663,68.688,68.648,68.673,34
2026-07-06 18:11:00,68.646,68.656,68.636,68.646,68.678,68.688,68.668,68.678,30
2026-07-06 18:12:00,68.651,68.656,68.606,68.611,68.683,68.688,68.638,68.643,27
2026-07-06 18:13:00,68.621,68.661,68.621,68.646,68.653,68.693,68.653,68.678,17
2026-07-06 18:14:00,68.656,68.691,68.656,68.681,68.688,68.723,68.688,68.713,17
2026-07-06 18:15:00,68.666,68.666,68.636,68.636,68.698,68.698,68.668,68.668,26
2026-07-06 18:16:00,68.641,68.666,68.576,68.576,68.673,68.698,68.608,68.608,21
2026-07-06 18:17:00,68.581,68.586,68.536,68.566,68.613,68.618,68.568,68.598,33
2026-07-06 18:18:00,68.556,68.566,68.516,68.516,68.588,68.598,68.548,68.548,35
2026-07-06 18:19:00,68.511,68.536,68.471,68.476,68.543,68.568,68.503,68.508,49
2026-07-06 18:20:00,68.471,68.491,68.376,68.436,68.503,68.523,68.408,68.468,62
2026-07-06 18:21:00,68.431,68.431,68.396,68.406,68.463,68.463,68.428,68.438,45
2026-07-06 18:22:00,68.396,68.436,68.366,68.436,68.428,68.468,68.398,68.468,39
2026-07-06 18:23:00,68.431,68.446,68.416,68.426,68.463,68.478,68.448,68.458,43
2026-07-06 18:24:00,68.436,68.436,68.386,68.416,68.468,68.468,68.418,68.448,37
2026-07-06 18:25:00,68.406,68.426,68.386,68.416,68.438,68.458,68.418,68.448,30
2026-07-06 18:26:00,68.436,68.436,68.371,68.401,68.468,68.468,68.403,68.433,37
2026-07-06 18:27:00,68.396,68.416,68.396,68.406,68.428,68.448,68.428,68.438,26
2026-07-06 18:28:00,68.396,68.406,68.376,68.401,68.428,68.438,68.408,68.433,25
2026-07-06 18:29:00,68.396,68.416,68.311,68.316,68.428,68.448,68.343,68.348,43
2026-07-06 18:30:00,68.326,68.346,68.236,68.256,68.358,68.378,68.268,68.288,72
2026-07-06 18:31:00,68.266,68.321,68.246,68.301,68.298,68.353,68.278,68.333,54
2026-07-06 18:32:00,68.296,68.316,68.276,68.296,68.328,68.348,68.308,68.328,45
2026-07-06 18:33:00,68.286,68.306,68.256,68.276,68.318,68.338,68.288,68.308,37
2026-07-06 18:34:00,68.286,68.291,68.251,68.286,68.318,68.323,68.283,68.318,30
2026-07-06 18:35:00,68.296,68.346,68.286,68.326,68.328,68.378,68.318,68.358,25
2026-07-06 18:36:00,68.316,68.321,68.286,68.306,68.348,68.353,68.318,68.338,29
2026-07-06 18:37:00,68.296,68.306,68.266,68.286,68.328,68.338,68.298,68.318,13
2026-07-06 18:38:00,68.276,68.306,68.266,68.296,68.308,68.338,68.298,68.328,14
2026-07-06 18:39:00,68.301,68.356,68.296,68.296,68.333,68.388,68.328,68.328,21
2026-07-06 18:40:00,68.316,68.316,68.266,68.276,68.348,68.348,68.298,68.308,46
2026-07-06 18:41:00,68.286,68.296,68.266,68.266,68.318,68.328,68.298,68.298,21
2026-07-06 18:42:00,68.276,68.286,68.266,68.271,68.308,68.318,68.298,68.303,20
2026-07-06 18:43:00,68.276,68.306,68.276,68.276,68.308,68.338,68.308,68.308,36
2026-07-06 18:44:00,68.266,68.296,68.266,68.296,68.298,68.328,68.298,68.328,9
2026-07-06 18:45:00,68.291,68.376,68.286,68.356,68.323,68.408,68.318,68.388,35
2026-07-06 18:46:00,68.336,68.356,68.336,68.341,68.368,68.388,68.368,68.373,14
2026-07-06 18:47:00,68.346,68.376,68.346,68.346,68.378,68.408,68.378,68.378,27
2026-07-06 18:48:00,68.351,68.351,68.296,68.316,68.383,68.383,68.328,68.348,31
2026-07-06 18:49:00,68.326,68.336,68.286,68.286,68.358,68.368,68.318,68.318,20
2026-07-06 18:50:00,68.276,68.276,68.216,68.266,68.308,68.308,68.248,68.298,38
2026-07-06 18:51:00,68.256,68.266,68.206,68.266,68.288,68.298,68.238,68.298,35
2026-07-06 18:52:00,68.256,68.261,68.216,68.236,68.288,68.293,68.248,68.268,37
2026-07-06 18:53:00,68.216,68.226,68.196,68.226,68.248,68.258,68.228,68.258,31
2026-07-06 18:54:00,68.216,68.246,68.216,68.226,68.248,68.278,68.248,68.258,21
2026-07-06 18:55:00,68.216,68.266,68.216,68.256,68.248,68.298,68.248,68.288,32
2026-07-06 18:56:00,68.251,68.266,68.236,68.256,68.283,68.298,68.268,68.288,25
2026-07-06 18:57:00,68.266,68.271,68.236,68.256,68.298,68.303,68.268,68.288,26
2026-07-06 18:58:00,68.246,68.276,68.246,68.276,68.278,68.308,68.278,68.308,14
2026-07-06 18:59:00,68.286,68.296,68.256,68.266,68.318,68.328,68.288,68.298,23
2026-07-06 19:00:00,68.276,68.326,68.266,68.296,68.308,68.358,68.298,68.328,28
2026-07-06 19:01:00,68.286,68.296,68.236,68.296,68.318,68.328,68.268,68.328,24
2026-07-06 19:02:00,68.286,68.306,68.281,68.281,68.318,68.338,68.313,68.313,14
2026-07-06 19:03:00,68.271,68.276,68.221,68.226,68.303,68.308,68.253,68.258,14
2026-07-06 19:04:00,68.216,68.226,68.196,68.216,68.248,68.258,68.228,68.248,13
2026-07-06 19:05:00,68.211,68.226,68.186,68.206,68.243,68.258,68.218,68.238,31
2026-07-06 19:06:00,68.196,68.236,68.196,68.216,68.228,68.268,68.228,68.248,32
2026-07-06 19:07:00,68.206,68.216,68.186,68.186,68.238,68.248,68.218,68.218,18
2026-07-06 19:08:00,68.196,68.246,68.186,68.216,68.228,68.278,68.218,68.248,22
2026-07-06 19:09:00,68.206,68.236,68.201,68.226,68.238,68.268,68.233,68.258,24
2026-07-06 19:10:00,68.216,68.236,68.196,68.226,68.248,68.268,68.228,68.258,25
2026-07-06 19:11:00,68.216,68.236,68.196,68.201,68.248,68.268,68.228,68.233,16
2026-07-06 19:12:00,68.206,68.236,68.201,68.216,68.238,68.268,68.233,68.248,18
2026-07-06 19:13:00,68.206,68.221,68.176,68.216,68.238,68.253,68.208,68.248,26
2026-07-06 19:14:00,68.221,68.246,68.216,68.246,68.253,68.278,68.248,68.278,11
2026-07-06 19:15:00,68.236,68.266,68.226,68.246,68.268,68.298,68.258,68.278,22
2026-07-06 19:16:00,68.251,68.276,68.246,68.266,68.283,68.308,68.278,68.298,22
2026-07-06 19:17:00,68.256,68.306,68.256,68.271,68.288,68.338,68.288,68.303,24
2026-07-06 19:18:00,68.276,68.286,68.266,68.266,68.308,68.318,68.298,68.298,9
2026-07-06 19:19:00,68.276,68.286,68.246,68.266,68.308,68.318,68.278,68.298,18
2026-07-06 19:20:00,68.271,68.316,68.271,68.286,68.303,68.348,68.303,68.318,28
2026-07-06 19:21:00,68.296,68.316,68.251,68.251,68.328,68.348,68.283,68.283,30
2026-07-06 19:22:00,68.246,68.266,68.226,68.261,68.278,68.298,68.258,68.293,14
2026-07-06 19:23:00,68.256,68.256,68.216,68.246,68.288,68.288,68.248,68.278,20
2026-07-06 19:24:00,68.251,68.301,68.251,68.301,68.283,68.333,68.283,68.333,22
2026-07-06 19:25:00,68.306,68.371,68.296,68.361,68.338,68.403,68.328,68.393,29
2026-07-06 19:26:00,68.356,68.416,68.356,68.406,68.388,68.448,68.388,68.438,21
2026-07-06 19:27:00,68.396,68.436,68.396,68.436,68.428,68.468,68.428,68.468,16
2026-07-06 19:28:00,68.426,68.456,68.426,68.446,68.458,68.488,68.458,68.478,14
2026-07-06 19:29:00,68.436,68.436,68.376,68.376,68.468,68.468,68.408,68.408,38
2026-07-06 19:30:00,68.366,68.406,68.346,68.401,68.398,68.438,68.378,68.433,40
2026-07-06 19:31:00,68.391,68.416,68.371,68.416,68.423,68.448,68.403,68.448,39
2026-07-06 19:32:00,68.411,68.436,68.386,68.396,68.443,68.468,68.418,68.428,26
2026-07-06 19:33:00,68.386,68.396,68.356,68.366,68.418,68.428,68.388,68.398,25
2026-07-06 19:34:00,68.356,68.386,68.346,68.386,68.388,68.418,68.378,68.418,30
2026-07-06 19:35:00,68.396,68.426,68.386,68.426,68.428,68.458,68.418,68.458,17
2026-07-06 19:36:00,68.436,68.471,68.426,68.436,68.468,68.503,68.458,68.468,24
2026-07-06 19:37:00,68.426,68.456,68.426,68.436,68.458,68.488,68.458,68.468,19
2026-07-06 19:38:00,68.426,68.446,68.396,68.396,68.458,68.478,68.428,68.428,36
2026-07-06 19:39:00,68.406,68.436,68.386,68.416,68.438,68.468,68.418,68.448,30
2026-07-06 19:40:00,68.411,68.421,68.376,68.406,68.443,68.453,68.408,68.438,45
2026-07-06 19:41:00,68.396,68.406,68.376,68.396,68.428,68.438,68.408,68.428,21
2026-07-06 19:42:00,68.386,68.446,68.386,68.446,68.418,68.478,68.418,68.478,39
2026-07-06 19:43:00,68.436,68.471,68.436,68.466,68.468,68.503,68.468,68.498,17
2026-07-06 19:44:00,68.476,68.486,68.456,68.486,68.508,68.518,68.488,68.518,42
2026-07-06 19:45:00,68.481,68.486,68.436,68.456,68.513,68.518,68.468,68.488,22
2026-07-06 19:46:00,68.451,68.466,68.436,68.436,68.483,68.498,68.468,68.468,16
2026-07-06 19:47:00,68.446,68.466,68.436,68.456,68.478,68.498,68.468,68.488,38
2026-07-06 19:48:00,68.451,68.456,68.416,68.436,68.483,68.488,68.448,68.468,23
2026-07-06 19:49:00,68.426,68.436,68.406,68.406,68.458,68.468,68.438,68.438,23
2026-07-06 19:50:00,68.411,68.416,68.376,68.416,68.443,68.448,68.408,68.448,25
2026-07-06 19:51:00,68.426,68.446,68.426,68.446,68.458,68.478,68.458,68.478,29
2026-07-06 19:52:00,68.456,68.496,68.456,68.486,68.488,68.528,68.488,68.518,24
2026-07-06 19:53:00,68.496,68.546,68.486,68.526,68.528,68.578,68.518,68.558,39
2026-07-06 19:54:00,68.516,68.516,68.446,68.446,68.548,68.548,68.478,68.478,49
2026-07-06 19:55:00,68.436,68.436,68.376,68.376,68.468,68.468,68.408,68.408,41
2026-07-06 19:56:00,68.381,68.406,68.376,68.386,68.413,68.438,68.408,68.418,35
2026-07-06 19:57:00,68.396,68.436,68.396,68.426,68.428,68.468,68.428,68.458,21
2026-07-06 19:58:00,68.416,68.446,68.416,68.446,68.448,68.478,68.448,68.478,17
2026-07-06 19:59:00,68.436,68.486,68.436,68.486,68.468,68.518,68.468,68.518,26
2026-07-06 20:00:00,68.496,68.521,68.466,68.506,68.528,68.553,68.498,68.538,70
2026-07-06 20:01:00,68.511,68.516,68.461,68.491,68.543,68.548,68.493,68.523,38
2026-07-06 20:02:00,68.496,68.521,68.476,68.476,68.528,68.553,68.508,68.508,21
2026-07-06 20:03:00,68.486,68.521,68.486,68.496,68.518,68.553,68.518,68.528,28
2026-07-06 20:04:00,68.501,68.506,68.456,68.481,68.533,68.538,68.488,68.513,39
2026-07-06 20:05:00,68.486,68.536,68.476,68.506,68.518,68.568,68.508,68.538,35
2026-07-06 20:06:00,68.511,68.546,68.501,68.511,68.543,68.578,68.533,68.543,44
2026-07-06 20:07:00,68.516,68.526,68.501,68.521,68.548,68.558,68.533,68.553,45
2026-07-06 20:08:00,68.516,68.526,68.496,68.496,68.548,68.558,68.528,68.528,37
2026-07-06 20:09:00,68.506,68.516,68.486,68.491,68.538,68.548,68.518,68.523,22
2026-07-06 20:10:00,68.496,68.506,68.486,68.486,68.528,68.538,68.518,68.518,13
2026-07-06 20:11:00,68.491,68.496,68.471,68.486,68.523,68.528,68.503,68.518,18
2026-07-06 20:12:00,68.481,68.516,68.481,68.516,68.513,68.548,68.513,68.548,16
2026-07-06 20:13:00,68.506,68.536,68.506,68.531,68.538,68.568,68.538,68.563,24
2026-07-06 20:14:00,68.526,68.526,68.496,68.516,68.558,68.558,68.528,68.548,17
2026-07-06 20:15:00,68.506,68.516,68.481,68.501,68.538,68.548,68.513,68.533,33
2026-07-06 20:16:00,68.496,68.516,68.496,68.506,68.528,68.548,68.528,68.538,18
2026-07-06 20:17:00,68.501,68.506,68.496,68.496,68.533,68.538,68.528,68.528,12
2026-07-06 20:18:00,68.501,68.526,68.486,68.491,68.533,68.558,68.518,68.523,13
2026-07-06 20:19:00,68.486,68.506,68.476,68.501,68.518,68.538,68.508,68.533,19
2026-07-06 20:20:00,68.506,68.526,68.476,68.476,68.538,68.558,68.508,68.508,25
2026-07-06 20:21:00,68.481,68.496,68.466,68.486,68.513,68.528,68.498,68.518,31
2026-07-06 20:22:00,68.476,68.496,68.456,68.466,68.508,68.528,68.488,68.498,33
2026-07-06 20:23:00,68.471,68.476,68.436,68.446,68.503,68.508,68.468,68.478,31
2026-07-06 20:24:00,68.456,68.476,68.446,68.476,68.488,68.508,68.478,68.508,30
2026-07-06 20:25:00,68.461,68.486,68.436,68.486,68.493,68.518,68.468,68.518,25
2026-07-06 20:26:00,68.481,68.516,68.456,68.506,68.513,68.548,68.488,68.538,58
2026-07-06 20:27:00,68.496,68.506,68.476,68.506,68.528,68.538,68.508,68.538,39
2026-07-06 20:28:00,68.496,68.576,68.396,68.576,68.528,68.608,68.428,68.608,72
2026-07-06 20:29:00,68.566,68.566,68.496,68.506,68.598,68.598,68.528,68.538,34
2026-07-06 20:30:00,68.516,68.536,68.486,68.496,68.548,68.568,68.518,68.528,48
2026-07-06 20:31:00,68.486,68.496,68.436,68.436,68.518,68.528,68.468,68.468,32
2026-07-06 20:32:00,68.441,68.446,68.356,68.376,68.473,68.478,68.388,68.408,42
2026-07-06 20:33:00,68.361,68.386,68.316,68.376,68.393,68.418,68.348,68.408,39
2026-07-06 20:34:00,68.386,68.456,68.386,68.456,68.418,68.488,68.418,68.488,13
2026-07-06 20:35:00,68.466,68.486,68.456,68.466,68.498,68.518,68.488,68.498,18
2026-07-06 20:36:00,68.456,68.476,68.446,68.471,68.488,68.508,68.478,68.503,11
2026-07-06 20:37:00,68.476,68.476,68.416,68.436,68.508,68.508,68.448,68.468,18
2026-07-06 20:38:00,68.441,68.446,68.436,68.441,68.473,68.478,68.468,68.473,15
2026-07-06 20:39:00,68.436,68.466,68.436,68.456,68.468,68.498,68.468,68.488,16
2026-07-06 20:40:00,68.451,68.466,68.446,68.456,68.483,68.498,68.478,68.488,14
2026-07-06 20:41:00,68.461,68.476,68.456,68.466,68.493,68.508,68.488,68.498,12
2026-07-06 20:42:00,68.471,68.556,68.466,68.546,68.503,68.588,68.498,68.578,22
2026-07-06 20:43:00,68.541,68.551,68.526,68.531,68.573,68.583,68.558,68.563,25
2026-07-06 20:44:00,68.536,68.536,68.496,68.496,68.568,68.568,68.528,68.528,8
2026-07-06 20:45:00,68.506,68.511,68.496,68.511,68.538,68.543,68.528,68.543,6
2026-07-06 20:46:00,68.506,68.531,68.506,68.526,68.538,68.563,68.538,68.558,7
2026-07-06 20:47:00,68.521,68.526,68.501,68.516,68.553,68.558,68.533,68.548,24
2026-07-06 20:48:00,68.521,68.536,68.506,68.536,68.553,68.568,68.538,68.568,12
2026-07-06 20:49:00,68.546,68.546,68.536,68.546,68.578,68.578,68.568,68.578,13
2026-07-06 20:50:00,68.541,68.546,68.526,68.526,68.573,68.578,68.558,68.558,17
2026-07-06 20:51:00,68.516,68.526,68.516,68.526,68.548,68.558,68.548,68.558,8
2026-07-06 20:52:00,68.536,68.536,68.516,68.526,68.568,68.568,68.548,68.558,10
2026-07-06 20:53:00,68.516,68.536,68.516,68.536,68.548,68.568,68.548,68.568,3
2026-07-06 20:54:00,68.526,68.526,68.496,68.501,68.558,68.558,68.528,68.533,13
2026-07-06 20:55:00,68.511,68.516,68.501,68.506,68.543,68.548,68.533,68.538,10
2026-07-06 20:56:00,68.516,68.546,68.516,68.546,68.548,68.578,68.548,68.578,8
2026-07-06 20:57:00,68.556,68.556,68.536,68.536,68.588,68.588,68.568,68.568,4
2026-07-06 20:58:00,68.526,68.536,68.506,68.506,68.558,68.568,68.538,68.538,10
2026-07-06 20:59:00,68.511,68.521,68.496,68.501,68.543,68.553,68.528,68.533,32
2026-07-06 21:00:00,68.506,68.546,68.496,68.546,68.538,68.578,68.528,68.578,34
2026-07-06 21:01:00,68.551,68.556,68.536,68.556,68.583,68.588,68.568,68.588,26
2026-07-06 21:02:00,68.561,68.576,68.556,68.561,68.593,68.608,68.588,68.593,20
2026-07-06 21:03:00,68.566,68.576,68.556,68.561,68.598,68.608,68.588,68.593,20
2026-07-06 21:04:00,68.556,68.556,68.536,68.551,68.588,68.588,68.568,68.583,7
2026-07-06 21:05:00,68.556,68.586,68.556,68.586,68.588,68.618,68.588,68.618,11
2026-07-06 21:06:00,68.596,68.596,68.566,68.576,68.628,68.628,68.598,68.608,12
2026-07-06 21:07:00,68.586,68.586,68.576,68.576,68.618,68.618,68.608,68.608,3
2026-07-06 21:08:00,68.566,68.586,68.566,68.586,68.598,68.618,68.598,68.618,3
2026-07-06 21:09:00,68.576,68.581,68.576,68.576,68.608,68.613,68.608,68.608,3
2026-07-06 21:10:00,68.581,68.586,68.566,68.566,68.613,68.618,68.598,68.598,16
2026-07-06 21:11:00,68.561,68.586,68.561,68.576,68.593,68.618,68.593,68.608,10
2026-07-06 21:12:00,68.571,68.576,68.571,68.576,68.603,68.608,68.603,68.608,4
2026-07-06 21:13:00,68.571,68.576,68.556,68.576,68.603,68.608,68.588,68.608,5
2026-07-06 21:14:00,68.581,68.586,68.576,68.581,68.613,68.618,68.608,68.613,9
2026-07-06 21:15:00,68.576,68.611,68.576,68.586,68.608,68.643,68.608,68.618,22
2026-07-06 21:16:00,68.591,68.616,68.586,68.601,68.623,68.648,68.618,68.633,13
2026-07-06 21:17:00,68.606,68.626,68.606,68.616,68.638,68.658,68.638,68.648,10
2026-07-06 21:18:00,68.611,68.616,68.611,68.616,68.643,68.648,68.643,68.648,2
2026-07-06 21:19:00,68.602,68.656,68.602,68.656,68.642,68.688,68.642,68.688,12
2026-07-06 21:20:00,68.666,68.676,68.656,68.676,68.698,68.708,68.688,68.708,15
2026-07-06 21:21:00,68.686,68.701,68.676,68.691,68.718,68.733,68.708,68.723,13
2026-07-06 21:22:00,68.696,68.696,68.666,68.671,68.728,68.728,68.698,68.703,11
2026-07-06 21:23:00,68.676,68.676,68.661,68.666,68.708,68.708,68.693,68.698,21
2026-07-06 21:24:00,68.661,68.676,68.636,68.646,68.693,68.708,68.668,68.678,22
2026-07-06 21:25:00,68.651,68.686,68.651,68.686,68.683,68.718,68.683,68.718,17
2026-07-06 21:27:00,68.676,68.696,68.676,68.696,68.708,68.728,68.708,68.728,8
2026-07-06 21:28:00,68.691,68.696,68.686,68.696,68.723,68.728,68.718,68.728,14
2026-07-06 21:29:00,68.691,68.691,68.676,68.676,68.723,68.723,68.708,68.708,9
2026-07-06 21:30:00,68.686,68.686,68.666,68.686,68.718,68.718,68.698,68.718,10
2026-07-06 21:31:00,68.681,68.686,68.676,68.686,68.713,68.718,68.708,68.718,14
2026-07-06 21:32:00,68.696,68.696,68.666,68.666,68.728,68.728,68.698,68.698,9
2026-07-06 21:33:00,68.656,68.681,68.651,68.671,68.688,68.713,68.683,68.703,15
2026-07-06 21:34:00,68.676,68.681,68.656,68.656,68.708,68.713,68.688,68.688,11
2026-07-06 21:35:00,68.646,68.651,68.626,68.641,68.678,68.683,68.658,68.673,13
2026-07-06 21:36:00,68.636,68.666,68.616,68.616,68.668,68.712,68.648,68.648,24
2026-07-06 21:37:00,68.626,68.626,68.616,68.626,68.658,68.658,68.648,68.658,3
2026-07-06 21:38:00,68.621,68.646,68.621,68.631,68.653,68.678,68.653,68.663,12
2026-07-06 21:39:00,68.626,68.636,68.626,68.626,68.658,68.668,68.658,68.658,12
2026-07-06 21:40:00,68.631,68.666,68.631,68.666,68.663,68.698,68.663,68.698,6
2026-07-06 21:41:00,68.656,68.656,68.656,68.656,68.688,68.688,68.688,68.688,1
2026-07-06 21:42:00,68.676,68.686,68.666,68.666,68.708,68.718,68.698,68.698,4
2026-07-06 21:43:00,68.676,68.686,68.666,68.676,68.708,68.718,68.698,68.708,7
2026-07-06 21:44:00,68.666,68.676,68.666,68.666,68.698,68.708,68.698,68.698,5
2026-07-06 21:45:00,68.656,68.676,68.646,68.671,68.688,68.708,68.678,68.703,16
2026-07-06 21:46:00,68.666,68.706,68.666,68.706,68.698,68.738,68.698,68.738,7
2026-07-06 21:47:00,68.711,68.726,68.701,68.711,68.743,68.758,68.733,68.743,7
2026-07-06 21:48:00,68.716,68.716,68.686,68.696,68.748,68.748,68.718,68.728,7
2026-07-06 21:49:00,68.701,68.701,68.696,68.696,68.733,68.733,68.728,68.728,4
2026-07-06 21:50:00,68.691,68.691,68.661,68.686,68.723,68.723,68.693,68.718,17
2026-07-06 21:51:00,68.681,68.696,68.676,68.696,68.713,68.728,68.708,68.728,16
2026-07-06 21:53:00,68.686,68.696,68.686,68.696,68.718,68.728,68.718,68.728,5
2026-07-06 21:54:00,68.701,68.701,68.696,68.696,68.733,68.733,68.728,68.728,8
2026-07-06 21:55:00,68.686,68.691,68.666,68.666,68.718,68.723,68.698,68.698,9
2026-07-06 21:56:00,68.676,68.676,68.666,68.666,68.708,68.708,68.698,68.698,17
2026-07-06 21:57:00,68.656,68.666,68.636,68.666,68.688,68.698,68.668,68.698,21
2026-07-06 21:58:00,68.661,68.666,68.626,68.626,68.693,68.698,68.658,68.658,17
2026-07-06 21:59:00,68.631,68.656,68.631,68.646,68.663,68.688,68.663,68.678,20
2026-07-06 22:00:00,68.636,68.656,68.636,68.646,68.668,68.688,68.668,68.678,13
2026-07-06 22:01:00,68.651,68.666,68.636,68.636,68.683,68.698,68.668,68.668,9
2026-07-06 22:02:00,68.626,68.636,68.626,68.636,68.658,68.668,68.658,68.668,2
2026-07-06 22:03:00,68.626,68.631,68.621,68.626,68.658,68.663,68.653,68.658,6
2026-07-06 22:04:00,68.616,68.616,68.596,68.601,68.648,68.648,68.628,68.633,9
2026-07-06 22:05:00,68.596,68.601,68.596,68.601,68.628,68.633,68.628,68.633,4
2026-07-06 22:06:00,68.606,68.611,68.581,68.606,68.638,68.643,68.613,68.638,15
2026-07-06 22:07:00,68.611,68.626,68.611,68.621,68.643,68.658,68.643,68.653,8
2026-07-06 22:08:00,68.626,68.626,68.606,68.606,68.658,68.658,68.638,68.638,10
2026-07-06 22:09:00,68.611,68.616,68.611,68.616,68.643,68.648,68.643,68.648,2
2026-07-06 22:10:00,68.626,68.641,68.626,68.636,68.658,68.673,68.658,68.668,6
2026-07-06 22:11:00,68.651,68.656,68.651,68.656,68.683,68.688,68.683,68.688,4
2026-07-06 22:12:00,68.646,68.656,68.641,68.646,68.678,68.688,68.673,68.678,5
2026-07-06 22:13:00,68.641,68.646,68.636,68.646,68.673,68.678,68.668,68.678,3
2026-07-06 22:14:00,68.651,68.651,68.636,68.641,68.683,68.683,68.668,68.673,5
2026-07-06 22:15:00,68.632,68.646,68.632,68.646,68.672,68.678,68.668,68.678,3
2026-07-06 22:16:00,68.656,68.656,68.646,68.646,68.688,68.688,68.678,68.678,3
2026-07-06 22:17:00,68.651,68.661,68.651,68.661,68.683,68.693,68.683,68.693,3
2026-07-06 22:18:00,68.666,68.666,68.661,68.666,68.698,68.698,68.693,68.698,3
2026-07-06 22:19:00,68.661,68.661,68.656,68.656,68.693,68.693,68.688,68.688,2
2026-07-06 22:21:00,68.651,68.656,68.646,68.656,68.683,68.688,68.678,68.688,3
2026-07-06 22:22:00,68.646,68.666,68.646,68.656,68.678,68.698,68.678,68.688,7
2026-07-06 22:23:00,68.651,68.656,68.651,68.656,68.683,68.688,68.683,68.688,6
2026-07-06 22:24:00,68.651,68.656,68.651,68.651,68.683,68.688,68.683,68.683,3
2026-07-06 22:25:00,68.656,68.656,68.641,68.651,68.688,68.688,68.673,68.683,5
2026-07-06 22:26:00,68.646,68.646,68.646,68.646,68.678,68.678,68.678,68.678,1
2026-07-06 22:27:00,68.641,68.646,68.636,68.646,68.673,68.678,68.668,68.678,4
2026-07-06 22:28:00,68.641,68.641,68.631,68.636,68.673,68.673,68.663,68.668,4
2026-07-06 22:29:00,68.641,68.651,68.631,68.631,68.673,68.683,68.663,68.663,8
2026-07-06 22:30:00,68.632,68.651,68.632,68.651,68.672,68.683,68.672,68.683,2
2026-07-06 22:31:00,68.646,68.656,68.646,68.656,68.678,68.688,68.678,68.688,6
2026-07-06 22:32:00,68.651,68.651,68.651,68.651,68.683,68.683,68.683,68.683,1
2026-07-06 22:33:00,68.656,68.686,68.651,68.686,68.688,68.718,68.683,68.718,5
2026-07-06 22:34:00,68.696,68.711,68.696,68.706,68.728,68.743,68.728,68.738,8
2026-07-06 22:35:00,68.716,68.716,68.696,68.696,68.748,68.748,68.728,68.728,8
2026-07-06 22:37:00,68.686,68.696,68.676,68.676,68.718,68.728,68.708,68.708,12
2026-07-06 22:39:00,68.666,68.666,68.656,68.666,68.698,68.698,68.688,68.698,4
2026-07-06 22:40:00,68.661,68.661,68.636,68.641,68.693,68.693,68.668,68.673,5
2026-07-06 22:41:00,68.646,68.656,68.641,68.641,68.678,68.688,68.673,68.673,4
2026-07-06 22:42:00,68.646,68.646,68.636,68.636,68.678,68.678,68.668,68.668,4
2026-07-06 22:44:00,68.631,68.636,68.631,68.636,68.663,68.668,68.663,68.668,2
2026-07-06 22:45:00,68.622,68.636,68.606,68.621,68.662,68.668,68.638,68.653,9
2026-07-06 22:46:00,68.616,68.621,68.616,68.616,68.648,68.653,68.648,68.648,3
2026-07-06 22:47:00,68.611,68.616,68.611,68.616,68.643,68.648,68.643,68.648,2
2026-07-06 22:48:00,68.606,68.616,68.606,68.616,68.638,68.648,68.638,68.648,2
2026-07-06 22:49:00,68.626,68.641,68.626,68.636,68.658,68.673,68.658,68.668,6
2026-07-06 22:50:00,68.631,68.631,68.626,68.631,68.663,68.663,68.658,68.663,3
2026-07-06 22:51:00,68.626,68.636,68.626,68.636,68.658,68.668,68.658,68.668,7
2026-07-06 22:52:00,68.631,68.641,68.631,68.636,68.663,68.673,68.663,68.668,4
2026-07-06 22:54:00,68.626,68.626,68.576,68.586,68.658,68.658,68.608,68.618,7
2026-07-06 22:55:00,68.581,68.586,68.576,68.586,68.613,68.618,68.608,68.618,5
2026-07-06 22:56:00,68.581,68.586,68.566,68.581,68.613,68.618,68.598,68.613,6
2026-07-06 22:57:00,68.586,68.586,68.571,68.576,68.618,68.618,68.603,68.608,8
2026-07-06 22:58:00,68.571,68.576,68.561,68.571,68.603,68.608,68.593,68.603,14
2026-07-06 22:59:00,68.576,68.596,68.556,68.591,68.608,68.623,68.588,68.623,14
2026-07-07 00:00:00,68.592,68.706,68.582,68.642,68.672,68.742,68.618,68.682,25
2026-07-07 00:01:00,68.647,68.691,68.631,68.631,68.687,68.723,68.663,68.663,16
2026-07-07 00:02:00,68.636,68.646,68.626,68.642,68.668,68.682,68.658,68.682,10
2026-07-07 00:03:00,68.647,68.657,68.632,68.647,68.687,68.712,68.673,68.687,13
2026-07-07 00:04:00,68.641,68.646,68.641,68.646,68.673,68.678,68.673,68.678,2
2026-07-07 00:05:00,68.652,68.661,68.647,68.647,68.692,68.693,68.683,68.687,5
2026-07-07 00:06:00,68.652,68.652,68.652,68.652,68.692,68.692,68.692,68.692,1
2026-07-07 00:07:00,68.662,68.672,68.662,68.672,68.702,68.712,68.702,68.712,3
2026-07-07 00:08:00,68.681,68.686,68.661,68.661,68.713,68.718,68.693,68.693,6
2026-07-07 00:11:00,68.652,68.652,68.631,68.631,68.692,68.692,68.663,68.663,5
2026-07-07 00:13:00,68.642,68.642,68.642,68.642,68.682,68.682,68.682,68.682,1
2026-07-07 00:14:00,68.647,68.647,68.631,68.631,68.687,68.687,68.663,68.663,2
2026-07-07 00:15:00,68.641,68.641,68.641,68.641,68.673,68.673,68.673,68.673,1
2026-07-07 00:16:00,68.642,68.651,68.642,68.651,68.682,68.683,68.682,68.683,2
2026-07-07 00:20:00,68.636,68.656,68.636,68.656,68.668,68.688,68.668,68.688,4
2026-07-07 00:21:00,68.661,68.661,68.661,68.661,68.693,68.693,68.693,68.693,1
2026-07-07 00:22:00,68.656,68.662,68.656,68.662,68.688,68.702,68.688,68.702,3
2026-07-07 00:23:00,68.656,68.656,68.656,68.656,68.688,68.688,68.688,68.688,1
2026-07-07 00:24:00,68.671,68.671,68.671,68.671,68.703,68.703,68.703,68.703,1
2026-07-07 00:25:00,68.662,68.681,68.662,68.681,68.702,68.713,68.702,68.713,3
2026-07-07 00:27:00,68.661,68.661,68.661,68.661,68.693,68.693,68.693,68.693,1
2026-07-07 00:28:00,68.656,68.661,68.651,68.651,68.688,68.693,68.683,68.683,4
2026-07-07 00:29:00,68.661,68.666,68.661,68.666,68.693,68.698,68.693,68.698,2
2026-07-07 00:30:00,68.661,68.671,68.661,68.671,68.693,68.703,68.693,68.703,2
2026-07-07 00:31:00,68.672,68.672,68.666,68.666,68.712,68.712,68.698,68.698,3
2026-07-07 00:32:00,68.671,68.671,68.671,68.671,68.703,68.703,68.703,68.703,1
2026-07-07 00:41:00,68.681,68.681,68.681,68.681,68.713,68.713,68.713,68.713,1
2026-07-07 00:44:00,68.686,68.691,68.686,68.691,68.718,68.723,68.718,68.723,2
2026-07-07 00:45:00,68.692,68.701,68.692,68.701,68.732,68.733,68.732,68.733,2
2026-07-07 00:47:00,68.691,68.691,68.691,68.691,68.723,68.723,68.723,68.723,1
2026-07-07 00:48:00,68.686,68.686,68.686,68.686,68.718,68.718,68.718,68.718,1
2026-07-07 00:49:00,68.691,68.691,68.686,68.686,68.723,68.723,68.718,68.718,2
2026-07-07 00:50:00,68.696,68.701,68.696,68.701,68.728,68.733,68.728,68.733,2
2026-07-07 00:51:00,68.716,68.716,68.716,68.716,68.748,68.748,68.748,68.748,1
2026-07-07 00:53:00,68.702,68.726,68.691,68.721,68.742,68.758,68.723,68.753,5
2026-07-07 00:54:00,68.726,68.726,68.701,68.701,68.758,68.758,68.733,68.733,4
2026-07-07 00:55:00,68.706,68.721,68.706,68.711,68.738,68.753,68.738,68.743,4
2026-07-07 00:56:00,68.706,68.711,68.691,68.691,68.738,68.743,68.723,68.723,4
2026-07-07 00:57:00,68.711,68.711,68.711,68.711,68.743,68.743,68.743,68.743,1
2026-07-07 00:59:00,68.726,68.746,68.726,68.746,68.758,68.778,68.758,68.778,4
2026-07-07 01:00:00,68.751,68.751,68.731,68.731,68.783,68.783,68.763,68.763,2
2026-07-07 01:01:00,68.726,68.726,68.721,68.721,68.758,68.758,68.753,68.753,2
2026-07-07 01:02:00,68.716,68.716,68.686,68.691,68.748,68.748,68.718,68.723,6
2026-07-07 01:03:00,68.696,68.696,68.671,68.686,68.728,68.728,68.703,68.718,4
2026-07-07 01:04:00,68.696,68.696,68.696,68.696,68.728,68.728,68.728,68.728,1
2026-07-07 01:05:00,68.691,68.691,68.642,68.681,68.723,68.723,68.712,68.713,7
2026-07-07 01:07:00,68.676,68.676,68.676,68.676,68.708,68.708,68.708,68.708,1
2026-07-07 01:08:00,68.681,68.681,68.681,68.681,68.713,68.713,68.713,68.713,1
2026-07-07 01:09:00,68.686,68.686,68.686,68.686,68.718,68.718,68.718,68.718,1
2026-07-07 01:10:00,68.691,68.696,68.691,68.696,68.723,68.728,68.723,68.728,2
2026-07-07 01:11:00,68.691,68.691,68.691,68.691,68.723,68.723,68.723,68.723,1
2026-07-07 01:13:00,68.696,68.696,68.696,68.696,68.728,68.728,68.728,68.728,1
2026-07-07 01:15:00,68.686,68.686,68.666,68.666,68.718,68.718,68.698,68.698,4
2026-07-07 01:16:00,68.671,68.671,68.656,68.656,68.703,68.703,68.688,68.688,3
2026-07-07 01:17:00,68.651,68.711,68.651,68.711,68.683,68.743,68.683,68.743,7
2026-07-07 01:18:00,68.716,68.896,68.716,68.876,68.748,68.928,68.748,68.908,41
2026-07-07 01:19:00,68.871,68.896,68.831,68.831,68.903,68.928,68.863,68.863,18
2026-07-07 01:20:00,68.827,68.831,68.816,68.816,68.867,68.867,68.848,68.848,8
2026-07-07 01:21:00,68.806,68.811,68.786,68.811,68.838,68.843,68.818,68.843,7
2026-07-07 01:22:00,68.826,68.836,68.811,68.826,68.858,68.868,68.843,68.858,9
2026-07-07 01:23:00,68.831,68.831,68.811,68.816,68.863,68.863,68.843,68.848,8
2026-07-07 01:24:00,68.826,68.826,68.821,68.822,68.858,68.862,68.853,68.862,3
2026-07-07 01:25:00,68.812,68.812,68.791,68.791,68.852,68.852,68.823,68.823,6
2026-07-07 01:26:00,68.781,68.781,68.781,68.781,68.813,68.813,68.813,68.813,1
2026-07-07 01:27:00,68.782,68.792,68.782,68.792,68.822,68.832,68.822,68.832,2
2026-07-07 01:28:00,68.791,68.791,68.781,68.781,68.823,68.823,68.813,68.813,3
2026-07-07 01:29:00,68.776,68.791,68.776,68.791,68.808,68.823,68.808,68.823,4
2026-07-07 01:30:00,68.811,68.812,68.811,68.811,68.843,68.852,68.843,68.843,3
2026-07-07 01:31:00,68.812,68.812,68.812,68.812,68.852,68.852,68.852,68.852,1
2026-07-07 01:32:00,68.811,68.811,68.811,68.811,68.843,68.843,68.843,68.843,1
2026-07-07 01:34:00,68.806,68.806,68.801,68.801,68.838,68.838,68.833,68.833,2
2026-07-07 01:35:00,68.806,68.816,68.802,68.811,68.838,68.848,68.838,68.843,4
2026-07-07 01:37:00,68.806,68.806,68.791,68.791,68.838,68.838,68.823,68.823,7
2026-07-07 01:38:00,68.786,68.786,68.781,68.781,68.818,68.818,68.813,68.813,2
2026-07-07 01:39:00,68.786,68.786,68.781,68.781,68.818,68.818,68.813,68.813,2
2026-07-07 01:40:00,68.786,68.786,68.786,68.786,68.818,68.818,68.818,68.818,1
2026-07-07 01:41:00,68.781,68.781,68.771,68.771,68.813,68.813,68.803,68.803,2
2026-07-07 01:43:00,68.776,68.786,68.776,68.786,68.808,68.818,68.808,68.818,2
2026-07-07 01:44:00,68.781,68.786,68.776,68.776,68.813,68.818,68.808,68.808,5
2026-07-07 01:45:00,68.781,68.781,68.781,68.781,68.813,68.813,68.813,68.813,1
2026-07-07 01:47:00,68.776,68.776,68.771,68.771,68.808,68.808,68.803,68.803,2
2026-07-07 01:48:00,68.786,68.796,68.756,68.796,68.818,68.828,68.788,68.828,9
2026-07-07 01:49:00,68.791,68.791,68.776,68.776,68.823,68.823,68.808,68.808,2
2026-07-07 01:50:00,68.771,68.771,68.761,68.766,68.803,68.803,68.793,68.798,4
2026-07-07 01:51:00,68.771,68.772,68.771,68.771,68.803,68.812,68.803,68.803,3
2026-07-07 01:52:00,68.761,68.766,68.761,68.766,68.793,68.798,68.793,68.798,2
2026-07-07 01:53:00,68.776,68.781,68.756,68.756,68.808,68.813,68.788,68.788,5
2026-07-07 01:54:00,68.751,68.751,68.751,68.751,68.783,68.783,68.783,68.783,1
2026-07-07 01:55:00,68.761,68.761,68.751,68.751,68.793,68.793,68.783,68.783,3
2026-07-07 01:57:00,68.746,68.746,68.746,68.746,68.778,68.778,68.778,68.778,1
2026-07-07 01:58:00,68.741,68.741,68.736,68.741,68.773,68.773,68.768,68.773,7
2026-07-07 02:00:00,68.736,68.746,68.701,68.726,68.768,68.778,68.733,68.758,34
2026-07-07 02:01:00,68.736,68.766,68.706,68.716,68.768,68.798,68.738,68.748,33
2026-07-07 02:02:00,68.731,68.731,68.706,68.711,68.763,68.763,68.738,68.743,9
2026-07-07 02:03:00,68.716,68.746,68.711,68.741,68.748,68.778,68.743,68.773,16
2026-07-07 02:04:00,68.736,68.746,68.736,68.746,68.768,68.778,68.768,68.778,4
2026-07-07 02:05:00,68.751,68.776,68.736,68.766,68.783,68.808,68.768,68.798,12
2026-07-07 02:06:00,68.771,68.846,68.771,68.841,68.803,68.878,68.803,68.873,19
2026-07-07 02:07:00,68.832,68.866,68.832,68.841,68.872,68.898,68.868,68.873,13
2026-07-07 02:08:00,68.826,68.846,68.826,68.836,68.858,68.878,68.858,68.868,11
2026-07-07 02:09:00,68.826,68.846,68.826,68.841,68.858,68.878,68.858,68.873,9
2026-07-07 02:10:00,68.831,68.846,68.816,68.831,68.863,68.878,68.848,68.863,16
2026-07-07 02:11:00,68.836,68.856,68.836,68.851,68.868,68.888,68.868,68.883,10
2026-07-07 02:12:00,68.856,68.886,68.851,68.876,68.888,68.918,68.883,68.908,12
2026-07-07 02:13:00,68.866,68.876,68.861,68.871,68.898,68.908,68.893,68.903,9
2026-07-07 02:14:00,68.876,68.881,68.876,68.881,68.908,68.913,68.908,68.913,2
2026-07-07 02:15:00,68.876,68.896,68.856,68.856,68.908,68.928,68.888,68.888,11
2026-07-07 02:16:00,68.866,68.866,68.846,68.851,68.898,68.898,68.878,68.883,7
2026-07-07 02:17:00,68.866,68.886,68.856,68.886,68.898,68.918,68.888,68.918,13
2026-07-07 02:18:00,68.881,68.881,68.866,68.881,68.913,68.913,68.898,68.913,9
2026-07-07 02:19:00,68.876,68.881,68.866,68.866,68.908,68.913,68.898,68.898,10
2026-07-07 02:20:00,68.871,68.891,68.866,68.891,68.903,68.923,68.898,68.923,13
2026-07-07 02:21:00,68.896,68.896,68.836,68.841,68.928,68.928,68.868,68.873,9
2026-07-07 02:22:00,68.836,68.846,68.831,68.831,68.868,68.878,68.863,68.863,6
2026-07-07 02:23:00,68.836,68.846,68.831,68.846,68.868,68.878,68.863,68.878,5
2026-07-07 02:24:00,68.841,68.906,68.826,68.826,68.873,68.938,68.858,68.858,23
2026-07-07 02:25:00,68.836,68.836,68.796,68.811,68.868,68.868,68.828,68.843,16
2026-07-07 02:26:00,68.806,68.861,68.806,68.811,68.838,68.893,68.838,68.843,39
2026-07-07 02:27:00,68.821,68.832,68.791,68.801,68.853,68.872,68.823,68.833,20
2026-07-07 02:28:00,68.811,68.811,68.801,68.801,68.843,68.843,68.833,68.833,4
2026-07-07 02:29:00,68.811,68.811,68.752,68.756,68.843,68.843,68.788,68.788,24
2026-07-07 02:30:00,68.751,68.761,68.701,68.741,68.783,68.793,68.733,68.773,39
2026-07-07 02:31:00,68.746,68.761,68.741,68.756,68.778,68.793,68.773,68.788,10
2026-07-07 02:32:00,68.761,68.766,68.761,68.766,68.793,68.798,68.793,68.798,2
2026-07-07 02:33:00,68.771,68.781,68.771,68.776,68.803,68.813,68.803,68.808,4
2026-07-07 02:34:00,68.771,68.801,68.771,68.801,68.803,68.833,68.803,68.833,9
2026-07-07 02:35:00,68.806,68.816,68.791,68.791,68.838,68.848,68.823,68.823,9
2026-07-07 02:36:00,68.796,68.796,68.781,68.786,68.828,68.828,68.813,68.818,7
2026-07-07 02:37:00,68.791,68.811,68.791,68.811,68.823,68.843,68.823,68.843,7
2026-07-07 02:38:00,68.806,68.806,68.786,68.786,68.838,68.838,68.818,68.818,6
2026-07-07 02:39:00,68.796,68.816,68.796,68.816,68.828,68.848,68.828,68.848,6
2026-07-07 02:40:00,68.826,68.826,68.821,68.821,68.858,68.858,68.853,68.853,4
2026-07-07 02:41:00,68.811,68.846,68.796,68.816,68.843,68.878,68.828,68.848,13
2026-07-07 02:42:00,68.796,68.831,68.796,68.831,68.828,68.863,68.828,68.863,12
2026-07-07 02:43:00,68.826,68.831,68.806,68.806,68.858,68.863,68.838,68.838,9
2026-07-07 02:44:00,68.816,68.846,68.806,68.841,68.848,68.878,68.838,68.873,11
2026-07-07 02:45:00,68.846,68.846,68.811,68.821,68.878,68.878,68.843,68.853,26
2026-07-07 02:46:00,68.816,68.816,68.786,68.791,68.848,68.852,68.818,68.823,14
2026-07-07 02:47:00,68.786,68.816,68.751,68.801,68.818,68.848,68.783,68.833,16
2026-07-07 02:48:00,68.806,68.846,68.781,68.781,68.838,68.878,68.813,68.813,21
2026-07-07 02:49:00,68.791,68.811,68.781,68.806,68.823,68.843,68.813,68.838,6
2026-07-07 02:50:00,68.801,68.801,68.766,68.766,68.833,68.833,68.798,68.798,8
2026-07-07 02:51:00,68.771,68.796,68.771,68.796,68.803,68.832,68.803,68.828,11
2026-07-07 02:52:00,68.786,68.801,68.786,68.796,68.818,68.833,68.818,68.828,4
2026-07-07 02:53:00,68.801,68.811,68.781,68.801,68.833,68.843,68.813,68.833,12
2026-07-07 02:54:00,68.796,68.801,68.796,68.801,68.828,68.833,68.828,68.833,2
2026-07-07 02:55:00,68.806,68.826,68.806,68.826,68.838,68.858,68.838,68.858,3
2026-07-07 02:56:00,68.821,68.876,68.821,68.871,68.853,68.908,68.853,68.903,11
2026-07-07 02:57:00,68.876,68.881,68.851,68.851,68.908,68.913,68.883,68.883,11
2026-07-07 02:58:00,68.856,68.856,68.851,68.851,68.888,68.888,68.883,68.883,2
2026-07-07 02:59:00,68.856,68.866,68.856,68.866,68.888,68.898,68.888,68.898,3
2026-07-07 03:00:00,68.861,68.861,68.751,68.801,68.893,68.893,68.783,68.833,70
2026-07-07 03:01:00,68.811,68.916,68.776,68.916,68.843,68.948,68.808,68.948,64
2026-07-07 03:02:00,68.906,68.941,68.881,68.891,68.938,68.973,68.913,68.923,48
2026-07-07 03:03:00,68.901,68.901,68.776,68.781,68.933,68.933,68.808,68.813,58
2026-07-07 03:04:00,68.786,68.826,68.781,68.826,68.818,68.858,68.813,68.858,24
2026-07-07 03:05:00,68.821,68.836,68.806,68.826,68.853,68.868,68.838,68.858,16
2026-07-07 03:06:00,68.831,68.831,68.756,68.796,68.863,68.863,68.788,68.828,28
2026-07-07 03:07:00,68.791,68.796,68.751,68.781,68.823,68.832,68.783,68.813,37
2026-07-07 03:08:00,68.776,68.801,68.766,68.781,68.808,68.833,68.798,68.813,25
2026-07-07 03:09:00,68.766,68.781,68.751,68.766,68.798,68.813,68.783,68.798,28
2026-07-07 03:10:00,68.776,68.776,68.736,68.736,68.808,68.808,68.768,68.768,14
2026-07-07 03:11:00,68.726,68.736,68.716,68.726,68.758,68.768,68.748,68.758,34
2026-07-07 03:12:00,68.721,68.731,68.711,68.721,68.753,68.763,68.743,68.753,6
2026-07-07 03:13:00,68.726,68.741,68.726,68.731,68.758,68.773,68.758,68.763,12
2026-07-07 03:14:00,68.726,68.726,68.696,68.711,68.758,68.758,68.728,68.743,22
2026-07-07 03:15:00,68.706,68.721,68.686,68.721,68.738,68.753,68.718,68.753,19
2026-07-07 03:16:00,68.716,68.726,68.686,68.701,68.748,68.758,68.718,68.733,22
2026-07-07 03:17:00,68.691,68.716,68.666,68.666,68.723,68.748,68.698,68.698,16
2026-07-07 03:18:00,68.676,68.686,68.656,68.661,68.708,68.718,68.688,68.693,24
2026-07-07 03:19:00,68.656,68.656,68.616,68.641,68.688,68.688,68.648,68.673,25
2026-07-07 03:20:00,68.651,68.651,68.616,68.621,68.683,68.683,68.648,68.653,30
2026-07-07 03:21:00,68.626,68.641,68.621,68.641,68.658,68.673,68.653,68.673,18
2026-07-07 03:22:00,68.646,68.671,68.641,68.641,68.678,68.703,68.673,68.673,13
2026-07-07 03:23:00,68.636,68.661,68.636,68.646,68.668,68.693,68.668,68.678,17
2026-07-07 03:24:00,68.651,68.676,68.651,68.676,68.683,68.708,68.683,68.708,20
2026-07-07 03:25:00,68.666,68.751,68.666,68.741,68.698,68.783,68.698,68.773,26
2026-07-07 03:26:00,68.736,68.751,68.731,68.731,68.768,68.783,68.763,68.763,15
2026-07-07 03:27:00,68.726,68.751,68.726,68.751,68.758,68.783,68.758,68.783,14
2026-07-07 03:28:00,68.746,68.756,68.731,68.731,68.778,68.788,68.763,68.763,21
2026-07-07 03:29:00,68.726,68.756,68.706,68.751,68.758,68.788,68.738,68.783,31
2026-07-07 03:30:00,68.761,68.761,68.756,68.761,68.793,68.793,68.788,68.793,3
2026-07-07 03:31:00,68.766,68.786,68.756,68.781,68.798,68.818,68.788,68.813,20
2026-07-07 03:32:00,68.776,68.781,68.741,68.741,68.808,68.813,68.773,68.773,8
2026-07-07 03:33:00,68.731,68.761,68.731,68.761,68.763,68.793,68.763,68.793,12
2026-07-07 03:34:00,68.766,68.806,68.761,68.776,68.798,68.838,68.793,68.808,22
2026-07-07 03:35:00,68.781,68.801,68.751,68.781,68.813,68.833,68.783,68.813,29
2026-07-07 03:36:00,68.782,68.816,68.781,68.786,68.822,68.848,68.813,68.818,17
2026-07-07 03:37:00,68.791,68.841,68.786,68.841,68.823,68.873,68.818,68.873,13
2026-07-07 03:38:00,68.831,68.836,68.816,68.816,68.863,68.868,68.848,68.848,15
2026-07-07 03:39:00,68.821,68.841,68.811,68.831,68.853,68.873,68.843,68.863,16
2026-07-07 03:40:00,68.822,68.841,68.821,68.836,68.862,68.873,68.853,68.868,23
2026-07-07 03:41:00,68.831,68.941,68.826,68.931,68.863,68.973,68.858,68.963,49
2026-07-07 03:42:00,68.926,68.926,68.866,68.866,68.958,68.958,68.898,68.898,28
2026-07-07 03:43:00,68.861,68.886,68.831,68.876,68.893,68.918,68.863,68.908,31
2026-07-07 03:44:00,68.871,68.891,68.871,68.886,68.903,68.923,68.903,68.918,16
2026-07-07 03:45:00,68.891,68.891,68.851,68.891,68.923,68.923,68.883,68.923,24
2026-07-07 03:46:00,68.886,68.911,68.871,68.886,68.918,68.943,68.903,68.918,33
2026-07-07 03:47:00,68.896,68.921,68.891,68.906,68.928,68.953,68.923,68.938,31
2026-07-07 03:48:00,68.911,68.931,68.881,68.896,68.943,68.963,68.913,68.928,34
2026-07-07 03:49:00,68.901,68.911,68.891,68.901,68.933,68.943,68.923,68.933,34
2026-07-07 03:50:00,68.911,68.966,68.906,68.956,68.943,68.998,68.938,68.988,19
2026-07-07 03:51:00,68.951,68.966,68.936,68.936,68.983,68.998,68.968,68.968,18
2026-07-07 03:52:00,68.946,68.996,68.936,68.986,68.978,69.028,68.968,69.018,36
2026-07-07 03:53:00,68.991,69.056,68.991,69.006,69.023,69.088,69.023,69.038,30
2026-07-07 03:54:00,69.001,69.021,68.986,69.016,69.033,69.053,69.018,69.048,22
2026-07-07 03:55:00,69.011,69.056,69.001,69.056,69.043,69.088,69.033,69.088,21
2026-07-07 03:56:00,69.046,69.066,69.046,69.066,69.078,69.098,69.078,69.098,18
2026-07-07 03:57:00,69.076,69.081,69.051,69.056,69.108,69.113,69.083,69.088,20
2026-07-07 03:58:00,69.061,69.071,69.036,69.041,69.093,69.103,69.068,69.073,30
2026-07-07 03:59:00,69.036,69.066,69.036,69.061,69.068,69.098,69.068,69.093,9
2026-07-07 04:00:00,69.052,69.076,69.016,69.016,69.092,69.108,69.048,69.048,35
2026-07-07 04:01:00,69.011,69.021,68.986,69.016,69.043,69.053,69.018,69.048,30
2026-07-07 04:02:00,69.011,69.031,68.996,69.016,69.043,69.063,69.028,69.048,18
2026-07-07 04:03:00,69.021,69.046,69.021,69.041,69.053,69.078,69.053,69.073,17
2026-07-07 04:04:00,69.036,69.096,69.036,69.056,69.068,69.128,69.068,69.088,24
2026-07-07 04:05:00,69.061,69.086,69.061,69.071,69.093,69.118,69.093,69.103,24
2026-07-07 04:06:00,69.076,69.086,69.066,69.071,69.108,69.118,69.098,69.103,14
2026-07-07 04:07:00,69.066,69.121,69.066,69.106,69.098,69.153,69.098,69.138,17
2026-07-07 04:08:00,69.116,69.156,69.106,69.146,69.148,69.188,69.138,69.178,26
2026-07-07 04:09:00,69.151,69.231,69.131,69.206,69.183,69.263,69.163,69.238,45
2026-07-07 04:10:00,69.216,69.216,69.176,69.196,69.248,69.248,69.208,69.228,35
2026-07-07 04:11:00,69.186,69.191,69.142,69.171,69.218,69.223,69.178,69.203,29
2026-07-07 04:12:00,69.176,69.186,69.156,69.186,69.208,69.218,69.188,69.218,17
2026-07-07 04:13:00,69.191,69.206,69.166,69.191,69.223,69.238,69.198,69.223,22
2026-07-07 04:14:00,69.186,69.191,69.166,69.171,69.218,69.223,69.198,69.203,23
2026-07-07 04:15:00,69.161,69.181,69.156,69.166,69.193,69.213,69.188,69.198,10
2026-07-07 04:16:00,69.176,69.186,69.176,69.186,69.208,69.218,69.208,69.218,4
2026-07-07 04:17:00,69.191,69.256,69.191,69.256,69.223,69.288,69.223,69.288,23
2026-07-07 04:18:00,69.251,69.251,69.216,69.216,69.283,69.283,69.248,69.248,17
2026-07-07 04:19:00,69.231,69.231,69.206,69.211,69.263,69.263,69.238,69.243,10
2026-07-07 04:20:00,69.226,69.231,69.206,69.226,69.258,69.263,69.238,69.258,21
2026-07-07 04:21:00,69.216,69.231,69.216,69.231,69.248,69.263,69.248,69.263,9
2026-07-07 04:22:00,69.226,69.226,69.211,69.211,69.258,69.258,69.243,69.243,4
2026-07-07 04:23:00,69.206,69.216,69.201,69.201,69.238,69.248,69.233,69.233,10
2026-07-07 04:24:00,69.196,69.216,69.196,69.206,69.228,69.248,69.228,69.238,14
2026-07-07 04:25:00,69.211,69.226,69.186,69.216,69.243,69.258,69.218,69.248,12
2026-07-07 04:26:00,69.211,69.216,69.186,69.206,69.243,69.248,69.218,69.238,14
2026-07-07 04:27:00,69.221,69.236,69.216,69.216,69.253,69.268,69.248,69.248,17
2026-07-07 04:28:00,69.206,69.236,69.206,69.231,69.238,69.268,69.238,69.263,5
2026-07-07 04:29:00,69.221,69.221,69.206,69.206,69.253,69.253,69.238,69.238,7
2026-07-07 04:30:00,69.216,69.301,69.191,69.266,69.248,69.333,69.223,69.298,51
2026-07-07 04:31:00,69.261,69.296,69.256,69.291,69.293,69.328,69.288,69.323,32
2026-07-07 04:32:00,69.286,69.286,69.226,69.246,69.318,69.318,69.258,69.278,28
2026-07-07 04:33:00,69.251,69.261,69.236,69.256,69.283,69.293,69.268,69.288,16
2026-07-07 04:34:00,69.251,69.251,69.231,69.241,69.283,69.283,69.263,69.273,9
2026-07-07 04:35:00,69.231,69.251,69.211,69.221,69.263,69.283,69.243,69.253,21
2026-07-07 04:36:00,69.226,69.251,69.221,69.221,69.258,69.283,69.253,69.253,19
2026-07-07 04:37:00,69.231,69.231,69.151,69.161,69.263,69.263,69.183,69.193,26
2026-07-07 04:38:00,69.166,69.176,69.121,69.126,69.198,69.208,69.153,69.158,45
2026-07-07 04:39:00,69.131,69.136,69.116,69.116,69.163,69.168,69.148,69.148,26
2026-07-07 04:40:00,69.121,69.121,69.046,69.071,69.153,69.153,69.078,69.103,31
2026-07-07 04:41:00,69.076,69.106,69.046,69.091,69.108,69.138,69.078,69.123,32
2026-07-07 04:42:00,69.086,69.106,69.071,69.101,69.118,69.138,69.103,69.133,17
2026-07-07 04:43:00,69.106,69.106,69.076,69.076,69.138,69.138,69.108,69.108,21
2026-07-07 04:44:00,69.086,69.101,69.076,69.076,69.118,69.133,69.108,69.108,19
2026-07-07 04:45:00,69.066,69.086,69.061,69.071,69.098,69.118,69.093,69.103,13
2026-07-07 04:46:00,69.066,69.076,69.066,69.076,69.098,69.108,69.098,69.108,5
2026-07-07 04:47:00,69.086,69.086,69.076,69.076,69.118,69.118,69.108,69.108,2
2026-07-07 04:48:00,69.081,69.096,69.076,69.076,69.113,69.128,69.108,69.108,9
2026-07-07 04:49:00,69.071,69.091,69.056,69.066,69.103,69.123,69.088,69.098,10
2026-07-07 04:50:00,69.051,69.056,69.016,69.031,69.083,69.088,69.048,69.063,23
2026-07-07 04:51:00,69.036,69.066,69.016,69.066,69.068,69.098,69.048,69.098,17
2026-07-07 04:52:00,69.076,69.086,69.066,69.086,69.108,69.118,69.098,69.118,15
2026-07-07 04:53:00,69.081,69.096,69.081,69.091,69.113,69.128,69.113,69.123,6
2026-07-07 04:54:00,69.086,69.086,69.066,69.066,69.118,69.118,69.098,69.098,7
2026-07-07 04:55:00,69.071,69.081,69.066,69.076,69.103,69.113,69.098,69.108,15
2026-07-07 04:56:00,69.071,69.071,68.976,68.981,69.103,69.103,69.008,69.013,41
2026-07-07 04:57:00,68.976,69.006,68.966,69.001,69.008,69.038,68.998,69.033,24
2026-07-07 04:58:00,68.996,68.996,68.956,68.981,69.028,69.028,68.988,69.013,36
2026-07-07 04:59:00,68.986,68.996,68.976,68.981,69.018,69.028,69.008,69.013,20
2026-07-07 05:00:00,68.986,69.046,68.981,69.031,69.018,69.078,69.013,69.063,25
2026-07-07 05:01:00,69.036,69.056,69.036,69.051,69.068,69.088,69.068,69.083,8
2026-07-07 05:02:00,69.056,69.061,69.026,69.041,69.088,69.093,69.058,69.073,32
2026-07-07 05:03:00,69.046,69.066,69.021,69.066,69.078,69.098,69.053,69.098,20
2026-07-07 05:04:00,69.056,69.061,69.051,69.056,69.088,69.093,69.083,69.088,7
2026-07-07 05:05:00,69.061,69.086,69.061,69.061,69.093,69.118,69.093,69.093,9
2026-07-07 05:06:00,69.076,69.116,69.076,69.116,69.108,69.148,69.108,69.148,5
2026-07-07 05:07:00,69.111,69.136,69.106,69.126,69.143,69.168,69.138,69.158,17
2026-07-07 05:08:00,69.131,69.206,69.131,69.206,69.163,69.238,69.163,69.238,22
2026-07-07 05:09:00,69.201,69.201,69.176,69.186,69.233,69.233,69.208,69.218,11
2026-07-07 05:10:00,69.176,69.186,69.141,69.161,69.208,69.218,69.173,69.193,21
2026-07-07 05:11:00,69.166,69.201,69.166,69.191,69.198,69.233,69.198,69.223,18
2026-07-07 05:12:00,69.186,69.186,69.161,69.166,69.218,69.218,69.193,69.198,8
2026-07-07 05:13:00,69.161,69.206,69.161,69.186,69.193,69.238,69.193,69.218,14
2026-07-07 05:14:00,69.181,69.186,69.176,69.186,69.213,69.218,69.208,69.218,9
2026-07-07 05:15:00,69.181,69.186,69.126,69.136,69.213,69.218,69.158,69.168,17
2026-07-07 05:16:00,69.141,69.146,69.096,69.101,69.173,69.178,69.128,69.133,15
2026-07-07 05:17:00,69.106,69.116,69.071,69.096,69.138,69.148,69.103,69.128,32
2026-07-07 05:18:00,69.086,69.096,69.066,69.081,69.118,69.128,69.098,69.113,20
2026-07-07 05:19:00,69.076,69.081,69.066,69.076,69.108,69.113,69.098,69.108,14
2026-07-07 05:20:00,69.081,69.086,69.066,69.066,69.113,69.118,69.098,69.098,11
2026-07-07 05:21:00,69.071,69.076,69.061,69.076,69.103,69.108,69.093,69.108,10
2026-07-07 05:22:00,69.081,69.081,69.036,69.036,69.113,69.113,69.068,69.068,19
2026-07-07 05:23:00,69.031,69.056,69.026,69.046,69.063,69.088,69.058,69.078,12
2026-07-07 05:24:00,69.051,69.051,69.016,69.016,69.083,69.083,69.048,69.048,14
2026-07-07 05:25:00,69.021,69.026,68.972,68.981,69.053,69.058,69.008,69.013,29
2026-07-07 05:26:00,68.976,68.981,68.956,68.981,69.008,69.013,68.988,69.013,30
2026-07-07 05:27:00,68.986,68.996,68.976,68.991,69.018,69.028,69.008,69.023,21
2026-07-07 05:28:00,68.981,69.011,68.981,69.011,69.013,69.043,69.013,69.043,10
2026-07-07 05:29:00,69.026,69.046,69.026,69.046,69.058,69.078,69.058,69.078,18
2026-07-07 05:30:00,69.051,69.056,68.906,68.921,69.083,69.088,68.938,68.953,82
2026-07-07 05:31:00,68.926,68.961,68.916,68.941,68.958,68.993,68.948,68.973,40
2026-07-07 05:32:00,68.946,68.946,68.926,68.926,68.978,68.982,68.958,68.958,36
2026-07-07 05:33:00,68.931,68.931,68.906,68.916,68.963,68.963,68.938,68.948,23
2026-07-07 05:34:00,68.921,68.956,68.921,68.936,68.953,68.988,68.953,68.968,16
2026-07-07 05:35:00,68.931,68.961,68.921,68.951,68.963,68.993,68.953,68.983,17
2026-07-07 05:36:00,68.946,68.956,68.926,68.926,68.978,68.988,68.958,68.958,24
2026-07-07 05:37:00,68.931,68.951,68.931,68.941,68.963,68.983,68.963,68.973,25
2026-07-07 05:38:00,68.946,68.951,68.906,68.906,68.978,68.983,68.938,68.938,17
2026-07-07 05:39:00,68.911,68.921,68.906,68.916,68.943,68.953,68.938,68.948,5
2026-07-07 05:40:00,68.911,68.921,68.906,68.921,68.943,68.953,68.938,68.953,8
2026-07-07 05:41:00,68.916,68.936,68.911,68.926,68.948,68.968,68.943,68.958,8
2026-07-07 05:42:00,68.931,68.931,68.926,68.931,68.963,68.963,68.958,68.963,3
2026-07-07 05:43:00,68.926,68.931,68.916,68.916,68.958,68.963,68.948,68.948,11
2026-07-07 05:44:00,68.921,68.926,68.906,68.911,68.953,68.958,68.938,68.943,15
2026-07-07 05:45:00,68.916,68.921,68.911,68.916,68.948,68.953,68.943,68.948,7
2026-07-07 05:46:00,68.906,68.911,68.886,68.886,68.938,68.943,68.918,68.918,14
2026-07-07 05:47:00,68.901,68.921,68.901,68.916,68.933,68.953,68.933,68.948,19
2026-07-07 05:48:00,68.911,68.911,68.876,68.881,68.943,68.943,68.908,68.913,8
2026-07-07 05:49:00,68.876,68.881,68.846,68.846,68.908,68.913,68.878,68.878,16
2026-07-07 05:50:00,68.851,68.861,68.836,68.846,68.883,68.893,68.868,68.878,24
2026-07-07 05:51:00,68.851,68.866,68.851,68.861,68.883,68.898,68.883,68.893,18
2026-07-07 05:52:00,68.866,68.866,68.856,68.866,68.898,68.898,68.888,68.898,3
2026-07-07 05:53:00,68.856,68.861,68.856,68.861,68.888,68.893,68.888,68.893,4
2026-07-07 05:54:00,68.866,68.896,68.866,68.886,68.898,68.928,68.898,68.918,10
2026-07-07 05:55:00,68.891,68.901,68.886,68.886,68.923,68.933,68.918,68.918,10
2026-07-07 05:56:00,68.891,68.896,68.886,68.896,68.923,68.932,68.918,68.928,7
2026-07-07 05:57:00,68.891,68.911,68.891,68.906,68.923,68.943,68.923,68.938,11
2026-07-07 05:58:00,68.911,68.926,68.911,68.921,68.943,68.958,68.943,68.953,13
2026-07-07 05:59:00,68.916,68.941,68.916,68.931,68.948,68.973,68.948,68.963,12
2026-07-07 06:00:00,68.936,68.936,68.906,68.911,68.968,68.968,68.938,68.943,34
2026-07-07 06:01:00,68.906,68.926,68.906,68.921,68.938,68.958,68.938,68.953,9
2026-07-07 06:02:00,68.926,68.956,68.921,68.956,68.958,68.988,68.953,68.988,13
2026-07-07 06:03:00,68.946,68.946,68.931,68.936,68.978,68.978,68.963,68.968,4
2026-07-07 06:04:00,68.941,68.941,68.936,68.936,68.973,68.973,68.968,68.968,2
2026-07-07 06:05:00,68.941,68.941,68.936,68.936,68.973,68.973,68.968,68.968,2
2026-07-07 06:06:00,68.926,68.941,68.926,68.936,68.958,68.973,68.958,68.968,7
2026-07-07 06:07:00,68.941,68.946,68.926,68.946,68.973,68.978,68.958,68.978,14
2026-07-07 06:08:00,68.941,68.981,68.941,68.976,68.973,69.013,68.973,69.008,15
2026-07-07 06:09:00,68.966,68.971,68.956,68.971,68.998,69.003,68.988,69.003,12
2026-07-07 06:10:00,68.966,68.966,68.956,68.956,68.998,68.998,68.988,68.988,11
2026-07-07 06:11:00,68.946,68.966,68.941,68.966,68.978,68.998,68.973,68.998,11
2026-07-07 06:12:00,68.971,68.971,68.966,68.966,69.003,69.003,68.998,68.998,2
2026-07-07 06:13:00,68.961,68.961,68.956,68.956,68.993,68.993,68.988,68.988,2
2026-07-07 06:14:00,68.961,68.976,68.956,68.971,68.993,69.008,68.988,69.003,11
2026-07-07 06:15:00,68.986,68.986,68.971,68.971,69.018,69.018,69.003,69.003,7
2026-07-07 06:16:00,68.966,68.971,68.961,68.961,68.998,69.003,68.993,68.993,11
2026-07-07 06:17:00,68.962,68.962,68.936,68.936,69.002,69.002,68.968,68.968,15
2026-07-07 06:18:00,68.931,68.946,68.926,68.941,68.963,68.978,68.958,68.973,7
2026-07-07 06:19:00,68.946,68.956,68.946,68.956,68.978,68.988,68.978,68.988,2
2026-07-07 06:20:00,68.961,68.961,68.961,68.961,68.993,68.993,68.993,68.993,1
2026-07-07 06:21:00,68.956,68.986,68.956,68.986,68.988,69.018,68.988,69.018,6
2026-07-07 06:22:00,68.996,69.001,68.971,68.986,69.028,69.033,69.003,69.018,17
2026-07-07 06:23:00,68.991,68.991,68.976,68.976,69.023,69.023,69.008,69.008,6
2026-07-07 06:24:00,68.981,68.986,68.981,68.986,69.013,69.018,69.013,69.018,2
2026-07-07 06:25:00,68.981,68.981,68.976,68.981,69.013,69.013,69.008,69.013,3
2026-07-07 06:26:00,68.986,68.996,68.981,68.996,69.018,69.028,69.013,69.028,5
2026-07-07 06:27:00,68.991,68.996,68.966,68.981,69.023,69.028,68.998,69.013,11
2026-07-07 06:28:00,68.976,68.981,68.971,68.981,69.008,69.013,69.003,69.013,7
2026-07-07 06:29:00,68.986,68.996,68.986,68.986,69.018,69.028,69.018,69.018,7
2026-07-07 06:30:00,68.981,68.986,68.976,68.981,69.013,69.018,69.008,69.013,6
2026-07-07 06:31:00,68.991,68.991,68.981,68.986,69.023,69.023,69.013,69.018,3
2026-07-07 06:32:00,68.981,68.981,68.981,68.981,69.013,69.013,69.013,69.013,1
2026-07-07 06:33:00,68.991,69.001,68.991,68.996,69.023,69.033,69.023,69.028,6
2026-07-07 06:34:00,69.001,69.011,68.996,69.011,69.033,69.043,69.028,69.043,10
2026-07-07 06:35:00,69.016,69.016,68.966,68.971,69.048,69.048,68.998,69.003,12
2026-07-07 06:36:00,68.966,68.966,68.966,68.966,68.998,68.998,68.998,68.998,1
2026-07-07 06:37:00,68.971,68.971,68.946,68.956,69.003,69.003,68.978,68.988,9
2026-07-07 06:38:00,68.961,68.966,68.956,68.961,68.993,68.998,68.988,68.993,9
2026-07-07 06:39:00,68.966,68.966,68.961,68.966,68.998,68.998,68.993,68.998,3
2026-07-07 06:40:00,68.976,68.976,68.946,68.946,69.008,69.008,68.978,68.978,9
2026-07-07 06:41:00,68.951,68.981,68.951,68.981,68.983,69.013,68.983,69.013,7
2026-07-07 06:42:00,68.976,68.991,68.976,68.986,69.008,69.023,69.008,69.018,8
2026-07-07 06:44:00,68.976,68.996,68.976,68.996,69.008,69.028,69.008,69.028,9
2026-07-07 06:45:00,68.991,68.996,68.966,68.971,69.023,69.028,68.998,69.003,12
2026-07-07 06:46:00,68.966,68.981,68.966,68.981,68.998,69.013,68.998,69.013,10
2026-07-07 06:47:00,68.991,69.001,68.991,69.001,69.023,69.033,69.023,69.033,5
2026-07-07 06:48:00,69.006,69.006,68.991,68.991,69.038,69.038,69.023,69.023,4
2026-07-07 06:49:00,68.996,68.996,68.976,68.976,69.028,69.028,69.008,69.008,11
2026-07-07 06:50:00,68.981,68.981,68.966,68.971,69.013,69.013,68.998,69.003,12
2026-07-07 06:51:00,68.981,68.986,68.971,68.981,69.013,69.018,69.003,69.013,6
2026-07-07 06:52:00,68.976,68.976,68.971,68.971,69.008,69.008,69.003,69.003,4
2026-07-07 06:53:00,68.972,68.986,68.971,68.981,69.012,69.018,69.003,69.013,7
2026-07-07 06:54:00,68.976,68.986,68.976,68.986,69.008,69.018,69.008,69.018,2
2026-07-07 06:55:00,68.981,68.981,68.966,68.981,69.013,69.013,68.998,69.013,12
2026-07-07 06:56:00,68.986,68.986,68.976,68.976,69.018,69.018,69.008,69.008,7
2026-07-07 06:57:00,68.981,68.986,68.976,68.986,69.013,69.018,69.008,69.018,4
2026-07-07 06:58:00,68.976,68.986,68.976,68.981,69.008,69.018,69.008,69.013,6
2026-07-07 06:59:00,68.986,68.986,68.951,68.961,69.018,69.018,68.983,68.993,14
2026-07-07 07:00:00,68.966,68.991,68.951,68.971,68.998,69.023,68.983,69.003,22
2026-07-07 07:01:00,68.976,69.006,68.976,69.001,69.008,69.038,69.008,69.033,13
2026-07-07 07:02:00,68.996,69.036,68.996,69.031,69.028,69.068,69.028,69.063,13
2026-07-07 07:03:00,69.036,69.036,68.996,69.001,69.068,69.068,69.028,69.033,12
2026-07-07 07:04:00,68.996,69.001,68.991,69.001,69.028,69.033,69.023,69.033,9
2026-07-07 07:05:00,69.006,69.006,69.006,69.006,69.038,69.038,69.038,69.038,1
2026-07-07 07:06:00,69.001,69.001,68.981,68.981,69.033,69.033,69.013,69.013,6
2026-07-07 07:07:00,68.986,68.996,68.986,68.991,69.018,69.028,69.018,69.023,5
2026-07-07 07:08:00,68.996,69.006,68.981,69.006,69.028,69.038,69.013,69.038,8
2026-07-07 07:09:00,69.011,69.011,69.001,69.006,69.043,69.043,69.033,69.038,4
2026-07-07 07:10:00,69.011,69.036,69.001,69.001,69.043,69.068,69.033,69.033,19
2026-07-07 07:11:00,69.006,69.021,68.996,69.016,69.038,69.053,69.028,69.048,11
2026-07-07 07:12:00,69.011,69.026,68.996,69.011,69.043,69.058,69.028,69.043,10
2026-07-07 07:13:00,69.006,69.066,68.996,69.056,69.038,69.098,69.028,69.088,23
2026-07-07 07:14:00,69.061,69.081,69.056,69.071,69.093,69.113,69.088,69.103,16
2026-07-07 07:15:00,69.066,69.086,69.061,69.076,69.098,69.118,69.093,69.108,16
2026-07-07 07:16:00,69.081,69.126,69.081,69.106,69.113,69.158,69.113,69.138,22
2026-07-07 07:17:00,69.096,69.136,69.076,69.126,69.128,69.168,69.108,69.158,24
2026-07-07 07:18:00,69.121,69.146,69.116,69.126,69.153,69.178,69.148,69.158,16
2026-07-07 07:19:00,69.121,69.146,69.106,69.106,69.153,69.178,69.138,69.138,23
2026-07-07 07:20:00,69.101,69.111,69.086,69.096,69.133,69.143,69.118,69.128,9
2026-07-07 07:21:00,69.101,69.146,69.101,69.126,69.133,69.178,69.133,69.158,20
2026-07-07 07:22:00,69.136,69.136,69.126,69.131,69.168,69.168,69.158,69.163,7
2026-07-07 07:23:00,69.126,69.136,69.116,69.116,69.158,69.168,69.148,69.148,10
2026-07-07 07:24:00,69.121,69.131,69.116,69.116,69.153,69.163,69.148,69.148,10
2026-07-07 07:25:00,69.122,69.166,69.122,69.141,69.162,69.198,69.158,69.173,27
2026-07-07 07:26:00,69.136,69.161,69.111,69.161,69.168,69.193,69.143,69.193,27
2026-07-07 07:27:00,69.166,69.216,69.166,69.216,69.198,69.248,69.198,69.248,19
2026-07-07 07:28:00,69.221,69.221,69.206,69.206,69.253,69.253,69.238,69.238,3
2026-07-07 07:29:00,69.196,69.196,69.186,69.186,69.228,69.228,69.218,69.218,6
2026-07-07 07:30:00,69.196,69.236,69.196,69.226,69.228,69.268,69.228,69.258,51
2026-07-07 07:31:00,69.231,69.276,69.216,69.251,69.263,69.308,69.248,69.283,33
2026-07-07 07:32:00,69.256,69.276,69.236,69.256,69.288,69.308,69.268,69.288,26
2026-07-07 07:33:00,69.251,69.256,69.196,69.196,69.283,69.288,69.228,69.228,30
2026-07-07 07:34:00,69.201,69.231,69.186,69.221,69.233,69.263,69.218,69.253,28
2026-07-07 07:35:00,69.211,69.226,69.176,69.191,69.243,69.258,69.208,69.223,35
2026-07-07 07:36:00,69.196,69.201,69.176,69.196,69.228,69.233,69.208,69.228,24
2026-07-07 07:37:00,69.191,69.206,69.186,69.186,69.223,69.238,69.218,69.218,10
2026-07-07 07:38:00,69.191,69.201,69.186,69.196,69.223,69.233,69.218,69.228,16
2026-07-07 07:39:00,69.186,69.236,69.186,69.226,69.218,69.268,69.218,69.258,35
2026-07-07 07:40:00,69.236,69.281,69.236,69.256,69.268,69.313,69.268,69.288,20
2026-07-07 07:41:00,69.246,69.271,69.231,69.261,69.278,69.303,69.263,69.293,29
2026-07-07 07:42:00,69.251,69.251,69.206,69.211,69.283,69.283,69.238,69.243,24
2026-07-07 07:43:00,69.216,69.256,69.216,69.226,69.248,69.288,69.248,69.258,21
2026-07-07 07:44:00,69.231,69.231,69.186,69.186,69.263,69.263,69.218,69.218,17
2026-07-07 07:45:00,69.191,69.196,69.121,69.151,69.223,69.228,69.153,69.183,42
2026-07-07 07:46:00,69.156,69.186,69.136,69.181,69.188,69.218,69.168,69.213,24
2026-07-07 07:47:00,69.186,69.216,69.166,69.216,69.218,69.248,69.198,69.248,17
2026-07-07 07:48:00,69.211,69.226,69.211,69.221,69.243,69.258,69.243,69.253,6
2026-07-07 07:49:00,69.216,69.256,69.216,69.256,69.248,69.288,69.248,69.288,16
2026-07-07 07:50:00,69.261,69.286,69.256,69.266,69.293,69.318,69.288,69.298,30
2026-07-07 07:51:00,69.276,69.276,69.246,69.266,69.308,69.308,69.278,69.298,41
2026-07-07 07:52:00,69.276,69.376,69.276,69.346,69.308,69.408,69.308,69.378,50
2026-07-07 07:53:00,69.336,69.361,69.316,69.351,69.368,69.393,69.348,69.383,41
2026-07-07 07:54:00,69.346,69.366,69.331,69.331,69.378,69.398,69.363,69.363,39
2026-07-07 07:55:00,69.321,69.361,69.316,69.356,69.353,69.393,69.348,69.388,32
2026-07-07 07:56:00,69.361,69.412,69.346,69.376,69.393,69.452,69.378,69.408,47
2026-07-07 07:57:00,69.366,69.406,69.366,69.396,69.398,69.438,69.398,69.428,24
2026-07-07 07:58:00,69.406,69.411,69.361,69.361,69.438,69.443,69.393,69.393,27
2026-07-07 07:59:00,69.356,69.366,69.346,69.351,69.388,69.402,69.378,69.383,29
2026-07-07 08:00:00,69.356,69.396,69.321,69.331,69.388,69.428,69.353,69.363,73
2026-07-07 08:01:00,69.316,69.316,69.276,69.276,69.348,69.348,69.308,69.308,37
2026-07-07 08:02:00,69.296,69.306,69.276,69.296,69.328,69.338,69.308,69.328,35
2026-07-07 08:03:00,69.291,69.346,69.276,69.346,69.323,69.378,69.308,69.378,17
2026-07-07 08:04:00,69.356,69.426,69.346,69.396,69.388,69.458,69.378,69.428,38
2026-07-07 08:05:00,69.386,69.406,69.366,69.406,69.418,69.438,69.398,69.438,24
2026-07-07 08:06:00,69.416,69.426,69.336,69.371,69.448,69.458,69.368,69.403,43
2026-07-07 08:07:00,69.366,69.381,69.316,69.326,69.398,69.413,69.348,69.358,37
2026-07-07 08:08:00,69.321,69.321,69.296,69.306,69.353,69.353,69.328,69.338,20
2026-07-07 08:09:00,69.301,69.331,69.291,69.296,69.333,69.363,69.323,69.328,27
2026-07-07 08:10:00,69.291,69.296,69.236,69.241,69.323,69.328,69.268,69.273,47
2026-07-07 08:11:00,69.236,69.256,69.211,69.251,69.268,69.288,69.243,69.283,46
2026-07-07 08:12:00,69.246,69.281,69.246,69.276,69.278,69.313,69.278,69.308,44
2026-07-07 08:13:00,69.281,69.281,69.266,69.276,69.313,69.313,69.298,69.308,7
2026-07-07 08:14:00,69.271,69.306,69.266,69.271,69.303,69.338,69.298,69.303,20
2026-07-07 08:15:00,69.276,69.276,69.216,69.216,69.308,69.308,69.248,69.248,38
2026-07-07 08:16:00,69.221,69.251,69.221,69.231,69.253,69.283,69.253,69.263,21
2026-07-07 08:17:00,69.236,69.246,69.186,69.201,69.268,69.278,69.218,69.233,20
2026-07-07 08:18:00,69.206,69.316,69.201,69.316,69.238,69.348,69.233,69.348,31
2026-07-07 08:19:00,69.326,69.336,69.296,69.311,69.358,69.368,69.328,69.343,52
2026-07-07 08:20:00,69.316,69.316,69.286,69.301,69.348,69.348,69.318,69.333,27
2026-07-07 08:21:00,69.316,69.326,69.306,69.311,69.348,69.358,69.338,69.343,21
2026-07-07 08:22:00,69.316,69.356,69.316,69.321,69.348,69.388,69.348,69.353,27
2026-07-07 08:23:00,69.326,69.326,69.306,69.316,69.358,69.358,69.338,69.348,18
2026-07-07 08:24:00,69.321,69.366,69.306,69.361,69.353,69.398,69.338,69.393,26
2026-07-07 08:25:00,69.346,69.356,69.306,69.316,69.378,69.388,69.338,69.348,22
2026-07-07 08:26:00,69.306,69.326,69.236,69.236,69.338,69.358,69.268,69.268,41
2026-07-07 08:27:00,69.241,69.261,69.196,69.216,69.273,69.293,69.228,69.248,35
2026-07-07 08:28:00,69.226,69.266,69.226,69.251,69.258,69.298,69.258,69.283,16
2026-07-07 08:29:00,69.246,69.266,69.226,69.236,69.278,69.298,69.258,69.268,18
2026-07-07 08:30:00,69.231,69.231,69.196,69.211,69.263,69.263,69.228,69.243,33
2026-07-07 08:31:00,69.216,69.266,69.216,69.236,69.248,69.298,69.248,69.268,26
2026-07-07 08:32:00,69.231,69.271,69.231,69.266,69.263,69.303,69.263,69.298,33
2026-07-07 08:33:00,69.246,69.256,69.221,69.221,69.278,69.288,69.253,69.253,19
2026-07-07 08:34:00,69.226,69.226,69.186,69.191,69.258,69.258,69.218,69.223,19
2026-07-07 08:35:00,69.196,69.226,69.196,69.216,69.228,69.258,69.228,69.248,18
2026-07-07 08:36:00,69.221,69.256,69.211,69.226,69.253,69.288,69.243,69.258,40
2026-07-07 08:37:00,69.236,69.241,69.226,69.236,69.268,69.273,69.258,69.268,10
2026-07-07 08:38:00,69.231,69.281,69.221,69.276,69.263,69.313,69.253,69.308,16
2026-07-07 08:39:00,69.271,69.286,69.246,69.276,69.303,69.318,69.278,69.308,21
2026-07-07 08:40:00,69.281,69.301,69.256,69.256,69.313,69.333,69.288,69.288,25
2026-07-07 08:41:00,69.251,69.291,69.251,69.276,69.283,69.323,69.283,69.308,26
2026-07-07 08:42:00,69.271,69.276,69.256,69.271,69.303,69.308,69.288,69.303,10
2026-07-07 08:43:00,69.276,69.296,69.266,69.276,69.308,69.328,69.298,69.308,12
2026-07-07 08:44:00,69.291,69.306,69.266,69.266,69.323,69.338,69.298,69.298,20
2026-07-07 08:45:00,69.271,69.296,69.266,69.281,69.303,69.328,69.298,69.313,22
2026-07-07 08:46:00,69.276,69.476,69.276,69.431,69.308,69.508,69.308,69.463,57
2026-07-07 08:47:00,69.436,69.446,69.401,69.406,69.468,69.478,69.433,69.438,31
2026-07-07 08:48:00,69.416,69.456,69.406,69.441,69.448,69.488,69.438,69.473,81
2026-07-07 08:49:00,69.446,69.446,69.426,69.436,69.478,69.478,69.458,69.468,21
2026-07-07 08:50:00,69.441,69.446,69.386,69.431,69.473,69.478,69.418,69.463,49
2026-07-07 08:51:00,69.426,69.436,69.406,69.406,69.458,69.468,69.438,69.438,33
2026-07-07 08:52:00,69.411,69.426,69.401,69.416,69.443,69.458,69.433,69.448,26
2026-07-07 08:53:00,69.411,69.436,69.411,69.426,69.443,69.468,69.443,69.458,30
2026-07-07 08:54:00,69.431,69.431,69.391,69.391,69.463,69.463,69.423,69.423,40
2026-07-07 08:55:00,69.382,69.406,69.376,69.396,69.422,69.438,69.408,69.428,31
2026-07-07 08:56:00,69.391,69.396,69.346,69.376,69.423,69.428,69.378,69.408,45
2026-07-07 08:57:00,69.381,69.406,69.372,69.396,69.413,69.438,69.408,69.428,38
2026-07-07 08:58:00,69.401,69.421,69.376,69.421,69.433,69.453,69.408,69.453,22
2026-07-07 08:59:00,69.416,69.441,69.406,69.436,69.448,69.473,69.438,69.468,47
2026-07-07 09:00:00,69.446,69.516,69.386,69.441,69.478,69.548,69.418,69.473,88
2026-07-07 09:01:00,69.436,69.466,69.411,69.411,69.468,69.498,69.443,69.443,38
2026-07-07 09:02:00,69.426,69.451,69.396,69.446,69.458,69.483,69.428,69.478,56
2026-07-07 09:03:00,69.441,69.526,69.436,69.476,69.473,69.558,69.468,69.508,51
2026-07-07 09:04:00,69.461,69.521,69.456,69.511,69.493,69.553,69.488,69.543,40
2026-07-07 09:05:00,69.516,69.531,69.466,69.466,69.548,69.563,69.498,69.498,54
2026-07-07 09:06:00,69.471,69.471,69.411,69.421,69.503,69.503,69.443,69.453,45
2026-07-07 09:07:00,69.426,69.446,69.421,69.421,69.458,69.478,69.453,69.453,29
2026-07-07 09:08:00,69.426,69.451,69.376,69.386,69.458,69.483,69.408,69.418,48
2026-07-07 09:09:00,69.381,69.396,69.366,69.366,69.413,69.428,69.398,69.398,27
2026-07-07 09:10:00,69.371,69.396,69.346,69.356,69.403,69.428,69.378,69.388,35
2026-07-07 09:11:00,69.346,69.366,69.326,69.331,69.378,69.402,69.358,69.363,41
2026-07-07 09:12:00,69.336,69.341,69.301,69.336,69.368,69.373,69.333,69.368,42
2026-07-07 09:13:00,69.331,69.361,69.326,69.341,69.363,69.393,69.358,69.373,29
2026-07-07 09:14:00,69.346,69.391,69.316,69.366,69.378,69.423,69.348,69.398,56
2026-07-07 09:15:00,69.356,69.356,69.316,69.336,69.388,69.388,69.348,69.368,36
2026-07-07 09:16:00,69.341,69.376,69.336,69.356,69.373,69.408,69.368,69.388,36
2026-07-07 09:17:00,69.361,69.376,69.316,69.346,69.393,69.408,69.348,69.378,52
2026-07-07 09:18:00,69.336,69.361,69.326,69.336,69.368,69.393,69.358,69.368,26
2026-07-07 09:19:00,69.341,69.341,69.306,69.306,69.373,69.373,69.338,69.338,37
2026-07-07 09:20:00,69.311,69.366,69.311,69.366,69.343,69.398,69.343,69.398,36
2026-07-07 09:21:00,69.356,69.376,69.336,69.361,69.388,69.408,69.368,69.393,42
2026-07-07 09:22:00,69.351,69.411,69.341,69.411,69.383,69.443,69.373,69.443,42
2026-07-07 09:23:00,69.416,69.456,69.401,69.421,69.448,69.488,69.433,69.453,58
2026-07-07 09:24:00,69.416,69.421,69.401,69.416,69.448,69.453,69.433,69.448,24
2026-07-07 09:25:00,69.431,69.431,69.361,69.376,69.463,69.463,69.393,69.408,54
2026-07-07 09:26:00,69.371,69.456,69.366,69.446,69.403,69.488,69.398,69.478,41
2026-07-07 09:27:00,69.441,69.486,69.426,69.441,69.473,69.518,69.458,69.473,60
2026-07-07 09:28:00,69.436,69.456,69.401,69.421,69.468,69.488,69.433,69.453,30
2026-07-07 09:29:00,69.416,69.466,69.416,69.466,69.448,69.498,69.448,69.498,38
2026-07-07 09:30:00,69.461,69.466,69.431,69.446,69.493,69.498,69.463,69.478,34
2026-07-07 09:31:00,69.451,69.576,69.446,69.576,69.483,69.608,69.478,69.608,79
2026-07-07 09:32:00,69.571,69.591,69.456,69.491,69.603,69.623,69.488,69.523,70
2026-07-07 09:33:00,69.486,69.506,69.481,69.496,69.518,69.538,69.513,69.528,35
2026-07-07 09:34:00,69.506,69.516,69.476,69.481,69.538,69.548,69.508,69.513,50
2026-07-07 09:35:00,69.486,69.506,69.401,69.426,69.518,69.538,69.433,69.458,47
2026-07-07 09:36:00,69.421,69.426,69.366,69.381,69.453,69.458,69.398,69.413,57
2026-07-07 09:37:00,69.391,69.456,69.376,69.446,69.423,69.488,69.408,69.478,59
2026-07-07 09:38:00,69.441,69.451,69.396,69.431,69.473,69.483,69.428,69.463,39
2026-07-07 09:39:00,69.421,69.426,69.376,69.376,69.453,69.458,69.408,69.408,36
2026-07-07 09:40:00,69.371,69.406,69.296,69.406,69.403,69.438,69.328,69.438,50
2026-07-07 09:41:00,69.401,69.426,69.376,69.376,69.433,69.458,69.408,69.408,22
2026-07-07 09:42:00,69.371,69.426,69.361,69.391,69.403,69.458,69.393,69.423,23
2026-07-07 09:43:00,69.396,69.416,69.376,69.411,69.428,69.448,69.408,69.443,46
2026-07-07 09:44:00,69.401,69.406,69.381,69.401,69.433,69.438,69.413,69.433,38
2026-07-07 09:45:00,69.396,69.501,69.396,69.491,69.428,69.533,69.428,69.523,50
2026-07-07 09:46:00,69.486,69.516,69.466,69.501,69.518,69.548,69.498,69.533,41
2026-07-07 09:47:00,69.506,69.516,69.461,69.476,69.538,69.548,69.493,69.508,34
2026-07-07 09:48:00,69.466,69.566,69.466,69.561,69.498,69.598,69.498,69.593,30
2026-07-07 09:49:00,69.556,69.566,69.506,69.561,69.588,69.598,69.538,69.593,54
2026-07-07 09:50:00,69.566,69.586,69.546,69.556,69.598,69.618,69.578,69.588,60
2026-07-07 09:51:00,69.566,69.606,69.561,69.606,69.598,69.638,69.593,69.638,31
2026-07-07 09:52:00,69.601,69.616,69.591,69.611,69.633,69.648,69.623,69.643,39
2026-07-07 09:53:00,69.616,69.616,69.576,69.591,69.648,69.648,69.608,69.623,24
2026-07-07 09:54:00,69.586,69.606,69.571,69.581,69.618,69.638,69.603,69.613,36
2026-07-07 09:55:00,69.586,69.586,69.496,69.496,69.618,69.618,69.528,69.528,50
2026-07-07 09:56:00,69.501,69.506,69.476,69.481,69.533,69.538,69.508,69.513,43
2026-07-07 09:57:00,69.476,69.481,69.426,69.441,69.508,69.513,69.458,69.473,63
2026-07-07 09:58:00,69.436,69.441,69.346,69.371,69.468,69.473,69.378,69.403,44
2026-07-07 09:59:00,69.361,69.376,69.331,69.336,69.393,69.408,69.363,69.368,47
2026-07-07 10:00:00,69.331,69.381,69.316,69.371,69.363,69.413,69.348,69.403,64
2026-07-07 10:01:00,69.381,69.406,69.346,69.356,69.413,69.438,69.378,69.388,40
2026-07-07 10:02:00,69.366,69.396,69.336,69.341,69.398,69.428,69.368,69.373,55
2026-07-07 10:03:00,69.346,69.356,69.311,69.326,69.378,69.388,69.343,69.358,37
2026-07-07 10:04:00,69.316,69.376,69.301,69.351,69.348,69.408,69.333,69.383,45
2026-07-07 10:05:00,69.346,69.351,69.286,69.291,69.378,69.383,69.318,69.323,60
2026-07-07 10:06:00,69.296,69.366,69.291,69.326,69.328,69.398,69.323,69.358,57
2026-07-07 10:07:00,69.316,69.331,69.276,69.276,69.348,69.363,69.308,69.308,40
2026-07-07 10:08:00,69.281,69.306,69.246,69.261,69.313,69.338,69.278,69.293,50
2026-07-07 10:09:00,69.266,69.281,69.256,69.276,69.298,69.313,69.288,69.308,58
2026-07-07 10:10:00,69.281,69.391,69.266,69.381,69.313,69.423,69.298,69.413,52
2026-07-07 10:11:00,69.376,69.386,69.316,69.336,69.408,69.418,69.348,69.368,37
2026-07-07 10:12:00,69.341,69.376,69.326,69.366,69.373,69.408,69.358,69.398,34
2026-07-07 10:13:00,69.371,69.436,69.356,69.416,69.403,69.468,69.388,69.448,47
2026-07-07 10:14:00,69.421,69.426,69.372,69.396,69.453,69.458,69.408,69.428,49
2026-07-07 10:15:00,69.386,69.401,69.356,69.381,69.418,69.433,69.388,69.413,57
2026-07-07 10:16:00,69.376,69.376,69.346,69.356,69.408,69.408,69.378,69.388,26
2026-07-07 10:17:00,69.361,69.371,69.246,69.336,69.393,69.403,69.278,69.368,79
2026-07-07 10:18:00,69.331,69.366,69.261,69.296,69.363,69.398,69.293,69.328,85
2026-07-07 10:19:00,69.291,69.306,69.271,69.271,69.323,69.338,69.303,69.303,28
2026-07-07 10:20:00,69.276,69.281,69.216,69.261,69.308,69.313,69.248,69.293,70
2026-07-07 10:21:00,69.266,69.326,69.266,69.301,69.298,69.358,69.298,69.333,47
2026-07-07 10:22:00,69.316,69.316,69.276,69.291,69.348,69.348,69.308,69.323,37
2026-07-07 10:23:00,69.296,69.316,69.286,69.311,69.328,69.348,69.318,69.343,30
2026-07-07 10:24:00,69.306,69.356,69.166,69.306,69.338,69.388,69.198,69.338,132
2026-07-07 10:25:00,69.311,69.311,69.151,69.171,69.343,69.343,69.183,69.203,103
2026-07-07 10:26:00,69.166,69.206,69.156,69.171,69.198,69.238,69.188,69.203,62
2026-07-07 10:27:00,69.166,69.176,69.141,69.141,69.198,69.208,69.173,69.173,65
2026-07-07 10:28:00,69.151,69.186,69.116,69.181,69.183,69.218,69.148,69.213,99
2026-07-07 10:29:00,69.186,69.186,69.036,69.046,69.218,69.218,69.068,69.078,158
2026-07-07 10:30:00,69.036,69.096,68.956,69.026,69.068,69.128,68.988,69.058,139
2026-07-07 10:31:00,69.021,69.136,69.006,69.016,69.053,69.168,69.038,69.048,92
2026-07-07 10:32:00,69.011,69.066,69.006,69.041,69.043,69.098,69.038,69.073,62
2026-07-07 10:33:00,69.036,69.081,69.016,69.081,69.068,69.113,69.048,69.113,77
2026-07-07 10:34:00,69.086,69.136,69.071,69.136,69.118,69.168,69.103,69.168,71
2026-07-07 10:35:00,69.141,69.161,69.106,69.141,69.173,69.193,69.138,69.173,56
2026-07-07 10:36:00,69.146,69.196,69.131,69.196,69.178,69.228,69.163,69.228,74
2026-07-07 10:37:00,69.191,69.226,69.176,69.211,69.223,69.258,69.208,69.243,63
2026-07-07 10:38:00,69.206,69.296,69.196,69.276,69.238,69.328,69.228,69.308,46
2026-07-07 10:39:00,69.281,69.371,69.281,69.336,69.313,69.403,69.313,69.368,94
2026-07-07 10:40:00,69.331,69.366,69.316,69.331,69.363,69.398,69.348,69.363,59
2026-07-07 10:41:00,69.326,69.326,69.211,69.226,69.358,69.358,69.243,69.258,54
2026-07-07 10:42:00,69.216,69.301,69.211,69.296,69.248,69.333,69.243,69.328,55
2026-07-07 10:43:00,69.291,69.356,69.281,69.351,69.323,69.388,69.313,69.383,47
2026-07-07 10:44:00,69.346,69.376,69.301,69.306,69.378,69.408,69.333,69.338,31
2026-07-07 10:45:00,69.301,69.356,69.296,69.351,69.333,69.388,69.328,69.383,41
2026-07-07 10:46:00,69.346,69.366,69.286,69.306,69.378,69.398,69.318,69.338,52
2026-07-07 10:47:00,69.301,69.341,69.296,69.336,69.333,69.373,69.328,69.368,19
2026-07-07 10:48:00,69.341,69.436,69.336,69.436,69.373,69.468,69.368,69.468,51
2026-07-07 10:49:00,69.431,69.466,69.372,69.406,69.463,69.498,69.433,69.438,59
2026-07-07 10:50:00,69.401,69.486,69.401,69.486,69.433,69.518,69.433,69.518,55
2026-07-07 10:51:00,69.496,69.511,69.456,69.476,69.528,69.543,69.488,69.508,52
2026-07-07 10:52:00,69.481,69.526,69.481,69.516,69.513,69.558,69.513,69.548,33
2026-07-07 10:53:00,69.511,69.536,69.491,69.496,69.543,69.568,69.523,69.528,42
2026-07-07 10:54:00,69.501,69.506,69.436,69.456,69.533,69.538,69.468,69.488,48
2026-07-07 10:55:00,69.451,69.466,69.346,69.356,69.483,69.498,69.378,69.388,62
2026-07-07 10:56:00,69.361,69.371,69.321,69.331,69.393,69.403,69.353,69.363,49
2026-07-07 10:57:00,69.326,69.416,69.311,69.361,69.358,69.448,69.343,69.393,50
2026-07-07 10:58:00,69.356,69.356,69.326,69.346,69.388,69.388,69.358,69.378,21
2026-07-07 10:59:00,69.341,69.376,69.326,69.346,69.373,69.408,69.358,69.378,55
2026-07-07 11:00:00,69.356,69.436,69.351,69.431,69.388,69.468,69.383,69.463,65
2026-07-07 11:01:00,69.426,69.471,69.406,69.461,69.458,69.503,69.438,69.493,43
2026-07-07 11:02:00,69.451,69.476,69.416,69.431,69.483,69.508,69.448,69.463,45
2026-07-07 11:03:00,69.436,69.476,69.411,69.446,69.468,69.508,69.443,69.478,56
2026-07-07 11:04:00,69.451,69.526,69.436,69.506,69.483,69.558,69.468,69.538,51
2026-07-07 11:05:00,69.496,69.516,69.471,69.481,69.528,69.548,69.503,69.513,36
2026-07-07 11:06:00,69.476,69.491,69.462,69.471,69.508,69.523,69.498,69.503,35
2026-07-07 11:07:00,69.476,69.551,69.471,69.531,69.508,69.583,69.503,69.563,42
2026-07-07 11:08:00,69.541,69.586,69.541,69.586,69.573,69.618,69.573,69.618,61
2026-07-07 11:09:00,69.596,69.666,69.586,69.656,69.628,69.698,69.618,69.688,78
2026-07-07 11:10:00,69.651,69.736,69.651,69.676,69.683,69.768,69.683,69.708,85
2026-07-07 11:11:00,69.681,69.706,69.681,69.691,69.713,69.738,69.713,69.723,47
2026-07-07 11:12:00,69.696,69.706,69.666,69.691,69.728,69.738,69.698,69.723,35
2026-07-07 11:13:00,69.686,69.696,69.656,69.661,69.718,69.728,69.688,69.693,42
2026-07-07 11:14:00,69.666,69.671,69.496,69.516,69.698,69.703,69.528,69.548,64
2026-07-07 11:15:00,69.521,69.531,69.476,69.481,69.553,69.563,69.508,69.513,32
2026-07-07 11:16:00,69.471,69.501,69.431,69.496,69.503,69.533,69.463,69.528,76
2026-07-07 11:17:00,69.506,69.516,69.451,69.501,69.538,69.548,69.483,69.533,69
2026-07-07 11:18:00,69.506,69.526,69.486,69.516,69.538,69.558,69.518,69.548,50
2026-07-07 11:19:00,69.521,69.551,69.516,69.526,69.553,69.583,69.548,69.558,34
2026-07-07 11:20:00,69.521,69.526,69.496,69.511,69.553,69.558,69.528,69.543,21
2026-07-07 11:21:00,69.516,69.581,69.516,69.571,69.548,69.613,69.548,69.603,43
2026-07-07 11:22:00,69.566,69.586,69.476,69.496,69.598,69.618,69.508,69.528,63
2026-07-07 11:23:00,69.506,69.516,69.481,69.516,69.538,69.548,69.513,69.548,37
2026-07-07 11:24:00,69.511,69.516,69.456,69.476,69.543,69.548,69.488,69.508,43
2026-07-07 11:25:00,69.466,69.496,69.431,69.466,69.498,69.528,69.463,69.498,51
2026-07-07 11:26:00,69.461,69.476,69.386,69.396,69.493,69.508,69.418,69.428,43
2026-07-07 11:27:00,69.386,69.396,69.181,69.191,69.418,69.428,69.213,69.223,109
2026-07-07 11:28:00,69.196,69.216,69.171,69.201,69.228,69.248,69.203,69.233,81
2026-07-07 11:29:00,69.211,69.286,69.196,69.286,69.243,69.318,69.228,69.318,71
2026-07-07 11:30:00,69.291,69.326,69.291,69.316,69.323,69.358,69.323,69.348,56
2026-07-07 11:31:00,69.321,69.321,69.216,69.271,69.353,69.353,69.248,69.303,63
2026-07-07 11:32:00,69.276,69.346,69.276,69.316,69.308,69.378,69.308,69.348,52
2026-07-07 11:33:00,69.311,69.326,69.266,69.276,69.343,69.358,69.298,69.308,41
2026-07-07 11:34:00,69.286,69.361,69.286,69.361,69.318,69.393,69.318,69.393,45
2026-07-07 11:35:00,69.366,69.381,69.346,69.356,69.398,69.413,69.378,69.388,46
2026-07-07 11:36:00,69.371,69.406,69.366,69.371,69.403,69.438,69.398,69.403,24
2026-07-07 11:37:00,69.366,69.376,69.296,69.301,69.398,69.408,69.328,69.333,41
2026-07-07 11:38:00,69.296,69.321,69.286,69.321,69.328,69.353,69.318,69.353,29
2026-07-07 11:39:00,69.326,69.326,69.211,69.211,69.358,69.358,69.243,69.243,36
2026-07-07 11:40:00,69.206,69.216,69.091,69.146,69.238,69.248,69.123,69.178,60
2026-07-07 11:41:00,69.136,69.146,69.046,69.086,69.168,69.178,69.078,69.118,101
2026-07-07 11:42:00,69.076,69.166,69.076,69.166,69.108,69.198,69.108,69.198,55
2026-07-07 11:43:00,69.156,69.186,69.136,69.141,69.188,69.218,69.168,69.173,39
2026-07-07 11:44:00,69.146,69.146,69.106,69.121,69.178,69.178,69.138,69.153,33
2026-07-07 11:45:00,69.126,69.201,69.126,69.186,69.158,69.233,69.158,69.218,64
2026-07-07 11:46:00,69.196,69.226,69.186,69.216,69.228,69.258,69.218,69.248,50
2026-07-07 11:47:00,69.221,69.226,69.211,69.216,69.253,69.258,69.243,69.248,18
2026-07-07 11:48:00,69.226,69.236,69.211,69.226,69.258,69.268,69.243,69.258,20
2026-07-07 11:49:00,69.221,69.256,69.191,69.256,69.253,69.288,69.223,69.288,28
2026-07-07 11:50:00,69.251,69.286,69.226,69.281,69.283,69.318,69.258,69.313,29
2026-07-07 11:51:00,69.276,69.286,69.216,69.231,69.308,69.318,69.248,69.263,45
2026-07-07 11:52:00,69.216,69.271,69.211,69.221,69.248,69.303,69.243,69.253,53
2026-07-07 11:53:00,69.226,69.256,69.196,69.256,69.258,69.288,69.228,69.288,42
2026-07-07 11:54:00,69.246,69.271,69.236,69.236,69.278,69.303,69.268,69.268,31
2026-07-07 11:55:00,69.246,69.276,69.246,69.261,69.278,69.308,69.278,69.293,14
2026-07-07 11:56:00,69.256,69.261,69.226,69.231,69.288,69.293,69.258,69.263,29
2026-07-07 11:57:00,69.246,69.266,69.226,69.231,69.278,69.298,69.258,69.263,44
2026-07-07 11:58:00,69.236,69.271,69.231,69.266,69.268,69.303,69.263,69.298,26
2026-07-07 11:59:00,69.271,69.306,69.251,69.266,69.303,69.338,69.283,69.298,60
2026-07-07 12:00:00,69.256,69.256,69.206,69.221,69.288,69.288,69.238,69.253,75
2026-07-07 12:01:00,69.216,69.216,69.146,69.161,69.248,69.248,69.178,69.193,40
2026-07-07 12:02:00,69.171,69.231,69.151,69.181,69.203,69.263,69.183,69.213,59
2026-07-07 12:03:00,69.176,69.191,69.156,69.161,69.208,69.223,69.188,69.193,33
2026-07-07 12:04:00,69.166,69.166,69.121,69.141,69.198,69.198,69.153,69.173,59
2026-07-07 12:05:00,69.136,69.196,69.136,69.196,69.168,69.228,69.168,69.228,31
2026-07-07 12:06:00,69.201,69.211,69.156,69.171,69.233,69.243,69.188,69.203,26
2026-07-07 12:07:00,69.166,69.171,69.146,69.166,69.198,69.203,69.178,69.198,30
2026-07-07 12:08:00,69.156,69.166,69.111,69.116,69.188,69.198,69.143,69.148,35
2026-07-07 12:09:00,69.106,69.131,69.066,69.096,69.138,69.163,69.098,69.128,74
2026-07-07 12:10:00,69.091,69.126,69.081,69.096,69.123,69.158,69.113,69.128,55
2026-07-07 12:11:00,69.101,69.156,69.101,69.146,69.133,69.188,69.133,69.178,26
2026-07-07 12:12:00,69.136,69.191,69.136,69.191,69.168,69.223,69.168,69.223,29
2026-07-07 12:13:00,69.186,69.196,69.166,69.176,69.218,69.228,69.198,69.208,34
2026-07-07 12:14:00,69.186,69.206,69.181,69.191,69.218,69.238,69.213,69.223,30
2026-07-07 12:15:00,69.186,69.186,69.156,69.176,69.218,69.218,69.188,69.208,21
2026-07-07 12:16:00,69.166,69.181,69.146,69.176,69.198,69.213,69.178,69.208,29
2026-07-07 12:17:00,69.181,69.191,69.116,69.126,69.213,69.223,69.148,69.158,69
2026-07-07 12:18:00,69.121,69.186,69.106,69.186,69.153,69.218,69.138,69.218,43
2026-07-07 12:19:00,69.181,69.241,69.181,69.186,69.213,69.273,69.213,69.218,18
2026-07-07 12:20:00,69.196,69.216,69.196,69.206,69.228,69.248,69.228,69.238,23
2026-07-07 12:21:00,69.211,69.221,69.186,69.186,69.243,69.253,69.218,69.218,30
2026-07-07 12:22:00,69.191,69.196,69.156,69.166,69.223,69.228,69.188,69.198,25
2026-07-07 12:23:00,69.176,69.206,69.166,69.201,69.208,69.238,69.198,69.233,24
2026-07-07 12:24:00,69.196,69.196,69.146,69.171,69.228,69.228,69.178,69.203,20
2026-07-07 12:25:00,69.172,69.221,69.172,69.191,69.212,69.253,69.212,69.223,23
2026-07-07 12:26:00,69.196,69.206,69.176,69.201,69.228,69.238,69.208,69.233,23
2026-07-07 12:27:00,69.196,69.206,69.176,69.191,69.228,69.238,69.208,69.223,13
2026-07-07 12:28:00,69.196,69.246,69.196,69.201,69.228,69.278,69.228,69.233,27
2026-07-07 12:29:00,69.196,69.201,69.146,69.161,69.228,69.233,69.178,69.193,35
2026-07-07 12:30:00,69.166,69.191,69.101,69.101,69.198,69.223,69.133,69.133,53
2026-07-07 12:31:00,69.106,69.106,69.086,69.091,69.138,69.138,69.118,69.123,26
2026-07-07 12:32:00,69.096,69.111,69.051,69.071,69.128,69.143,69.083,69.103,50
2026-07-07 12:33:00,69.076,69.121,69.071,69.106,69.108,69.153,69.103,69.138,27
2026-07-07 12:34:00,69.111,69.131,69.071,69.101,69.143,69.163,69.103,69.133,45
2026-07-07 12:35:00,69.106,69.136,69.106,69.126,69.138,69.168,69.138,69.158,24
2026-07-07 12:36:00,69.131,69.156,69.126,69.126,69.163,69.188,69.158,69.158,13
2026-07-07 12:37:00,69.121,69.146,69.066,69.086,69.153,69.178,69.098,69.118,46
2026-07-07 12:38:00,69.096,69.126,69.066,69.106,69.128,69.158,69.098,69.138,31
2026-07-07 12:39:00,69.101,69.136,69.086,69.126,69.133,69.168,69.118,69.158,35
2026-07-07 12:40:00,69.131,69.146,69.091,69.121,69.163,69.178,69.123,69.153,46
2026-07-07 12:41:00,69.111,69.196,69.101,69.181,69.143,69.228,69.133,69.213,46
2026-07-07 12:42:00,69.186,69.246,69.171,69.241,69.218,69.278,69.203,69.273,48
2026-07-07 12:43:00,69.236,69.256,69.196,69.231,69.268,69.288,69.228,69.263,40
2026-07-07 12:44:00,69.241,69.256,69.206,69.211,69.273,69.288,69.238,69.243,41
2026-07-07 12:45:00,69.201,69.301,69.196,69.296,69.233,69.333,69.228,69.328,32
2026-07-07 12:46:00,69.301,69.311,69.276,69.291,69.333,69.343,69.308,69.323,48
2026-07-07 12:47:00,69.296,69.326,69.291,69.291,69.328,69.358,69.323,69.323,34
2026-07-07 12:48:00,69.286,69.306,69.261,69.261,69.318,69.338,69.293,69.293,35
2026-07-07 12:49:00,69.266,69.311,69.261,69.301,69.298,69.343,69.293,69.333,26
2026-07-07 12:50:00,69.296,69.316,69.291,69.306,69.328,69.348,69.323,69.338,24
2026-07-07 12:51:00,69.301,69.316,69.286,69.301,69.333,69.348,69.318,69.333,33
2026-07-07 12:52:00,69.306,69.326,69.286,69.301,69.338,69.358,69.318,69.333,48
2026-07-07 12:53:00,69.306,69.306,69.281,69.306,69.338,69.338,69.313,69.338,13
2026-07-07 12:54:00,69.301,69.321,69.286,69.301,69.333,69.353,69.318,69.333,22
2026-07-07 12:55:00,69.306,69.336,69.276,69.336,69.338,69.368,69.308,69.368,46
2026-07-07 12:56:00,69.331,69.366,69.331,69.356,69.363,69.398,69.363,69.388,33
2026-07-07 12:57:00,69.346,69.376,69.346,69.356,69.378,69.408,69.378,69.388,43
2026-07-07 12:58:00,69.351,69.376,69.331,69.376,69.383,69.408,69.363,69.408,20
2026-07-07 12:59:00,69.386,69.391,69.376,69.381,69.418,69.423,69.408,69.413,41
2026-07-07 13:00:00,69.376,69.446,69.371,69.401,69.408,69.478,69.403,69.433,73
2026-07-07 13:01:00,69.396,69.456,69.396,69.416,69.428,69.488,69.428,69.448,48
2026-07-07 13:02:00,69.421,69.426,69.386,69.401,69.453,69.458,69.418,69.433,39
2026-07-07 13:03:00,69.406,69.446,69.406,69.436,69.438,69.478,69.438,69.468,32
2026-07-07 13:04:00,69.426,69.426,69.406,69.426,69.458,69.458,69.438,69.458,28
2026-07-07 13:05:00,69.421,69.426,69.396,69.411,69.453,69.458,69.428,69.443,31
2026-07-07 13:06:00,69.416,69.431,69.366,69.386,69.448,69.463,69.398,69.418,47
2026-07-07 13:07:00,69.391,69.391,69.336,69.341,69.423,69.423,69.368,69.373,40
2026-07-07 13:08:00,69.346,69.361,69.306,69.341,69.378,69.393,69.338,69.373,28
2026-07-07 13:09:00,69.346,69.351,69.296,69.311,69.378,69.383,69.328,69.343,29
2026-07-07 13:10:00,69.316,69.316,69.226,69.226,69.348,69.348,69.258,69.258,20
2026-07-07 13:11:00,69.221,69.306,69.221,69.306,69.253,69.338,69.253,69.338,41
2026-07-07 13:12:00,69.296,69.316,69.272,69.296,69.328,69.348,69.312,69.328,15
2026-07-07 13:13:00,69.291,69.291,69.256,69.261,69.323,69.323,69.288,69.293,21
2026-07-07 13:14:00,69.266,69.266,69.226,69.261,69.298,69.298,69.258,69.293,28
2026-07-07 13:15:00,69.256,69.311,69.246,69.256,69.288,69.343,69.278,69.288,48
2026-07-07 13:16:00,69.251,69.251,69.206,69.216,69.283,69.283,69.238,69.248,42
2026-07-07 13:17:00,69.221,69.221,69.166,69.181,69.253,69.253,69.198,69.213,64
2026-07-07 13:18:00,69.176,69.176,69.086,69.126,69.208,69.208,69.118,69.158,64
2026-07-07 13:19:00,69.136,69.156,69.106,69.136,69.168,69.188,69.138,69.168,35
2026-07-07 13:20:00,69.146,69.201,69.136,69.196,69.178,69.233,69.168,69.228,33
2026-07-07 13:21:00,69.186,69.206,69.156,69.191,69.218,69.238,69.188,69.223,40
2026-07-07 13:22:00,69.196,69.206,69.166,69.176,69.228,69.238,69.198,69.208,29
2026-07-07 13:23:00,69.186,69.191,69.126,69.141,69.218,69.223,69.158,69.173,26
2026-07-07 13:24:00,69.136,69.171,69.126,69.171,69.168,69.203,69.158,69.203,33
2026-07-07 13:25:00,69.186,69.216,69.131,69.131,69.218,69.248,69.163,69.163,47
2026-07-07 13:26:00,69.126,69.146,69.106,69.116,69.158,69.178,69.138,69.148,47
2026-07-07 13:27:00,69.111,69.116,69.081,69.116,69.143,69.148,69.113,69.148,39
2026-07-07 13:28:00,69.121,69.126,69.076,69.076,69.153,69.158,69.108,69.108,31
2026-07-07 13:29:00,69.086,69.086,69.066,69.076,69.118,69.118,69.098,69.108,12
2026-07-07 13:30:00,69.066,69.076,68.996,68.996,69.098,69.108,69.028,69.028,44
2026-07-07 13:31:00,68.991,69.026,68.976,69.016,69.023,69.058,69.008,69.048,47
2026-07-07 13:32:00,69.006,69.036,68.996,69.016,69.038,69.068,69.028,69.048,21
2026-07-07 13:33:00,69.026,69.046,68.996,69.006,69.058,69.078,69.028,69.038,25
2026-07-07 13:34:00,68.996,69.031,68.926,68.996,69.028,69.063,68.958,69.028,54
2026-07-07 13:35:00,68.986,69.031,68.986,69.031,69.018,69.063,69.018,69.063,36
2026-07-07 13:36:00,69.036,69.036,68.996,69.011,69.068,69.068,69.028,69.043,40
2026-07-07 13:37:00,69.016,69.016,68.986,68.991,69.048,69.048,69.018,69.023,33
2026-07-07 13:38:00,68.996,69.016,68.986,68.996,69.028,69.048,69.018,69.028,35
2026-07-07 13:39:00,69.006,69.046,68.971,69.036,69.038,69.078,69.003,69.068,57
2026-07-07 13:40:00,69.031,69.076,69.031,69.061,69.063,69.108,69.063,69.093,30
2026-07-07 13:41:00,69.056,69.086,69.056,69.076,69.088,69.118,69.088,69.108,25
2026-07-07 13:42:00,69.091,69.136,69.091,69.136,69.123,69.168,69.123,69.168,30
2026-07-07 13:43:00,69.141,69.186,69.136,69.166,69.173,69.218,69.168,69.198,29
2026-07-07 13:44:00,69.171,69.196,69.126,69.166,69.203,69.228,69.158,69.198,48
2026-07-07 13:45:00,69.161,69.216,69.136,69.156,69.193,69.248,69.168,69.188,43
2026-07-07 13:46:00,69.151,69.151,69.086,69.131,69.183,69.183,69.118,69.163,38
2026-07-07 13:47:00,69.126,69.166,69.121,69.146,69.158,69.198,69.153,69.178,44
2026-07-07 13:48:00,69.151,69.186,69.116,69.116,69.183,69.218,69.148,69.148,36
2026-07-07 13:49:00,69.121,69.136,69.116,69.131,69.153,69.168,69.148,69.163,25
2026-07-07 13:50:00,69.116,69.121,69.106,69.106,69.148,69.153,69.138,69.138,22
2026-07-07 13:51:00,69.111,69.126,69.086,69.106,69.143,69.158,69.118,69.138,33
2026-07-07 13:52:00,69.116,69.136,69.086,69.086,69.148,69.168,69.118,69.118,33
2026-07-07 13:53:00,69.091,69.106,69.061,69.101,69.123,69.138,69.093,69.133,31
2026-07-07 13:54:00,69.096,69.101,69.056,69.076,69.128,69.133,69.088,69.108,35
2026-07-07 13:55:00,69.066,69.066,69.011,69.026,69.098,69.098,69.043,69.058,33
2026-07-07 13:56:00,69.021,69.026,68.986,69.006,69.053,69.058,69.018,69.038,43
2026-07-07 13:57:00,68.996,69.011,68.991,69.001,69.028,69.043,69.023,69.033,33
2026-07-07 13:58:00,69.006,69.026,68.996,68.996,69.038,69.058,69.028,69.028,24
2026-07-07 13:59:00,68.991,69.031,68.986,69.016,69.023,69.063,69.018,69.048,26
2026-07-07 14:00:00,69.021,69.066,68.996,69.001,69.053,69.098,69.028,69.033,75
2026-07-07 14:01:00,69.006,69.026,68.986,69.016,69.038,69.058,69.018,69.048,38
2026-07-07 14:02:00,69.006,69.056,69.006,69.051,69.038,69.088,69.038,69.083,45
2026-07-07 14:03:00,69.036,69.061,69.026,69.046,69.068,69.093,69.058,69.078,28
2026-07-07 14:04:00,69.041,69.096,69.041,69.091,69.073,69.128,69.073,69.123,22
2026-07-07 14:05:00,69.086,69.086,69.021,69.036,69.118,69.118,69.053,69.068,44
2026-07-07 14:06:00,69.026,69.036,68.926,68.951,69.058,69.068,68.958,68.983,54
2026-07-07 14:07:00,68.946,68.996,68.946,68.991,68.978,69.028,68.978,69.023,20
2026-07-07 14:08:00,68.986,69.006,68.966,68.971,69.018,69.038,68.998,69.003,39
2026-07-07 14:09:00,68.976,68.976,68.876,68.891,69.008,69.008,68.908,68.923,46
2026-07-07 14:10:00,68.896,68.976,68.896,68.966,68.928,69.008,68.928,68.998,52
2026-07-07 14:11:00,68.961,69.036,68.961,69.001,68.993,69.068,68.993,69.033,55
2026-07-07 14:12:00,69.006,69.031,69.001,69.011,69.038,69.063,69.033,69.043,43
2026-07-07 14:13:00,69.006,69.016,68.966,68.966,69.038,69.048,68.998,68.998,40
2026-07-07 14:14:00,68.976,69.031,68.976,69.011,69.008,69.063,69.008,69.043,40
2026-07-07 14:15:00,69.016,69.046,69.006,69.031,69.048,69.078,69.038,69.063,54
2026-07-07 14:16:00,69.041,69.046,68.966,68.966,69.073,69.078,68.998,68.998,40
2026-07-07 14:17:00,68.956,69.011,68.951,69.006,68.988,69.043,68.983,69.038,39
2026-07-07 14:18:00,69.011,69.026,69.006,69.016,69.043,69.058,69.038,69.048,37
2026-07-07 14:19:00,69.026,69.036,69.011,69.031,69.058,69.068,69.043,69.063,32
2026-07-07 14:20:00,69.026,69.086,69.021,69.051,69.058,69.118,69.053,69.083,47
2026-07-07 14:21:00,69.046,69.081,69.041,69.066,69.078,69.113,69.073,69.098,35
2026-07-07 14:22:00,69.071,69.076,69.036,69.046,69.103,69.108,69.068,69.078,19
2026-07-07 14:23:00,69.036,69.056,68.996,69.011,69.068,69.088,69.028,69.043,34
2026-07-07 14:24:00,69.001,69.001,68.981,69.001,69.033,69.033,69.013,69.033,21
2026-07-07 14:25:00,69.011,69.026,68.951,68.996,69.043,69.058,68.983,69.028,58
2026-07-07 14:26:00,68.991,69.011,68.986,69.001,69.023,69.043,69.018,69.033,26
2026-07-07 14:27:00,69.006,69.046,68.996,69.021,69.038,69.078,69.028,69.053,40
2026-07-07 14:28:00,69.016,69.056,69.011,69.026,69.048,69.088,69.043,69.058,33
2026-07-07 14:29:00,69.031,69.051,69.006,69.016,69.063,69.083,69.038,69.048,48
2026-07-07 14:30:00,69.021,69.081,69.006,69.006,69.053,69.113,69.038,69.038,43
2026-07-07 14:31:00,69.011,69.026,68.976,69.011,69.043,69.058,69.008,69.043,46
2026-07-07 14:32:00,69.016,69.031,68.986,69.011,69.048,69.063,69.018,69.043,38
2026-07-07 14:33:00,69.006,69.036,68.961,69.021,69.038,69.068,68.993,69.053,37
2026-07-07 14:34:00,69.031,69.046,69.006,69.041,69.063,69.078,69.038,69.073,37
2026-07-07 14:35:00,69.046,69.046,69.006,69.011,69.078,69.078,69.038,69.043,22
2026-07-07 14:36:00,69.006,69.021,68.966,68.986,69.038,69.053,68.998,69.018,31
2026-07-07 14:37:00,68.976,68.981,68.926,68.946,69.008,69.013,68.958,68.978,50
2026-07-07 14:38:00,68.936,68.966,68.916,68.946,68.968,68.998,68.948,68.978,35
2026-07-07 14:39:00,68.956,69.016,68.946,69.011,68.988,69.048,68.978,69.043,26
2026-07-07 14:40:00,69.006,69.106,69.006,69.096,69.038,69.138,69.038,69.128,49
2026-07-07 14:41:00,69.106,69.201,69.106,69.121,69.138,69.233,69.138,69.153,100
2026-07-07 14:42:00,69.126,69.206,69.126,69.186,69.158,69.238,69.158,69.218,74
2026-07-07 14:43:00,69.201,69.246,69.186,69.196,69.233,69.278,69.218,69.228,49
2026-07-07 14:44:00,69.206,69.226,69.161,69.196,69.238,69.258,69.193,69.228,39
2026-07-07 14:45:00,69.186,69.226,69.176,69.211,69.218,69.258,69.208,69.243,35
2026-07-07 14:46:00,69.206,69.286,69.206,69.286,69.238,69.318,69.238,69.318,40
2026-07-07 14:47:00,69.281,69.316,69.266,69.296,69.313,69.348,69.298,69.328,36
2026-07-07 14:48:00,69.316,69.326,69.276,69.321,69.348,69.358,69.308,69.353,57
2026-07-07 14:49:00,69.306,69.316,69.276,69.296,69.338,69.348,69.308,69.328,44
2026-07-07 14:50:00,69.286,69.316,69.256,69.266,69.318,69.348,69.288,69.298,44
2026-07-07 14:51:00,69.261,69.266,69.246,69.266,69.293,69.298,69.278,69.298,33
2026-07-07 14:52:00,69.286,69.286,69.216,69.216,69.318,69.318,69.248,69.248,38
2026-07-07 14:53:00,69.226,69.276,69.216,69.266,69.258,69.308,69.248,69.298,45
2026-07-07 14:54:00,69.271,69.276,69.261,69.266,69.303,69.308,69.293,69.298,33
2026-07-07 14:55:00,69.271,69.286,69.196,69.201,69.303,69.318,69.228,69.233,36
2026-07-07 14:56:00,69.196,69.216,69.156,69.171,69.228,69.248,69.188,69.203,45
2026-07-07 14:57:00,69.166,69.221,69.166,69.216,69.198,69.253,69.198,69.248,51
2026-07-07 14:58:00,69.211,69.211,69.026,69.046,69.243,69.243,69.058,69.078,61
2026-07-07 14:59:00,69.051,69.141,69.046,69.126,69.083,69.173,69.078,69.158,59
2026-07-07 15:00:00,69.116,69.306,69.111,69.296,69.148,69.338,69.143,69.328,161
2026-07-07 15:01:00,69.306,69.326,69.241,69.296,69.338,69.358,69.273,69.328,112
2026-07-07 15:02:00,69.306,69.376,69.296,69.341,69.338,69.408,69.328,69.373,76
2026-07-07 15:03:00,69.346,69.356,69.276,69.281,69.378,69.388,69.308,69.313,76
2026-07-07 15:04:00,69.276,69.361,69.276,69.326,69.308,69.393,69.308,69.358,84
2026-07-07 15:05:00,69.321,69.396,69.296,69.296,69.353,69.428,69.328,69.328,69
2026-07-07 15:06:00,69.306,69.346,69.266,69.321,69.338,69.378,69.298,69.353,72
2026-07-07 15:07:00,69.316,69.356,69.296,69.331,69.348,69.388,69.328,69.363,64
2026-07-07 15:08:00,69.326,69.326,69.216,69.221,69.358,69.358,69.248,69.253,64
2026-07-07 15:09:00,69.216,69.256,69.196,69.206,69.248,69.288,69.228,69.238,56
2026-07-07 15:10:00,69.196,69.386,69.196,69.366,69.228,69.418,69.228,69.398,73
2026-07-07 15:11:00,69.356,69.376,69.336,69.366,69.388,69.408,69.368,69.398,48
2026-07-07 15:12:00,69.356,69.411,69.316,69.326,69.388,69.443,69.348,69.358,69
2026-07-07 15:13:00,69.321,69.361,69.316,69.316,69.353,69.393,69.348,69.348,68
2026-07-07 15:14:00,69.321,69.371,69.321,69.366,69.353,69.403,69.353,69.398,47
2026-07-07 15:15:00,69.356,69.376,69.331,69.346,69.388,69.408,69.363,69.378,53
2026-07-07 15:16:00,69.351,69.376,69.326,69.336,69.383,69.408,69.358,69.368,33
2026-07-07 15:17:00,69.331,69.336,69.246,69.256,69.363,69.368,69.278,69.288,49
2026-07-07 15:18:00,69.266,69.286,69.226,69.256,69.298,69.318,69.258,69.288,47
2026-07-07 15:19:00,69.246,69.286,69.221,69.246,69.278,69.318,69.253,69.278,55
2026-07-07 15:20:00,69.256,69.276,69.221,69.236,69.288,69.308,69.253,69.268,56
2026-07-07 15:21:00,69.241,69.506,69.236,69.486,69.273,69.538,69.268,69.518,121
2026-07-07 15:22:00,69.476,69.641,69.446,69.556,69.508,69.673,69.478,69.588,175
2026-07-07 15:23:00,69.546,69.796,69.546,69.776,69.578,69.828,69.578,69.808,187
2026-07-07 15:24:00,69.796,69.806,69.606,69.611,69.828,69.838,69.638,69.643,122
2026-07-07 15:25:00,69.596,69.686,69.576,69.611,69.628,69.718,69.608,69.643,124
2026-07-07 15:26:00,69.606,69.666,69.596,69.661,69.638,69.698,69.628,69.693,92
2026-07-07 15:27:00,69.676,69.726,69.676,69.691,69.708,69.758,69.708,69.723,93
2026-07-07 15:28:00,69.681,69.716,69.596,69.596,69.713,69.748,69.628,69.628,80
2026-07-07 15:29:00,69.591,69.616,69.546,69.586,69.623,69.648,69.578,69.618,100
2026-07-07 15:30:00,69.596,69.736,69.546,69.716,69.628,69.768,69.578,69.748,143
2026-07-07 15:31:00,69.726,69.736,69.646,69.716,69.758,69.768,69.678,69.748,97
2026-07-07 15:32:00,69.711,69.721,69.656,69.666,69.743,69.753,69.688,69.698,84
2026-07-07 15:33:00,69.661,69.666,69.561,69.576,69.693,69.698,69.593,69.608,78
2026-07-07 15:34:00,69.571,69.626,69.541,69.551,69.603,69.658,69.573,69.583,100
2026-07-07 15:35:00,69.556,69.576,69.516,69.536,69.588,69.608,69.548,69.568,74
2026-07-07 15:36:00,69.541,69.566,69.486,69.556,69.573,69.598,69.518,69.588,89
2026-07-07 15:37:00,69.551,69.556,69.481,69.556,69.583,69.588,69.513,69.588,89
2026-07-07 15:38:00,69.546,69.576,69.496,69.516,69.578,69.608,69.528,69.548,56
2026-07-07 15:39:00,69.521,69.546,69.496,69.516,69.553,69.578,69.528,69.548,59
2026-07-07 15:40:00,69.506,69.581,69.506,69.571,69.538,69.613,69.538,69.603,77
2026-07-07 15:41:00,69.576,69.726,69.556,69.706,69.608,69.758,69.588,69.738,96
2026-07-07 15:42:00,69.701,69.826,69.671,69.821,69.733,69.858,69.703,69.853,108
2026-07-07 15:43:00,69.806,69.866,69.786,69.856,69.838,69.898,69.818,69.888,91
2026-07-07 15:44:00,69.846,69.866,69.796,69.826,69.878,69.898,69.828,69.858,115
2026-07-07 15:45:00,69.821,69.881,69.806,69.806,69.853,69.913,69.838,69.838,81
2026-07-07 15:46:00,69.821,69.856,69.756,69.756,69.853,69.888,69.788,69.788,73
2026-07-07 15:47:00,69.751,69.906,69.696,69.906,69.783,69.938,69.728,69.938,138
2026-07-07 15:48:00,69.896,69.896,69.816,69.816,69.928,69.928,69.848,69.848,80
2026-07-07 15:49:00,69.821,69.846,69.741,69.741,69.853,69.878,69.773,69.773,67
2026-07-07 15:50:00,69.756,69.886,69.726,69.856,69.788,69.918,69.758,69.888,89
2026-07-07 15:51:00,69.866,69.866,69.806,69.856,69.898,69.898,69.838,69.888,71
2026-07-07 15:52:00,69.851,69.866,69.826,69.851,69.883,69.898,69.858,69.883,71
2026-07-07 15:53:00,69.856,69.896,69.831,69.861,69.888,69.928,69.863,69.893,77
2026-07-07 15:54:00,69.856,69.866,69.826,69.851,69.888,69.898,69.858,69.883,65
2026-07-07 15:55:00,69.846,70.036,69.846,70.026,69.878,70.068,69.878,70.058,90
2026-07-07 15:56:00,70.016,70.026,69.921,69.941,70.048,70.058,69.953,69.973,100
2026-07-07 15:57:00,69.936,69.956,69.896,69.916,69.968,69.988,69.928,69.948,87
2026-07-07 15:58:00,69.921,70.026,69.911,70.021,69.953,70.058,69.943,70.053,124
2026-07-07 15:59:00,70.036,70.066,69.996,70.026,70.068,70.098,70.028,70.058,81
2026-07-07 16:00:00,70.016,70.066,69.971,69.981,70.048,70.098,70.003,70.013,147
2026-07-07 16:01:00,69.991,70.056,69.956,70.056,70.023,70.088,69.988,70.088,75
2026-07-07 16:02:00,70.066,70.096,69.981,70.026,70.098,70.128,70.013,70.058,105
2026-07-07 16:03:00,70.036,70.206,69.966,70.196,70.068,70.238,69.998,70.228,119
2026-07-07 16:04:00,70.186,70.326,70.186,70.261,70.218,70.358,70.218,70.293,124
2026-07-07 16:05:00,70.266,70.306,70.216,70.306,70.298,70.338,70.248,70.338,131
2026-07-07 16:06:00,70.316,70.381,70.296,70.336,70.348,70.413,70.328,70.368,117
2026-07-07 16:07:00,70.341,70.416,70.296,70.376,70.373,70.448,70.328,70.408,103
2026-07-07 16:08:00,70.366,70.476,70.366,70.461,70.398,70.508,70.398,70.493,114
2026-07-07 16:09:00,70.466,70.506,70.436,70.471,70.498,70.538,70.468,70.503,124
2026-07-07 16:10:00,70.481,70.501,70.426,70.451,70.513,70.533,70.458,70.483,126
2026-07-07 16:11:00,70.466,70.476,70.352,70.381,70.498,70.508,70.392,70.413,112
2026-07-07 16:12:00,70.396,70.396,70.286,70.306,70.428,70.428,70.318,70.338,126
2026-07-07 16:13:00,70.301,70.316,70.236,70.241,70.333,70.348,70.268,70.273,93
2026-07-07 16:14:00,70.246,70.256,70.166,70.176,70.278,70.288,70.198,70.208,91
2026-07-07 16:15:00,70.166,70.181,70.076,70.076,70.198,70.213,70.108,70.108,112
2026-07-07 16:16:00,70.066,70.086,69.986,69.996,70.098,70.118,70.018,70.028,59
2026-07-07 16:17:00,69.986,70.026,69.876,69.896,70.018,70.058,69.908,69.928,89
2026-07-07 16:18:00,69.906,69.906,69.776,69.776,69.938,69.938,69.808,69.808,122
2026-07-07 16:19:00,69.786,69.871,69.776,69.816,69.818,69.903,69.808,69.848,100
2026-07-07 16:20:00,69.826,70.001,69.826,69.996,69.858,70.033,69.858,70.028,104
2026-07-07 16:21:00,70.006,70.106,69.986,70.101,70.038,70.138,70.018,70.133,91
2026-07-07 16:22:00,70.096,70.186,70.086,70.116,70.128,70.218,70.118,70.148,115
2026-07-07 16:23:00,70.106,70.146,70.076,70.116,70.138,70.178,70.108,70.148,65
2026-07-07 16:24:00,70.111,70.201,70.096,70.201,70.143,70.233,70.128,70.233,111
2026-07-07 16:25:00,70.186,70.206,70.136,70.161,70.218,70.238,70.168,70.193,88
2026-07-07 16:26:00,70.156,70.166,70.106,70.151,70.188,70.198,70.138,70.183,76
2026-07-07 16:27:00,70.146,70.176,70.126,70.171,70.178,70.208,70.158,70.203,61
2026-07-07 16:28:00,70.166,70.226,70.156,70.221,70.198,70.258,70.188,70.253,83
2026-07-07 16:29:00,70.231,70.296,70.216,70.231,70.263,70.328,70.248,70.263,103
2026-07-07 16:30:00,70.226,70.396,70.216,70.381,70.258,70.428,70.248,70.413,107
2026-07-07 16:31:00,70.386,70.406,70.316,70.346,70.418,70.438,70.348,70.378,63
2026-07-07 16:32:00,70.341,70.341,70.266,70.321,70.373,70.373,70.298,70.353,67
2026-07-07 16:33:00,70.326,70.346,70.306,70.336,70.358,70.378,70.338,70.368,68
2026-07-07 16:34:00,70.341,70.351,70.256,70.296,70.373,70.383,70.288,70.328,72
2026-07-07 16:35:00,70.306,70.331,70.256,70.271,70.338,70.363,70.288,70.303,96
2026-07-07 16:36:00,70.266,70.331,70.221,70.241,70.298,70.363,70.253,70.273,85
2026-07-07 16:37:00,70.246,70.311,70.241,70.256,70.278,70.343,70.273,70.288,46
2026-07-07 16:38:00,70.246,70.256,70.216,70.216,70.278,70.288,70.248,70.248,45
2026-07-07 16:39:00,70.206,70.256,70.191,70.256,70.238,70.288,70.223,70.288,65
2026-07-07 16:40:00,70.251,70.251,70.166,70.171,70.283,70.283,70.198,70.203,91
2026-07-07 16:41:00,70.166,70.176,70.116,70.156,70.198,70.208,70.148,70.188,54
2026-07-07 16:42:00,70.146,70.166,70.126,70.156,70.178,70.198,70.158,70.188,49
2026-07-07 16:43:00,70.151,70.156,70.071,70.071,70.183,70.188,70.103,70.103,62
2026-07-07 16:44:00,70.056,70.056,70.016,70.041,70.088,70.088,70.048,70.073,48
2026-07-07 16:45:00,70.036,70.046,69.966,69.996,70.068,70.078,69.998,70.028,54
2026-07-07 16:46:00,70.006,70.066,69.996,70.006,70.038,70.098,70.028,70.038,73
2026-07-07 16:47:00,69.996,70.016,69.976,70.016,70.028,70.048,70.008,70.048,54
2026-07-07 16:48:00,70.006,70.026,69.966,70.006,70.038,70.058,69.998,70.038,67
2026-07-07 16:49:00,70.016,70.016,69.981,69.991,70.048,70.048,70.013,70.023,51
2026-07-07 16:50:00,69.986,70.006,69.976,69.996,70.018,70.038,70.008,70.028,39
2026-07-07 16:51:00,69.986,70.036,69.976,70.006,70.018,70.068,70.008,70.038,48
2026-07-07 16:52:00,70.016,70.041,69.986,70.041,70.048,70.073,70.018,70.073,34
2026-07-07 16:53:00,70.036,70.081,70.031,70.051,70.068,70.113,70.063,70.083,56
2026-07-07 16:54:00,70.056,70.156,70.046,70.126,70.088,70.188,70.078,70.158,59
2026-07-07 16:55:00,70.131,70.226,70.116,70.216,70.163,70.258,70.148,70.248,75
2026-07-07 16:56:00,70.211,70.226,70.126,70.146,70.243,70.258,70.158,70.178,61
2026-07-07 16:57:00,70.151,70.206,70.136,70.196,70.183,70.238,70.168,70.228,76
2026-07-07 16:58:00,70.186,70.246,70.176,70.216,70.218,70.278,70.208,70.248,68
2026-07-07 16:59:00,70.226,70.246,70.206,70.216,70.258,70.278,70.238,70.248,64
2026-07-07 17:00:00,70.226,70.296,70.186,70.186,70.258,70.328,70.218,70.218,88
2026-07-07 17:01:00,70.176,70.196,70.136,70.176,70.208,70.228,70.168,70.208,79
2026-07-07 17:02:00,70.181,70.236,70.181,70.226,70.213,70.268,70.213,70.258,58
2026-07-07 17:03:00,70.236,70.256,70.221,70.246,70.268,70.288,70.253,70.278,70
2026-07-07 17:04:00,70.256,70.261,70.171,70.181,70.288,70.293,70.203,70.213,72
2026-07-07 17:05:00,70.176,70.226,70.176,70.176,70.208,70.258,70.208,70.208,76
2026-07-07 17:06:00,70.166,70.241,70.166,70.221,70.198,70.273,70.198,70.253,39
2026-07-07 17:07:00,70.226,70.246,70.186,70.186,70.258,70.278,70.218,70.218,47
2026-07-07 17:08:00,70.191,70.236,70.186,70.236,70.223,70.268,70.218,70.268,76
2026-07-07 17:09:00,70.226,70.296,70.196,70.266,70.258,70.328,70.228,70.298,74
2026-07-07 17:10:00,70.256,70.281,70.236,70.276,70.288,70.313,70.268,70.308,74
2026-07-07 17:11:00,70.256,70.276,70.201,70.266,70.288,70.308,70.233,70.298,84
2026-07-07 17:12:00,70.261,70.296,70.226,70.266,70.293,70.332,70.258,70.298,52
2026-07-07 17:13:00,70.256,70.336,70.251,70.306,70.288,70.368,70.283,70.338,49
2026-07-07 17:14:00,70.296,70.346,70.286,70.296,70.328,70.378,70.318,70.328,65
2026-07-07 17:15:00,70.291,70.326,70.246,70.256,70.323,70.358,70.278,70.288,66
2026-07-07 17:16:00,70.261,70.326,70.246,70.276,70.293,70.358,70.278,70.308,71
2026-07-07 17:17:00,70.286,70.356,70.266,70.346,70.318,70.388,70.298,70.378,86
2026-07-07 17:18:00,70.336,70.366,70.326,70.336,70.368,70.398,70.358,70.368,71
2026-07-07 17:19:00,70.326,70.376,70.296,70.366,70.358,70.408,70.328,70.398,53
2026-07-07 17:20:00,70.351,70.441,70.336,70.411,70.383,70.473,70.368,70.443,60
2026-07-07 17:21:00,70.406,70.476,70.396,70.451,70.438,70.508,70.428,70.483,71
2026-07-07 17:22:00,70.446,70.456,70.376,70.446,70.478,70.488,70.408,70.478,65
2026-07-07 17:23:00,70.456,70.456,70.396,70.431,70.488,70.488,70.428,70.463,60
2026-07-07 17:24:00,70.426,70.436,70.316,70.316,70.458,70.468,70.348,70.348,64
2026-07-07 17:25:00,70.306,70.351,70.286,70.306,70.338,70.383,70.318,70.338,104
2026-07-07 17:26:00,70.311,70.356,70.306,70.336,70.343,70.388,70.338,70.368,69
2026-07-07 17:27:00,70.346,70.356,70.316,70.336,70.378,70.388,70.348,70.368,41
2026-07-07 17:28:00,70.321,70.346,70.301,70.321,70.353,70.378,70.333,70.353,72
2026-07-07 17:29:00,70.311,70.341,70.196,70.201,70.343,70.373,70.228,70.233,115
2026-07-07 17:30:00,70.196,70.196,70.076,70.166,70.228,70.228,70.108,70.198,169
2026-07-07 17:31:00,70.156,70.206,70.126,70.206,70.188,70.238,70.158,70.238,80
2026-07-07 17:32:00,70.201,70.211,70.171,70.206,70.233,70.243,70.203,70.238,44
2026-07-07 17:33:00,70.201,70.256,70.186,70.251,70.233,70.288,70.218,70.283,47
2026-07-07 17:34:00,70.256,70.306,70.246,70.291,70.288,70.338,70.278,70.323,42
2026-07-07 17:35:00,70.306,70.306,70.206,70.216,70.338,70.338,70.238,70.248,49
2026-07-07 17:36:00,70.211,70.296,70.211,70.296,70.243,70.328,70.243,70.328,41
2026-07-07 17:37:00,70.291,70.306,70.236,70.256,70.323,70.338,70.268,70.288,39
2026-07-07 17:38:00,70.261,70.261,70.166,70.171,70.293,70.293,70.198,70.203,52
2026-07-07 17:39:00,70.176,70.196,70.156,70.161,70.208,70.228,70.188,70.193,52
2026-07-07 17:40:00,70.151,70.186,70.106,70.131,70.183,70.218,70.138,70.163,52
2026-07-07 17:41:00,70.136,70.156,70.126,70.136,70.168,70.188,70.158,70.168,41
2026-07-07 17:42:00,70.141,70.196,70.141,70.186,70.173,70.228,70.173,70.218,31
2026-07-07 17:43:00,70.181,70.266,70.181,70.266,70.213,70.298,70.213,70.298,59
2026-07-07 17:44:00,70.256,70.306,70.246,70.301,70.288,70.338,70.278,70.333,73
2026-07-07 17:45:00,70.296,70.376,70.296,70.356,70.328,70.408,70.328,70.388,36
2026-07-07 17:46:00,70.351,70.416,70.336,70.386,70.383,70.448,70.368,70.418,34
2026-07-07 17:47:00,70.396,70.476,70.396,70.466,70.428,70.508,70.428,70.498,32
2026-07-07 17:48:00,70.476,70.536,70.466,70.466,70.508,70.568,70.498,70.498,61
2026-07-07 17:49:00,70.471,70.541,70.456,70.526,70.503,70.573,70.488,70.558,50
2026-07-07 17:50:00,70.531,70.546,70.466,70.476,70.563,70.578,70.498,70.508,58
2026-07-07 17:51:00,70.486,70.516,70.456,70.481,70.518,70.548,70.488,70.513,45
2026-07-07 17:52:00,70.476,70.536,70.451,70.526,70.508,70.568,70.483,70.558,29
2026-07-07 17:53:00,70.536,70.546,70.496,70.526,70.568,70.578,70.528,70.558,52
2026-07-07 17:54:00,70.516,70.546,70.516,70.526,70.548,70.578,70.548,70.558,29
2026-07-07 17:55:00,70.521,70.526,70.466,70.476,70.553,70.558,70.498,70.508,43
2026-07-07 17:56:00,70.471,70.476,70.446,70.466,70.503,70.508,70.478,70.498,45
2026-07-07 17:57:00,70.461,70.466,70.436,70.441,70.493,70.498,70.468,70.473,45
2026-07-07 17:58:00,70.456,70.456,70.391,70.406,70.488,70.488,70.423,70.438,41
2026-07-07 17:59:00,70.396,70.416,70.326,70.336,70.428,70.448,70.358,70.368,96
2026-07-07 18:00:00,70.326,70.336,70.296,70.336,70.358,70.368,70.328,70.368,110
2026-07-07 18:01:00,70.331,70.396,70.326,70.381,70.363,70.428,70.358,70.413,96
2026-07-07 18:02:00,70.396,70.436,70.371,70.416,70.428,70.468,70.403,70.448,84
2026-07-07 18:03:00,70.426,70.446,70.396,70.421,70.458,70.478,70.428,70.453,74
2026-07-07 18:04:00,70.416,70.431,70.396,70.396,70.448,70.463,70.428,70.428,46
2026-07-07 18:05:00,70.401,70.426,70.376,70.406,70.433,70.458,70.408,70.438,84
2026-07-07 18:06:00,70.396,70.486,70.386,70.486,70.428,70.518,70.418,70.518,40
2026-07-07 18:07:00,70.496,70.546,70.481,70.526,70.528,70.578,70.513,70.558,38
2026-07-07 18:08:00,70.516,70.536,70.501,70.526,70.548,70.568,70.533,70.558,45
2026-07-07 18:09:00,70.521,70.536,70.496,70.506,70.553,70.568,70.528,70.538,38
2026-07-07 18:10:00,70.496,70.506,70.426,70.441,70.528,70.538,70.458,70.473,38
2026-07-07 18:11:00,70.446,70.446,70.376,70.386,70.478,70.478,70.408,70.418,45
2026-07-07 18:12:00,70.396,70.396,70.356,70.371,70.428,70.428,70.388,70.403,32
2026-07-07 18:13:00,70.366,70.436,70.356,70.431,70.398,70.468,70.388,70.463,43
2026-07-07 18:14:00,70.426,70.436,70.406,70.411,70.458,70.468,70.438,70.443,32
2026-07-07 18:15:00,70.416,70.421,70.366,70.381,70.448,70.453,70.398,70.413,47
2026-07-07 18:16:00,70.386,70.446,70.386,70.426,70.418,70.478,70.418,70.458,39
2026-07-07 18:17:00,70.436,70.466,70.426,70.456,70.468,70.498,70.458,70.488,38
2026-07-07 18:18:00,70.446,70.456,70.386,70.386,70.478,70.488,70.418,70.418,36
2026-07-07 18:19:00,70.396,70.436,70.396,70.421,70.428,70.468,70.428,70.453,33
2026-07-07 18:20:00,70.416,70.416,70.366,70.376,70.448,70.448,70.398,70.408,43
2026-07-07 18:21:00,70.386,70.451,70.386,70.446,70.418,70.483,70.418,70.478,32
2026-07-07 18:22:00,70.436,70.446,70.366,70.376,70.468,70.478,70.398,70.408,38
2026-07-07 18:23:00,70.371,70.416,70.366,70.411,70.403,70.448,70.398,70.443,34
2026-07-07 18:24:00,70.416,70.466,70.411,70.451,70.448,70.498,70.443,70.483,33
2026-07-07 18:25:00,70.466,70.466,70.426,70.436,70.498,70.498,70.458,70.468,29
2026-07-07 18:26:00,70.426,70.526,70.426,70.521,70.458,70.558,70.458,70.553,47
2026-07-07 18:27:00,70.516,70.561,70.496,70.496,70.548,70.593,70.528,70.528,63
2026-07-07 18:28:00,70.501,70.526,70.496,70.516,70.533,70.558,70.528,70.548,32
2026-07-07 18:29:00,70.511,70.531,70.496,70.496,70.543,70.563,70.528,70.528,64
2026-07-07 18:30:00,70.506,70.506,70.456,70.471,70.538,70.538,70.488,70.503,82
2026-07-07 18:31:00,70.466,70.476,70.451,70.471,70.498,70.508,70.483,70.503,66
2026-07-07 18:32:00,70.466,70.476,70.411,70.416,70.498,70.508,70.443,70.448,92
2026-07-07 18:33:00,70.411,70.436,70.406,70.421,70.443,70.468,70.438,70.453,86
2026-07-07 18:34:00,70.416,70.456,70.366,70.366,70.448,70.488,70.398,70.398,74
2026-07-07 18:35:00,70.361,70.406,70.321,70.356,70.393,70.438,70.353,70.388,31
2026-07-07 18:36:00,70.346,70.396,70.346,70.381,70.378,70.428,70.378,70.413,39
2026-07-07 18:37:00,70.386,70.396,70.366,70.366,70.418,70.428,70.398,70.398,10
2026-07-07 18:38:00,70.376,70.401,70.366,70.396,70.408,70.433,70.398,70.428,22
2026-07-07 18:39:00,70.406,70.426,70.391,70.406,70.438,70.458,70.423,70.438,31
2026-07-07 18:40:00,70.416,70.446,70.386,70.436,70.448,70.478,70.418,70.468,26
2026-07-07 18:41:00,70.441,70.441,70.416,70.426,70.473,70.473,70.448,70.458,23
2026-07-07 18:42:00,70.436,70.461,70.426,70.446,70.468,70.493,70.458,70.478,36
2026-07-07 18:43:00,70.441,70.441,70.411,70.416,70.473,70.473,70.443,70.448,21
2026-07-07 18:44:00,70.421,70.446,70.406,70.431,70.453,70.478,70.438,70.463,33
2026-07-07 18:45:00,70.426,70.426,70.391,70.406,70.458,70.458,70.423,70.438,36
2026-07-07 18:46:00,70.411,70.451,70.406,70.421,70.443,70.483,70.438,70.453,27
2026-07-07 18:47:00,70.416,70.441,70.416,70.441,70.448,70.473,70.448,70.473,18
2026-07-07 18:48:00,70.436,70.446,70.426,70.436,70.468,70.478,70.458,70.468,18
2026-07-07 18:49:00,70.431,70.486,70.426,70.456,70.463,70.518,70.458,70.488,29
2026-07-07 18:50:00,70.466,70.476,70.436,70.456,70.498,70.508,70.468,70.488,14
2026-07-07 18:51:00,70.446,70.476,70.436,70.456,70.478,70.508,70.468,70.488,9
2026-07-07 18:52:00,70.466,70.516,70.461,70.486,70.498,70.548,70.493,70.518,28
2026-07-07 18:53:00,70.476,70.486,70.396,70.406,70.508,70.518,70.428,70.438,35
2026-07-07 18:54:00,70.401,70.446,70.401,70.436,70.433,70.478,70.433,70.468,29
2026-07-07 18:55:00,70.431,70.446,70.416,70.436,70.463,70.478,70.448,70.468,26
2026-07-07 18:56:00,70.431,70.436,70.411,70.421,70.463,70.468,70.443,70.453,33
2026-07-07 18:57:00,70.426,70.466,70.416,70.456,70.458,70.498,70.448,70.488,25
2026-07-07 18:58:00,70.446,70.466,70.436,70.446,70.478,70.498,70.468,70.478,20
2026-07-07 18:59:00,70.461,70.476,70.426,70.431,70.493,70.508,70.458,70.463,33
2026-07-07 19:00:00,70.436,70.436,70.396,70.431,70.468,70.468,70.428,70.463,39
2026-07-07 19:01:00,70.436,70.436,70.346,70.351,70.468,70.468,70.378,70.383,46
2026-07-07 19:02:00,70.346,70.386,70.336,70.366,70.378,70.418,70.368,70.398,42
2026-07-07 19:03:00,70.371,70.396,70.346,70.366,70.403,70.428,70.378,70.398,60
2026-07-07 19:04:00,70.376,70.406,70.371,70.396,70.408,70.438,70.403,70.428,22
2026-07-07 19:05:00,70.406,70.486,70.406,70.481,70.438,70.518,70.438,70.513,44
2026-07-07 19:06:00,70.486,70.576,70.476,70.576,70.518,70.608,70.508,70.608,59
2026-07-07 19:07:00,70.571,70.586,70.536,70.561,70.603,70.618,70.568,70.593,46
2026-07-07 19:08:00,70.566,70.586,70.516,70.566,70.598,70.618,70.548,70.598,46
2026-07-07 19:09:00,70.556,70.576,70.496,70.526,70.588,70.608,70.528,70.558,33
2026-07-07 19:10:00,70.516,70.516,70.486,70.501,70.548,70.548,70.518,70.533,28
2026-07-07 19:11:00,70.506,70.526,70.426,70.426,70.538,70.558,70.458,70.458,58
2026-07-07 19:12:00,70.431,70.466,70.431,70.446,70.463,70.498,70.463,70.478,30
2026-07-07 19:13:00,70.456,70.476,70.441,70.456,70.488,70.508,70.473,70.488,23
2026-07-07 19:14:00,70.446,70.446,70.396,70.396,70.478,70.478,70.428,70.428,24
2026-07-07 19:15:00,70.406,70.441,70.386,70.436,70.438,70.473,70.418,70.468,28
2026-07-07 19:16:00,70.446,70.456,70.416,70.446,70.478,70.488,70.448,70.478,25
2026-07-07 19:17:00,70.436,70.496,70.436,70.486,70.468,70.528,70.468,70.518,30
2026-07-07 19:18:00,70.496,70.526,70.486,70.526,70.528,70.558,70.518,70.558,35
2026-07-07 19:19:00,70.516,70.556,70.506,70.556,70.548,70.588,70.538,70.588,35
2026-07-07 19:20:00,70.546,70.586,70.536,70.556,70.578,70.618,70.568,70.588,43
2026-07-07 19:21:00,70.566,70.616,70.561,70.606,70.598,70.648,70.593,70.638,53
2026-07-07 19:22:00,70.596,70.636,70.596,70.601,70.628,70.668,70.628,70.633,32
2026-07-07 19:23:00,70.606,70.636,70.586,70.621,70.638,70.668,70.618,70.653,33
2026-07-07 19:24:00,70.626,70.651,70.616,70.616,70.658,70.683,70.648,70.648,34
2026-07-07 19:25:00,70.606,70.616,70.586,70.586,70.638,70.648,70.618,70.618,32
2026-07-07 19:26:00,70.581,70.606,70.566,70.566,70.613,70.638,70.598,70.598,20
2026-07-07 19:27:00,70.561,70.586,70.556,70.576,70.593,70.618,70.588,70.608,24
2026-07-07 19:28:00,70.581,70.616,70.581,70.611,70.613,70.648,70.613,70.643,15
2026-07-07 19:29:00,70.606,70.606,70.576,70.576,70.638,70.638,70.608,70.608,19
2026-07-07 19:30:00,70.581,70.611,70.556,70.601,70.613,70.643,70.588,70.633,40
2026-07-07 19:31:00,70.596,70.616,70.586,70.586,70.628,70.648,70.618,70.618,17
2026-07-07 19:32:00,70.591,70.596,70.586,70.586,70.623,70.628,70.618,70.618,8
2026-07-07 19:33:00,70.596,70.601,70.576,70.586,70.628,70.633,70.608,70.618,27
2026-07-07 19:34:00,70.576,70.576,70.556,70.566,70.608,70.608,70.588,70.598,16
2026-07-07 19:35:00,70.576,70.586,70.556,70.586,70.608,70.618,70.588,70.618,20
2026-07-07 19:36:00,70.596,70.636,70.596,70.636,70.628,70.668,70.628,70.668,18
2026-07-07 19:37:00,70.646,70.706,70.636,70.656,70.678,70.738,70.668,70.688,51
2026-07-07 19:38:00,70.666,70.666,70.656,70.666,70.698,70.698,70.688,70.698,22
2026-07-07 19:39:00,70.661,70.661,70.616,70.616,70.693,70.693,70.648,70.648,20
2026-07-07 19:40:00,70.606,70.616,70.596,70.596,70.638,70.648,70.628,70.628,28
2026-07-07 19:41:00,70.586,70.586,70.536,70.556,70.618,70.618,70.568,70.588,21
2026-07-07 19:42:00,70.551,70.576,70.526,70.531,70.583,70.608,70.558,70.563,34
2026-07-07 19:43:00,70.536,70.546,70.506,70.531,70.568,70.578,70.538,70.563,37
2026-07-07 19:44:00,70.526,70.526,70.496,70.506,70.558,70.558,70.528,70.538,19
2026-07-07 19:45:00,70.501,70.506,70.466,70.496,70.533,70.538,70.498,70.528,51
2026-07-07 19:46:00,70.491,70.506,70.481,70.496,70.523,70.538,70.513,70.528,27
2026-07-07 19:47:00,70.491,70.496,70.456,70.471,70.523,70.528,70.488,70.503,29
2026-07-07 19:48:00,70.486,70.486,70.426,70.436,70.518,70.518,70.458,70.468,38
2026-07-07 19:49:00,70.426,70.446,70.406,70.426,70.458,70.478,70.438,70.458,26
2026-07-07 19:50:00,70.436,70.436,70.406,70.436,70.468,70.468,70.438,70.468,28
2026-07-07 19:51:00,70.446,70.456,70.436,70.446,70.478,70.488,70.468,70.478,14
2026-07-07 19:52:00,70.436,70.456,70.416,70.416,70.468,70.488,70.448,70.448,30
2026-07-07 19:53:00,70.406,70.426,70.396,70.396,70.438,70.458,70.428,70.428,19
2026-07-07 19:54:00,70.406,70.406,70.346,70.346,70.438,70.438,70.378,70.378,22
2026-07-07 19:55:00,70.356,70.386,70.326,70.376,70.388,70.418,70.358,70.408,37
2026-07-07 19:56:00,70.381,70.426,70.381,70.426,70.413,70.458,70.413,70.458,16
2026-07-07 19:57:00,70.421,70.421,70.386,70.396,70.453,70.453,70.418,70.428,20
2026-07-07 19:58:00,70.416,70.416,70.386,70.411,70.448,70.448,70.418,70.443,27
2026-07-07 19:59:00,70.416,70.436,70.406,70.416,70.448,70.468,70.438,70.448,21
2026-07-07 20:00:00,70.426,70.501,70.376,70.501,70.458,70.533,70.408,70.533,95
2026-07-07 20:01:00,70.496,70.496,70.466,70.486,70.528,70.528,70.498,70.518,41
2026-07-07 20:02:00,70.481,70.496,70.471,70.491,70.513,70.528,70.503,70.523,21
2026-07-07 20:03:00,70.496,70.496,70.431,70.436,70.528,70.528,70.463,70.468,32
2026-07-07 20:04:00,70.446,70.461,70.426,70.446,70.478,70.493,70.458,70.478,34
2026-07-07 20:05:00,70.441,70.476,70.436,70.476,70.473,70.508,70.468,70.508,47
2026-07-07 20:06:00,70.471,70.516,70.456,70.486,70.503,70.548,70.488,70.518,38
2026-07-07 20:07:00,70.496,70.506,70.486,70.486,70.528,70.538,70.518,70.518,33
2026-07-07 20:08:00,70.481,70.486,70.446,70.451,70.513,70.518,70.478,70.483,25
2026-07-07 20:09:00,70.456,70.456,70.436,70.456,70.488,70.488,70.468,70.488,33
2026-07-07 20:10:00,70.466,70.476,70.446,70.466,70.498,70.508,70.478,70.498,24
2026-07-07 20:11:00,70.456,70.476,70.446,70.466,70.488,70.508,70.478,70.498,40
2026-07-07 20:12:00,70.456,70.461,70.416,70.421,70.488,70.493,70.448,70.453,25
2026-07-07 20:13:00,70.416,70.456,70.416,70.441,70.448,70.488,70.448,70.473,45
2026-07-07 20:14:00,70.436,70.466,70.436,70.446,70.468,70.498,70.468,70.478,37
2026-07-07 20:15:00,70.456,70.471,70.436,70.461,70.488,70.503,70.468,70.493,36
2026-07-07 20:16:00,70.456,70.506,70.436,70.486,70.488,70.538,70.468,70.518,43
2026-07-07 20:17:00,70.476,70.486,70.461,70.466,70.508,70.518,70.493,70.498,37
2026-07-07 20:18:00,70.456,70.486,70.456,70.476,70.488,70.518,70.488,70.508,31
2026-07-07 20:19:00,70.486,70.576,70.476,70.536,70.518,70.608,70.508,70.568,60
2026-07-07 20:20:00,70.531,70.576,70.526,70.546,70.563,70.608,70.558,70.578,34
2026-07-07 20:21:00,70.556,70.556,70.506,70.506,70.588,70.588,70.538,70.538,29
2026-07-07 20:22:00,70.511,70.526,70.446,70.466,70.543,70.558,70.478,70.498,35
2026-07-07 20:23:00,70.456,70.491,70.446,70.466,70.488,70.523,70.478,70.498,34
2026-07-07 20:24:00,70.476,70.486,70.426,70.426,70.508,70.518,70.458,70.458,19
2026-07-07 20:25:00,70.416,70.431,70.386,70.426,70.448,70.463,70.418,70.458,47
2026-07-07 20:26:00,70.436,70.436,70.356,70.391,70.468,70.468,70.388,70.423,48
2026-07-07 20:27:00,70.396,70.426,70.366,70.391,70.428,70.458,70.398,70.423,84
2026-07-07 20:28:00,70.396,70.476,70.346,70.466,70.428,70.508,70.378,70.498,128
2026-07-07 20:29:00,70.476,70.476,70.426,70.466,70.508,70.508,70.458,70.498,78
2026-07-07 20:30:00,70.486,70.636,70.466,70.571,70.518,70.668,70.498,70.603,106
2026-07-07 20:31:00,70.561,70.596,70.526,70.581,70.593,70.628,70.558,70.613,61
2026-07-07 20:32:00,70.586,70.606,70.531,70.541,70.618,70.638,70.563,70.573,45
2026-07-07 20:33:00,70.546,70.556,70.526,70.526,70.578,70.588,70.558,70.558,25
2026-07-07 20:34:00,70.531,70.531,70.416,70.436,70.563,70.563,70.448,70.468,38
2026-07-07 20:35:00,70.431,70.436,70.416,70.436,70.463,70.468,70.448,70.468,23
2026-07-07 20:36:00,70.426,70.446,70.406,70.416,70.458,70.478,70.438,70.448,31
2026-07-07 20:37:00,70.426,70.436,70.406,70.436,70.458,70.468,70.438,70.468,30
2026-07-07 20:38:00,70.446,70.446,70.406,70.411,70.478,70.478,70.438,70.443,38
2026-07-07 20:39:00,70.406,70.406,70.376,70.386,70.438,70.438,70.408,70.418,19
2026-07-07 20:40:00,70.376,70.386,70.346,70.346,70.408,70.418,70.378,70.378,14
2026-07-07 20:41:00,70.341,70.346,70.316,70.346,70.373,70.378,70.348,70.378,19
2026-07-07 20:42:00,70.356,70.371,70.356,70.366,70.388,70.403,70.388,70.398,18
2026-07-07 20:43:00,70.376,70.386,70.366,70.376,70.408,70.418,70.398,70.408,21
2026-07-07 20:44:00,70.366,70.436,70.356,70.406,70.398,70.468,70.388,70.438,26
2026-07-07 20:45:00,70.401,70.411,70.376,70.386,70.433,70.443,70.408,70.418,39
2026-07-07 20:46:00,70.376,70.536,70.376,70.516,70.408,70.568,70.408,70.548,44
2026-07-07 20:47:00,70.521,70.666,70.506,70.646,70.553,70.698,70.538,70.678,94
2026-07-07 20:48:00,70.656,70.876,70.656,70.876,70.688,70.908,70.688,70.908,194
2026-07-07 20:49:00,70.846,71.076,70.831,70.851,70.878,71.108,70.863,70.883,217
2026-07-07 20:50:00,70.856,70.886,70.771,70.881,70.888,70.918,70.803,70.913,107
2026-07-07 20:51:00,70.876,71.071,70.876,71.031,70.908,71.103,70.908,71.063,188
2026-07-07 20:52:00,71.026,71.216,71.006,71.216,71.058,71.248,71.038,71.248,121
2026-07-07 20:53:00,71.196,71.206,71.102,71.166,71.228,71.238,71.143,71.198,140
2026-07-07 20:54:00,71.171,71.266,71.147,71.221,71.203,71.298,71.183,71.253,136
2026-07-07 20:55:00,71.216,71.286,71.206,71.276,71.248,71.318,71.238,71.308,95
2026-07-07 20:56:00,71.286,71.346,71.246,71.331,71.318,71.378,71.278,71.363,103
2026-07-07 20:57:00,71.321,71.396,71.306,71.331,71.353,71.428,71.338,71.363,90
2026-07-07 20:58:00,71.326,71.386,71.306,71.336,71.358,71.418,71.338,71.368,75
2026-07-07 20:59:00,71.351,71.446,71.341,71.432,71.383,71.478,71.373,71.472,103
2026-07-07 21:00:00,71.436,71.496,71.406,71.446,71.468,71.532,71.438,71.478,104
2026-07-07 21:01:00,71.456,71.526,71.426,71.511,71.488,71.558,71.458,71.543,95
2026-07-07 21:02:00,71.501,71.576,71.496,71.526,71.533,71.608,71.528,71.558,88
2026-07-07 21:03:00,71.536,71.606,71.516,71.596,71.568,71.638,71.548,71.628,75
2026-07-07 21:04:00,71.591,71.681,71.586,71.676,71.623,71.713,71.618,71.708,103
2026-07-07 21:05:00,71.686,71.811,71.666,71.691,71.718,71.843,71.698,71.723,126
2026-07-07 21:06:00,71.706,71.766,71.637,71.766,71.738,71.798,71.673,71.798,107
2026-07-07 21:07:00,71.761,71.856,71.746,71.801,71.793,71.888,71.778,71.833,93
2026-07-07 21:08:00,71.796,71.856,71.716,71.801,71.828,71.892,71.748,71.833,78
2026-07-07 21:09:00,71.806,71.926,71.806,71.901,71.838,71.962,71.838,71.933,112
2026-07-07 21:10:00,71.906,71.966,71.906,71.956,71.938,71.998,71.938,71.988,82
2026-07-07 21:11:00,71.951,71.986,71.916,71.981,71.983,72.018,71.948,72.013,87
2026-07-07 21:12:00,71.986,72.056,71.956,72.051,72.018,72.088,71.988,72.083,69
2026-07-07 21:13:00,72.056,72.096,71.966,72.051,72.088,72.128,71.998,72.083,129
2026-07-07 21:14:00,72.046,72.126,72.026,72.076,72.078,72.158,72.058,72.108,132
2026-07-07 21:15:00,72.071,72.211,72.071,72.201,72.103,72.272,72.103,72.233,152
2026-07-07 21:16:00,72.211,72.286,72.211,72.281,72.243,72.318,72.243,72.313,145
2026-07-07 21:17:00,72.291,72.346,72.211,72.301,72.323,72.378,72.243,72.333,146
2026-07-07 21:18:00,72.311,72.476,72.311,72.431,72.343,72.508,72.343,72.463,187
2026-07-07 21:19:00,72.432,72.496,72.131,72.131,72.472,72.528,72.163,72.163,256
2026-07-07 21:20:00,72.146,72.286,71.956,72.241,72.178,72.318,71.988,72.273,279
2026-07-07 21:21:00,72.246,72.251,72.022,72.096,72.278,72.283,72.058,72.128,336
2026-07-07 21:22:00,72.091,72.121,71.996,72.101,72.123,72.153,72.028,72.133,326
2026-07-07 21:23:00,72.096,72.271,72.096,72.266,72.128,72.303,72.128,72.298,172
2026-07-07 21:24:00,72.276,72.346,72.156,72.241,72.308,72.378,72.188,72.273,150
2026-07-07 21:25:00,72.236,72.326,72.206,72.221,72.268,72.358,72.238,72.253,117
2026-07-07 21:26:00,72.226,72.241,72.161,72.186,72.258,72.273,72.193,72.218,100
2026-07-07 21:27:00,72.196,72.226,72.121,72.221,72.228,72.258,72.153,72.253,72
2026-07-07 21:28:00,72.236,72.241,72.161,72.191,72.268,72.273,72.193,72.223,87
2026-07-07 21:29:00,72.186,72.256,72.121,72.206,72.218,72.288,72.153,72.238,106
2026-07-07 21:30:00,72.216,72.311,72.196,72.256,72.248,72.343,72.228,72.288,102
2026-07-07 21:31:00,72.246,72.286,72.216,72.281,72.278,72.318,72.248,72.313,54
2026-07-07 21:32:00,72.271,72.306,72.222,72.241,72.303,72.338,72.262,72.273,61
2026-07-07 21:33:00,72.246,72.246,72.151,72.186,72.278,72.278,72.183,72.218,66
2026-07-07 21:34:00,72.181,72.241,72.161,72.196,72.213,72.273,72.193,72.228,77
2026-07-07 21:35:00,72.201,72.211,72.091,72.096,72.233,72.243,72.123,72.128,90
2026-07-07 21:36:00,72.106,72.171,72.101,72.106,72.138,72.203,72.133,72.138,58
2026-07-07 21:37:00,72.116,72.116,72.011,72.101,72.148,72.148,72.043,72.133,84
2026-07-07 21:38:00,72.106,72.131,72.036,72.081,72.138,72.163,72.068,72.113,89
2026-07-07 21:39:00,72.086,72.116,72.011,72.091,72.118,72.148,72.043,72.123,72
2026-07-07 21:40:00,72.086,72.156,71.981,72.011,72.118,72.188,72.013,72.043,80
2026-07-07 21:41:00,72.006,72.086,71.976,71.991,72.038,72.118,72.008,72.023,76
2026-07-07 21:42:00,71.986,72.021,71.976,71.996,72.018,72.053,72.008,72.028,49
2026-07-07 21:43:00,71.991,71.991,71.871,71.901,72.023,72.023,71.903,71.933,80
2026-07-07 21:44:00,71.916,71.926,71.837,71.871,71.948,71.958,71.873,71.903,109
2026-07-07 21:45:00,71.876,71.931,71.836,71.931,71.908,71.963,71.868,71.963,75
2026-07-07 21:46:00,71.926,71.936,71.876,71.936,71.958,71.968,71.908,71.968,82
2026-07-07 21:47:00,71.926,72.101,71.926,72.051,71.958,72.133,71.958,72.083,69
2026-07-07 21:48:00,72.046,72.046,71.971,71.991,72.078,72.078,72.003,72.023,65
2026-07-07 21:49:00,71.976,72.006,71.916,71.916,72.008,72.038,71.948,71.948,50
2026-07-07 21:50:00,71.906,71.936,71.856,71.911,71.938,71.968,71.888,71.943,76
2026-07-07 21:51:00,71.921,71.931,71.791,71.796,71.953,71.963,71.823,71.828,58
2026-07-07 21:52:00,71.806,71.826,71.746,71.786,71.838,71.858,71.778,71.818,82
2026-07-07 21:53:00,71.796,71.851,71.751,71.851,71.828,71.883,71.783,71.883,44
2026-07-07 21:54:00,71.856,71.876,71.756,71.871,71.888,71.908,71.788,71.903,69
2026-07-07 21:55:00,71.861,71.926,71.816,71.911,71.893,71.958,71.848,71.943,72
2026-07-07 21:56:00,71.916,71.936,71.896,71.916,71.948,71.968,71.928,71.948,39
2026-07-07 21:57:00,71.926,71.931,71.891,71.896,71.958,71.963,71.923,71.928,29
2026-07-07 21:58:00,71.891,71.906,71.866,71.876,71.923,71.938,71.898,71.908,39
2026-07-07 21:59:00,71.871,71.916,71.856,71.876,71.903,71.948,71.888,71.908,70
2026-07-07 22:00:00,71.886,72.026,71.871,71.981,71.918,72.058,71.903,72.013,78
2026-07-07 22:01:00,71.986,72.041,71.966,72.041,72.018,72.073,71.998,72.073,54
2026-07-07 22:02:00,72.036,72.036,71.951,71.956,72.068,72.068,71.983,71.988,26
2026-07-07 22:03:00,71.961,72.021,71.951,71.986,71.993,72.053,71.983,72.018,28
2026-07-07 22:04:00,71.996,72.021,71.991,71.991,72.028,72.053,72.023,72.023,28
2026-07-07 22:05:00,71.981,71.991,71.966,71.991,72.013,72.023,71.998,72.023,13
2026-07-07 22:06:00,71.981,72.001,71.906,71.956,72.013,72.033,71.938,71.988,37
2026-07-07 22:07:00,71.941,71.966,71.941,71.961,71.973,71.998,71.973,71.993,28
2026-07-07 22:08:00,71.971,72.061,71.971,72.041,72.003,72.093,72.003,72.073,35
2026-07-07 22:09:00,72.046,72.071,72.026,72.046,72.078,72.103,72.058,72.078,41
2026-07-07 22:10:00,72.031,72.086,72.011,72.066,72.063,72.118,72.043,72.098,35
2026-07-07 22:11:00,72.071,72.086,72.016,72.036,72.103,72.118,72.048,72.068,29
2026-07-07 22:12:00,72.026,72.036,72.006,72.006,72.058,72.068,72.038,72.038,17
2026-07-07 22:13:00,71.996,71.996,71.966,71.966,72.028,72.028,71.998,71.998,22
2026-07-07 22:14:00,71.976,72.011,71.971,72.011,72.008,72.043,72.003,72.043,33
2026-07-07 22:15:00,72.016,72.031,71.981,72.006,72.048,72.063,72.013,72.038,26
2026-07-07 22:16:00,71.996,72.021,71.986,71.986,72.028,72.053,72.018,72.018,13
2026-07-07 22:17:00,71.991,71.996,71.966,71.971,72.023,72.028,71.998,72.003,15
2026-07-07 22:18:00,71.966,72.106,71.961,71.992,71.998,72.138,71.993,72.032,65
2026-07-07 22:19:00,71.991,71.991,71.966,71.971,72.023,72.023,71.998,72.003,26
2026-07-07 22:20:00,71.966,72.021,71.966,72.011,71.998,72.053,71.998,72.043,17
2026-07-07 22:21:00,72.016,72.031,72.001,72.016,72.048,72.063,72.033,72.048,10
2026-07-07 22:22:00,72.031,72.051,72.021,72.021,72.063,72.083,72.053,72.053,19
2026-07-07 22:23:00,72.016,72.051,71.996,72.011,72.048,72.083,72.028,72.043,28
2026-07-07 22:24:00,72.016,72.061,72.016,72.046,72.048,72.093,72.048,72.078,17
2026-07-07 22:25:00,72.051,72.071,72.011,72.026,72.083,72.103,72.043,72.058,23
2026-07-07 22:26:00,72.016,72.036,72.016,72.031,72.048,72.068,72.048,72.063,6
2026-07-07 22:27:00,72.026,72.041,72.022,72.036,72.058,72.073,72.058,72.068,8
2026-07-07 22:28:00,72.051,72.071,72.031,72.031,72.083,72.103,72.063,72.063,9
2026-07-07 22:29:00,72.026,72.071,72.022,72.062,72.058,72.103,72.058,72.102,19
2026-07-07 22:30:00,72.051,72.126,72.051,72.116,72.083,72.158,72.083,72.148,34
2026-07-07 22:31:00,72.121,72.261,72.101,72.241,72.153,72.293,72.133,72.273,75
2026-07-07 22:32:00,72.236,72.261,72.206,72.206,72.268,72.293,72.238,72.238,31
2026-07-07 22:33:00,72.211,72.216,72.186,72.201,72.243,72.248,72.218,72.233,9
2026-07-07 22:34:00,72.186,72.271,72.186,72.256,72.218,72.303,72.218,72.288,21
2026-07-07 22:35:00,72.251,72.261,72.176,72.181,72.283,72.293,72.208,72.213,25
2026-07-07 22:36:00,72.176,72.211,72.156,72.206,72.208,72.243,72.188,72.238,18
2026-07-07 22:37:00,72.211,72.276,72.211,72.246,72.243,72.312,72.243,72.278,37
2026-07-07 22:38:00,72.251,72.271,72.226,72.231,72.283,72.303,72.258,72.263,22
2026-07-07 22:39:00,72.236,72.246,72.161,72.161,72.268,72.278,72.193,72.193,38
2026-07-07 22:40:00,72.151,72.191,72.151,72.176,72.183,72.223,72.183,72.208,21
2026-07-07 22:41:00,72.171,72.196,72.161,72.161,72.203,72.228,72.193,72.193,24
2026-07-07 22:42:00,72.156,72.166,72.121,72.142,72.188,72.198,72.153,72.182,18
2026-07-07 22:43:00,72.141,72.171,72.141,72.161,72.173,72.203,72.173,72.193,11
2026-07-07 22:44:00,72.156,72.156,72.121,72.136,72.188,72.188,72.153,72.168,22
2026-07-07 22:45:00,72.141,72.211,72.141,72.191,72.173,72.243,72.173,72.223,19
2026-07-07 22:46:00,72.181,72.226,72.181,72.211,72.213,72.258,72.213,72.243,22
2026-07-07 22:47:00,72.202,72.276,72.196,72.271,72.242,72.308,72.228,72.303,39
2026-07-07 22:48:00,72.266,72.286,72.251,72.261,72.298,72.318,72.283,72.293,25
2026-07-07 22:49:00,72.266,72.296,72.231,72.296,72.298,72.328,72.263,72.328,24
2026-07-07 22:50:00,72.281,72.291,72.251,72.251,72.313,72.323,72.283,72.283,15
2026-07-07 22:51:00,72.256,72.286,72.186,72.231,72.288,72.318,72.218,72.263,35
2026-07-07 22:52:00,72.236,72.236,72.216,72.216,72.268,72.268,72.248,72.248,14
2026-07-07 22:53:00,72.231,72.266,72.221,72.231,72.263,72.298,72.253,72.263,15
2026-07-07 22:54:00,72.221,72.231,72.201,72.206,72.253,72.263,72.233,72.238,8
2026-07-07 22:55:00,72.216,72.216,72.146,72.146,72.248,72.248,72.178,72.178,18
2026-07-07 22:56:00,72.151,72.151,72.136,72.141,72.183,72.183,72.168,72.173,7
2026-07-07 22:57:00,72.151,72.181,72.151,72.171,72.183,72.213,72.183,72.203,16
2026-07-07 22:58:00,72.166,72.181,72.166,72.181,72.198,72.213,72.198,72.213,18
2026-07-07 22:59:00,72.171,72.196,72.119,72.119,72.203,72.228,72.144,72.151,26
2026-07-08 00:00:00,72.28,72.554,72.16,72.379,72.32,72.61,72.211,72.411,142
2026-07-08 00:01:00,72.374,72.374,72.13,72.15,72.406,72.406,72.19,72.19,106
2026-07-08 00:02:00,72.155,72.194,72.0,72.065,72.195,72.25,72.07,72.105,87
2026-07-08 00:03:00,72.06,72.17,72.055,72.17,72.1,72.21,72.095,72.21,63
2026-07-08 00:04:00,72.18,72.234,72.164,72.199,72.22,72.266,72.196,72.231,40
2026-07-08 00:05:00,72.194,72.274,72.194,72.269,72.226,72.306,72.226,72.301,37
2026-07-08 00:06:00,72.264,72.279,72.229,72.259,72.296,72.311,72.261,72.291,31
2026-07-08 00:07:00,72.25,72.259,72.21,72.259,72.29,72.291,72.25,72.291,27
2026-07-08 00:08:00,72.264,72.309,72.254,72.309,72.296,72.341,72.286,72.341,33
2026-07-08 00:09:00,72.3,72.344,72.289,72.344,72.34,72.376,72.321,72.376,32
2026-07-08 00:10:00,72.339,72.344,72.259,72.284,72.371,72.376,72.291,72.316,27
2026-07-08 00:11:00,72.29,72.29,72.249,72.26,72.37,72.37,72.281,72.3,18
2026-07-08 00:12:00,72.269,72.279,72.259,72.279,72.301,72.311,72.291,72.311,14
2026-07-08 00:13:00,72.27,72.334,72.269,72.33,72.31,72.37,72.301,72.37,17
2026-07-08 00:14:00,72.329,72.329,72.239,72.239,72.361,72.361,72.271,72.271,10
2026-07-08 00:15:00,72.234,72.264,72.209,72.214,72.266,72.296,72.241,72.246,20
2026-07-08 00:16:00,72.219,72.239,72.2,72.239,72.251,72.275,72.236,72.271,22
2026-07-08 00:17:00,72.234,72.25,72.229,72.229,72.266,72.29,72.261,72.261,14
2026-07-08 00:18:00,72.23,72.24,72.194,72.219,72.27,72.28,72.226,72.251,17
2026-07-08 00:19:00,72.229,72.23,72.194,72.23,72.261,72.27,72.226,72.27,14
2026-07-08 00:20:00,72.24,72.249,72.234,72.24,72.28,72.281,72.266,72.28,11
2026-07-08 00:21:00,72.25,72.25,72.179,72.204,72.29,72.29,72.211,72.236,24
2026-07-08 00:22:00,72.19,72.239,72.19,72.234,72.23,72.271,72.23,72.266,11
2026-07-08 00:23:00,72.229,72.239,72.224,72.239,72.261,72.271,72.256,72.271,10
2026-07-08 00:24:00,72.244,72.264,72.244,72.264,72.276,72.296,72.276,72.296,7
2026-07-08 00:25:00,72.279,72.299,72.274,72.284,72.311,72.331,72.306,72.316,11
2026-07-08 00:26:00,72.279,72.279,72.264,72.264,72.311,72.311,72.296,72.296,5
2026-07-08 00:27:00,72.274,72.289,72.274,72.289,72.306,72.321,72.306,72.321,7
2026-07-08 00:28:00,72.29,72.304,72.289,72.289,72.33,72.336,72.321,72.321,7
2026-07-08 00:29:00,72.324,72.339,72.324,72.329,72.356,72.371,72.356,72.361,10
2026-07-08 00:30:00,72.334,72.334,72.284,72.284,72.366,72.366,72.316,72.316,7
2026-07-08 00:31:00,72.299,72.315,72.299,72.309,72.331,72.355,72.331,72.341,10
2026-07-08 00:32:00,72.314,72.319,72.27,72.279,72.346,72.351,72.31,72.311,9
2026-07-08 00:33:00,72.269,72.27,72.264,72.269,72.301,72.31,72.296,72.301,5
2026-07-08 00:34:00,72.279,72.299,72.279,72.279,72.311,72.331,72.311,72.311,12
2026-07-08 00:35:00,72.28,72.314,72.279,72.309,72.32,72.346,72.311,72.341,10
2026-07-08 00:36:00,72.299,72.339,72.299,72.329,72.331,72.371,72.331,72.361,10
2026-07-08 00:37:00,72.334,72.334,72.289,72.299,72.366,72.366,72.321,72.331,13
2026-07-08 00:38:00,72.29,72.299,72.28,72.289,72.33,72.331,72.316,72.321,10
2026-07-08 00:39:00,72.294,72.314,72.289,72.289,72.326,72.346,72.321,72.321,8
2026-07-08 00:40:00,72.29,72.299,72.289,72.289,72.33,72.331,72.321,72.321,8
2026-07-08 00:41:00,72.294,72.309,72.279,72.299,72.326,72.341,72.311,72.331,13
2026-07-08 00:42:00,72.289,72.364,72.289,72.359,72.321,72.396,72.321,72.391,20
2026-07-08 00:43:00,72.354,72.354,72.339,72.35,72.386,72.39,72.371,72.39,7
2026-07-08 00:44:00,72.349,72.364,72.329,72.349,72.381,72.396,72.361,72.381,14
2026-07-08 00:45:00,72.339,72.339,72.309,72.309,72.371,72.371,72.341,72.341,12
2026-07-08 00:46:00,72.314,72.324,72.304,72.309,72.346,72.356,72.336,72.341,6
2026-07-08 00:47:00,72.314,72.344,72.314,72.32,72.346,72.376,72.346,72.36,6
2026-07-08 00:48:00,72.31,72.344,72.31,72.339,72.35,72.376,72.35,72.371,7
2026-07-08 00:49:00,72.344,72.354,72.34,72.354,72.376,72.386,72.376,72.386,4
2026-07-08 00:50:00,72.359,72.384,72.35,72.379,72.391,72.416,72.39,72.411,10
2026-07-08 00:51:00,72.384,72.394,72.384,72.394,72.416,72.426,72.416,72.426,3
2026-07-08 00:52:00,72.389,72.394,72.374,72.394,72.421,72.426,72.406,72.426,11
2026-07-08 00:53:00,72.389,72.404,72.384,72.384,72.421,72.436,72.416,72.416,12
2026-07-08 00:54:00,72.379,72.394,72.364,72.389,72.411,72.426,72.396,72.421,9
2026-07-08 00:55:00,72.404,72.404,72.349,72.369,72.436,72.436,72.381,72.401,13
2026-07-08 00:56:00,72.359,72.369,72.359,72.359,72.391,72.401,72.391,72.391,7
2026-07-08 00:57:00,72.36,72.394,72.36,72.38,72.4,72.426,72.4,72.42,9
2026-07-08 00:58:00,72.389,72.389,72.369,72.369,72.421,72.421,72.401,72.401,5
2026-07-08 00:59:00,72.374,72.38,72.37,72.379,72.406,72.42,72.406,72.411,6
2026-07-08 01:00:00,72.374,72.394,72.359,72.384,72.406,72.426,72.391,72.416,14
2026-07-08 01:01:00,72.379,72.384,72.374,72.374,72.411,72.42,72.406,72.406,5
2026-07-08 01:02:00,72.379,72.379,72.359,72.369,72.411,72.411,72.391,72.401,4
2026-07-08 01:03:00,72.364,72.369,72.364,72.369,72.396,72.401,72.396,72.401,2
2026-07-08 01:04:00,72.364,72.374,72.364,72.364,72.396,72.406,72.396,72.396,4
2026-07-08 01:05:00,72.349,72.359,72.344,72.354,72.381,72.391,72.376,72.386,8
2026-07-08 01:06:00,72.344,72.389,72.344,72.359,72.376,72.421,72.376,72.391,15
2026-07-08 01:07:00,72.364,72.404,72.364,72.399,72.396,72.436,72.396,72.431,12
2026-07-08 01:08:00,72.394,72.394,72.354,72.359,72.426,72.426,72.386,72.391,7
2026-07-08 01:09:00,72.36,72.38,72.36,72.379,72.4,72.42,72.396,72.411,9
2026-07-08 01:10:00,72.37,72.379,72.354,72.369,72.41,72.411,72.386,72.401,7
2026-07-08 01:11:00,72.36,72.364,72.339,72.339,72.4,72.4,72.371,72.371,5
2026-07-08 01:12:00,72.345,72.359,72.34,72.359,72.385,72.391,72.38,72.391,6
2026-07-08 01:13:00,72.354,72.354,72.339,72.339,72.386,72.386,72.371,72.371,5
2026-07-08 01:14:00,72.334,72.334,72.309,72.309,72.366,72.366,72.341,72.341,6
2026-07-08 01:15:00,72.319,72.329,72.294,72.294,72.351,72.361,72.326,72.326,11
2026-07-08 01:16:00,72.299,72.299,72.294,72.299,72.331,72.331,72.326,72.331,3
2026-07-08 01:17:00,72.294,72.294,72.274,72.289,72.326,72.326,72.306,72.321,11
2026-07-08 01:18:00,72.284,72.284,72.254,72.254,72.316,72.316,72.286,72.286,7
2026-07-08 01:19:00,72.249,72.269,72.224,72.235,72.281,72.301,72.256,72.275,19
2026-07-08 01:20:00,72.224,72.249,72.204,72.249,72.256,72.281,72.236,72.281,17
2026-07-08 01:21:00,72.264,72.294,72.259,72.269,72.296,72.326,72.291,72.301,19
2026-07-08 01:22:00,72.289,72.329,72.289,72.31,72.321,72.361,72.321,72.35,16
2026-07-08 01:23:00,72.3,72.319,72.3,72.309,72.34,72.351,72.336,72.341,9
2026-07-08 01:24:00,72.299,72.299,72.299,72.299,72.331,72.331,72.331,72.331,1
2026-07-08 01:25:00,72.29,72.344,72.29,72.344,72.37,72.376,72.346,72.376,10
2026-07-08 01:26:00,72.349,72.349,72.299,72.319,72.381,72.381,72.331,72.351,11
2026-07-08 01:27:00,72.31,72.349,72.294,72.34,72.35,72.381,72.326,72.38,17
2026-07-08 01:28:00,72.339,72.364,72.339,72.344,72.371,72.396,72.371,72.376,18
2026-07-08 01:29:00,72.339,72.364,72.334,72.359,72.371,72.396,72.366,72.391,13
2026-07-08 01:30:00,72.369,72.374,72.275,72.31,72.401,72.406,72.33,72.35,12
2026-07-08 01:31:00,72.299,72.319,72.294,72.299,72.331,72.351,72.326,72.331,9
2026-07-08 01:32:00,72.304,72.364,72.27,72.344,72.336,72.396,72.306,72.376,21
2026-07-08 01:33:00,72.33,72.33,72.299,72.309,72.37,72.37,72.331,72.341,8
2026-07-08 01:34:00,72.324,72.344,72.324,72.34,72.356,72.38,72.356,72.38,6
2026-07-08 01:35:00,72.339,72.394,72.32,72.379,72.371,72.426,72.36,72.411,14
2026-07-08 01:36:00,72.374,72.389,72.374,72.389,72.406,72.421,72.406,72.421,3
2026-07-08 01:37:00,72.39,72.414,72.369,72.379,72.43,72.446,72.401,72.411,17
2026-07-08 01:38:00,72.374,72.414,72.374,72.409,72.406,72.446,72.406,72.441,8
2026-07-08 01:39:00,72.404,72.409,72.39,72.399,72.436,72.441,72.43,72.431,13
2026-07-08 01:40:00,72.394,72.414,72.389,72.409,72.426,72.446,72.421,72.441,16
2026-07-08 01:41:00,72.36,72.384,72.36,72.374,72.44,72.44,72.396,72.406,12
2026-07-08 01:42:00,72.36,72.36,72.339,72.339,72.4,72.4,72.371,72.371,8
2026-07-08 01:43:00,72.344,72.344,72.29,72.329,72.376,72.376,72.341,72.361,12
2026-07-08 01:44:00,72.324,72.334,72.324,72.329,72.356,72.366,72.356,72.361,4
2026-07-08 01:45:00,72.334,72.359,72.334,72.359,72.366,72.391,72.366,72.391,6
2026-07-08 01:46:00,72.34,72.34,72.319,72.32,72.38,72.38,72.351,72.36,10
2026-07-08 01:47:00,72.329,72.33,72.289,72.289,72.361,72.37,72.321,72.321,11
2026-07-08 01:48:00,72.284,72.284,72.225,72.28,72.316,72.32,72.291,72.32,20
2026-07-08 01:49:00,72.289,72.289,72.22,72.254,72.321,72.321,72.271,72.286,13
2026-07-08 01:50:00,72.26,72.28,72.229,72.249,72.3,72.32,72.261,72.281,6
2026-07-08 01:51:00,72.244,72.304,72.234,72.269,72.276,72.336,72.266,72.301,17
2026-07-08 01:52:00,72.264,72.28,72.264,72.27,72.296,72.32,72.296,72.31,15
2026-07-08 01:53:00,72.279,72.279,72.229,72.23,72.311,72.311,72.261,72.27,12
2026-07-08 01:54:00,72.239,72.259,72.229,72.229,72.271,72.291,72.261,72.261,15
2026-07-08 01:55:00,72.224,72.254,72.224,72.254,72.256,72.286,72.256,72.286,11
2026-07-08 01:56:00,72.249,72.254,72.23,72.24,72.281,72.286,72.27,72.28,6
2026-07-08 01:57:00,72.224,72.24,72.21,72.21,72.256,72.28,72.25,72.25,9
2026-07-08 01:58:00,72.209,72.269,72.174,72.269,72.241,72.301,72.206,72.301,31
2026-07-08 01:59:00,72.294,72.354,72.294,72.334,72.326,72.386,72.326,72.366,16
2026-07-08 02:00:00,72.324,72.424,72.279,72.374,72.356,72.456,72.311,72.406,91
2026-07-08 02:01:00,72.379,72.429,72.284,72.33,72.411,72.461,72.316,72.37,72
2026-07-08 02:02:00,72.329,72.364,72.319,72.359,72.361,72.396,72.351,72.391,31
2026-07-08 02:03:00,72.354,72.389,72.344,72.349,72.386,72.421,72.376,72.381,29
2026-07-08 02:04:00,72.344,72.394,72.334,72.389,72.376,72.426,72.366,72.421,20
2026-07-08 02:05:00,72.404,72.419,72.389,72.409,72.436,72.451,72.421,72.441,23
2026-07-08 02:06:00,72.404,72.424,72.394,72.404,72.436,72.46,72.426,72.436,24
2026-07-08 02:07:00,72.409,72.424,72.394,72.409,72.441,72.456,72.426,72.441,31
2026-07-08 02:08:00,72.424,72.424,72.404,72.409,72.456,72.456,72.436,72.441,21
2026-07-08 02:09:00,72.414,72.414,72.384,72.414,72.446,72.446,72.416,72.446,13
2026-07-08 02:10:00,72.424,72.424,72.384,72.384,72.456,72.456,72.416,72.416,23
2026-07-08 02:11:00,72.389,72.394,72.384,72.389,72.421,72.426,72.416,72.421,8
2026-07-08 02:12:00,72.394,72.414,72.374,72.389,72.426,72.446,72.406,72.421,24
2026-07-08 02:13:00,72.384,72.424,72.384,72.409,72.416,72.456,72.416,72.441,21
2026-07-08 02:14:00,72.404,72.419,72.394,72.414,72.436,72.451,72.426,72.446,12
2026-07-08 02:15:00,72.404,72.424,72.399,72.419,72.436,72.456,72.431,72.451,16
2026-07-08 02:16:00,72.424,72.474,72.404,72.474,72.456,72.506,72.436,72.506,18
2026-07-08 02:17:00,72.479,72.549,72.479,72.549,72.511,72.581,72.511,72.581,23
2026-07-08 02:18:00,72.544,72.624,72.544,72.594,72.576,72.656,72.576,72.626,55
2026-07-08 02:19:00,72.604,72.614,72.554,72.554,72.636,72.646,72.586,72.586,62
2026-07-08 02:20:00,72.564,72.604,72.549,72.584,72.596,72.636,72.581,72.616,26
2026-07-08 02:21:00,72.579,72.594,72.554,72.574,72.611,72.626,72.586,72.606,22
2026-07-08 02:22:00,72.579,72.584,72.524,72.529,72.611,72.616,72.556,72.561,30
2026-07-08 02:23:00,72.524,72.549,72.394,72.419,72.556,72.581,72.426,72.451,58
2026-07-08 02:24:00,72.414,72.469,72.414,72.449,72.446,72.501,72.446,72.481,26
2026-07-08 02:25:00,72.454,72.474,72.439,72.454,72.486,72.506,72.471,72.486,25
2026-07-08 02:26:00,72.459,72.464,72.424,72.439,72.491,72.496,72.456,72.471,29
2026-07-08 02:27:00,72.444,72.444,72.384,72.389,72.476,72.476,72.416,72.421,28
2026-07-08 02:28:00,72.394,72.404,72.334,72.384,72.426,72.436,72.366,72.416,29
2026-07-08 02:29:00,72.374,72.489,72.334,72.469,72.406,72.525,72.366,72.501,67
2026-07-08 02:30:00,72.464,72.469,72.369,72.399,72.496,72.501,72.401,72.431,38
2026-07-08 02:31:00,72.414,72.414,72.324,72.334,72.446,72.446,72.356,72.366,21
2026-07-08 02:32:00,72.339,72.359,72.314,72.314,72.371,72.391,72.346,72.346,26
2026-07-08 02:33:00,72.3,72.349,72.284,72.349,72.34,72.381,72.316,72.381,35
2026-07-08 02:34:00,72.339,72.344,72.254,72.254,72.371,72.376,72.286,72.286,40
2026-07-08 02:35:00,72.259,72.279,72.214,72.239,72.291,72.311,72.246,72.271,42
2026-07-08 02:36:00,72.244,72.244,72.14,72.164,72.276,72.276,72.18,72.196,46
2026-07-08 02:37:00,72.169,72.174,72.134,72.149,72.201,72.206,72.166,72.181,28
2026-07-08 02:38:00,72.159,72.189,72.149,72.164,72.191,72.221,72.181,72.196,24
2026-07-08 02:39:00,72.169,72.204,72.164,72.164,72.201,72.236,72.196,72.196,25
2026-07-08 02:40:00,72.149,72.204,72.149,72.204,72.181,72.236,72.181,72.236,21
2026-07-08 02:41:00,72.214,72.219,72.154,72.164,72.246,72.251,72.186,72.196,22
2026-07-08 02:42:00,72.169,72.174,72.124,72.134,72.201,72.206,72.156,72.166,25
2026-07-08 02:43:00,72.124,72.164,72.124,72.134,72.156,72.196,72.156,72.166,24
2026-07-08 02:44:00,72.114,72.114,71.965,72.03,72.146,72.146,72.02,72.07,67
2026-07-08 02:45:00,72.034,72.089,71.999,72.084,72.066,72.121,72.031,72.116,31
2026-07-08 02:46:00,72.089,72.114,72.049,72.064,72.121,72.146,72.081,72.096,33
2026-07-08 02:47:00,72.069,72.089,72.054,72.054,72.101,72.121,72.086,72.086,20
2026-07-08 02:48:00,72.044,72.044,71.994,72.024,72.076,72.076,72.026,72.056,20
2026-07-08 02:49:00,72.029,72.054,72.029,72.049,72.061,72.086,72.061,72.081,18
2026-07-08 02:50:00,72.044,72.079,72.034,72.059,72.076,72.111,72.066,72.091,25
2026-07-08 02:51:00,72.064,72.099,72.039,72.049,72.096,72.131,72.071,72.081,26
2026-07-08 02:52:00,72.044,72.064,72.039,72.039,72.076,72.096,72.071,72.071,18
2026-07-08 02:53:00,72.034,72.064,71.944,71.959,72.066,72.096,71.976,71.991,52
2026-07-08 02:54:00,71.954,72.064,71.954,72.054,71.986,72.096,71.986,72.086,48
2026-07-08 02:55:00,72.044,72.044,72.004,72.019,72.076,72.076,72.036,72.051,24
2026-07-08 02:56:00,72.024,72.024,71.999,71.999,72.056,72.056,72.031,72.031,18
2026-07-08 02:57:00,72.004,72.004,71.904,71.954,72.036,72.036,71.936,71.986,49
2026-07-08 02:58:00,71.964,71.989,71.919,71.964,71.996,72.021,71.951,71.996,48
2026-07-08 02:59:00,71.954,71.954,71.884,71.904,71.986,71.986,71.916,71.936,101
2026-07-08 03:00:00,71.909,71.909,71.689,71.769,71.941,71.941,71.721,71.801,252
2026-07-08 03:01:00,71.789,71.799,71.679,71.729,71.821,71.831,71.711,71.761,141
2026-07-08 03:02:00,71.724,71.769,71.684,71.719,71.756,71.801,71.716,71.751,90
2026-07-08 03:03:00,71.714,71.759,71.689,71.74,71.746,71.791,71.721,71.78,93
2026-07-08 03:04:00,71.749,71.814,71.734,71.809,71.781,71.846,71.766,71.841,71
2026-07-08 03:05:00,71.814,71.949,71.799,71.919,71.846,71.981,71.831,71.951,110
2026-07-08 03:06:00,71.909,71.949,71.844,71.924,71.941,71.981,71.876,71.956,87
2026-07-08 03:07:00,71.93,72.044,71.919,72.019,71.97,72.076,71.951,72.051,81
2026-07-08 03:08:00,72.014,72.039,71.94,71.999,72.046,72.071,72.011,72.031,86
2026-07-08 03:09:00,72.009,72.034,71.949,71.959,72.041,72.066,71.981,71.991,52
2026-07-08 03:10:00,71.964,71.974,71.914,71.949,71.996,72.01,71.946,71.981,67
2026-07-08 03:11:00,71.959,71.974,71.924,71.929,71.991,72.006,71.956,71.961,56
2026-07-08 03:12:00,71.914,71.919,71.809,71.869,71.946,71.951,71.841,71.901,68
2026-07-08 03:13:00,71.864,71.884,71.834,71.869,71.896,71.916,71.866,71.901,52
2026-07-08 03:14:00,71.874,71.899,71.844,71.854,71.906,71.931,71.876,71.886,59
2026-07-08 03:15:00,71.849,71.909,71.829,71.829,71.881,71.941,71.861,71.861,68
2026-07-08 03:16:00,71.834,71.854,71.809,71.814,71.866,71.886,71.841,71.846,65
2026-07-08 03:17:00,71.809,71.854,71.799,71.849,71.841,71.89,71.831,71.881,54
2026-07-08 03:18:00,71.854,71.889,71.814,71.869,71.886,71.921,71.846,71.901,51
2026-07-08 03:19:00,71.864,71.869,71.819,71.829,71.896,71.901,71.851,71.861,47
2026-07-08 03:20:00,71.82,71.834,71.764,71.789,71.86,71.866,71.796,71.821,64
2026-07-08 03:21:00,71.794,71.794,71.749,71.769,71.826,71.826,71.781,71.801,53
2026-07-08 03:22:00,71.779,71.789,71.734,71.734,71.811,71.821,71.766,71.766,60
2026-07-08 03:23:00,71.724,71.794,71.724,71.779,71.756,71.826,71.756,71.811,46
2026-07-08 03:24:00,71.784,71.809,71.704,71.709,71.816,71.841,71.736,71.741,61
2026-07-08 03:25:00,71.704,71.774,71.684,71.729,71.736,71.806,71.716,71.761,55
2026-07-08 03:26:00,71.724,71.744,71.664,71.724,71.756,71.776,71.696,71.756,30
2026-07-08 03:27:00,71.739,71.744,71.719,71.724,71.771,71.776,71.751,71.756,22
2026-07-08 03:28:00,71.734,71.754,71.719,71.739,71.766,71.786,71.751,71.771,35
2026-07-08 03:29:00,71.734,71.764,71.714,71.734,71.766,71.796,71.746,71.766,46
2026-07-08 03:30:00,71.729,71.854,71.699,71.844,71.761,71.886,71.731,71.876,79
2026-07-08 03:31:00,71.839,71.859,71.799,71.859,71.871,71.891,71.831,71.891,59
2026-07-08 03:32:00,71.864,71.864,71.809,71.83,71.896,71.896,71.841,71.87,48
2026-07-08 03:33:00,71.829,71.864,71.829,71.84,71.861,71.896,71.861,71.88,47
2026-07-08 03:34:00,71.829,71.879,71.779,71.859,71.861,71.911,71.811,71.891,71
2026-07-08 03:35:00,71.864,71.894,71.819,71.884,71.896,71.926,71.851,71.916,48
2026-07-08 03:36:00,71.874,71.884,71.839,71.859,71.906,71.916,71.871,71.891,38
2026-07-08 03:37:00,71.864,71.899,71.82,71.859,71.896,71.931,71.86,71.891,60
2026-07-08 03:38:00,71.86,71.97,71.859,71.949,71.9,72.015,71.891,71.981,69
2026-07-08 03:39:00,71.939,71.964,71.879,71.949,71.971,72.0,71.911,71.981,46
2026-07-08 03:40:00,71.954,72.004,71.929,71.964,71.986,72.036,71.961,71.996,74
2026-07-08 03:41:00,71.969,72.054,71.964,71.964,72.001,72.086,71.996,71.996,70
2026-07-08 03:42:00,71.969,71.984,71.959,71.959,72.001,72.02,71.991,71.991,23
2026-07-08 03:43:00,71.964,72.014,71.964,71.999,71.996,72.046,71.996,72.031,38
2026-07-08 03:44:00,71.989,72.029,71.974,72.019,72.021,72.061,72.006,72.051,39
2026-07-08 03:45:00,72.004,72.019,71.934,71.939,72.036,72.051,71.966,71.971,54
2026-07-08 03:46:00,71.929,71.954,71.919,71.949,71.961,72.03,71.951,71.981,39
2026-07-08 03:47:00,71.944,72.019,71.944,71.979,71.976,72.051,71.976,72.011,36
2026-07-08 03:48:00,71.984,72.079,71.979,72.039,72.016,72.111,72.011,72.071,80
2026-07-08 03:49:00,72.034,72.074,72.014,72.024,72.066,72.106,72.046,72.056,65
2026-07-08 03:50:00,72.029,72.069,72.019,72.039,72.061,72.101,72.051,72.071,60
2026-07-08 03:51:00,72.03,72.079,72.029,72.06,72.07,72.111,72.061,72.1,62
2026-07-08 03:52:00,72.054,72.069,71.97,71.979,72.086,72.101,72.006,72.011,51
2026-07-08 03:53:00,71.984,71.994,71.944,71.979,72.016,72.03,71.976,72.011,45
2026-07-08 03:54:00,71.989,72.039,71.989,72.034,72.021,72.071,72.021,72.066,35
2026-07-08 03:55:00,72.029,72.029,71.999,72.029,72.061,72.061,72.031,72.061,37
2026-07-08 03:56:00,72.034,72.049,72.014,72.044,72.066,72.081,72.046,72.076,47
2026-07-08 03:57:00,72.039,72.054,72.02,72.029,72.071,72.09,72.056,72.061,56
2026-07-08 03:58:00,72.034,72.054,72.019,72.054,72.066,72.086,72.051,72.086,31
2026-07-08 03:59:00,72.049,72.084,72.044,72.054,72.081,72.116,72.076,72.086,46
2026-07-08 04:00:00,72.059,72.064,71.929,71.979,72.091,72.096,71.961,72.011,53
2026-07-08 04:01:00,71.984,72.034,71.964,72.029,72.016,72.066,71.996,72.061,49
2026-07-08 04:02:00,72.039,72.044,72.019,72.034,72.071,72.08,72.051,72.066,27
2026-07-08 04:03:00,72.029,72.034,71.999,72.019,72.061,72.066,72.031,72.051,40
2026-07-08 04:04:00,72.024,72.074,72.004,72.064,72.056,72.106,72.036,72.096,39
2026-07-08 04:05:00,72.069,72.124,72.049,72.099,72.101,72.156,72.081,72.131,68
2026-07-08 04:06:00,72.104,72.144,72.104,72.139,72.136,72.176,72.136,72.171,32
2026-07-08 04:07:00,72.134,72.184,72.134,72.169,72.166,72.216,72.166,72.201,39
2026-07-08 04:08:00,72.159,72.159,72.084,72.089,72.191,72.191,72.116,72.121,31
2026-07-08 04:09:00,72.084,72.144,72.084,72.139,72.116,72.176,72.116,72.171,23
2026-07-08 04:10:00,72.134,72.159,72.134,72.159,72.166,72.191,72.166,72.191,34
2026-07-08 04:11:00,72.149,72.229,72.149,72.174,72.181,72.261,72.181,72.206,43
2026-07-08 04:12:00,72.164,72.224,72.164,72.199,72.196,72.256,72.196,72.231,36
2026-07-08 04:13:00,72.19,72.219,72.169,72.219,72.23,72.251,72.201,72.251,33
2026-07-08 04:14:00,72.209,72.234,72.174,72.189,72.241,72.266,72.206,72.221,46
2026-07-08 04:15:00,72.184,72.209,72.169,72.174,72.216,72.241,72.201,72.206,26
2026-07-08 04:16:00,72.169,72.214,72.169,72.189,72.201,72.25,72.201,72.221,15
2026-07-08 04:17:00,72.184,72.184,72.169,72.179,72.216,72.216,72.201,72.211,5
2026-07-08 04:18:00,72.184,72.239,72.169,72.239,72.216,72.271,72.201,72.271,28
2026-07-08 04:19:00,72.234,72.254,72.234,72.249,72.266,72.286,72.266,72.281,13
2026-07-08 04:20:00,72.254,72.289,72.244,72.269,72.286,72.321,72.276,72.301,39
2026-07-08 04:21:00,72.264,72.294,72.264,72.279,72.296,72.326,72.296,72.311,22
2026-07-08 04:22:00,72.28,72.304,72.26,72.304,72.32,72.336,72.3,72.336,18
2026-07-08 04:23:00,72.299,72.309,72.279,72.29,72.331,72.341,72.311,72.33,27
2026-07-08 04:24:00,72.294,72.334,72.284,72.329,72.326,72.366,72.316,72.361,51
2026-07-08 04:25:00,72.334,72.344,72.304,72.339,72.366,72.376,72.336,72.371,42
2026-07-08 04:26:00,72.334,72.344,72.324,72.339,72.366,72.376,72.356,72.371,17
2026-07-08 04:27:00,72.344,72.49,72.344,72.399,72.376,72.53,72.376,72.431,50
2026-07-08 04:28:00,72.404,72.449,72.33,72.389,72.436,72.481,72.37,72.421,71
2026-07-08 04:29:00,72.379,72.389,72.335,72.354,72.411,72.421,72.371,72.386,36
2026-07-08 04:30:00,72.359,72.394,72.289,72.289,72.391,72.426,72.321,72.321,95
2026-07-08 04:31:00,72.299,72.339,72.284,72.32,72.331,72.371,72.316,72.36,64
2026-07-08 04:32:00,72.319,72.329,72.269,72.3,72.351,72.361,72.301,72.34,66
2026-07-08 04:33:00,72.314,72.314,72.259,72.269,72.346,72.346,72.291,72.301,44
2026-07-08 04:34:00,72.264,72.289,72.229,72.239,72.296,72.321,72.261,72.271,42
2026-07-08 04:35:00,72.244,72.264,72.164,72.164,72.276,72.296,72.196,72.196,76
2026-07-08 04:36:00,72.174,72.174,72.114,72.114,72.206,72.206,72.146,72.146,49
2026-07-08 04:37:00,72.109,72.114,72.059,72.104,72.141,72.146,72.091,72.136,54
2026-07-08 04:38:00,72.114,72.119,72.079,72.089,72.146,72.151,72.111,72.121,46
2026-07-08 04:39:00,72.084,72.084,72.014,72.029,72.116,72.116,72.046,72.061,58
2026-07-08 04:40:00,72.034,72.064,72.019,72.019,72.066,72.096,72.051,72.051,44
2026-07-08 04:41:00,72.034,72.044,72.014,72.029,72.066,72.076,72.046,72.061,26
2026-07-08 04:42:00,72.034,72.099,72.034,72.099,72.066,72.131,72.066,72.131,49
2026-07-08 04:43:00,72.09,72.109,72.039,72.044,72.13,72.141,72.071,72.076,35
2026-07-08 04:44:00,72.034,72.044,72.014,72.029,72.066,72.076,72.046,72.061,23
2026-07-08 04:45:00,72.034,72.054,72.024,72.049,72.066,72.086,72.056,72.081,36
2026-07-08 04:46:00,72.044,72.12,72.044,72.119,72.076,72.16,72.076,72.151,40
2026-07-08 04:47:00,72.129,72.134,72.124,72.124,72.161,72.166,72.156,72.156,9
2026-07-08 04:48:00,72.134,72.144,72.109,72.134,72.166,72.176,72.141,72.166,25
2026-07-08 04:49:00,72.129,72.144,72.124,72.139,72.161,72.176,72.156,72.171,25
2026-07-08 04:50:00,72.149,72.224,72.149,72.189,72.181,72.256,72.181,72.221,38
2026-07-08 04:51:00,72.184,72.229,72.184,72.209,72.216,72.261,72.216,72.241,30
2026-07-08 04:52:00,72.214,72.219,72.159,72.159,72.246,72.251,72.191,72.191,28
2026-07-08 04:53:00,72.169,72.194,72.134,72.189,72.201,72.226,72.166,72.221,32
2026-07-08 04:54:00,72.184,72.204,72.169,72.179,72.216,72.236,72.201,72.211,38
2026-07-08 04:55:00,72.184,72.199,72.159,72.159,72.216,72.231,72.191,72.191,28
2026-07-08 04:56:00,72.164,72.184,72.149,72.184,72.196,72.216,72.181,72.216,25
2026-07-08 04:57:00,72.194,72.214,72.184,72.189,72.226,72.246,72.216,72.221,29
2026-07-08 04:58:00,72.194,72.194,72.169,72.184,72.226,72.226,72.201,72.216,15
2026-07-08 04:59:00,72.179,72.189,72.169,72.169,72.211,72.221,72.201,72.201,22
2026-07-08 05:00:00,72.174,72.194,72.154,72.189,72.206,72.226,72.186,72.221,32
2026-07-08 05:01:00,72.179,72.254,72.149,72.234,72.211,72.286,72.181,72.266,41
2026-07-08 05:02:00,72.239,72.239,72.179,72.209,72.271,72.271,72.211,72.241,28
2026-07-08 05:03:00,72.214,72.214,72.179,72.179,72.246,72.246,72.211,72.211,27
2026-07-08 05:04:00,72.169,72.224,72.139,72.219,72.201,72.256,72.171,72.251,31
2026-07-08 05:05:00,72.22,72.29,72.204,72.214,72.26,72.33,72.236,72.246,46
2026-07-08 05:06:00,72.219,72.269,72.219,72.239,72.251,72.301,72.251,72.271,34
2026-07-08 05:07:00,72.244,72.264,72.239,72.259,72.276,72.3,72.271,72.291,34
2026-07-08 05:08:00,72.254,72.294,72.24,72.289,72.286,72.326,72.276,72.321,32
2026-07-08 05:09:00,72.304,72.309,72.269,72.299,72.336,72.341,72.301,72.331,38
2026-07-08 05:10:00,72.304,72.314,72.289,72.299,72.336,72.346,72.321,72.331,21
2026-07-08 05:11:00,72.304,72.319,72.239,72.239,72.336,72.351,72.271,72.271,58
2026-07-08 05:12:00,72.24,72.279,72.239,72.279,72.28,72.311,72.271,72.311,32
2026-07-08 05:13:00,72.274,72.284,72.239,72.269,72.306,72.316,72.271,72.301,34
2026-07-08 05:14:00,72.259,72.274,72.204,72.249,72.291,72.31,72.236,72.281,43
2026-07-08 05:15:00,72.24,72.264,72.219,72.219,72.28,72.296,72.251,72.251,26
2026-07-08 05:16:00,72.224,72.264,72.214,72.254,72.256,72.296,72.246,72.286,39
2026-07-08 05:17:00,72.259,72.274,72.249,72.249,72.291,72.306,72.281,72.281,38
2026-07-08 05:18:00,72.23,72.249,72.184,72.194,72.27,72.281,72.216,72.226,31
2026-07-08 05:19:00,72.189,72.209,72.184,72.194,72.221,72.241,72.216,72.226,24
2026-07-08 05:20:00,72.199,72.209,72.184,72.189,72.231,72.241,72.216,72.221,15
2026-07-08 05:21:00,72.184,72.189,72.164,72.179,72.216,72.221,72.196,72.211,23
2026-07-08 05:22:00,72.184,72.219,72.159,72.209,72.216,72.251,72.191,72.241,36
2026-07-08 05:23:00,72.214,72.214,72.194,72.204,72.246,72.246,72.226,72.236,18
2026-07-08 05:24:00,72.194,72.224,72.184,72.199,72.226,72.256,72.216,72.231,36
2026-07-08 05:25:00,72.204,72.209,72.174,72.189,72.236,72.241,72.206,72.221,24
2026-07-08 05:26:00,72.184,72.2,72.164,72.189,72.216,72.24,72.196,72.221,17
2026-07-08 05:27:00,72.179,72.189,72.164,72.174,72.211,72.221,72.196,72.206,28
2026-07-08 05:28:00,72.164,72.179,72.154,72.154,72.196,72.211,72.186,72.186,25
2026-07-08 05:29:00,72.159,72.164,72.14,72.149,72.191,72.196,72.176,72.181,37
2026-07-08 05:30:00,72.144,72.149,72.084,72.129,72.176,72.181,72.116,72.161,68
2026-07-08 05:31:00,72.124,72.174,72.104,72.169,72.156,72.206,72.136,72.201,54
2026-07-08 05:32:00,72.164,72.184,72.149,72.179,72.196,72.216,72.181,72.211,29
2026-07-08 05:33:00,72.169,72.194,72.159,72.174,72.201,72.226,72.191,72.206,28
2026-07-08 05:34:00,72.179,72.204,72.174,72.199,72.211,72.236,72.206,72.231,29
2026-07-08 05:35:00,72.204,72.234,72.194,72.219,72.236,72.266,72.226,72.251,28
2026-07-08 05:36:00,72.214,72.224,72.204,72.224,72.246,72.256,72.236,72.256,21
2026-07-08 05:37:00,72.229,72.244,72.179,72.179,72.261,72.276,72.211,72.211,15
2026-07-08 05:38:00,72.184,72.219,72.179,72.209,72.216,72.251,72.211,72.241,23
2026-07-08 05:39:00,72.204,72.219,72.204,72.209,72.236,72.251,72.236,72.241,6
2026-07-08 05:40:00,72.214,72.219,72.184,72.219,72.246,72.251,72.216,72.251,17
2026-07-08 05:41:00,72.204,72.204,72.194,72.199,72.236,72.236,72.226,72.231,13
2026-07-08 05:42:00,72.204,72.204,72.154,72.154,72.236,72.236,72.186,72.186,25
2026-07-08 05:43:00,72.159,72.179,72.144,72.179,72.191,72.211,72.176,72.211,13
2026-07-08 05:44:00,72.189,72.214,72.189,72.214,72.221,72.246,72.221,72.246,17
2026-07-08 05:45:00,72.209,72.229,72.189,72.209,72.241,72.261,72.221,72.241,22
2026-07-08 05:46:00,72.204,72.229,72.204,72.209,72.236,72.261,72.236,72.241,7
2026-07-08 05:47:00,72.204,72.224,72.199,72.224,72.236,72.256,72.231,72.256,10
2026-07-08 05:48:00,72.219,72.219,72.189,72.194,72.251,72.251,72.221,72.226,13
2026-07-08 05:49:00,72.189,72.194,72.174,72.179,72.221,72.226,72.206,72.211,12
2026-07-08 05:50:00,72.174,72.179,72.174,72.179,72.206,72.211,72.206,72.211,2
2026-07-08 05:51:00,72.169,72.184,72.169,72.179,72.201,72.216,72.201,72.211,6
2026-07-08 05:52:00,72.174,72.194,72.174,72.189,72.206,72.226,72.206,72.221,11
2026-07-08 05:53:00,72.199,72.199,72.164,72.164,72.231,72.231,72.196,72.196,14
2026-07-08 05:54:00,72.159,72.159,72.134,72.139,72.191,72.191,72.166,72.171,28
2026-07-08 05:55:00,72.144,72.144,72.129,72.129,72.176,72.176,72.161,72.161,6
2026-07-08 05:56:00,72.114,72.144,72.114,72.134,72.146,72.176,72.146,72.166,9
2026-07-08 05:57:00,72.129,72.144,72.124,72.144,72.161,72.176,72.156,72.176,18
2026-07-08 05:58:00,72.149,72.179,72.144,72.174,72.181,72.211,72.176,72.206,18
2026-07-08 05:59:00,72.179,72.194,72.179,72.184,72.211,72.226,72.211,72.216,8
2026-07-08 06:00:00,72.179,72.209,72.179,72.199,72.211,72.241,72.211,72.231,16
2026-07-08 06:01:00,72.194,72.204,72.19,72.199,72.226,72.236,72.226,72.231,12
2026-07-08 06:02:00,72.194,72.199,72.169,72.179,72.226,72.231,72.201,72.211,7
2026-07-08 06:03:00,72.169,72.174,72.169,72.174,72.201,72.206,72.201,72.206,2
2026-07-08 06:04:00,72.169,72.189,72.164,72.189,72.201,72.221,72.196,72.221,15
2026-07-08 06:05:00,72.179,72.214,72.179,72.214,72.211,72.246,72.211,72.246,12
2026-07-08 06:06:00,72.224,72.254,72.224,72.244,72.256,72.286,72.256,72.276,16
2026-07-08 06:07:00,72.254,72.264,72.234,72.239,72.286,72.296,72.266,72.271,16
2026-07-08 06:08:00,72.244,72.244,72.199,72.199,72.276,72.276,72.231,72.231,20
2026-07-08 06:09:00,72.204,72.209,72.184,72.184,72.236,72.241,72.216,72.216,24
2026-07-08 06:10:00,72.194,72.199,72.189,72.194,72.226,72.231,72.221,72.226,6
2026-07-08 06:11:00,72.189,72.199,72.189,72.189,72.221,72.231,72.221,72.221,13
2026-07-08 06:12:00,72.184,72.194,72.184,72.194,72.216,72.226,72.216,72.226,7
2026-07-08 06:13:00,72.204,72.314,72.199,72.299,72.236,72.346,72.231,72.331,37
2026-07-08 06:14:00,72.284,72.284,72.249,72.269,72.316,72.316,72.281,72.301,19
2026-07-08 06:15:00,72.264,72.28,72.259,72.274,72.296,72.32,72.291,72.306,20
2026-07-08 06:16:00,72.289,72.304,72.284,72.294,72.321,72.336,72.316,72.326,18
2026-07-08 06:17:00,72.289,72.294,72.224,72.224,72.321,72.326,72.256,72.256,17
2026-07-08 06:18:00,72.219,72.224,72.204,72.219,72.251,72.256,72.236,72.251,19
2026-07-08 06:19:00,72.214,72.259,72.214,72.249,72.246,72.291,72.246,72.281,15
2026-07-08 06:20:00,72.254,72.264,72.249,72.264,72.286,72.296,72.281,72.296,13
2026-07-08 06:21:00,72.259,72.264,72.249,72.249,72.291,72.296,72.281,72.281,7
2026-07-08 06:22:00,72.254,72.254,72.234,72.239,72.286,72.286,72.266,72.271,12
2026-07-08 06:23:00,72.244,72.254,72.21,72.219,72.276,72.286,72.25,72.251,15
2026-07-08 06:24:00,72.224,72.229,72.204,72.209,72.256,72.261,72.236,72.241,10
2026-07-08 06:25:00,72.204,72.214,72.189,72.189,72.236,72.246,72.221,72.221,6
2026-07-08 06:26:00,72.184,72.214,72.184,72.209,72.216,72.246,72.216,72.241,7
2026-07-08 06:27:00,72.199,72.199,72.179,72.189,72.231,72.231,72.211,72.221,9
2026-07-08 06:28:00,72.199,72.199,72.164,72.169,72.231,72.231,72.196,72.201,9
2026-07-08 06:29:00,72.174,72.174,72.174,72.174,72.206,72.206,72.206,72.206,1
2026-07-08 06:30:00,72.169,72.169,72.124,72.124,72.201,72.201,72.156,72.156,18
2026-07-08 06:31:00,72.129,72.174,72.129,72.149,72.161,72.206,72.161,72.181,13
2026-07-08 06:32:00,72.144,72.154,72.144,72.144,72.176,72.186,72.176,72.176,6
2026-07-08 06:33:00,72.134,72.154,72.129,72.154,72.166,72.186,72.161,72.186,18
2026-07-08 06:34:00,72.159,72.179,72.159,72.169,72.191,72.211,72.191,72.201,10
2026-07-08 06:35:00,72.174,72.174,72.159,72.159,72.206,72.206,72.191,72.191,7
2026-07-08 06:36:00,72.164,72.194,72.159,72.174,72.196,72.226,72.191,72.206,32
2026-07-08 06:37:00,72.169,72.174,72.149,72.154,72.201,72.206,72.181,72.186,18
2026-07-08 06:38:00,72.149,72.189,72.149,72.184,72.181,72.221,72.181,72.216,14
2026-07-08 06:39:00,72.189,72.189,72.164,72.169,72.221,72.221,72.196,72.201,18
2026-07-08 06:40:00,72.174,72.174,72.149,72.154,72.206,72.206,72.181,72.186,11
2026-07-08 06:41:00,72.149,72.174,72.144,72.159,72.181,72.206,72.176,72.191,19
2026-07-08 06:42:00,72.164,72.189,72.159,72.16,72.196,72.221,72.191,72.2,25
2026-07-08 06:43:00,72.159,72.174,72.149,72.164,72.191,72.206,72.181,72.196,20
2026-07-08 06:44:00,72.159,72.199,72.159,72.184,72.191,72.231,72.191,72.216,21
2026-07-08 06:45:00,72.194,72.224,72.179,72.224,72.226,72.256,72.211,72.256,30
2026-07-08 06:46:00,72.214,72.224,72.199,72.204,72.246,72.256,72.231,72.236,22
2026-07-08 06:47:00,72.199,72.204,72.199,72.199,72.231,72.236,72.231,72.231,7
2026-07-08 06:48:00,72.204,72.204,72.194,72.204,72.236,72.236,72.226,72.236,9
2026-07-08 06:49:00,72.209,72.234,72.204,72.224,72.241,72.266,72.236,72.256,8
2026-07-08 06:50:00,72.219,72.234,72.214,72.224,72.251,72.266,72.246,72.256,10
2026-07-08 06:51:00,72.229,72.229,72.229,72.229,72.261,72.261,72.261,72.261,1
2026-07-08 06:52:00,72.224,72.224,72.224,72.224,72.256,72.256,72.256,72.256,1
2026-07-08 06:53:00,72.219,72.219,72.209,72.214,72.251,72.251,72.241,72.246,4
2026-07-08 06:54:00,72.22,72.22,72.209,72.219,72.26,72.26,72.241,72.251,9
2026-07-08 06:55:00,72.209,72.214,72.209,72.214,72.241,72.246,72.241,72.246,2
2026-07-08 06:56:00,72.219,72.244,72.189,72.224,72.251,72.276,72.221,72.256,32
2026-07-08 06:57:00,72.229,72.239,72.224,72.229,72.261,72.271,72.256,72.261,6
2026-07-08 06:58:00,72.234,72.254,72.224,72.234,72.266,72.286,72.256,72.266,13
2026-07-08 06:59:00,72.244,72.289,72.239,72.279,72.276,72.321,72.271,72.311,10
2026-07-08 07:00:00,72.284,72.334,72.274,72.274,72.316,72.366,72.306,72.306,38
2026-07-08 07:01:00,72.279,72.299,72.279,72.299,72.311,72.331,72.311,72.331,16
2026-07-08 07:02:00,72.309,72.364,72.309,72.364,72.341,72.396,72.341,72.396,18
2026-07-08 07:03:00,72.374,72.394,72.349,72.349,72.406,72.426,72.381,72.381,15
2026-07-08 07:04:00,72.354,72.364,72.344,72.349,72.386,72.396,72.376,72.381,17
2026-07-08 07:05:00,72.354,72.374,72.354,72.37,72.386,72.41,72.386,72.41,9
2026-07-08 07:06:00,72.369,72.384,72.364,72.374,72.401,72.416,72.396,72.406,19
2026-07-08 07:07:00,72.369,72.394,72.369,72.384,72.401,72.426,72.401,72.416,14
2026-07-08 07:08:00,72.399,72.414,72.379,72.414,72.431,72.446,72.411,72.446,13
2026-07-08 07:09:00,72.409,72.504,72.409,72.504,72.441,72.536,72.441,72.536,28
2026-07-08 07:10:00,72.489,72.514,72.459,72.469,72.521,72.546,72.491,72.501,33
2026-07-08 07:11:00,72.459,72.469,72.409,72.419,72.491,72.501,72.441,72.451,19
2026-07-08 07:12:00,72.414,72.429,72.359,72.359,72.446,72.461,72.391,72.391,22
2026-07-08 07:13:00,72.354,72.374,72.344,72.349,72.386,72.406,72.376,72.381,21
2026-07-08 07:14:00,72.359,72.399,72.359,72.394,72.391,72.431,72.391,72.426,30
2026-07-08 07:15:00,72.399,72.429,72.389,72.424,72.431,72.461,72.421,72.456,10
2026-07-08 07:16:00,72.414,72.449,72.414,72.429,72.446,72.481,72.446,72.461,18
2026-07-08 07:17:00,72.434,72.479,72.429,72.474,72.466,72.511,72.461,72.506,30
2026-07-08 07:18:00,72.469,72.494,72.469,72.489,72.501,72.53,72.501,72.521,15
2026-07-08 07:19:00,72.474,72.534,72.474,72.534,72.506,72.566,72.506,72.566,22
2026-07-08 07:20:00,72.529,72.704,72.514,72.704,72.561,72.736,72.546,72.736,72
2026-07-08 07:21:00,72.714,72.804,72.694,72.739,72.746,72.836,72.726,72.771,97
2026-07-08 07:22:00,72.734,72.789,72.714,72.754,72.766,72.821,72.746,72.786,66
2026-07-08 07:23:00,72.774,72.824,72.719,72.764,72.806,72.856,72.751,72.796,64
2026-07-08 07:24:00,72.78,72.814,72.744,72.764,72.82,72.846,72.776,72.796,50
2026-07-08 07:25:00,72.774,72.809,72.654,72.674,72.806,72.841,72.686,72.706,58
2026-07-08 07:26:00,72.679,72.709,72.654,72.659,72.711,72.741,72.686,72.691,39
2026-07-08 07:27:00,72.654,72.689,72.614,72.619,72.686,72.721,72.646,72.651,28
2026-07-08 07:28:00,72.624,72.694,72.624,72.679,72.656,72.726,72.656,72.711,31
2026-07-08 07:29:00,72.664,72.664,72.649,72.654,72.696,72.696,72.681,72.686,21
2026-07-08 07:30:00,72.644,72.649,72.574,72.589,72.676,72.681,72.606,72.621,111
2026-07-08 07:31:00,72.59,72.654,72.589,72.629,72.63,72.686,72.621,72.661,59
2026-07-08 07:32:00,72.624,72.684,72.589,72.674,72.656,72.716,72.621,72.706,55
2026-07-08 07:33:00,72.669,72.684,72.614,72.639,72.701,72.716,72.646,72.671,52
2026-07-08 07:34:00,72.649,72.659,72.594,72.639,72.681,72.691,72.626,72.671,36
2026-07-08 07:35:00,72.644,72.674,72.599,72.664,72.676,72.706,72.631,72.696,56
2026-07-08 07:36:00,72.674,72.674,72.629,72.664,72.706,72.706,72.661,72.696,44
2026-07-08 07:37:00,72.654,72.664,72.599,72.599,72.686,72.696,72.631,72.631,46
2026-07-08 07:38:00,72.594,72.634,72.569,72.569,72.626,72.666,72.601,72.601,63
2026-07-08 07:39:00,72.579,72.579,72.524,72.529,72.611,72.611,72.556,72.561,49
2026-07-08 07:40:00,72.514,72.519,72.389,72.389,72.546,72.551,72.421,72.421,58
2026-07-08 07:41:00,72.394,72.424,72.364,72.374,72.426,72.456,72.396,72.406,48
2026-07-08 07:42:00,72.364,72.369,72.254,72.264,72.396,72.401,72.286,72.296,76
2026-07-08 07:43:00,72.259,72.364,72.254,72.364,72.291,72.396,72.286,72.396,72
2026-07-08 07:44:00,72.374,72.509,72.369,72.499,72.406,72.541,72.401,72.531,64
2026-07-08 07:45:00,72.509,72.544,72.48,72.514,72.541,72.576,72.516,72.546,73
2026-07-08 07:46:00,72.509,72.579,72.499,72.579,72.541,72.611,72.531,72.611,69
2026-07-08 07:47:00,72.574,72.574,72.459,72.469,72.606,72.606,72.491,72.501,47
2026-07-08 07:48:00,72.48,72.554,72.479,72.539,72.52,72.59,72.511,72.571,45
2026-07-08 07:49:00,72.544,72.579,72.524,72.569,72.576,72.611,72.556,72.601,46
2026-07-08 07:50:00,72.584,72.664,72.569,72.624,72.616,72.696,72.601,72.656,46
2026-07-08 07:51:00,72.634,72.674,72.63,72.674,72.666,72.706,72.666,72.706,36
2026-07-08 07:52:00,72.669,72.689,72.629,72.654,72.701,72.721,72.661,72.686,45
2026-07-08 07:53:00,72.659,72.669,72.599,72.664,72.691,72.701,72.631,72.696,57
2026-07-08 07:54:00,72.659,72.709,72.649,72.664,72.691,72.741,72.681,72.696,64
2026-07-08 07:55:00,72.669,72.709,72.629,72.634,72.701,72.741,72.661,72.666,42
2026-07-08 07:56:00,72.629,72.679,72.624,72.66,72.661,72.711,72.656,72.7,59
2026-07-08 07:57:00,72.669,72.684,72.634,72.644,72.701,72.716,72.666,72.676,59
2026-07-08 07:58:00,72.649,72.704,72.649,72.699,72.681,72.736,72.681,72.731,53
2026-07-08 07:59:00,72.709,72.734,72.674,72.689,72.741,72.766,72.706,72.721,49
2026-07-08 08:00:00,72.67,72.764,72.649,72.724,72.71,72.796,72.681,72.756,87
2026-07-08 08:01:00,72.729,72.734,72.609,72.664,72.761,72.766,72.641,72.696,71
2026-07-08 08:02:00,72.669,72.699,72.629,72.629,72.701,72.731,72.661,72.661,44
2026-07-08 08:03:00,72.634,72.669,72.619,72.624,72.666,72.701,72.651,72.656,45
2026-07-08 08:04:00,72.619,72.639,72.544,72.609,72.651,72.671,72.576,72.641,63
2026-07-08 08:05:00,72.604,72.734,72.594,72.734,72.636,72.766,72.626,72.766,80
2026-07-08 08:06:00,72.724,72.759,72.704,72.739,72.756,72.791,72.736,72.771,86
2026-07-08 08:07:00,72.734,72.734,72.674,72.689,72.766,72.766,72.706,72.721,56
2026-07-08 08:08:00,72.699,72.709,72.634,72.699,72.731,72.741,72.666,72.731,72
2026-07-08 08:09:00,72.694,72.724,72.664,72.704,72.726,72.756,72.696,72.736,50
2026-07-08 08:10:00,72.709,72.739,72.674,72.729,72.741,72.771,72.706,72.761,43
2026-07-08 08:11:00,72.739,72.749,72.699,72.709,72.771,72.781,72.731,72.741,55
2026-07-08 08:12:00,72.714,72.844,72.714,72.829,72.746,72.876,72.746,72.861,95
2026-07-08 08:13:00,72.814,72.829,72.744,72.799,72.846,72.861,72.776,72.831,70
2026-07-08 08:14:00,72.794,72.804,72.724,72.729,72.826,72.836,72.756,72.761,55
2026-07-08 08:15:00,72.734,72.744,72.669,72.669,72.766,72.776,72.701,72.701,55
2026-07-08 08:16:00,72.664,72.714,72.664,72.714,72.696,72.746,72.696,72.746,65
2026-07-08 08:17:00,72.709,72.714,72.654,72.659,72.741,72.746,72.686,72.691,63
2026-07-08 08:18:00,72.669,72.684,72.559,72.564,72.701,72.72,72.591,72.596,75
2026-07-08 08:19:00,72.559,72.589,72.534,72.534,72.591,72.621,72.566,72.566,86
2026-07-08 08:20:00,72.544,72.599,72.519,72.589,72.576,72.631,72.551,72.621,67
2026-07-08 08:21:00,72.594,72.644,72.589,72.619,72.626,72.676,72.621,72.651,70
2026-07-08 08:22:00,72.624,72.674,72.609,72.629,72.656,72.706,72.641,72.661,52
2026-07-08 08:23:00,72.634,72.754,72.629,72.724,72.666,72.786,72.661,72.756,84
2026-07-08 08:24:00,72.709,72.709,72.609,72.63,72.741,72.741,72.641,72.67,63
2026-07-08 08:25:00,72.649,72.649,72.599,72.604,72.681,72.681,72.631,72.636,67
2026-07-08 08:26:00,72.614,72.669,72.584,72.589,72.646,72.701,72.616,72.621,64
2026-07-08 08:27:00,72.594,72.599,72.529,72.539,72.626,72.631,72.561,72.571,79
2026-07-08 08:28:00,72.549,72.589,72.544,72.579,72.581,72.621,72.576,72.611,77
2026-07-08 08:29:00,72.584,72.589,72.564,72.579,72.616,72.621,72.596,72.611,30
2026-07-08 08:30:00,72.584,72.704,72.574,72.689,72.616,72.736,72.606,72.721,84
2026-07-08 08:31:00,72.694,72.744,72.694,72.699,72.726,72.776,72.726,72.731,53
2026-07-08 08:32:00,72.714,72.714,72.534,72.534,72.746,72.746,72.566,72.566,63
2026-07-08 08:33:00,72.539,72.664,72.524,72.659,72.571,72.696,72.556,72.691,93
2026-07-08 08:34:00,72.664,72.704,72.649,72.674,72.696,72.736,72.681,72.706,45
2026-07-08 08:35:00,72.679,72.739,72.679,72.714,72.711,72.771,72.711,72.746,55
2026-07-08 08:36:00,72.719,72.754,72.709,72.719,72.751,72.786,72.741,72.751,51
2026-07-08 08:37:00,72.729,72.754,72.694,72.704,72.761,72.786,72.726,72.736,37
2026-07-08 08:38:00,72.714,72.714,72.624,72.624,72.746,72.746,72.656,72.656,44
2026-07-08 08:39:00,72.629,72.654,72.624,72.639,72.661,72.686,72.656,72.671,30
2026-07-08 08:40:00,72.634,72.679,72.609,72.634,72.666,72.711,72.641,72.666,60
2026-07-08 08:41:00,72.639,72.679,72.564,72.644,72.671,72.711,72.596,72.676,70
2026-07-08 08:42:00,72.634,72.644,72.609,72.609,72.666,72.676,72.641,72.641,39
2026-07-08 08:43:00,72.614,72.674,72.604,72.629,72.646,72.706,72.636,72.661,46
2026-07-08 08:44:00,72.624,72.624,72.584,72.594,72.656,72.656,72.616,72.626,45
2026-07-08 08:45:00,72.599,72.659,72.599,72.629,72.631,72.691,72.631,72.661,57
2026-07-08 08:46:00,72.624,72.634,72.524,72.529,72.656,72.666,72.556,72.561,81
2026-07-08 08:47:00,72.524,72.564,72.489,72.509,72.556,72.596,72.521,72.541,64
2026-07-08 08:48:00,72.514,72.544,72.509,72.509,72.546,72.576,72.541,72.541,34
2026-07-08 08:49:00,72.514,72.539,72.494,72.529,72.546,72.571,72.526,72.561,44
2026-07-08 08:50:00,72.534,72.534,72.464,72.509,72.566,72.566,72.496,72.541,55
2026-07-08 08:51:00,72.514,72.589,72.499,72.579,72.546,72.621,72.531,72.611,67
2026-07-08 08:52:00,72.574,72.644,72.564,72.609,72.606,72.676,72.596,72.641,62
2026-07-08 08:53:00,72.604,72.644,72.549,72.639,72.636,72.676,72.581,72.671,50
2026-07-08 08:54:00,72.634,72.634,72.574,72.589,72.666,72.666,72.606,72.621,52
2026-07-08 08:55:00,72.59,72.594,72.514,72.544,72.63,72.63,72.546,72.576,58
2026-07-08 08:56:00,72.549,72.584,72.534,72.574,72.581,72.616,72.566,72.606,54
2026-07-08 08:57:00,72.579,72.579,72.514,72.549,72.611,72.611,72.546,72.581,51
2026-07-08 08:58:00,72.554,72.579,72.529,72.549,72.586,72.611,72.561,72.581,38
2026-07-08 08:59:00,72.55,72.554,72.479,72.489,72.59,72.59,72.511,72.521,80
2026-07-08 09:00:00,72.484,72.574,72.459,72.574,72.516,72.606,72.491,72.606,106
2026-07-08 09:01:00,72.579,72.589,72.514,72.519,72.611,72.621,72.546,72.551,65
2026-07-08 09:02:00,72.504,72.549,72.454,72.519,72.536,72.581,72.486,72.551,87
2026-07-08 09:03:00,72.524,72.574,72.479,72.564,72.556,72.606,72.511,72.596,106
2026-07-08 09:04:00,72.559,72.664,72.544,72.624,72.591,72.696,72.576,72.656,74
2026-07-08 09:05:00,72.609,72.749,72.604,72.739,72.641,72.781,72.636,72.771,76
2026-07-08 09:06:00,72.734,72.774,72.629,72.699,72.766,72.806,72.661,72.731,95
2026-07-08 09:07:00,72.704,72.769,72.664,72.699,72.736,72.801,72.696,72.731,91
2026-07-08 09:08:00,72.694,72.699,72.594,72.629,72.726,72.731,72.626,72.661,49
2026-07-08 09:09:00,72.634,72.644,72.499,72.504,72.666,72.676,72.531,72.536,68
2026-07-08 09:10:00,72.499,72.524,72.424,72.429,72.531,72.556,72.456,72.461,93
2026-07-08 09:11:00,72.434,72.459,72.364,72.369,72.466,72.491,72.396,72.401,79
2026-07-08 09:12:00,72.374,72.429,72.364,72.409,72.406,72.461,72.396,72.441,68
2026-07-08 09:13:00,72.414,72.444,72.374,72.409,72.446,72.476,72.406,72.441,79
2026-07-08 09:14:00,72.414,72.464,72.389,72.429,72.446,72.496,72.421,72.461,62
2026-07-08 09:15:00,72.424,72.434,72.359,72.364,72.456,72.466,72.391,72.396,66
2026-07-08 09:16:00,72.369,72.389,72.289,72.334,72.401,72.421,72.321,72.366,75
2026-07-08 09:17:00,72.329,72.419,72.294,72.419,72.361,72.451,72.326,72.451,80
2026-07-08 09:18:00,72.409,72.414,72.324,72.349,72.441,72.446,72.356,72.381,62
2026-07-08 09:19:00,72.354,72.364,72.274,72.284,72.386,72.396,72.306,72.316,64
2026-07-08 09:20:00,72.304,72.314,72.184,72.199,72.336,72.346,72.216,72.231,82
2026-07-08 09:21:00,72.194,72.259,72.174,72.194,72.226,72.291,72.206,72.226,87
2026-07-08 09:22:00,72.189,72.234,72.154,72.219,72.221,72.266,72.186,72.251,63
2026-07-08 09:23:00,72.224,72.229,72.114,72.134,72.256,72.261,72.146,72.166,77
2026-07-08 09:24:00,72.139,72.174,72.08,72.174,72.171,72.206,72.116,72.206,98
2026-07-08 09:25:00,72.179,72.189,72.129,72.144,72.211,72.221,72.161,72.176,58
2026-07-08 09:26:00,72.134,72.139,72.049,72.069,72.166,72.171,72.081,72.101,68
2026-07-08 09:27:00,72.074,72.074,72.009,72.059,72.106,72.106,72.041,72.091,70
2026-07-08 09:28:00,72.064,72.084,71.994,72.014,72.096,72.116,72.026,72.046,77
2026-07-08 09:29:00,72.009,72.014,71.924,71.949,72.041,72.046,71.956,71.981,86
2026-07-08 09:30:00,71.944,71.959,71.884,71.904,71.976,71.991,71.916,71.936,69
2026-07-08 09:31:00,71.894,71.904,71.874,71.899,71.926,71.936,71.906,71.931,57
2026-07-08 09:32:00,71.894,71.959,71.864,71.894,71.926,71.991,71.896,71.926,73
2026-07-08 09:33:00,71.904,71.924,71.884,71.889,71.936,71.956,71.916,71.921,57
2026-07-08 09:34:00,71.884,71.914,71.859,71.894,71.916,71.946,71.891,71.926,47
2026-07-08 09:35:00,71.899,71.914,71.869,71.914,71.931,71.946,71.901,71.946,44
2026-07-08 09:36:00,71.934,71.934,71.874,71.879,71.966,71.966,71.906,71.911,56
2026-07-08 09:37:00,71.874,71.914,71.859,71.914,71.906,71.946,71.891,71.946,56
2026-07-08 09:38:00,71.924,71.934,71.884,71.884,71.956,71.966,71.916,71.916,66
2026-07-08 09:39:00,71.889,71.939,71.874,71.899,71.921,71.971,71.906,71.931,62
2026-07-08 09:40:00,71.894,71.924,71.874,71.889,71.926,71.956,71.906,71.921,43
2026-07-08 09:41:00,71.884,71.894,71.824,71.834,71.916,71.926,71.856,71.866,57
2026-07-08 09:42:00,71.844,71.874,71.839,71.874,71.876,71.906,71.871,71.906,44
2026-07-08 09:43:00,71.869,71.914,71.844,71.844,71.901,71.946,71.876,71.876,51
2026-07-08 09:44:00,71.839,71.849,71.734,71.789,71.871,71.881,71.766,71.821,81
2026-07-08 09:45:00,71.794,71.809,71.774,71.804,71.826,71.841,71.806,71.836,61
2026-07-08 09:46:00,71.799,71.904,71.759,71.844,71.831,71.936,71.791,71.876,68
2026-07-08 09:47:00,71.854,71.924,71.844,71.919,71.886,71.956,71.876,71.951,67
2026-07-08 09:48:00,71.924,71.929,71.824,71.834,71.956,71.961,71.856,71.866,79
2026-07-08 09:49:00,71.829,71.864,71.814,71.824,71.861,71.896,71.846,71.856,60
2026-07-08 09:50:00,71.819,71.904,71.819,71.884,71.851,71.936,71.851,71.916,49
2026-07-08 09:51:00,71.879,71.894,71.834,71.884,71.911,71.926,71.866,71.916,55
2026-07-08 09:52:00,71.879,71.879,71.814,71.829,71.911,71.911,71.846,71.861,54
2026-07-08 09:53:00,71.824,71.964,71.814,71.914,71.856,71.996,71.846,71.946,77
2026-07-08 09:54:00,71.909,71.914,71.864,71.909,71.941,71.946,71.896,71.941,46
2026-07-08 09:55:00,71.919,71.959,71.914,71.939,71.951,71.991,71.946,71.971,54
2026-07-08 09:56:00,71.934,71.989,71.929,71.959,71.966,72.021,71.961,71.991,73
2026-07-08 09:57:00,71.974,71.994,71.949,71.949,72.006,72.026,71.981,71.981,73
2026-07-08 09:58:00,71.954,72.014,71.954,71.994,71.986,72.046,71.986,72.026,71
2026-07-08 09:59:00,72.004,72.014,71.984,71.984,72.036,72.046,72.016,72.016,46
2026-07-08 10:00:00,71.994,72.014,71.944,71.994,72.026,72.046,71.976,72.026,82
2026-07-08 10:01:00,72.004,72.014,71.934,71.949,72.036,72.046,71.966,71.981,68
2026-07-08 10:02:00,71.954,72.029,71.944,72.004,71.986,72.061,71.976,72.036,81
2026-07-08 10:03:00,71.999,72.069,71.969,72.069,72.031,72.101,72.001,72.101,71
2026-07-08 10:04:00,72.074,72.149,72.064,72.139,72.106,72.181,72.096,72.171,74
2026-07-08 10:05:00,72.144,72.164,72.099,72.099,72.176,72.196,72.131,72.131,63
2026-07-08 10:06:00,72.094,72.169,72.044,72.134,72.126,72.201,72.076,72.166,85
2026-07-08 10:07:00,72.14,72.159,72.069,72.134,72.18,72.191,72.101,72.166,76
2026-07-08 10:08:00,72.144,72.184,72.079,72.084,72.176,72.216,72.111,72.116,76
2026-07-08 10:09:00,72.074,72.079,71.944,71.96,72.106,72.111,71.976,72.0,85
2026-07-08 10:10:00,71.974,71.984,71.919,71.919,72.006,72.016,71.951,71.951,64
2026-07-08 10:11:00,71.909,71.934,71.844,71.844,71.941,71.966,71.876,71.876,61
2026-07-08 10:12:00,71.849,71.929,71.849,71.919,71.881,71.961,71.881,71.951,80
2026-07-08 10:13:00,71.924,71.974,71.919,71.949,71.956,72.006,71.951,71.981,50
2026-07-08 10:14:00,71.954,71.964,71.884,71.949,71.986,71.996,71.916,71.981,52
2026-07-08 10:15:00,71.954,71.954,71.889,71.929,71.986,71.986,71.921,71.961,61
2026-07-08 10:16:00,71.934,72.859,71.934,72.8,71.966,72.891,71.966,72.84,448
2026-07-08 10:17:00,72.819,73.424,72.729,73.409,72.851,73.456,72.761,73.441,599
2026-07-08 10:18:00,73.394,73.544,73.124,73.399,73.426,73.576,73.156,73.431,512
2026-07-08 10:19:00,73.389,73.579,73.254,73.444,73.421,73.611,73.286,73.476,390
2026-07-08 10:20:00,73.43,73.589,73.279,73.464,73.47,73.621,73.311,73.496,337
2026-07-08 10:21:00,73.469,73.769,73.469,73.654,73.501,73.801,73.501,73.686,367
2026-07-08 10:22:00,73.644,73.794,73.539,73.689,73.676,73.826,73.571,73.721,315
2026-07-08 10:23:00,73.704,73.944,73.664,73.924,73.736,73.976,73.696,73.956,278
2026-07-08 10:24:00,73.934,74.084,73.894,73.894,73.966,74.116,73.926,73.926,286
2026-07-08 10:25:00,73.899,74.174,73.899,74.119,73.931,74.206,73.931,74.151,305
2026-07-08 10:26:00,74.109,74.184,73.999,74.064,74.141,74.216,74.031,74.096,277
2026-07-08 10:27:00,74.084,74.154,73.964,74.064,74.116,74.186,73.996,74.096,269
2026-07-08 10:28:00,74.049,74.149,73.884,74.034,74.081,74.181,73.916,74.066,298
2026-07-08 10:29:00,74.054,74.124,73.964,73.974,74.086,74.156,73.996,74.006,272
2026-07-08 10:30:00,73.954,74.079,73.879,74.074,73.986,74.111,73.911,74.106,270
2026-07-08 10:31:00,74.069,74.174,74.029,74.054,74.101,74.206,74.061,74.086,251
2026-07-08 10:32:00,74.049,74.244,74.014,74.119,74.081,74.276,74.046,74.151,243
2026-07-08 10:33:00,74.124,74.214,74.089,74.189,74.156,74.246,74.121,74.221,211
2026-07-08 10:34:00,74.194,74.309,74.114,74.299,74.226,74.341,74.146,74.331,206
2026-07-08 10:35:00,74.294,74.334,74.229,74.304,74.326,74.366,74.261,74.336,229
2026-07-08 10:36:00,74.294,74.504,74.294,74.429,74.326,74.536,74.326,74.461,215
2026-07-08 10:37:00,74.434,74.504,74.389,74.394,74.466,74.536,74.421,74.426,189
2026-07-08 10:38:00,74.399,74.654,74.399,74.584,74.431,74.686,74.431,74.616,184
2026-07-08 10:39:00,74.599,74.704,74.524,74.649,74.631,74.736,74.556,74.681,223
2026-07-08 10:40:00,74.644,74.709,74.604,74.664,74.676,74.741,74.636,74.696,174
2026-07-08 10:41:00,74.674,74.829,74.664,74.774,74.706,74.861,74.696,74.806,190
2026-07-08 10:42:00,74.784,74.834,74.724,74.814,74.816,74.866,74.756,74.846,154
2026-07-08 10:43:00,74.809,74.809,74.624,74.744,74.841,74.841,74.656,74.776,194
2026-07-08 10:44:00,74.739,74.769,74.589,74.604,74.771,74.801,74.621,74.636,175
2026-07-08 10:45:00,74.614,74.629,74.499,74.509,74.646,74.661,74.531,74.541,203
2026-07-08 10:46:00,74.504,74.529,74.364,74.369,74.536,74.561,74.396,74.401,193
2026-07-08 10:47:00,74.359,74.369,74.23,74.279,74.391,74.401,74.27,74.311,180
2026-07-08 10:48:00,74.274,74.409,74.184,74.404,74.306,74.441,74.216,74.436,180
2026-07-08 10:49:00,74.399,74.544,74.349,74.534,74.431,74.576,74.381,74.566,171
2026-07-08 10:50:00,74.524,74.584,74.474,74.489,74.556,74.616,74.506,74.521,157
2026-07-08 10:51:00,74.484,74.514,74.414,74.439,74.516,74.546,74.446,74.471,125
2026-07-08 10:52:00,74.444,74.464,74.364,74.429,74.476,74.496,74.396,74.461,122
2026-07-08 10:53:00,74.419,74.459,74.394,74.424,74.451,74.491,74.426,74.456,111
2026-07-08 10:54:00,74.419,74.619,74.419,74.599,74.451,74.651,74.451,74.631,125
2026-07-08 10:55:00,74.589,74.604,74.504,74.569,74.621,74.636,74.536,74.601,121
2026-07-08 10:56:00,74.564,74.729,74.549,74.659,74.596,74.761,74.581,74.691,146
2026-07-08 10:57:00,74.664,74.774,74.629,74.754,74.696,74.81,74.661,74.786,111
2026-07-08 10:58:00,74.759,74.794,74.724,74.764,74.791,74.826,74.756,74.796,128
2026-07-08 10:59:00,74.759,74.829,74.745,74.774,74.791,74.861,74.781,74.806,106
2026-07-08 11:00:00,74.769,74.874,74.719,74.774,74.801,74.906,74.751,74.806,164
2026-07-08 11:01:00,74.784,74.899,74.754,74.879,74.816,74.931,74.786,74.911,126
2026-07-08 11:02:00,74.874,74.954,74.864,74.944,74.906,74.986,74.896,74.976,104
2026-07-08 11:03:00,74.939,74.984,74.854,74.899,74.971,75.016,74.886,74.931,154
2026-07-08 11:04:00,74.894,74.934,74.734,74.774,74.926,74.966,74.766,74.806,147
2026-07-08 11:05:00,74.779,74.949,74.774,74.849,74.811,74.981,74.806,74.881,148
2026-07-08 11:06:00,74.854,74.914,74.774,74.779,74.886,74.946,74.806,74.811,129
2026-07-08 11:07:00,74.774,74.864,74.739,74.834,74.806,74.896,74.771,74.866,114
2026-07-08 11:08:00,74.844,74.884,74.749,74.794,74.876,74.916,74.781,74.826,127
2026-07-08 11:09:00,74.799,74.919,74.775,74.904,74.831,74.951,74.811,74.936,116
2026-07-08 11:10:00,74.909,75.009,74.795,74.814,74.941,75.041,74.835,74.846,147
2026-07-08 11:11:00,74.819,74.889,74.779,74.809,74.851,74.921,74.811,74.841,108
2026-07-08 11:12:00,74.799,74.914,74.799,74.879,74.831,74.946,74.831,74.911,92
2026-07-08 11:13:00,74.894,74.944,74.809,74.909,74.926,74.976,74.841,74.941,102
2026-07-08 11:14:00,74.914,75.034,74.894,75.034,74.946,75.066,74.926,75.066,109
2026-07-08 11:15:00,75.044,75.044,74.929,75.039,75.076,75.076,74.961,75.071,132
2026-07-08 11:16:00,75.044,75.044,74.899,74.924,75.076,75.076,74.931,74.956,121
2026-07-08 11:17:00,74.929,74.939,74.874,74.889,74.961,74.971,74.906,74.921,99
2026-07-08 11:18:00,74.874,74.974,74.874,74.944,74.906,75.006,74.906,74.976,109
2026-07-08 11:19:00,74.939,74.974,74.84,74.889,74.971,75.006,74.876,74.921,123
2026-07-08 11:20:00,74.88,74.954,74.769,74.954,74.92,74.986,74.801,74.986,139
2026-07-08 11:21:00,74.944,75.144,74.869,75.099,74.976,75.18,74.901,75.131,182
2026-07-08 11:22:00,75.094,75.214,75.034,75.079,75.126,75.246,75.066,75.111,166
2026-07-08 11:23:00,75.069,75.084,74.879,74.884,75.101,75.116,74.911,74.916,94
2026-07-08 11:24:00,74.874,74.984,74.864,74.964,74.906,75.016,74.896,74.996,125
2026-07-08 11:25:00,74.984,75.104,74.969,75.009,75.016,75.136,75.001,75.041,110
2026-07-08 11:26:00,75.004,75.054,74.944,74.974,75.036,75.086,74.976,75.006,109
2026-07-08 11:27:00,74.969,74.969,74.874,74.959,75.001,75.001,74.906,74.991,128
2026-07-08 11:28:00,74.964,74.974,74.764,74.769,74.996,75.01,74.796,74.801,110
2026-07-08 11:29:00,74.779,74.804,74.694,74.779,74.811,74.836,74.726,74.811,155
2026-07-08 11:30:00,74.784,74.799,74.704,74.729,74.816,74.831,74.736,74.761,153
2026-07-08 11:31:00,74.734,74.769,74.674,74.674,74.766,74.801,74.706,74.706,108
2026-07-08 11:32:00,74.664,74.674,74.52,74.594,74.696,74.706,74.56,74.626,143
2026-07-08 11:33:00,74.599,74.629,74.544,74.589,74.631,74.661,74.576,74.621,106
2026-07-08 11:34:00,74.574,74.584,74.424,74.444,74.606,74.616,74.456,74.476,112
2026-07-08 11:35:00,74.449,74.464,74.364,74.449,74.481,74.496,74.396,74.481,150
2026-07-08 11:36:00,74.434,74.514,74.414,74.504,74.466,74.546,74.446,74.536,103
2026-07-08 11:37:00,74.499,74.689,74.489,74.659,74.531,74.721,74.521,74.691,120
2026-07-08 11:38:00,74.649,74.664,74.549,74.549,74.681,74.696,74.581,74.581,102
2026-07-08 11:39:00,74.554,74.589,74.414,74.424,74.586,74.621,74.446,74.456,101
2026-07-08 11:40:00,74.419,74.499,74.399,74.409,74.451,74.535,74.431,74.441,118
2026-07-08 11:41:00,74.399,74.464,74.394,74.434,74.431,74.496,74.426,74.466,108
2026-07-08 11:42:00,74.429,74.534,74.37,74.504,74.461,74.566,74.41,74.536,137
2026-07-08 11:43:00,74.514,74.574,74.494,74.529,74.546,74.606,74.526,74.561,132
2026-07-08 11:44:00,74.519,74.519,74.474,74.499,74.551,74.551,74.506,74.531,77
2026-07-08 11:45:00,74.504,74.564,74.479,74.534,74.536,74.596,74.511,74.566,80
2026-07-08 11:46:00,74.529,74.574,74.504,74.569,74.561,74.606,74.536,74.601,62
2026-07-08 11:47:00,74.564,74.604,74.554,74.584,74.596,74.636,74.586,74.616,62
2026-07-08 11:48:00,74.594,74.644,74.384,74.464,74.626,74.676,74.416,74.496,98
2026-07-08 11:49:00,74.484,74.614,74.484,74.609,74.516,74.646,74.516,74.641,134
2026-07-08 11:50:00,74.604,74.629,74.484,74.534,74.636,74.661,74.516,74.566,121
2026-07-08 11:51:00,74.524,74.624,74.509,74.619,74.556,74.66,74.541,74.651,87
2026-07-08 11:52:00,74.614,74.644,74.544,74.564,74.646,74.68,74.576,74.596,93
2026-07-08 11:53:00,74.574,74.574,74.484,74.494,74.606,74.61,74.516,74.526,57
2026-07-08 11:54:00,74.509,74.724,74.454,74.724,74.541,74.756,74.486,74.756,102
2026-07-08 11:55:00,74.729,74.809,74.724,74.724,74.761,74.841,74.756,74.756,98
2026-07-08 11:56:00,74.714,74.884,74.714,74.839,74.746,74.916,74.746,74.871,119
2026-07-08 11:57:00,74.849,74.979,74.844,74.944,74.881,75.011,74.876,74.976,102
2026-07-08 11:58:00,74.954,74.954,74.844,74.879,74.986,74.986,74.876,74.911,108
2026-07-08 11:59:00,74.874,74.924,74.814,74.814,74.906,74.956,74.846,74.846,99
2026-07-08 12:00:00,74.824,74.884,74.734,74.869,74.856,74.916,74.766,74.901,128
2026-07-08 12:01:00,74.864,74.874,74.679,74.704,74.896,74.906,74.711,74.736,106
2026-07-08 12:02:00,74.699,74.774,74.659,74.669,74.731,74.806,74.691,74.701,68
2026-07-08 12:03:00,74.674,74.714,74.63,74.679,74.706,74.746,74.666,74.711,70
2026-07-08 12:04:00,74.684,74.704,74.609,74.619,74.716,74.736,74.641,74.651,71
2026-07-08 12:05:00,74.629,74.709,74.609,74.699,74.661,74.741,74.641,74.731,88
2026-07-08 12:06:00,74.694,74.849,74.679,74.849,74.726,74.881,74.711,74.881,106
2026-07-08 12:07:00,74.844,74.889,74.774,74.789,74.876,74.921,74.806,74.821,99
2026-07-08 12:08:00,74.794,74.804,74.609,74.669,74.826,74.836,74.641,74.701,119
2026-07-08 12:09:00,74.664,74.684,74.575,74.579,74.696,74.716,74.611,74.611,98
2026-07-08 12:10:00,74.574,74.709,74.574,74.654,74.606,74.741,74.606,74.686,83
2026-07-08 12:11:00,74.649,74.659,74.594,74.599,74.681,74.691,74.626,74.631,84
2026-07-08 12:12:00,74.609,74.614,74.514,74.529,74.641,74.646,74.546,74.561,116
2026-07-08 12:13:00,74.534,74.679,74.519,74.649,74.566,74.715,74.551,74.681,104
2026-07-08 12:14:00,74.644,74.654,74.514,74.569,74.676,74.686,74.546,74.601,95
2026-07-08 12:15:00,74.564,74.614,74.529,74.589,74.596,74.646,74.561,74.621,93
2026-07-08 12:16:00,74.594,74.614,74.554,74.574,74.626,74.646,74.586,74.606,48
2026-07-08 12:17:00,74.569,74.569,74.359,74.384,74.601,74.601,74.391,74.416,104
2026-07-08 12:18:00,74.389,74.414,74.314,74.329,74.421,74.446,74.346,74.361,89
2026-07-08 12:19:00,74.324,74.334,74.244,74.274,74.356,74.366,74.276,74.306,102
2026-07-08 12:20:00,74.284,74.284,74.21,74.214,74.316,74.316,74.246,74.246,95
2026-07-08 12:21:00,74.219,74.254,74.194,74.219,74.251,74.286,74.226,74.251,72
2026-07-08 12:22:00,74.214,74.319,74.214,74.264,74.246,74.351,74.246,74.296,116
2026-07-08 12:23:00,74.259,74.364,74.234,74.359,74.291,74.396,74.266,74.391,75
2026-07-08 12:24:00,74.364,74.384,74.299,74.359,74.396,74.416,74.331,74.391,75
2026-07-08 12:25:00,74.355,74.369,74.269,74.309,74.395,74.401,74.301,74.341,93
2026-07-08 12:26:00,74.314,74.404,74.304,74.364,74.346,74.436,74.336,74.396,68
2026-07-08 12:27:00,74.359,74.374,74.324,74.364,74.391,74.406,74.356,74.396,64
2026-07-08 12:28:00,74.354,74.384,74.289,74.309,74.386,74.416,74.321,74.341,68
2026-07-08 12:29:00,74.314,74.314,74.119,74.124,74.346,74.346,74.151,74.156,94
2026-07-08 12:30:00,74.129,74.154,74.044,74.079,74.161,74.186,74.076,74.111,138
2026-07-08 12:31:00,74.084,74.094,73.734,73.734,74.116,74.126,73.766,73.766,179
2026-07-08 12:32:00,73.744,73.854,73.744,73.804,73.776,73.886,73.776,73.836,191
2026-07-08 12:33:00,73.799,73.849,73.75,73.824,73.831,73.881,73.786,73.856,124
2026-07-08 12:34:00,73.819,73.874,73.784,73.794,73.851,73.906,73.816,73.826,95
2026-07-08 12:35:00,73.799,73.884,73.794,73.869,73.831,73.916,73.826,73.901,99
2026-07-08 12:36:00,73.874,74.024,73.844,74.024,73.906,74.056,73.876,74.056,90
2026-07-08 12:37:00,74.019,74.044,73.919,74.004,74.051,74.076,73.951,74.036,78
2026-07-08 12:38:00,74.024,74.029,73.969,73.979,74.056,74.061,74.001,74.011,85
2026-07-08 12:39:00,73.989,74.014,73.784,73.829,74.021,74.046,73.816,73.861,117
2026-07-08 12:40:00,73.834,73.924,73.819,73.889,73.866,73.956,73.851,73.921,80
2026-07-08 12:41:00,73.894,73.954,73.859,73.869,73.926,73.986,73.891,73.901,74
2026-07-08 12:42:00,73.854,73.924,73.799,73.799,73.886,73.956,73.831,73.831,85
2026-07-08 12:43:00,73.794,73.869,73.784,73.844,73.826,73.901,73.816,73.876,54
2026-07-08 12:44:00,73.849,73.884,73.824,73.869,73.881,73.916,73.856,73.901,65
2026-07-08 12:45:00,73.879,73.894,73.769,73.799,73.911,73.926,73.801,73.831,92
2026-07-08 12:46:00,73.809,73.844,73.799,73.844,73.841,73.876,73.831,73.876,106
2026-07-08 12:47:00,73.834,73.934,73.829,73.879,73.866,73.966,73.861,73.911,111
2026-07-08 12:48:00,73.884,73.944,73.864,73.929,73.916,73.976,73.896,73.961,103
2026-07-08 12:49:00,73.934,74.044,73.929,74.004,73.966,74.076,73.961,74.036,97
2026-07-08 12:50:00,73.994,74.024,73.904,73.914,74.026,74.056,73.936,73.946,104
2026-07-08 12:51:00,73.919,73.964,73.884,73.909,73.951,73.996,73.916,73.941,87
2026-07-08 12:52:00,73.899,73.899,73.814,73.849,73.931,73.931,73.846,73.881,56
2026-07-08 12:53:00,73.864,73.964,73.844,73.949,73.896,73.996,73.876,73.981,61
2026-07-08 12:54:00,73.944,73.974,73.854,73.889,73.976,74.006,73.886,73.921,56
2026-07-08 12:55:00,73.884,73.949,73.874,73.939,73.916,73.981,73.906,73.971,61
2026-07-08 12:56:00,73.934,73.954,73.884,73.909,73.966,73.986,73.916,73.941,84
2026-07-08 12:57:00,73.904,73.924,73.864,73.904,73.936,73.956,73.896,73.936,62
2026-07-08 12:58:00,73.894,73.974,73.864,73.974,73.926,74.006,73.896,74.006,69
2026-07-08 12:59:00,73.969,74.069,73.969,74.059,74.001,74.101,74.001,74.091,125
2026-07-08 13:00:00,74.064,74.124,73.924,74.109,74.096,74.156,73.956,74.141,120
2026-07-08 13:01:00,74.104,74.104,73.939,73.974,74.136,74.136,73.971,74.006,92
2026-07-08 13:02:00,73.984,74.014,73.924,73.924,74.016,74.046,73.956,73.956,67
2026-07-08 13:03:00,73.934,73.934,73.879,73.889,73.966,73.966,73.911,73.921,67
2026-07-08 13:04:00,73.894,74.049,73.879,73.944,73.926,74.081,73.911,73.976,119
2026-07-08 13:05:00,73.949,73.964,73.874,73.919,73.981,73.996,73.906,73.951,83
2026-07-08 13:06:00,73.914,74.024,73.914,74.009,73.946,74.07,73.946,74.041,71
2026-07-08 13:07:00,74.014,74.049,73.974,73.979,74.046,74.081,74.006,74.011,77
2026-07-08 13:08:00,73.984,74.029,73.944,74.019,74.016,74.061,73.976,74.051,50
2026-07-08 13:09:00,74.029,74.15,74.009,74.134,74.061,74.19,74.041,74.166,76
2026-07-08 13:10:00,74.139,74.184,74.079,74.184,74.171,74.216,74.111,74.216,75
2026-07-08 13:11:00,74.194,74.239,74.174,74.204,74.226,74.271,74.206,74.236,65
2026-07-08 13:12:00,74.214,74.219,74.139,74.139,74.246,74.251,74.171,74.171,60
2026-07-08 13:13:00,74.134,74.204,74.134,74.174,74.166,74.236,74.166,74.206,38
2026-07-08 13:14:00,74.169,74.189,74.064,74.099,74.201,74.221,74.096,74.131,65
2026-07-08 13:15:00,74.104,74.194,74.099,74.159,74.136,74.226,74.131,74.191,58
2026-07-08 13:16:00,74.144,74.234,74.144,74.219,74.176,74.266,74.176,74.251,81
2026-07-08 13:17:00,74.214,74.234,74.189,74.194,74.246,74.266,74.221,74.226,65
2026-07-08 13:18:00,74.199,74.214,74.134,74.159,74.231,74.246,74.166,74.191,77
2026-07-08 13:19:00,74.164,74.179,74.129,74.149,74.196,74.211,74.161,74.181,44
2026-07-08 13:20:00,74.154,74.194,74.144,74.159,74.186,74.226,74.176,74.191,58
2026-07-08 13:21:00,74.164,74.234,74.164,74.224,74.196,74.266,74.196,74.256,49
2026-07-08 13:22:00,74.219,74.219,74.194,74.199,74.251,74.251,74.226,74.231,16
2026-07-08 13:23:00,74.204,74.334,74.194,74.289,74.236,74.366,74.226,74.321,73
2026-07-08 13:24:00,74.294,74.304,74.184,74.189,74.326,74.336,74.216,74.221,86
2026-07-08 13:25:00,74.19,74.304,74.19,74.264,74.23,74.336,74.23,74.296,77
2026-07-08 13:26:00,74.269,74.294,74.249,74.269,74.301,74.326,74.281,74.301,58
2026-07-08 13:27:00,74.274,74.314,74.254,74.299,74.306,74.346,74.286,74.331,55
2026-07-08 13:28:00,74.294,74.344,74.224,74.244,74.326,74.376,74.256,74.276,63
2026-07-08 13:29:00,74.249,74.264,74.214,74.219,74.281,74.296,74.246,74.251,27
2026-07-08 13:30:00,74.224,74.309,74.214,74.274,74.256,74.341,74.246,74.306,76
2026-07-08 13:31:00,74.279,74.354,74.254,74.329,74.311,74.386,74.286,74.361,59
2026-07-08 13:32:00,74.334,74.354,74.314,74.319,74.366,74.386,74.346,74.351,42
2026-07-08 13:33:00,74.324,74.344,74.274,74.284,74.356,74.376,74.306,74.316,76
2026-07-08 13:34:00,74.289,74.319,74.254,74.274,74.321,74.351,74.286,74.306,66
2026-07-08 13:35:00,74.254,74.319,74.244,74.309,74.286,74.351,74.276,74.341,72
2026-07-08 13:36:00,74.304,74.464,74.304,74.464,74.336,74.496,74.336,74.496,85
2026-07-08 13:37:00,74.454,74.464,74.359,74.424,74.486,74.496,74.391,74.456,86
2026-07-08 13:38:00,74.414,74.494,74.414,74.464,74.446,74.526,74.446,74.496,73
2026-07-08 13:39:00,74.454,74.464,74.434,74.449,74.486,74.496,74.466,74.481,63
2026-07-08 13:40:00,74.434,74.464,74.384,74.399,74.466,74.496,74.416,74.431,67
2026-07-08 13:41:00,74.409,74.414,74.384,74.389,74.441,74.446,74.416,74.421,48
2026-07-08 13:42:00,74.384,74.404,74.304,74.309,74.416,74.436,74.336,74.341,90
2026-07-08 13:43:00,74.314,74.319,73.389,73.629,74.346,74.351,73.421,73.661,481
2026-07-08 13:44:00,73.624,73.984,73.589,73.974,73.656,74.016,73.621,74.006,333
2026-07-08 13:45:00,73.969,74.029,73.759,73.884,74.001,74.061,73.791,73.916,212
2026-07-08 13:46:00,73.874,74.004,73.839,73.969,73.906,74.036,73.871,74.001,174
2026-07-08 13:47:00,73.959,73.969,73.764,73.904,73.991,74.001,73.796,73.936,203
2026-07-08 13:48:00,73.894,73.899,73.794,73.814,73.926,73.931,73.826,73.846,161
2026-07-08 13:49:00,73.819,73.919,73.794,73.879,73.851,73.951,73.826,73.911,131
2026-07-08 13:50:00,73.884,74.044,73.864,74.009,73.916,74.076,73.896,74.041,141
2026-07-08 13:51:00,74.004,74.014,73.829,73.844,74.036,74.046,73.861,73.876,105
2026-07-08 13:52:00,73.834,73.959,73.834,73.949,73.866,73.991,73.866,73.981,113
2026-07-08 13:53:00,73.954,73.994,73.824,73.829,73.986,74.026,73.856,73.861,153
2026-07-08 13:54:00,73.834,73.924,73.794,73.919,73.866,73.956,73.826,73.951,125
2026-07-08 13:55:00,73.914,73.924,73.764,73.834,73.946,73.956,73.796,73.866,113
2026-07-08 13:56:00,73.839,73.924,73.839,73.899,73.871,73.956,73.871,73.931,99
2026-07-08 13:57:00,73.909,74.014,73.904,73.984,73.941,74.046,73.936,74.016,118
2026-07-08 13:58:00,73.974,73.994,73.929,73.934,74.006,74.03,73.961,73.966,79
2026-07-08 13:59:00,73.939,74.044,73.939,73.999,73.971,74.076,73.971,74.031,75
2026-07-08 14:00:00,74.004,74.184,73.974,74.184,74.036,74.216,74.006,74.216,126
2026-07-08 14:01:00,74.194,74.249,74.099,74.149,74.226,74.281,74.131,74.181,129
2026-07-08 14:02:00,74.159,74.244,74.134,74.174,74.191,74.276,74.166,74.206,76
2026-07-08 14:03:00,74.179,74.234,74.154,74.224,74.211,74.266,74.186,74.256,83
2026-07-08 14:04:00,74.219,74.259,74.139,74.164,74.251,74.291,74.171,74.196,89
2026-07-08 14:05:00,74.169,74.169,74.004,74.034,74.201,74.201,74.036,74.066,106
2026-07-08 14:06:00,74.039,74.084,74.034,74.069,74.071,74.116,74.066,74.101,76
2026-07-08 14:07:00,74.064,74.134,74.039,74.134,74.096,74.166,74.071,74.166,109
2026-07-08 14:08:00,74.144,74.244,74.134,74.209,74.176,74.276,74.166,74.241,90
2026-07-08 14:09:00,74.204,74.209,74.024,74.039,74.236,74.241,74.056,74.071,94
2026-07-08 14:10:00,74.044,74.069,73.959,73.959,74.076,74.101,73.991,73.991,81
2026-07-08 14:11:00,73.964,73.969,73.844,73.864,73.996,74.001,73.876,73.896,96
2026-07-08 14:12:00,73.879,73.924,73.794,73.834,73.911,73.956,73.826,73.866,145
2026-07-08 14:13:00,73.829,73.934,73.824,73.934,73.861,73.966,73.856,73.966,95
2026-07-08 14:14:00,73.929,73.964,73.854,73.914,73.961,73.996,73.886,73.946,95
2026-07-08 14:15:00,73.909,73.929,73.719,73.754,73.941,73.961,73.751,73.786,133
2026-07-08 14:16:00,73.749,73.764,73.559,73.574,73.781,73.796,73.591,73.606,161
2026-07-08 14:17:00,73.584,73.594,73.494,73.519,73.616,73.626,73.526,73.551,134
2026-07-08 14:18:00,73.514,73.584,73.444,73.564,73.546,73.616,73.476,73.596,160
2026-07-08 14:19:00,73.554,73.554,73.464,73.494,73.586,73.586,73.496,73.526,142
2026-07-08 14:20:00,73.504,73.584,73.464,73.469,73.536,73.616,73.496,73.501,136
2026-07-08 14:21:00,73.484,73.584,73.454,73.504,73.516,73.616,73.486,73.536,141
2026-07-08 14:22:00,73.509,73.604,73.499,73.589,73.541,73.636,73.531,73.621,75
2026-07-08 14:23:00,73.584,73.584,73.474,73.559,73.616,73.616,73.506,73.591,89
2026-07-08 14:24:00,73.569,73.584,73.509,73.544,73.601,73.616,73.541,73.576,94
2026-07-08 14:25:00,73.534,73.604,73.489,73.509,73.566,73.636,73.521,73.541,92
2026-07-08 14:26:00,73.519,73.589,73.504,73.554,73.551,73.621,73.536,73.586,87
2026-07-08 14:27:00,73.534,73.554,73.444,73.524,73.566,73.586,73.476,73.556,128
2026-07-08 14:28:00,73.519,73.559,73.479,73.524,73.551,73.591,73.511,73.556,93
2026-07-08 14:29:00,73.529,73.529,73.339,73.379,73.561,73.561,73.371,73.411,121
2026-07-08 14:30:00,73.394,73.459,73.264,73.459,73.426,73.491,73.296,73.491,165
2026-07-08 14:31:00,73.469,73.484,73.324,73.354,73.501,73.516,73.356,73.386,94
2026-07-08 14:32:00,73.364,73.434,73.284,73.314,73.396,73.466,73.316,73.346,128
2026-07-08 14:33:00,73.3,73.364,73.254,73.319,73.34,73.396,73.286,73.351,111
2026-07-08 14:34:00,73.324,73.384,73.304,73.349,73.356,73.416,73.336,73.381,99
2026-07-08 14:35:00,73.33,73.464,73.329,73.444,73.37,73.496,73.361,73.476,129
2026-07-08 14:36:00,73.454,73.464,73.254,73.274,73.486,73.496,73.286,73.306,131
2026-07-08 14:37:00,73.279,73.394,73.254,73.319,73.311,73.426,73.286,73.351,125
2026-07-08 14:38:00,73.314,73.314,73.244,73.269,73.346,73.346,73.276,73.301,88
2026-07-08 14:39:00,73.279,73.294,73.174,73.199,73.311,73.326,73.206,73.231,119
2026-07-08 14:40:00,73.204,73.314,73.204,73.309,73.236,73.346,73.236,73.341,98
2026-07-08 14:41:00,73.304,73.324,73.254,73.284,73.336,73.356,73.286,73.316,79
2026-07-08 14:42:00,73.289,73.289,73.129,73.149,73.321,73.321,73.161,73.181,64
2026-07-08 14:43:00,73.144,73.234,73.144,73.224,73.176,73.266,73.176,73.256,91
2026-07-08 14:44:00,73.229,73.289,73.229,73.254,73.261,73.321,73.261,73.286,61
2026-07-08 14:45:00,73.244,73.344,73.214,73.344,73.276,73.376,73.246,73.376,96
2026-07-08 14:46:00,73.334,73.484,73.324,73.484,73.366,73.516,73.356,73.516,142
2026-07-08 14:47:00,73.479,73.494,73.38,73.434,73.511,73.526,73.421,73.466,92
2026-07-08 14:48:00,73.429,73.429,73.299,73.309,73.461,73.461,73.331,73.341,81
2026-07-08 14:49:00,73.314,73.364,73.284,73.329,73.346,73.396,73.316,73.361,72
2026-07-08 14:50:00,73.324,73.334,73.229,73.244,73.356,73.366,73.261,73.276,106
2026-07-08 14:51:00,73.249,73.249,73.099,73.124,73.281,73.281,73.131,73.156,93
2026-07-08 14:52:00,73.119,73.179,73.104,73.109,73.151,73.211,73.136,73.141,97
2026-07-08 14:53:00,73.104,73.199,73.084,73.189,73.136,73.231,73.116,73.221,111
2026-07-08 14:54:00,73.194,73.214,73.104,73.189,73.226,73.246,73.136,73.221,93
2026-07-08 14:55:00,73.204,73.219,73.104,73.104,73.236,73.251,73.136,73.136,77
2026-07-08 14:56:00,73.109,73.664,73.064,73.624,73.141,73.696,73.096,73.656,344
2026-07-08 14:57:00,73.614,73.744,73.49,73.524,73.646,73.776,73.53,73.556,249
2026-07-08 14:58:00,73.534,73.609,73.499,73.564,73.566,73.641,73.531,73.596,197
2026-07-08 14:59:00,73.559,73.804,73.534,73.754,73.591,73.836,73.566,73.786,179
2026-07-08 15:00:00,73.744,73.894,73.634,73.869,73.776,73.926,73.666,73.901,261
2026-07-08 15:01:00,73.874,73.924,73.699,73.774,73.906,73.956,73.731,73.806,197
2026-07-08 15:02:00,73.794,73.92,73.754,73.874,73.826,73.96,73.786,73.906,183
2026-07-08 15:03:00,73.859,73.994,73.824,73.844,73.891,74.026,73.856,73.876,168
2026-07-08 15:04:00,73.859,73.899,73.794,73.864,73.891,73.931,73.826,73.896,139
2026-07-08 15:05:00,73.854,73.964,73.794,73.814,73.886,73.996,73.826,73.846,169
2026-07-08 15:06:00,73.829,73.954,73.804,73.914,73.861,73.986,73.836,73.946,192
2026-07-08 15:07:00,73.899,74.059,73.819,74.034,73.931,74.091,73.851,74.066,168
2026-07-08 15:08:00,74.044,74.054,73.869,73.974,74.076,74.086,73.901,74.006,200
2026-07-08 15:09:00,73.979,74.054,73.839,73.849,74.011,74.086,73.871,73.881,189
2026-07-08 15:10:00,73.839,74.014,73.834,73.954,73.871,74.046,73.866,73.986,167
2026-07-08 15:11:00,73.949,73.954,73.864,73.914,73.981,73.986,73.896,73.946,118
2026-07-08 15:12:00,73.909,73.924,73.644,73.659,73.941,73.956,73.676,73.691,170
2026-07-08 15:13:00,73.644,73.694,73.544,73.674,73.676,73.726,73.576,73.706,191
2026-07-08 15:14:00,73.664,73.694,73.619,73.694,73.696,73.726,73.651,73.726,156
2026-07-08 15:15:00,73.684,73.734,73.624,73.654,73.716,73.766,73.656,73.686,137
2026-07-08 15:16:00,73.664,73.789,73.644,73.784,73.696,73.821,73.676,73.816,133
2026-07-08 15:17:00,73.794,73.824,73.694,73.774,73.826,73.856,73.726,73.806,123
2026-07-08 15:18:00,73.769,73.829,73.714,73.819,73.801,73.861,73.746,73.851,98
2026-07-08 15:19:00,73.824,73.884,73.784,73.884,73.856,73.916,73.816,73.916,120
2026-07-08 15:20:00,73.879,73.919,73.774,73.774,73.911,73.951,73.806,73.806,162
2026-07-08 15:21:00,73.769,73.929,73.754,73.869,73.801,73.961,73.786,73.901,144
2026-07-08 15:22:00,73.874,73.914,73.794,73.824,73.906,73.946,73.826,73.856,114
2026-07-08 15:23:00,73.814,73.974,73.804,73.869,73.846,74.006,73.836,73.901,102
2026-07-08 15:24:00,73.874,73.884,73.804,73.844,73.906,73.916,73.836,73.876,116
2026-07-08 15:25:00,73.839,73.924,73.799,73.809,73.871,73.956,73.831,73.841,147
2026-07-08 15:26:00,73.824,73.914,73.754,73.799,73.856,73.946,73.786,73.831,189
2026-07-08 15:27:00,73.804,73.819,73.714,73.719,73.836,73.855,73.746,73.751,149
2026-07-08 15:28:00,73.724,73.829,73.704,73.779,73.756,73.861,73.736,73.811,120
2026-07-08 15:29:00,73.784,74.209,73.724,74.164,73.816,74.241,73.756,74.196,392
2026-07-08 15:30:00,74.159,74.204,73.984,73.984,74.191,74.236,74.016,74.016,229
2026-07-08 15:31:00,73.974,74.074,73.819,73.834,74.006,74.106,73.851,73.866,204
2026-07-08 15:32:00,73.819,73.864,73.714,73.744,73.851,73.896,73.746,73.776,140
2026-07-08 15:33:00,73.739,73.989,73.739,73.959,73.771,74.021,73.771,73.991,151
2026-07-08 15:34:00,73.964,73.979,73.844,73.844,73.996,74.011,73.876,73.876,127
2026-07-08 15:35:00,73.854,73.934,73.774,73.919,73.886,74.001,73.806,73.986,126
2026-07-08 15:36:00,73.959,73.959,73.804,73.839,73.996,73.996,73.836,73.871,122
2026-07-08 15:37:00,73.834,73.894,73.814,73.874,73.866,73.926,73.846,73.906,127
2026-07-08 15:38:00,73.879,73.939,73.779,73.794,73.911,73.971,73.811,73.826,98
2026-07-08 15:39:00,73.774,73.779,73.694,73.699,73.821,73.851,73.726,73.731,96
2026-07-08 15:40:00,73.709,73.709,73.504,73.539,73.741,73.741,73.536,73.571,131
2026-07-08 15:41:00,73.534,73.614,73.504,73.579,73.566,73.646,73.536,73.611,133
2026-07-08 15:42:00,73.584,73.659,73.564,73.654,73.616,73.691,73.596,73.686,115
2026-07-08 15:43:00,73.664,73.664,73.594,73.599,73.696,73.696,73.626,73.631,105
2026-07-08 15:44:00,73.604,73.614,73.454,73.479,73.636,73.646,73.486,73.511,101
2026-07-08 15:45:00,73.474,73.524,73.394,73.394,73.506,73.556,73.426,73.426,148
2026-07-08 15:46:00,73.404,73.449,73.364,73.374,73.436,73.481,73.396,73.406,66
2026-07-08 15:47:00,73.384,73.484,73.374,73.484,73.416,73.516,73.406,73.516,68
2026-07-08 15:48:00,73.479,73.484,73.424,73.434,73.511,73.516,73.456,73.466,66
2026-07-08 15:49:00,73.439,73.494,73.439,73.459,73.471,73.526,73.471,73.491,94
2026-07-08 15:50:00,73.469,73.484,73.369,73.394,73.501,73.516,73.401,73.416,69
2026-07-08 15:51:00,73.384,73.424,73.234,73.424,73.416,73.456,73.266,73.456,129
2026-07-08 15:52:00,73.439,73.474,73.394,73.429,73.451,73.506,73.426,73.461,75
2026-07-08 15:53:00,73.424,73.469,73.394,73.424,73.456,73.501,73.426,73.456,95
2026-07-08 15:54:00,73.434,73.604,73.424,73.599,73.466,73.636,73.456,73.631,100
2026-07-08 15:55:00,73.584,73.614,73.524,73.529,73.616,73.636,73.556,73.561,99
2026-07-08 15:56:00,73.534,73.594,73.514,73.554,73.566,73.626,73.546,73.586,100
2026-07-08 15:57:00,73.544,73.554,73.499,73.509,73.576,73.586,73.531,73.541,89
2026-07-08 15:58:00,73.524,73.624,73.514,73.624,73.556,73.656,73.546,73.656,79
2026-07-08 15:59:00,73.609,73.734,73.604,73.674,73.641,73.766,73.636,73.706,141
2026-07-08 16:00:00,73.679,73.879,73.664,73.879,73.711,73.911,73.696,73.826,119
2026-07-08 16:01:00,73.799,73.864,73.784,73.844,73.831,73.896,73.816,73.876,92
2026-07-08 16:02:00,73.854,73.874,73.804,73.849,73.886,73.906,73.836,73.881,65
2026-07-08 16:03:00,73.854,73.884,73.839,73.869,73.886,73.916,73.866,73.901,106
2026-07-08 16:04:00,73.874,73.884,73.784,73.799,73.906,73.916,73.816,73.831,78
2026-07-08 16:05:00,73.804,73.904,73.784,73.894,73.836,73.936,73.816,73.926,94
2026-07-08 16:06:00,73.889,73.914,73.834,73.904,73.921,73.946,73.866,73.936,62
2026-07-08 16:07:00,73.914,74.074,73.914,74.064,73.946,74.106,73.946,74.096,151
2026-07-08 16:08:00,74.069,74.094,74.004,74.044,74.101,74.126,74.036,74.076,89
2026-07-08 16:09:00,74.054,74.304,74.019,74.134,74.086,74.336,74.051,74.166,150
2026-07-08 16:10:00,74.124,74.179,74.054,74.079,74.156,74.211,74.086,74.111,165
2026-07-08 16:11:00,74.074,74.074,73.864,73.864,74.106,74.106,73.896,73.896,71
2026-07-08 16:12:00,73.869,74.074,73.859,73.989,73.901,74.106,73.891,74.031,102
2026-07-08 16:13:00,73.999,74.094,73.989,74.079,74.046,74.126,74.026,74.111,75
2026-07-08 16:14:00,74.074,74.249,74.069,74.244,74.106,74.281,74.101,74.276,104
2026-07-08 16:15:00,74.254,74.424,74.244,74.419,74.286,74.456,74.276,74.451,107
2026-07-08 16:16:00,74.444,74.544,74.434,74.534,74.476,74.596,74.466,74.546,74
2026-07-08 16:17:00,74.519,74.614,74.509,74.584,74.581,74.646,74.561,74.616,123
2026-07-08 16:18:00,74.589,74.644,74.589,74.609,74.621,74.676,74.621,74.641,80
2026-07-08 16:19:00,74.614,74.794,74.614,74.784,74.646,74.826,74.646,74.816,106
2026-07-08 16:20:00,74.789,74.824,74.694,74.739,74.821,74.86,74.756,74.761,165
2026-07-08 16:21:00,74.744,74.849,74.739,74.779,74.776,74.881,74.771,74.811,152
2026-07-08 16:22:00,74.774,74.834,74.704,74.784,74.806,74.866,74.736,74.816,150
2026-07-08 16:23:00,74.794,74.894,74.754,74.874,74.826,74.926,74.786,74.906,131
2026-07-08 16:24:00,74.884,74.894,74.794,74.874,74.916,74.926,74.826,74.906,99
2026-07-08 16:25:00,74.864,74.864,74.749,74.799,74.896,74.896,74.781,74.831,146
2026-07-08 16:26:00,74.809,75.144,74.794,75.084,74.841,75.176,74.826,75.116,209
2026-07-08 16:27:00,75.1,75.319,75.1,75.199,75.34,75.36,75.166,75.231,218
2026-07-08 16:28:00,75.214,75.364,75.199,75.319,75.246,75.396,75.231,75.351,213
2026-07-08 16:29:00,75.314,75.409,75.269,75.409,75.346,75.441,75.301,75.441,188
2026-07-08 16:30:00,75.429,75.474,75.274,75.424,75.461,75.506,75.306,75.456,303
2026-07-08 16:31:00,75.419,75.524,75.359,75.409,75.451,75.556,75.391,75.441,261
2026-07-08 16:32:00,75.404,75.584,75.384,75.494,75.436,75.616,75.416,75.526,218
2026-07-08 16:33:00,75.484,75.579,75.464,75.479,75.516,75.62,75.496,75.511,187
2026-07-08 16:34:00,75.47,75.589,75.339,75.504,75.46,75.621,75.371,75.536,275
2026-07-08 16:35:00,75.524,75.634,75.384,75.599,75.556,75.666,75.416,75.631,233
2026-07-08 16:36:00,75.604,75.709,75.519,75.539,75.636,75.741,75.551,75.571,189
2026-07-08 16:37:00,75.549,75.614,75.454,75.479,75.581,75.646,75.486,75.511,165
2026-07-08 16:38:00,75.484,75.569,75.479,75.504,75.516,75.601,75.511,75.536,143
2026-07-08 16:39:00,75.514,75.529,75.414,75.489,75.546,75.561,75.446,75.521,159
2026-07-08 16:40:00,75.494,75.494,75.259,75.259,75.526,75.526,75.291,75.291,198
2026-07-08 16:41:00,75.254,75.394,75.234,75.344,75.286,75.426,75.266,75.376,186
2026-07-08 16:42:00,75.334,75.339,75.244,75.274,75.366,75.371,75.276,75.306,174
2026-07-08 16:43:00,75.264,75.334,75.209,75.324,75.296,75.366,75.241,75.356,153
2026-07-08 16:44:00,75.329,75.329,75.195,75.249,75.361,75.361,75.251,75.281,172
2026-07-08 16:45:00,75.234,75.394,75.214,75.329,75.266,75.426,75.246,75.361,175
2026-07-08 16:46:00,75.334,75.36,75.164,75.219,75.366,75.4,75.196,75.251,151
2026-07-08 16:47:00,75.214,75.244,75.024,75.094,75.246,75.276,75.056,75.126,183
2026-07-08 16:48:00,75.074,75.204,75.034,75.164,75.106,75.206,75.066,75.171,143
2026-07-08 16:49:00,75.159,75.184,75.104,75.144,75.201,75.216,75.136,75.176,128
2026-07-08 16:50:00,75.164,75.264,75.129,75.154,75.196,75.296,75.161,75.186,132
2026-07-08 16:51:00,75.149,75.294,75.134,75.259,75.181,75.326,75.166,75.291,164
2026-07-08 16:52:00,75.264,75.314,75.164,75.174,75.296,75.346,75.196,75.206,152
2026-07-08 16:53:00,75.184,75.304,75.174,75.289,75.216,75.336,75.206,75.321,169
2026-07-08 16:54:00,75.299,75.374,75.284,75.359,75.331,75.406,75.316,75.391,108
2026-07-08 16:55:00,75.374,75.429,75.304,75.319,75.406,75.461,75.336,75.351,156
2026-07-08 16:56:00,75.324,75.439,75.314,75.399,75.356,75.471,75.346,75.431,119
2026-07-08 16:57:00,75.394,75.404,75.294,75.304,75.426,75.436,75.326,75.336,114
2026-07-08 16:58:00,75.314,75.319,75.244,75.269,75.346,75.351,75.276,75.301,99
2026-07-08 16:59:00,75.274,75.324,75.224,75.224,75.306,75.356,75.256,75.256,127
2026-07-08 17:00:00,75.214,75.324,75.189,75.244,75.246,75.356,75.221,75.276,122
2026-07-08 17:01:00,75.234,75.459,75.175,75.414,75.266,75.491,75.215,75.446,243
2026-07-08 17:02:00,75.404,75.499,75.384,75.399,75.436,75.531,75.416,75.431,228
2026-07-08 17:03:00,75.429,75.484,75.414,75.464,75.461,75.516,75.446,75.496,115
2026-07-08 17:04:00,75.469,75.564,75.414,75.559,75.501,75.596,75.446,75.591,155
2026-07-08 17:05:00,75.524,75.554,75.334,75.389,75.556,75.586,75.366,75.421,169
2026-07-08 17:06:00,75.454,75.534,75.414,75.514,75.486,75.566,75.446,75.546,156
2026-07-08 17:07:00,75.509,75.704,75.499,75.614,75.541,75.736,75.531,75.646,205
2026-07-08 17:08:00,75.624,75.624,75.474,75.504,75.656,75.656,75.506,75.536,181
2026-07-08 17:09:00,75.509,75.614,75.464,75.609,75.541,75.646,75.496,75.641,145
2026-07-08 17:10:00,75.614,75.624,75.504,75.534,75.646,75.656,75.536,75.566,150
2026-07-08 17:11:00,75.539,75.584,75.489,75.574,75.571,75.616,75.521,75.606,140
2026-07-08 17:12:00,75.564,75.674,75.559,75.614,75.596,75.706,75.591,75.646,117
2026-07-08 17:13:00,75.604,75.629,75.514,75.514,75.636,75.661,75.546,75.546,126
2026-07-08 17:14:00,75.524,75.599,75.514,75.589,75.556,75.631,75.546,75.621,109
2026-07-08 17:15:00,75.594,75.684,75.569,75.664,75.626,75.716,75.601,75.696,138
2026-07-08 17:16:00,75.654,75.744,75.614,75.739,75.686,75.776,75.646,75.771,119
2026-07-08 17:17:00,75.744,75.754,75.664,75.664,75.776,75.786,75.696,75.696,107
2026-07-08 17:18:00,75.669,75.704,75.634,75.639,75.701,75.736,75.666,75.671,106
2026-07-08 17:19:00,75.634,75.664,75.374,75.409,75.666,75.696,75.406,75.441,164
2026-07-08 17:20:00,75.404,75.479,75.279,75.279,75.436,75.511,75.311,75.311,184
2026-07-08 17:21:00,75.289,75.354,75.249,75.304,75.321,75.386,75.281,75.336,153
2026-07-08 17:22:00,75.294,75.334,75.264,75.284,75.326,75.366,75.296,75.316,155
2026-07-08 17:23:00,75.274,75.284,75.164,75.194,75.306,75.316,75.196,75.226,141
2026-07-08 17:24:00,75.189,75.334,75.189,75.294,75.221,75.366,75.221,75.326,116
2026-07-08 17:25:00,75.299,75.299,75.174,75.224,75.331,75.331,75.206,75.256,145
2026-07-08 17:26:00,75.234,75.354,75.224,75.349,75.266,75.386,75.256,75.381,224
2026-07-08 17:27:00,75.354,75.454,75.344,75.434,75.386,75.486,75.376,75.466,282
2026-07-08 17:28:00,75.424,75.444,75.324,75.349,75.456,75.476,75.356,75.381,366
2026-07-08 17:29:00,75.354,75.354,75.194,75.199,75.386,75.386,75.226,75.231,416
2026-07-08 17:30:00,75.2,75.414,75.179,75.399,75.24,75.446,75.211,75.431,434
2026-07-08 17:31:00,75.404,75.529,75.364,75.509,75.436,75.561,75.396,75.541,160
2026-07-08 17:32:00,75.504,75.614,75.464,75.599,75.536,75.646,75.496,75.631,152
2026-07-08 17:33:00,75.594,75.644,75.524,75.639,75.626,75.676,75.556,75.671,132
2026-07-08 17:34:00,75.644,75.654,75.604,75.634,75.676,75.686,75.636,75.666,113
2026-07-08 17:35:00,75.644,75.714,75.584,75.679,75.676,75.746,75.616,75.711,165
2026-07-08 17:36:00,75.674,75.694,75.619,75.634,75.706,75.726,75.651,75.666,107
2026-07-08 17:37:00,75.624,75.674,75.574,75.644,75.656,75.706,75.606,75.676,121
2026-07-08 17:38:00,75.654,75.714,75.614,75.644,75.686,75.746,75.646,75.676,98
2026-07-08 17:39:00,75.659,75.664,75.594,75.654,75.691,75.696,75.626,75.686,102
2026-07-08 17:40:00,75.659,75.664,75.544,75.574,75.691,75.696,75.576,75.606,103
2026-07-08 17:41:00,75.584,75.664,75.579,75.634,75.616,75.696,75.611,75.666,95
2026-07-08 17:42:00,75.624,75.684,75.614,75.659,75.656,75.716,75.646,75.691,62
2026-07-08 17:43:00,75.664,75.664,75.589,75.649,75.696,75.696,75.621,75.681,103
2026-07-08 17:44:00,75.644,75.664,75.564,75.579,75.676,75.696,75.596,75.611,85
2026-07-08 17:45:00,75.584,75.704,75.564,75.699,75.616,75.736,75.596,75.731,101
2026-07-08 17:46:00,75.714,75.794,75.674,75.739,75.746,75.826,75.706,75.771,101
2026-07-08 17:47:00,75.724,75.779,75.704,75.714,75.756,75.811,75.736,75.746,103
2026-07-08 17:48:00,75.704,75.814,75.694,75.814,75.736,75.846,75.726,75.846,102
2026-07-08 17:49:00,75.824,75.884,75.819,75.854,75.856,75.916,75.851,75.886,112
2026-07-08 17:50:00,75.864,75.944,75.854,75.934,75.896,75.976,75.886,75.966,121
2026-07-08 17:51:00,75.944,75.984,75.934,75.939,75.976,76.016,75.966,75.971,89
2026-07-08 17:52:00,75.934,75.994,75.924,75.944,75.966,76.026,75.956,75.976,70
2026-07-08 17:53:00,75.954,75.994,75.874,75.874,75.986,76.026,75.906,75.906,112
2026-07-08 17:54:00,75.879,75.924,75.864,75.884,75.911,75.956,75.896,75.916,121
2026-07-08 17:55:00,75.894,75.914,75.844,75.894,75.926,75.946,75.876,75.926,88
2026-07-08 17:56:00,75.904,75.934,75.869,75.889,75.936,75.966,75.901,75.921,83
2026-07-08 17:57:00,75.904,75.914,75.824,75.864,75.936,75.946,75.856,75.896,67
2026-07-08 17:58:00,75.874,75.889,75.804,75.844,75.906,75.921,75.836,75.876,75
2026-07-08 17:59:00,75.849,75.849,75.744,75.764,75.881,75.881,75.776,75.796,105
2026-07-08 18:00:00,75.759,75.874,75.739,75.849,75.791,75.906,75.771,75.881,126
2026-07-08 18:01:00,75.844,75.854,75.774,75.854,75.876,75.886,75.806,75.886,91
2026-07-08 18:02:00,75.849,75.894,75.804,75.814,75.881,75.926,75.836,75.846,90
2026-07-08 18:03:00,75.819,75.884,75.754,75.784,75.851,75.916,75.786,75.816,127
2026-07-08 18:04:00,75.779,75.804,75.644,75.654,75.811,75.836,75.676,75.686,130
2026-07-08 18:05:00,75.659,75.659,75.564,75.594,75.691,75.691,75.596,75.626,153
2026-07-08 18:06:00,75.589,75.604,75.454,75.474,75.621,75.636,75.486,75.506,165
2026-07-08 18:07:00,75.464,75.494,75.444,75.469,75.496,75.526,75.476,75.501,98
2026-07-08 18:08:00,75.479,75.494,75.374,75.374,75.511,75.526,75.406,75.406,126
2026-07-08 18:09:00,75.379,75.404,75.224,75.259,75.411,75.436,75.256,75.291,146
2026-07-08 18:10:00,75.254,75.274,75.049,75.054,75.286,75.306,75.081,75.086,165
2026-07-08 18:11:00,75.044,75.084,74.974,75.024,75.076,75.116,75.006,75.056,176
2026-07-08 18:12:00,75.004,75.029,74.959,74.969,75.036,75.061,74.991,75.001,165
2026-07-08 18:13:00,74.974,75.174,74.944,75.169,75.006,75.206,74.976,75.201,162
2026-07-08 18:14:00,75.174,75.224,75.094,75.224,75.206,75.256,75.126,75.256,105
2026-07-08 18:15:00,75.234,75.324,75.229,75.304,75.266,75.356,75.261,75.336,129
2026-07-08 18:16:00,75.299,75.349,75.264,75.319,75.331,75.381,75.296,75.351,88
2026-07-08 18:17:00,75.324,75.334,75.154,75.224,75.356,75.366,75.186,75.256,111
2026-07-08 18:18:00,75.229,75.249,75.194,75.229,75.261,75.281,75.226,75.261,75
2026-07-08 18:19:00,75.219,75.289,75.199,75.229,75.251,75.321,75.231,75.261,84
2026-07-08 18:20:00,75.224,75.239,75.079,75.109,75.256,75.271,75.111,75.141,110
2026-07-08 18:21:00,75.104,75.159,75.044,75.089,75.136,75.191,75.076,75.121,92
2026-07-08 18:22:00,75.079,75.224,75.069,75.214,75.111,75.256,75.101,75.246,94
2026-07-08 18:23:00,75.219,75.229,75.124,75.164,75.251,75.261,75.156,75.196,85
2026-07-08 18:24:00,75.154,75.194,75.124,75.139,75.186,75.226,75.156,75.171,82
2026-07-08 18:25:00,75.144,75.144,75.089,75.129,75.176,75.176,75.121,75.161,59
2026-07-08 18:26:00,75.134,75.144,75.079,75.129,75.166,75.176,75.111,75.161,77
2026-07-08 18:27:00,75.134,75.144,74.824,74.949,75.166,75.176,74.856,74.981,182
2026-07-08 18:28:00,74.954,75.074,74.949,75.069,74.986,75.106,74.981,75.101,154
2026-07-08 18:29:00,75.074,75.134,74.949,74.979,75.106,75.17,74.981,75.011,139
2026-07-08 18:30:00,74.989,75.059,74.819,74.839,75.021,75.091,74.851,74.871,182
2026-07-08 18:31:00,74.84,74.954,74.759,74.949,74.88,74.986,74.791,74.981,189
2026-07-08 18:32:00,74.954,75.044,74.944,74.989,74.986,75.076,74.976,75.021,115
2026-07-08 18:33:00,74.994,75.024,74.914,74.924,75.026,75.056,74.946,74.956,116
2026-07-08 18:34:00,74.914,75.069,74.894,75.039,74.946,75.101,74.926,75.071,145
2026-07-08 18:35:00,75.049,75.124,74.709,75.104,75.081,75.156,74.741,75.136,298
2026-07-08 18:36:00,75.099,75.209,75.079,75.184,75.131,75.241,75.111,75.216,135
2026-07-08 18:37:00,75.179,75.179,75.02,75.104,75.211,75.211,75.06,75.136,102
2026-07-08 18:38:00,75.114,75.134,75.084,75.119,75.146,75.166,75.116,75.151,79
2026-07-08 18:39:00,75.134,75.184,74.724,74.749,75.166,75.216,74.756,74.781,233
2026-07-08 18:40:00,74.73,74.894,74.504,74.549,74.77,74.926,74.536,74.581,457
2026-07-08 18:41:00,74.559,74.869,74.554,74.864,74.591,74.901,74.586,74.896,244
2026-07-08 18:42:00,74.869,74.869,74.674,74.709,74.901,74.901,74.706,74.741,185
2026-07-08 18:43:00,74.724,74.804,74.609,74.684,74.756,74.836,74.641,74.716,186
2026-07-08 18:44:00,74.689,74.689,74.519,74.564,74.721,74.721,74.551,74.596,181
2026-07-08 18:45:00,74.559,74.739,74.549,74.699,74.591,74.771,74.581,74.731,157
2026-07-08 18:46:00,74.709,74.744,74.534,74.574,74.741,74.776,74.566,74.606,149
2026-07-08 18:47:00,74.584,74.724,74.574,74.684,74.616,74.756,74.606,74.716,113
2026-07-08 18:48:00,74.679,74.679,74.554,74.559,74.711,74.711,74.586,74.591,111
2026-07-08 18:49:00,74.564,74.579,74.459,74.519,74.596,74.611,74.491,74.551,125
2026-07-08 18:50:00,74.504,74.524,74.454,74.494,74.536,74.556,74.486,74.526,119
2026-07-08 18:51:00,74.499,74.534,74.424,74.424,74.531,74.566,74.456,74.456,133
2026-07-08 18:52:00,74.429,74.494,74.335,74.489,74.461,74.526,74.386,74.521,142
2026-07-08 18:53:00,74.474,74.564,74.374,74.444,74.506,74.596,74.406,74.476,130
2026-07-08 18:54:00,74.449,74.579,74.439,74.509,74.481,74.611,74.471,74.541,123
2026-07-08 18:55:00,74.514,74.544,74.294,74.304,74.546,74.576,74.326,74.336,129
2026-07-08 18:56:00,74.309,74.434,74.304,74.324,74.341,74.47,74.336,74.356,144
2026-07-08 18:57:00,74.334,74.454,74.324,74.414,74.366,74.486,74.356,74.446,140
2026-07-08 18:58:00,74.409,74.454,74.349,74.434,74.441,74.486,74.381,74.466,98
2026-07-08 18:59:00,74.439,74.499,74.424,74.489,74.471,74.531,74.456,74.521,85
2026-07-08 19:00:00,74.504,74.549,74.384,74.399,74.536,74.581,74.416,74.431,129
2026-07-08 19:01:00,74.394,74.439,74.314,74.374,74.426,74.471,74.346,74.406,139
2026-07-08 19:02:00,74.389,74.409,74.264,74.409,74.421,74.441,74.296,74.441,266
2026-07-08 19:03:00,74.399,74.464,74.379,74.389,74.431,74.496,74.411,74.421,152
2026-07-08 19:04:00,74.384,74.399,74.304,74.329,74.416,74.431,74.336,74.361,184
2026-07-08 19:05:00,74.314,74.339,74.254,74.304,74.346,74.371,74.286,74.336,226
2026-07-08 19:06:00,74.309,74.309,74.084,74.109,74.341,74.341,74.116,74.141,246
2026-07-08 19:07:00,74.104,74.214,74.094,74.194,74.136,74.246,74.126,74.226,170
2026-07-08 19:08:00,74.204,74.309,74.189,74.229,74.236,74.341,74.221,74.261,100
2026-07-08 19:09:00,74.234,74.304,74.209,74.304,74.266,74.336,74.241,74.336,70
2026-07-08 19:10:00,74.294,74.339,74.134,74.224,74.326,74.371,74.166,74.256,89
2026-07-08 19:11:00,74.234,74.249,74.154,74.154,74.266,74.281,74.186,74.186,73
2026-07-08 19:12:00,74.144,74.164,74.114,74.119,74.176,74.196,74.146,74.151,70
2026-07-08 19:13:00,74.124,74.254,74.094,74.254,74.156,74.286,74.126,74.286,98
2026-07-08 19:14:00,74.239,74.244,74.149,74.219,74.271,74.276,74.181,74.251,77
2026-07-08 19:15:00,74.204,74.234,74.124,74.189,74.236,74.266,74.156,74.221,101
2026-07-08 19:16:00,74.184,74.194,74.099,74.104,74.216,74.226,74.131,74.136,87
2026-07-08 19:17:00,74.114,74.139,74.044,74.114,74.146,74.171,74.076,74.146,109
2026-07-08 19:18:00,74.109,74.164,74.089,74.124,74.141,74.196,74.121,74.156,74
2026-07-08 19:19:00,74.109,74.134,74.074,74.119,74.141,74.166,74.106,74.151,73
2026-07-08 19:20:00,74.114,74.144,74.014,74.049,74.146,74.176,74.046,74.081,121
2026-07-08 19:21:00,74.054,74.094,74.034,74.074,74.086,74.126,74.066,74.106,83
2026-07-08 19:22:00,74.084,74.089,73.974,74.024,74.116,74.121,74.006,74.056,106
2026-07-08 19:23:00,74.034,74.124,73.989,74.124,74.066,74.156,74.021,74.156,91
2026-07-08 19:24:00,74.129,74.144,74.059,74.059,74.161,74.176,74.091,74.091,58
2026-07-08 19:25:00,74.054,74.054,73.884,73.914,74.086,74.086,73.916,73.946,118
2026-07-08 19:26:00,73.904,73.919,73.864,73.889,73.936,73.951,73.896,73.921,94
2026-07-08 19:27:00,73.884,73.924,73.844,73.879,73.916,73.956,73.876,73.911,76
2026-07-08 19:28:00,73.874,73.884,73.774,73.784,73.906,73.916,73.806,73.816,101
2026-07-08 19:29:00,73.764,73.789,73.724,73.769,73.796,73.821,73.756,73.801,97
2026-07-08 19:30:00,73.764,73.784,73.714,73.749,73.796,73.816,73.746,73.781,126
2026-07-08 19:31:00,73.754,73.759,73.584,73.609,73.786,73.791,73.616,73.641,141
2026-07-08 19:32:00,73.614,73.664,73.609,73.614,73.646,73.696,73.641,73.646,113
2026-07-08 19:33:00,73.624,73.709,73.564,73.709,73.656,73.741,73.596,73.741,132
2026-07-08 19:34:00,73.704,73.764,73.704,73.754,73.736,73.796,73.736,73.786,85
2026-07-08 19:35:00,73.749,73.824,73.694,73.804,73.781,73.856,73.726,73.836,88
2026-07-08 19:36:00,73.794,73.814,73.694,73.699,73.826,73.846,73.726,73.731,83
2026-07-08 19:37:00,73.684,73.834,73.684,73.809,73.716,73.866,73.716,73.841,101
2026-07-08 19:38:00,73.804,73.804,73.724,73.774,73.836,73.836,73.756,73.806,73
2026-07-08 19:39:00,73.764,73.884,73.764,73.879,73.796,73.916,73.796,73.911,95
2026-07-08 19:40:00,73.869,73.894,73.789,73.794,73.901,73.926,73.821,73.826,101
2026-07-08 19:41:00,73.804,73.834,73.724,73.729,73.836,73.866,73.756,73.761,58
2026-07-08 19:42:00,73.734,73.764,73.694,73.699,73.766,73.796,73.726,73.731,79
2026-07-08 19:43:00,73.689,73.699,73.639,73.669,73.721,73.731,73.671,73.701,86
2026-07-08 19:44:00,73.674,73.714,73.629,73.664,73.706,73.746,73.661,73.696,126
2026-07-08 19:45:00,73.654,73.794,73.654,73.789,73.686,73.826,73.686,73.821,74
2026-07-08 19:46:00,73.794,73.794,73.689,73.704,73.826,73.826,73.721,73.736,71
2026-07-08 19:47:00,73.724,73.754,73.689,73.694,73.756,73.786,73.721,73.726,81
2026-07-08 19:48:00,73.699,73.804,73.689,73.784,73.731,73.836,73.721,73.816,103
2026-07-08 19:49:00,73.774,73.809,73.774,73.779,73.806,73.841,73.806,73.811,83
2026-07-08 19:50:00,73.764,73.764,73.659,73.684,73.796,73.796,73.691,73.716,102
2026-07-08 19:51:00,73.679,73.704,73.474,73.494,73.711,73.736,73.506,73.526,108
2026-07-08 19:52:00,73.504,73.529,73.469,73.504,73.536,73.561,73.501,73.536,94
2026-07-08 19:53:00,73.514,73.564,73.464,73.539,73.546,73.596,73.496,73.571,84
2026-07-08 19:54:00,73.529,73.564,73.494,73.509,73.561,73.596,73.526,73.541,70
2026-07-08 19:55:00,73.504,73.634,73.494,73.614,73.536,73.666,73.526,73.646,91
2026-07-08 19:56:00,73.609,73.699,73.584,73.624,73.641,73.731,73.616,73.656,62
2026-07-08 19:57:00,73.619,73.704,73.619,73.694,73.651,73.736,73.651,73.726,60
2026-07-08 19:58:00,73.689,73.704,73.629,73.644,73.721,73.736,73.661,73.676,77
2026-07-08 19:59:00,73.649,73.704,73.629,73.694,73.681,73.736,73.661,73.726,64
2026-07-08 20:00:00,73.699,73.719,73.564,73.594,73.731,73.751,73.596,73.626,121
2026-07-08 20:01:00,73.609,73.704,73.564,73.594,73.641,73.736,73.596,73.626,108
2026-07-08 20:02:00,73.584,73.624,73.559,73.584,73.616,73.656,73.591,73.616,72
2026-07-08 20:03:00,73.574,73.619,73.504,73.614,73.606,73.651,73.536,73.646,68
2026-07-08 20:04:00,73.624,73.704,73.609,73.624,73.656,73.736,73.641,73.656,80
2026-07-08 20:05:00,73.619,73.644,73.579,73.584,73.651,73.676,73.611,73.616,96
2026-07-08 20:06:00,73.579,73.664,73.574,73.624,73.611,73.696,73.606,73.656,67
2026-07-08 20:07:00,73.629,73.639,73.574,73.629,73.661,73.671,73.606,73.661,68
2026-07-08 20:08:00,73.624,73.659,73.604,73.619,73.656,73.691,73.636,73.651,68
2026-07-08 20:09:00,73.614,73.674,73.609,73.644,73.646,73.706,73.641,73.676,74
2026-07-08 20:10:00,73.649,73.669,73.534,73.534,73.681,73.701,73.566,73.566,53
2026-07-08 20:11:00,73.539,73.584,73.504,73.524,73.571,73.616,73.536,73.556,87
2026-07-08 20:12:00,73.514,73.564,73.504,73.534,73.546,73.596,73.536,73.566,106
2026-07-08 20:13:00,73.539,73.554,73.444,73.459,73.571,73.586,73.476,73.491,74
2026-07-08 20:14:00,73.454,73.544,73.434,73.534,73.486,73.576,73.466,73.566,110
2026-07-08 20:15:00,73.524,73.589,73.499,73.579,73.556,73.621,73.531,73.611,89
2026-07-08 20:16:00,73.569,73.694,73.539,73.674,73.601,73.726,73.571,73.706,106
2026-07-08 20:17:00,73.669,73.674,73.604,73.634,73.701,73.706,73.636,73.666,95
2026-07-08 20:18:00,73.639,73.644,73.544,73.564,73.671,73.676,73.576,73.596,64
2026-07-08 20:19:00,73.559,73.564,73.464,73.474,73.591,73.596,73.496,73.506,95
2026-07-08 20:20:00,73.484,73.534,73.434,73.444,73.516,73.566,73.466,73.476,59
2026-07-08 20:21:00,73.454,73.504,73.394,73.504,73.486,73.536,73.426,73.536,74
2026-07-08 20:22:00,73.484,73.539,73.454,73.499,73.516,73.571,73.486,73.531,103
2026-07-08 20:23:00,73.504,73.549,73.474,73.549,73.536,73.581,73.506,73.581,86
2026-07-08 20:24:00,73.554,73.604,73.544,73.584,73.586,73.636,73.576,73.616,100
2026-07-08 20:25:00,73.579,73.664,73.564,73.659,73.611,73.696,73.596,73.691,108
2026-07-08 20:26:00,73.654,73.689,73.614,73.614,73.686,73.721,73.646,73.646,120
2026-07-08 20:27:00,73.604,73.639,73.514,73.559,73.636,73.671,73.546,73.591,144
2026-07-08 20:28:00,73.574,73.574,73.359,73.474,73.606,73.606,73.391,73.506,207
2026-07-08 20:29:00,73.464,73.504,73.394,73.454,73.496,73.536,73.426,73.486,148
2026-07-08 20:30:00,73.444,73.494,73.384,73.479,73.476,73.526,73.416,73.511,131
2026-07-08 20:31:00,73.489,73.514,73.444,73.509,73.521,73.546,73.476,73.541,107
2026-07-08 20:32:00,73.514,73.514,73.264,73.329,73.546,73.546,73.296,73.361,127
2026-07-08 20:33:00,73.334,73.474,73.334,73.474,73.366,73.506,73.366,73.506,85
2026-07-08 20:34:00,73.479,73.514,73.394,73.504,73.511,73.546,73.426,73.536,85
2026-07-08 20:35:00,73.509,73.634,73.489,73.579,73.541,73.666,73.521,73.611,93
2026-07-08 20:36:00,73.574,73.644,73.564,73.629,73.606,73.676,73.596,73.661,91
2026-07-08 20:37:00,73.624,73.714,73.604,73.654,73.656,73.746,73.636,73.686,99
2026-07-08 20:38:00,73.649,73.664,73.594,73.639,73.681,73.696,73.626,73.671,47
2026-07-08 20:39:00,73.634,73.664,73.599,73.624,73.666,73.696,73.631,73.656,72
2026-07-08 20:40:00,73.619,73.694,73.619,73.689,73.651,73.726,73.651,73.721,70
2026-07-08 20:41:00,73.694,73.749,73.689,73.739,73.726,73.781,73.721,73.771,44
2026-07-08 20:42:00,73.734,73.754,73.689,73.754,73.766,73.786,73.721,73.786,43
2026-07-08 20:43:00,73.749,73.754,73.724,73.739,73.781,73.79,73.756,73.771,46
2026-07-08 20:44:00,73.734,73.734,73.664,73.679,73.766,73.766,73.696,73.711,38
2026-07-08 20:45:00,73.684,73.714,73.644,73.644,73.716,73.746,73.676,73.676,56
2026-07-08 20:46:00,73.649,73.724,73.644,73.679,73.681,73.756,73.676,73.711,71
2026-07-08 20:47:00,73.674,73.684,73.634,73.659,73.706,73.716,73.666,73.691,43
2026-07-08 20:48:00,73.664,73.684,73.634,73.684,73.696,73.716,73.666,73.716,33
2026-07-08 20:49:00,73.679,73.679,73.574,73.584,73.711,73.711,73.606,73.616,42
2026-07-08 20:50:00,73.594,73.634,73.529,73.554,73.626,73.666,73.561,73.586,49
2026-07-08 20:51:00,73.574,73.634,73.564,73.584,73.606,73.666,73.596,73.616,66
2026-07-08 20:52:00,73.579,73.649,73.564,73.629,73.611,73.681,73.596,73.661,37
2026-07-08 20:53:00,73.634,73.649,73.614,73.629,73.666,73.681,73.646,73.661,52
2026-07-08 20:54:00,73.624,73.644,73.574,73.584,73.656,73.676,73.606,73.616,30
2026-07-08 20:55:00,73.579,73.614,73.559,73.569,73.611,73.646,73.591,73.601,34
2026-07-08 20:56:00,73.564,73.614,73.564,73.589,73.596,73.646,73.596,73.621,48
2026-07-08 20:57:00,73.599,73.619,73.544,73.549,73.631,73.651,73.576,73.581,43
2026-07-08 20:58:00,73.544,73.554,73.484,73.544,73.576,73.586,73.516,73.576,52
2026-07-08 20:59:00,73.539,73.544,73.484,73.524,73.571,73.576,73.516,73.556,35
2026-07-08 21:00:00,73.529,73.609,73.514,73.599,73.561,73.641,73.546,73.631,52
2026-07-08 21:01:00,73.594,73.624,73.569,73.619,73.626,73.656,73.601,73.651,114
2026-07-08 21:02:00,73.624,73.634,73.579,73.599,73.656,73.666,73.611,73.631,90
2026-07-08 21:03:00,73.604,73.604,73.564,73.579,73.636,73.636,73.596,73.611,70
2026-07-08 21:04:00,73.584,73.614,73.574,73.604,73.616,73.646,73.606,73.636,42
2026-07-08 21:05:00,73.614,73.614,73.589,73.594,73.646,73.646,73.621,73.626,58
2026-07-08 21:06:00,73.599,73.634,73.584,73.589,73.631,73.666,73.616,73.621,56
2026-07-08 21:07:00,73.584,73.614,73.564,73.604,73.616,73.646,73.596,73.636,42
2026-07-08 21:08:00,73.614,73.624,73.594,73.594,73.646,73.656,73.626,73.626,10
2026-07-08 21:09:00,73.599,73.639,73.599,73.599,73.631,73.671,73.631,73.631,22
2026-07-08 21:10:00,73.604,73.604,73.569,73.589,73.636,73.636,73.601,73.621,25
2026-07-08 21:11:00,73.594,73.594,73.554,73.589,73.626,73.626,73.586,73.621,35
2026-07-08 21:12:00,73.584,73.594,73.524,73.554,73.616,73.626,73.556,73.586,30
2026-07-08 21:13:00,73.549,73.564,73.529,73.564,73.581,73.596,73.561,73.596,25
2026-07-08 21:14:00,73.559,73.584,73.504,73.509,73.591,73.616,73.536,73.541,36
2026-07-08 21:15:00,73.514,73.514,73.464,73.499,73.546,73.546,73.496,73.531,47
2026-07-08 21:16:00,73.494,73.494,73.43,73.454,73.526,73.526,73.47,73.486,30
2026-07-08 21:17:00,73.459,73.464,73.414,73.464,73.491,73.496,73.446,73.496,40
2026-07-08 21:18:00,73.459,73.524,73.459,73.509,73.491,73.556,73.491,73.541,55
2026-07-08 21:19:00,73.519,73.544,73.489,73.539,73.551,73.576,73.521,73.571,33
2026-07-08 21:20:00,73.534,73.544,73.489,73.519,73.566,73.576,73.521,73.551,32
2026-07-08 21:21:00,73.524,73.564,73.494,73.534,73.556,73.596,73.526,73.566,43
2026-07-08 21:22:00,73.529,73.539,73.474,73.494,73.561,73.571,73.506,73.526,45
2026-07-08 21:23:00,73.499,73.524,73.464,73.464,73.531,73.556,73.496,73.496,20
2026-07-08 21:24:00,73.469,73.509,73.454,73.499,73.501,73.541,73.486,73.531,26
2026-07-08 21:25:00,73.49,73.534,73.464,73.534,73.53,73.566,73.496,73.566,25
2026-07-08 21:26:00,73.529,73.529,73.494,73.509,73.561,73.561,73.526,73.541,19
2026-07-08 21:27:00,73.514,73.534,73.494,73.534,73.546,73.566,73.526,73.566,33
2026-07-08 21:28:00,73.529,73.539,73.494,73.529,73.561,73.571,73.526,73.561,33
2026-07-08 21:29:00,73.524,73.544,73.494,73.544,73.556,73.576,73.526,73.576,38
2026-07-08 21:30:00,73.534,73.554,73.509,73.554,73.566,73.586,73.541,73.586,40
2026-07-08 21:31:00,73.559,73.594,73.544,73.569,73.591,73.626,73.576,73.601,40
2026-07-08 21:32:00,73.564,73.624,73.564,73.614,73.596,73.656,73.596,73.646,22
2026-07-08 21:33:00,73.634,73.644,73.629,73.634,73.666,73.676,73.661,73.666,20
2026-07-08 21:34:00,73.629,73.724,73.614,73.719,73.661,73.756,73.646,73.751,39
2026-07-08 21:35:00,73.724,73.734,73.684,73.704,73.756,73.766,73.716,73.736,59
2026-07-08 21:36:00,73.699,73.704,73.664,73.674,73.731,73.736,73.696,73.706,23
2026-07-08 21:37:00,73.684,73.694,73.674,73.679,73.716,73.726,73.706,73.711,15
2026-07-08 21:38:00,73.684,73.754,73.684,73.754,73.716,73.786,73.716,73.786,32
2026-07-08 21:39:00,73.759,73.774,73.734,73.749,73.791,73.806,73.766,73.781,28
2026-07-08 21:40:00,73.744,73.779,73.734,73.779,73.776,73.811,73.766,73.811,35
2026-07-08 21:41:00,73.784,73.834,73.764,73.824,73.816,73.866,73.796,73.856,57
2026-07-08 21:42:00,73.814,73.934,73.814,73.914,73.846,73.966,73.846,73.946,71
2026-07-08 21:43:00,73.904,73.969,73.904,73.969,73.936,74.001,73.936,74.001,61
2026-07-08 21:44:00,73.964,74.034,73.964,73.994,73.996,74.066,73.996,74.026,69
2026-07-08 21:45:00,73.989,74.144,73.989,74.054,74.021,74.176,74.021,74.086,113
2026-07-08 21:46:00,74.049,74.064,73.964,73.999,74.081,74.096,73.996,74.031,78
2026-07-08 21:47:00,74.004,74.224,73.994,74.174,74.036,74.256,74.026,74.206,136
2026-07-08 21:48:00,74.17,74.199,74.099,74.114,74.21,74.231,74.131,74.146,123
2026-07-08 21:49:00,74.109,74.224,74.109,74.214,74.141,74.256,74.141,74.246,64
2026-07-08 21:50:00,74.199,74.229,74.039,74.054,74.231,74.261,74.071,74.086,115
2026-07-08 21:51:00,74.049,74.059,73.954,73.954,74.081,74.091,73.986,73.986,83
2026-07-08 21:52:00,73.959,73.969,73.884,73.969,73.991,74.001,73.916,74.001,82
2026-07-08 21:53:00,73.954,74.034,73.954,74.004,73.986,74.066,73.986,74.036,60
2026-07-08 21:54:00,74.014,74.019,73.929,73.959,74.046,74.051,73.961,73.991,55
2026-07-08 21:55:00,73.964,73.989,73.929,73.979,73.996,74.021,73.961,74.011,62
2026-07-08 21:56:00,73.964,73.984,73.914,73.949,73.996,74.016,73.946,73.981,33
2026-07-08 21:57:00,73.954,73.979,73.934,73.934,73.986,74.011,73.966,73.966,46
2026-07-08 21:58:00,73.929,73.934,73.894,73.904,73.961,73.966,73.926,73.936,54
2026-07-08 21:59:00,73.894,73.979,73.849,73.979,73.926,74.011,73.881,74.011,84
2026-07-08 22:00:00,73.989,74.114,73.979,74.094,74.021,74.146,74.011,74.126,72
2026-07-08 22:01:00,74.089,74.139,74.054,74.129,74.121,74.171,74.086,74.161,52
2026-07-08 22:02:00,74.124,74.134,74.079,74.124,74.156,74.166,74.111,74.156,23
2026-07-08 22:03:00,74.119,74.134,74.089,74.129,74.151,74.166,74.121,74.161,30
2026-07-08 22:04:00,74.134,74.179,74.134,74.159,74.166,74.211,74.166,74.191,34
2026-07-08 22:05:00,74.179,74.204,74.144,74.169,74.211,74.236,74.176,74.201,48
2026-07-08 22:06:00,74.179,74.214,74.164,74.209,74.211,74.25,74.196,74.241,36
2026-07-08 22:07:00,74.214,74.234,74.174,74.2,74.246,74.266,74.206,74.24,42
2026-07-08 22:08:00,74.209,74.229,74.179,74.209,74.241,74.261,74.211,74.241,35
2026-07-08 22:09:00,74.204,74.204,74.184,74.189,74.236,74.24,74.216,74.221,22
2026-07-08 22:10:00,74.204,74.224,74.164,74.194,74.236,74.256,74.196,74.226,39
2026-07-08 22:11:00,74.184,74.369,74.169,74.299,74.216,74.401,74.201,74.331,151
2026-07-08 22:12:00,74.294,74.504,74.294,74.424,74.326,74.536,74.326,74.456,121
2026-07-08 22:13:00,74.419,74.46,74.339,74.439,74.451,74.5,74.371,74.471,72
2026-07-08 22:14:00,74.43,74.434,74.289,74.289,74.47,74.47,74.321,74.321,54
2026-07-08 22:15:00,74.294,74.375,74.289,74.375,74.326,74.415,74.321,74.415,60
2026-07-08 22:16:00,74.38,74.529,74.375,74.499,74.42,74.561,74.411,74.531,82
2026-07-08 22:17:00,74.48,74.495,74.444,74.479,74.52,74.535,74.476,74.511,48
2026-07-08 22:18:00,74.484,74.574,74.454,74.529,74.516,74.606,74.486,74.561,59
2026-07-08 22:19:00,74.53,74.554,74.469,74.479,74.57,74.586,74.501,74.511,53
2026-07-08 22:20:00,74.484,74.554,74.469,74.549,74.516,74.586,74.501,74.581,43
2026-07-08 22:21:00,74.554,74.724,74.514,74.52,74.586,74.756,74.546,74.56,122
2026-07-08 22:22:00,74.519,74.529,74.464,74.479,74.551,74.561,74.496,74.511,41
2026-07-08 22:23:00,74.484,74.524,74.459,74.509,74.516,74.556,74.491,74.541,37
2026-07-08 22:24:00,74.519,74.579,74.499,74.55,74.551,74.611,74.531,74.59,53
2026-07-08 22:25:00,74.56,74.579,74.449,74.45,74.6,74.611,74.481,74.49,46
2026-07-08 22:26:00,74.449,74.539,74.449,74.504,74.481,74.571,74.481,74.536,58
2026-07-08 22:27:00,74.499,74.569,74.47,74.509,74.531,74.601,74.51,74.541,40
2026-07-08 22:28:00,74.51,74.519,74.414,74.429,74.55,74.551,74.446,74.461,33
2026-07-08 22:29:00,74.424,74.544,74.409,74.529,74.456,74.576,74.441,74.561,66
2026-07-08 22:30:00,74.524,74.599,74.514,74.584,74.556,74.631,74.546,74.616,41
2026-07-08 22:31:00,74.574,74.699,74.569,74.674,74.606,74.731,74.601,74.706,32
2026-07-08 22:32:00,74.679,74.709,74.644,74.709,74.711,74.741,74.676,74.741,50
2026-07-08 22:33:00,74.714,74.774,74.654,74.724,74.746,74.806,74.686,74.756,61
2026-07-08 22:34:00,74.729,74.804,74.679,74.714,74.761,74.836,74.711,74.746,63
2026-07-08 22:35:00,74.724,74.849,74.704,74.804,74.756,74.881,74.736,74.836,89
2026-07-08 22:36:00,74.799,74.969,74.799,74.879,74.831,75.001,74.831,74.911,82
2026-07-08 22:37:00,74.88,74.894,74.804,74.834,74.92,74.926,74.836,74.866,53
2026-07-08 22:38:00,74.839,74.924,74.839,74.899,74.871,74.956,74.871,74.931,44
2026-07-08 22:39:00,74.914,74.959,74.909,74.929,74.946,74.991,74.941,74.961,55
2026-07-08 22:40:00,74.934,74.964,74.899,74.94,74.966,74.996,74.931,74.98,52
2026-07-08 22:41:00,74.949,74.964,74.904,74.929,74.981,74.996,74.936,74.961,31
2026-07-08 22:42:00,74.919,74.929,74.804,74.814,74.951,74.961,74.836,74.846,40
2026-07-08 22:43:00,74.819,74.859,74.794,74.819,74.851,74.891,74.826,74.851,36
2026-07-08 22:44:00,74.829,74.849,74.769,74.779,74.861,74.881,74.801,74.811,72
2026-07-08 22:45:00,74.759,74.774,74.714,74.729,74.791,74.806,74.746,74.761,59
2026-07-08 22:46:00,74.739,74.739,74.64,74.659,74.771,74.771,74.676,74.691,50
2026-07-08 22:47:00,74.664,74.734,74.65,74.729,74.696,74.766,74.686,74.761,44
2026-07-08 22:48:00,74.734,74.774,74.699,74.699,74.766,74.806,74.731,74.731,26
2026-07-08 22:49:00,74.694,74.704,74.634,74.704,74.726,74.736,74.666,74.736,57
2026-07-08 22:50:00,74.699,74.704,74.599,74.609,74.731,74.736,74.631,74.641,49
2026-07-08 22:51:00,74.61,74.634,74.539,74.539,74.65,74.666,74.571,74.571,49
2026-07-08 22:52:00,74.544,74.569,74.45,74.534,74.576,74.601,74.526,74.566,50
2026-07-08 22:53:00,74.554,74.669,74.554,74.62,74.586,74.701,74.586,74.66,67
2026-07-08 22:54:00,74.624,74.644,74.57,74.639,74.656,74.676,74.61,74.671,44
2026-07-08 22:55:00,74.634,74.644,74.559,74.579,74.666,74.676,74.591,74.611,45
2026-07-08 22:56:00,74.589,74.624,74.57,74.614,74.621,74.66,74.61,74.646,48
2026-07-08 22:57:00,74.609,74.644,74.609,74.629,74.641,74.676,74.641,74.661,42
2026-07-08 22:58:00,74.624,74.639,74.524,74.524,74.656,74.671,74.556,74.556,53
2026-07-08 22:59:00,74.53,74.637,74.428,74.572,74.57,74.669,74.448,74.604,65
2026-07-09 00:00:00,74.803,74.878,74.323,74.502,74.883,74.958,74.399,74.534,94
2026-07-09 00:01:00,74.493,74.597,74.417,74.448,74.533,74.633,74.449,74.488,42
2026-07-09 00:02:00,74.443,74.468,74.333,74.393,74.523,74.543,74.404,74.473,52
2026-07-09 00:03:00,74.398,74.488,74.353,74.368,74.478,74.543,74.399,74.448,46
2026-07-09 00:04:00,74.398,74.442,74.358,74.433,74.438,74.493,74.438,74.473,20
2026-07-09 00:05:00,74.423,74.443,74.403,74.418,74.463,74.483,74.454,74.458,11
2026-07-09 00:06:00,74.413,74.413,74.413,74.413,74.453,74.453,74.453,74.453,1
2026-07-09 00:07:00,74.408,74.438,74.392,74.392,74.488,74.493,74.424,74.424,12
2026-07-09 00:08:00,74.397,74.473,74.397,74.468,74.429,74.513,74.429,74.508,17
2026-07-09 00:09:00,74.497,74.532,74.478,74.532,74.529,74.564,74.518,74.564,13
2026-07-09 00:10:00,74.508,74.508,74.453,74.453,74.548,74.563,74.493,74.493,17
2026-07-09 00:11:00,74.458,74.492,74.453,74.468,74.498,74.568,74.498,74.508,12
2026-07-09 00:12:00,74.478,74.478,74.462,74.473,74.518,74.518,74.494,74.513,7
2026-07-09 00:13:00,74.467,74.488,74.463,74.483,74.499,74.543,74.499,74.523,7
2026-07-09 00:14:00,74.478,74.478,74.422,74.467,74.518,74.518,74.454,74.499,15
2026-07-09 00:15:00,74.472,74.477,74.433,74.472,74.504,74.513,74.474,74.504,8
2026-07-09 00:16:00,74.473,74.512,74.443,74.467,74.513,74.544,74.483,74.499,16
2026-07-09 00:17:00,74.458,74.472,74.382,74.412,74.498,74.504,74.414,74.444,18
2026-07-09 00:18:00,74.402,74.468,74.402,74.462,74.434,74.508,74.434,74.494,14
2026-07-09 00:19:00,74.473,74.473,74.428,74.453,74.513,74.513,74.468,74.493,13
2026-07-09 00:20:00,74.458,74.483,74.453,74.482,74.498,74.523,74.493,74.514,8
2026-07-09 00:21:00,74.487,74.497,74.487,74.497,74.519,74.529,74.519,74.529,3
2026-07-09 00:22:00,74.487,74.492,74.472,74.473,74.519,74.524,74.504,74.513,10
2026-07-09 00:23:00,74.458,74.458,74.443,74.443,74.498,74.498,74.483,74.483,3
2026-07-09 00:24:00,74.438,74.438,74.413,74.413,74.478,74.478,74.453,74.453,6
2026-07-09 00:25:00,74.403,74.412,74.362,74.392,74.443,74.444,74.394,74.424,18
2026-07-09 00:26:00,74.397,74.422,74.343,74.343,74.429,74.454,74.383,74.383,15
2026-07-09 00:27:00,74.347,74.362,74.273,74.273,74.379,74.394,74.309,74.313,19
2026-07-09 00:28:00,74.282,74.307,74.272,74.307,74.314,74.339,74.304,74.339,7
2026-07-09 00:29:00,74.302,74.307,74.302,74.307,74.334,74.339,74.334,74.339,2
2026-07-09 00:30:00,74.317,74.327,74.317,74.327,74.349,74.359,74.349,74.359,3
2026-07-09 00:31:00,74.313,74.327,74.313,74.327,74.353,74.359,74.353,74.359,3
2026-07-09 00:32:00,74.322,74.357,74.322,74.357,74.354,74.389,74.354,74.389,6
2026-07-09 00:33:00,74.352,74.352,74.183,74.257,74.384,74.384,74.253,74.289,37
2026-07-09 00:34:00,74.267,74.282,74.043,74.058,74.299,74.314,74.083,74.098,60
2026-07-09 00:35:00,74.113,74.263,74.053,74.243,74.153,74.333,74.124,74.283,47
2026-07-09 00:36:00,74.252,74.297,74.252,74.292,74.284,74.333,74.284,74.324,20
2026-07-09 00:37:00,74.312,74.322,74.273,74.298,74.344,74.354,74.313,74.338,20
2026-07-09 00:38:00,74.293,74.377,74.293,74.363,74.333,74.409,74.333,74.403,15
2026-07-09 00:39:00,74.362,74.397,74.343,74.363,74.394,74.433,74.384,74.403,20
2026-07-09 00:40:00,74.353,74.353,74.293,74.313,74.393,74.403,74.329,74.353,20
2026-07-09 00:41:00,74.312,74.352,74.303,74.338,74.344,74.384,74.343,74.378,15
2026-07-09 00:42:00,74.343,74.383,74.332,74.382,74.383,74.423,74.364,74.414,11
2026-07-09 00:43:00,74.363,74.388,74.322,74.343,74.403,74.433,74.354,74.383,25
2026-07-09 00:44:00,74.337,74.352,74.268,74.303,74.369,74.384,74.308,74.383,19
2026-07-09 00:45:00,74.323,74.362,74.323,74.358,74.363,74.398,74.363,74.398,13
2026-07-09 00:46:00,74.343,74.362,74.313,74.362,74.383,74.394,74.368,74.394,9
2026-07-09 00:47:00,74.363,74.363,74.353,74.362,74.403,74.403,74.393,74.394,4
2026-07-09 00:48:00,74.368,74.397,74.343,74.362,74.408,74.433,74.394,74.394,16
2026-07-09 00:49:00,74.363,74.383,74.362,74.383,74.403,74.423,74.394,74.423,9
2026-07-09 00:50:00,74.393,74.412,74.393,74.412,74.433,74.444,74.433,74.444,4
2026-07-09 00:51:00,74.413,74.427,74.388,74.403,74.453,74.459,74.428,74.443,10
2026-07-09 00:52:00,74.408,74.408,74.373,74.393,74.448,74.453,74.428,74.433,8
2026-07-09 00:53:00,74.398,74.413,74.363,74.363,74.438,74.453,74.403,74.403,16
2026-07-09 00:54:00,74.362,74.412,74.362,74.412,74.394,74.444,74.394,74.444,6
2026-07-09 00:55:00,74.388,74.403,74.358,74.392,74.428,74.443,74.418,74.424,21
2026-07-09 00:56:00,74.382,74.382,74.382,74.382,74.414,74.414,74.414,74.414,1
2026-07-09 00:57:00,74.383,74.383,74.383,74.383,74.423,74.423,74.423,74.423,1
2026-07-09 00:58:00,74.377,74.377,74.307,74.307,74.409,74.409,74.339,74.339,12
2026-07-09 00:59:00,74.258,74.323,74.258,74.322,74.338,74.363,74.334,74.354,7
2026-07-09 01:01:00,74.323,74.333,74.323,74.323,74.363,74.373,74.363,74.363,3
2026-07-09 01:02:00,74.322,74.322,74.293,74.302,74.354,74.354,74.333,74.334,4
2026-07-09 01:03:00,74.308,74.323,74.308,74.323,74.348,74.363,74.348,74.363,4
2026-07-09 01:04:00,74.332,74.332,74.332,74.332,74.364,74.364,74.364,74.364,1
2026-07-09 01:05:00,74.337,74.352,74.313,74.337,74.369,74.384,74.353,74.369,10
2026-07-09 01:06:00,74.332,74.352,74.318,74.323,74.364,74.403,74.358,74.363,12
2026-07-09 01:07:00,74.338,74.367,74.338,74.353,74.378,74.399,74.374,74.393,6
2026-07-09 01:08:00,74.377,74.377,74.362,74.367,74.409,74.409,74.394,74.399,4
2026-07-09 01:09:00,74.357,74.357,74.332,74.357,74.389,74.389,74.364,74.389,5
2026-07-09 01:10:00,74.343,74.343,74.342,74.342,74.383,74.383,74.374,74.374,4
2026-07-09 01:11:00,74.343,74.357,74.333,74.333,74.383,74.389,74.373,74.373,6
2026-07-09 01:12:00,74.323,74.343,74.323,74.337,74.363,74.383,74.363,74.369,9
2026-07-09 01:13:00,74.342,74.343,74.337,74.342,74.374,74.383,74.369,74.374,4
2026-07-09 01:14:00,74.328,74.332,74.323,74.327,74.368,74.368,74.359,74.359,4
2026-07-09 01:15:00,74.332,74.333,74.332,74.333,74.364,74.373,74.364,74.373,2
2026-07-09 01:16:00,74.342,74.347,74.333,74.342,74.374,74.379,74.373,74.374,6
2026-07-09 01:17:00,74.333,74.357,74.332,74.332,74.373,74.389,74.364,74.364,8
2026-07-09 01:18:00,74.337,74.362,74.337,74.362,74.369,74.394,74.369,74.394,4
2026-07-09 01:19:00,74.367,74.373,74.338,74.353,74.399,74.413,74.378,74.393,12
2026-07-09 01:20:00,74.352,74.352,74.332,74.332,74.384,74.384,74.364,74.364,4
2026-07-09 01:21:00,74.337,74.337,74.337,74.337,74.369,74.369,74.369,74.369,1
2026-07-09 01:22:00,74.327,74.337,74.292,74.292,74.359,74.369,74.324,74.324,10
2026-07-09 01:23:00,74.273,74.322,74.273,74.312,74.313,74.354,74.313,74.344,9
2026-07-09 01:24:00,74.317,74.317,74.283,74.283,74.349,74.349,74.323,74.323,6
2026-07-09 01:25:00,74.248,74.292,74.248,74.287,74.328,74.328,74.294,74.319,8
2026-07-09 01:26:00,74.273,74.282,74.273,74.282,74.313,74.314,74.313,74.314,2
2026-07-09 01:27:00,74.292,74.293,74.273,74.273,74.324,74.333,74.313,74.313,3
2026-07-09 01:28:00,74.282,74.282,74.263,74.263,74.314,74.314,74.303,74.303,4
2026-07-09 01:29:00,74.262,74.272,74.262,74.272,74.294,74.304,74.294,74.304,2
2026-07-09 01:30:00,74.267,74.282,74.252,74.252,74.299,74.314,74.284,74.284,7
2026-07-09 01:31:00,74.263,74.282,74.263,74.282,74.303,74.314,74.303,74.314,2
2026-07-09 01:32:00,74.297,74.297,74.277,74.277,74.329,74.329,74.309,74.309,7
2026-07-09 01:33:00,74.248,74.272,74.243,74.243,74.288,74.304,74.279,74.283,14
2026-07-09 01:34:00,74.252,74.277,74.252,74.277,74.284,74.309,74.284,74.309,4
2026-07-09 01:35:00,74.272,74.272,74.237,74.237,74.304,74.304,74.269,74.269,7
2026-07-09 01:36:00,74.227,74.232,74.227,74.227,74.259,74.264,74.259,74.259,3
2026-07-09 01:37:00,74.232,74.252,74.227,74.252,74.264,74.284,74.259,74.284,8
2026-07-09 01:38:00,74.257,74.257,74.233,74.233,74.289,74.289,74.273,74.273,4
2026-07-09 01:39:00,74.242,74.242,74.217,74.217,74.274,74.274,74.249,74.249,4
2026-07-09 01:40:00,74.222,74.252,74.222,74.242,74.254,74.284,74.254,74.274,8
2026-07-09 01:41:00,74.233,74.252,74.233,74.252,74.273,74.284,74.273,74.284,3
2026-07-09 01:42:00,74.262,74.262,74.262,74.262,74.294,74.294,74.294,74.294,1
2026-07-09 01:43:00,74.267,74.267,74.252,74.262,74.299,74.303,74.284,74.294,4
2026-07-09 01:44:00,74.247,74.247,74.247,74.247,74.279,74.279,74.279,74.279,1
2026-07-09 01:45:00,74.257,74.317,74.257,74.293,74.289,74.349,74.289,74.333,11
2026-07-09 01:46:00,74.302,74.307,74.293,74.293,74.334,74.339,74.333,74.333,3
2026-07-09 01:47:00,74.292,74.292,74.283,74.283,74.324,74.324,74.319,74.323,6
2026-07-09 01:48:00,74.282,74.282,74.258,74.262,74.314,74.314,74.294,74.294,5
2026-07-09 01:49:00,74.263,74.277,74.262,74.272,74.303,74.309,74.294,74.304,4
2026-07-09 01:50:00,74.267,74.277,74.267,74.277,74.299,74.309,74.299,74.309,5
2026-07-09 01:51:00,74.263,74.263,74.242,74.262,74.303,74.303,74.274,74.294,5
2026-07-09 01:52:00,74.263,74.263,74.253,74.253,74.303,74.303,74.293,74.293,2
2026-07-09 01:53:00,74.252,74.277,74.233,74.272,74.284,74.313,74.278,74.304,9
2026-07-09 01:56:00,74.262,74.273,74.262,74.273,74.294,74.313,74.294,74.313,5
2026-07-09 01:57:00,74.272,74.272,74.258,74.262,74.304,74.304,74.294,74.294,3
2026-07-09 01:58:00,74.253,74.253,74.212,74.252,74.293,74.293,74.244,74.284,11
2026-07-09 01:59:00,74.253,74.282,74.253,74.268,74.293,74.314,74.293,74.308,9
2026-07-09 02:00:00,74.273,74.307,74.197,74.252,74.313,74.339,74.229,74.284,72
2026-07-09 02:01:00,74.272,74.322,74.162,74.233,74.304,74.354,74.194,74.273,92
2026-07-09 02:02:00,74.232,74.232,74.163,74.172,74.264,74.264,74.199,74.204,34
2026-07-09 02:03:00,74.177,74.192,74.147,74.183,74.209,74.224,74.179,74.223,24
2026-07-09 02:04:00,74.192,74.193,74.147,74.147,74.224,74.233,74.179,74.179,23
2026-07-09 02:05:00,74.142,74.187,74.042,74.172,74.174,74.219,74.074,74.204,41
2026-07-09 02:06:00,74.177,74.177,74.087,74.122,74.209,74.209,74.119,74.154,34
2026-07-09 02:07:00,74.112,74.142,74.097,74.122,74.144,74.174,74.129,74.154,29
2026-07-09 02:08:00,74.123,74.137,74.093,74.103,74.163,74.173,74.129,74.143,33
2026-07-09 02:09:00,74.102,74.112,74.067,74.102,74.134,74.144,74.099,74.134,29
2026-07-09 02:10:00,74.117,74.122,74.092,74.092,74.149,74.154,74.124,74.124,20
2026-07-09 02:11:00,74.087,74.087,74.037,74.062,74.119,74.119,74.069,74.094,34
2026-07-09 02:12:00,74.057,74.072,74.047,74.052,74.089,74.104,74.079,74.084,29
2026-07-09 02:13:00,74.067,74.077,74.042,74.053,74.099,74.109,74.074,74.093,17
2026-07-09 02:14:00,74.052,74.067,74.002,74.027,74.084,74.099,74.034,74.059,41
2026-07-09 02:15:00,74.032,74.077,74.022,74.062,74.064,74.113,74.054,74.094,27
2026-07-09 02:16:00,74.057,74.057,74.003,74.003,74.089,74.089,74.043,74.043,15
2026-07-09 02:17:00,74.012,74.012,73.937,73.982,74.044,74.044,73.969,74.014,36
2026-07-09 02:18:00,73.963,74.012,73.963,74.002,74.003,74.044,74.003,74.034,17
2026-07-09 02:19:00,74.007,74.007,73.987,73.987,74.039,74.039,74.019,74.019,9
2026-07-09 02:20:00,73.992,73.997,73.977,73.977,74.024,74.029,74.009,74.009,5
2026-07-09 02:21:00,73.982,74.032,73.982,74.027,74.014,74.064,74.014,74.059,14
2026-07-09 02:22:00,74.022,74.032,74.017,74.027,74.054,74.064,74.049,74.059,7
2026-07-09 02:23:00,74.037,74.057,74.037,74.052,74.069,74.089,74.069,74.084,15
2026-07-09 02:24:00,74.057,74.117,74.057,74.087,74.089,74.149,74.089,74.119,25
2026-07-09 02:25:00,74.072,74.137,74.072,74.132,74.104,74.169,74.104,74.164,20
2026-07-09 02:26:00,74.142,74.177,74.127,74.132,74.174,74.209,74.159,74.164,31
2026-07-09 02:27:00,74.137,74.137,74.102,74.102,74.169,74.169,74.134,74.134,20
2026-07-09 02:28:00,74.093,74.102,74.012,74.012,74.133,74.134,74.044,74.044,28
2026-07-09 02:29:00,74.007,74.032,73.997,74.022,74.039,74.064,74.029,74.054,24
2026-07-09 02:30:00,74.042,74.047,73.912,73.973,74.074,74.079,73.944,74.013,56
2026-07-09 02:31:00,73.982,74.032,73.947,74.007,74.014,74.064,73.979,74.039,37
2026-07-09 02:32:00,74.002,74.033,73.992,74.012,74.034,74.073,74.024,74.044,19
2026-07-09 02:33:00,74.007,74.137,74.007,74.122,74.039,74.169,74.039,74.154,37
2026-07-09 02:34:00,74.132,74.142,74.112,74.127,74.164,74.174,74.144,74.159,22
2026-07-09 02:35:00,74.132,74.187,74.132,74.162,74.164,74.219,74.164,74.194,34
2026-07-09 02:36:00,74.152,74.152,74.007,74.012,74.184,74.184,74.039,74.044,29
2026-07-09 02:37:00,74.017,74.077,73.982,74.042,74.049,74.109,74.014,74.074,32
2026-07-09 02:38:00,74.037,74.132,74.037,74.072,74.069,74.164,74.069,74.104,26
2026-07-09 02:39:00,74.062,74.097,74.052,74.072,74.094,74.129,74.084,74.104,19
2026-07-09 02:40:00,74.073,74.073,74.012,74.012,74.113,74.113,74.044,74.044,18
2026-07-09 02:41:00,74.023,74.027,73.987,73.987,74.063,74.063,74.019,74.019,16
2026-07-09 02:42:00,73.982,74.057,73.982,74.037,74.014,74.093,74.014,74.069,22
2026-07-09 02:43:00,74.042,74.042,74.022,74.032,74.074,74.074,74.054,74.064,12
2026-07-09 02:44:00,74.022,74.043,74.002,74.043,74.054,74.083,74.034,74.083,13
2026-07-09 02:45:00,74.062,74.097,74.062,74.082,74.094,74.129,74.094,74.114,16
2026-07-09 02:46:00,74.077,74.082,74.067,74.072,74.109,74.114,74.099,74.104,9
2026-07-09 02:47:00,74.063,74.063,74.042,74.042,74.103,74.103,74.074,74.074,9
2026-07-09 02:48:00,74.037,74.052,74.032,74.052,74.069,74.084,74.064,74.084,12
2026-07-09 02:49:00,74.042,74.047,74.037,74.042,74.074,74.079,74.069,74.074,5
2026-07-09 02:50:00,74.037,74.092,74.032,74.087,74.069,74.124,74.064,74.119,11
2026-07-09 02:51:00,74.092,74.122,74.027,74.027,74.124,74.154,74.059,74.059,23
2026-07-09 02:52:00,74.032,74.042,74.022,74.042,74.064,74.074,74.054,74.074,11
2026-07-09 02:53:00,74.032,74.042,74.022,74.042,74.064,74.074,74.054,74.074,10
2026-07-09 02:54:00,74.047,74.102,74.047,74.082,74.079,74.134,74.079,74.114,23
2026-07-09 02:55:00,74.072,74.082,74.042,74.052,74.104,74.114,74.074,74.084,20
2026-07-09 02:56:00,74.053,74.062,74.002,74.002,74.093,74.094,74.034,74.034,31
2026-07-09 02:57:00,73.992,74.022,73.972,74.002,74.024,74.054,74.004,74.034,26
2026-07-09 02:58:00,73.992,73.992,73.927,73.932,74.024,74.024,73.959,73.964,29
2026-07-09 02:59:00,73.952,73.952,73.817,73.827,73.984,73.984,73.849,73.859,69
2026-07-09 03:00:00,73.837,73.887,73.697,73.807,73.869,73.919,73.729,73.839,216
2026-07-09 03:01:00,73.792,73.862,73.762,73.862,73.824,73.894,73.794,73.894,105
2026-07-09 03:02:00,73.842,73.962,73.832,73.952,73.874,73.994,73.864,73.984,100
2026-07-09 03:03:00,73.962,74.042,73.942,74.022,73.994,74.074,73.974,74.054,90
2026-07-09 03:04:00,74.027,74.147,74.022,74.072,74.059,74.179,74.054,74.104,82
2026-07-09 03:05:00,74.067,74.072,73.982,73.992,74.099,74.104,74.014,74.024,62
2026-07-09 03:06:00,73.993,74.042,73.977,73.982,74.033,74.074,74.009,74.014,59
2026-07-09 03:07:00,73.972,74.012,73.887,73.922,74.004,74.044,73.919,73.954,52
2026-07-09 03:08:00,73.932,74.002,73.932,73.942,73.964,74.034,73.964,73.974,65
2026-07-09 03:09:00,73.943,73.972,73.897,73.913,73.983,74.004,73.929,73.953,64
2026-07-09 03:10:00,73.912,74.022,73.903,74.022,73.944,74.054,73.943,74.054,53
2026-07-09 03:11:00,74.027,74.152,74.013,74.127,74.059,74.184,74.053,74.159,86
2026-07-09 03:12:00,74.122,74.212,74.117,74.202,74.154,74.244,74.149,74.234,64
2026-07-09 03:13:00,74.197,74.227,74.132,74.203,74.229,74.259,74.164,74.243,69
2026-07-09 03:14:00,74.202,74.307,74.183,74.282,74.234,74.339,74.223,74.314,82
2026-07-09 03:15:00,74.277,74.302,74.252,74.277,74.309,74.334,74.284,74.309,67
2026-07-09 03:16:00,74.282,74.387,74.262,74.387,74.314,74.419,74.294,74.419,63
2026-07-09 03:17:00,74.377,74.392,74.332,74.387,74.409,74.424,74.364,74.419,85
2026-07-09 03:18:00,74.382,74.423,74.358,74.367,74.414,74.463,74.394,74.399,57
2026-07-09 03:19:00,74.372,74.397,74.272,74.287,74.404,74.429,74.304,74.319,69
2026-07-09 03:20:00,74.292,74.312,74.197,74.292,74.324,74.344,74.229,74.324,94
2026-07-09 03:21:00,74.302,74.367,74.282,74.322,74.334,74.399,74.314,74.354,59
2026-07-09 03:22:00,74.332,74.353,74.297,74.322,74.364,74.393,74.329,74.354,67
2026-07-09 03:23:00,74.327,74.357,74.247,74.292,74.359,74.389,74.279,74.324,46
2026-07-09 03:24:00,74.283,74.312,74.282,74.292,74.323,74.344,74.314,74.324,44
2026-07-09 03:25:00,74.282,74.302,74.267,74.302,74.314,74.334,74.299,74.334,30
2026-07-09 03:26:00,74.312,74.327,74.272,74.283,74.344,74.359,74.304,74.323,39
2026-07-09 03:27:00,74.277,74.292,74.212,74.212,74.309,74.324,74.244,74.244,37
2026-07-09 03:28:00,74.203,74.272,74.203,74.252,74.243,74.304,74.243,74.284,55
2026-07-09 03:29:00,74.243,74.277,74.202,74.203,74.283,74.313,74.234,74.243,39
2026-07-09 03:30:00,74.202,74.212,74.142,74.202,74.234,74.244,74.174,74.234,55
2026-07-09 03:31:00,74.187,74.202,74.152,74.152,74.219,74.234,74.184,74.184,42
2026-07-09 03:32:00,74.147,74.147,74.092,74.112,74.179,74.179,74.124,74.144,34
2026-07-09 03:33:00,74.117,74.142,74.057,74.067,74.149,74.174,74.089,74.099,53
2026-07-09 03:34:00,74.062,74.067,74.037,74.047,74.094,74.099,74.069,74.079,35
2026-07-09 03:35:00,74.052,74.072,74.022,74.032,74.084,74.104,74.054,74.064,43
2026-07-09 03:36:00,74.037,74.072,73.923,73.923,74.069,74.104,73.959,73.963,65
2026-07-09 03:37:00,73.922,73.993,73.922,73.962,73.954,74.033,73.954,73.994,42
2026-07-09 03:38:00,73.957,73.992,73.957,73.957,73.989,74.024,73.989,73.989,25
2026-07-09 03:39:00,73.972,74.012,73.962,74.002,74.004,74.044,73.994,74.034,37
2026-07-09 03:40:00,73.993,73.993,73.942,73.947,74.033,74.053,73.974,73.979,33
2026-07-09 03:41:00,73.952,74.012,73.942,73.967,73.984,74.044,73.974,73.999,39
2026-07-09 03:42:00,73.952,73.972,73.928,73.962,73.984,74.004,73.964,73.994,35
2026-07-09 03:43:00,73.972,74.012,73.943,73.992,74.004,74.044,73.983,74.024,37
2026-07-09 03:44:00,73.977,74.017,73.977,74.002,74.009,74.049,74.009,74.034,39
2026-07-09 03:45:00,73.992,74.042,73.987,73.992,74.024,74.074,74.019,74.024,36
2026-07-09 03:46:00,73.997,74.052,73.997,74.042,74.029,74.084,74.029,74.074,27
2026-07-09 03:47:00,74.047,74.052,74.017,74.022,74.079,74.084,74.049,74.054,16
2026-07-09 03:48:00,74.012,74.012,73.917,73.982,74.044,74.044,73.949,74.014,46
2026-07-09 03:49:00,73.992,73.997,73.962,73.962,74.024,74.029,73.994,73.994,32
2026-07-09 03:50:00,73.967,73.992,73.937,73.942,73.999,74.024,73.969,73.974,30
2026-07-09 03:51:00,73.937,74.017,73.937,74.012,73.969,74.049,73.969,74.044,43
2026-07-09 03:52:00,74.017,74.027,73.973,73.982,74.049,74.059,74.013,74.014,34
2026-07-09 03:53:00,73.987,74.002,73.952,73.982,74.019,74.034,73.984,74.014,36
2026-07-09 03:54:00,73.973,74.012,73.973,74.003,74.013,74.044,74.013,74.043,27
2026-07-09 03:55:00,74.002,74.012,73.972,73.992,74.034,74.044,74.004,74.024,30
2026-07-09 03:56:00,73.982,74.002,73.972,73.992,74.014,74.034,74.004,74.024,26
2026-07-09 03:57:00,73.993,74.022,73.973,74.022,74.033,74.054,74.009,74.054,28
2026-07-09 03:58:00,74.027,74.027,73.932,73.932,74.059,74.059,73.964,73.964,41
2026-07-09 03:59:00,73.937,73.962,73.902,73.942,73.969,73.994,73.934,73.974,36
2026-07-09 04:00:00,73.937,73.982,73.913,73.942,73.969,74.014,73.953,73.974,46
2026-07-09 04:01:00,73.937,73.962,73.912,73.952,73.969,73.994,73.944,73.984,59
2026-07-09 04:02:00,73.953,73.992,73.922,73.922,73.993,74.024,73.954,73.954,36
2026-07-09 04:03:00,73.917,73.987,73.822,73.822,73.949,74.019,73.854,73.854,71
2026-07-09 04:04:00,73.827,73.872,73.792,73.867,73.859,73.904,73.824,73.899,77
2026-07-09 04:05:00,73.862,73.987,73.862,73.942,73.894,74.019,73.894,73.974,69
2026-07-09 04:06:00,73.947,73.962,73.902,73.927,73.979,73.994,73.934,73.959,56
2026-07-09 04:07:00,73.933,74.017,73.932,74.017,73.973,74.049,73.964,74.049,50
2026-07-09 04:08:00,74.022,74.057,74.002,74.052,74.054,74.089,74.034,74.084,38
2026-07-09 04:09:00,74.042,74.067,74.002,74.022,74.074,74.099,74.034,74.054,49
2026-07-09 04:10:00,74.027,74.067,74.012,74.012,74.059,74.099,74.044,74.044,46
2026-07-09 04:11:00,74.013,74.087,74.013,74.043,74.053,74.123,74.049,74.083,50
2026-07-09 04:12:00,74.033,74.033,73.972,73.972,74.073,74.073,74.004,74.004,50
2026-07-09 04:13:00,73.982,74.047,73.982,74.032,74.014,74.079,74.014,74.064,16
2026-07-09 04:14:00,74.033,74.052,73.997,74.002,74.073,74.084,74.029,74.034,35
2026-07-09 04:15:00,73.997,74.022,73.992,73.992,74.029,74.054,74.024,74.024,10
2026-07-09 04:16:00,73.997,74.022,73.987,74.022,74.029,74.054,74.019,74.054,10
2026-07-09 04:17:00,74.017,74.032,74.012,74.017,74.049,74.064,74.044,74.049,18
2026-07-09 04:18:00,74.022,74.032,74.012,74.032,74.054,74.064,74.044,74.064,9
2026-07-09 04:19:00,74.038,74.038,74.017,74.022,74.078,74.078,74.049,74.054,6
2026-07-09 04:20:00,74.027,74.027,74.002,74.022,74.059,74.059,74.034,74.054,14
2026-07-09 04:21:00,74.017,74.022,73.973,73.993,74.049,74.054,74.009,74.033,27
2026-07-09 04:22:00,74.002,74.057,74.002,74.052,74.034,74.089,74.034,74.084,17
2026-07-09 04:23:00,74.067,74.112,74.067,74.072,74.099,74.144,74.099,74.104,22
2026-07-09 04:24:00,74.082,74.122,74.077,74.117,74.114,74.154,74.109,74.149,10
2026-07-09 04:25:00,74.122,74.133,74.102,74.132,74.154,74.173,74.134,74.164,18
2026-07-09 04:26:00,74.127,74.132,74.077,74.092,74.159,74.164,74.109,74.124,18
2026-07-09 04:27:00,74.097,74.122,74.077,74.077,74.129,74.154,74.109,74.109,18
2026-07-09 04:28:00,74.057,74.082,74.052,74.082,74.089,74.114,74.084,74.114,13
2026-07-09 04:29:00,74.067,74.082,74.047,74.062,74.099,74.114,74.079,74.094,14
2026-07-09 04:30:00,74.067,74.167,74.067,74.112,74.099,74.199,74.099,74.144,81
2026-07-09 04:31:00,74.107,74.177,74.102,74.177,74.139,74.209,74.134,74.209,64
2026-07-09 04:32:00,74.187,74.217,74.162,74.207,74.219,74.249,74.194,74.239,53
2026-07-09 04:33:00,74.202,74.217,74.177,74.177,74.234,74.249,74.209,74.209,49
2026-07-09 04:34:00,74.172,74.197,74.152,74.197,74.204,74.229,74.184,74.229,24
2026-07-09 04:35:00,74.207,74.217,74.172,74.217,74.239,74.249,74.204,74.249,53
2026-07-09 04:36:00,74.207,74.237,74.202,74.232,74.239,74.269,74.234,74.264,45
2026-07-09 04:37:00,74.223,74.282,74.222,74.252,74.263,74.314,74.254,74.284,60
2026-07-09 04:38:00,74.247,74.272,74.232,74.252,74.279,74.304,74.264,74.284,39
2026-07-09 04:39:00,74.247,74.287,74.222,74.282,74.279,74.319,74.254,74.314,33
2026-07-09 04:40:00,74.272,74.272,74.242,74.262,74.304,74.304,74.274,74.294,42
2026-07-09 04:41:00,74.257,74.302,74.232,74.247,74.289,74.334,74.264,74.279,35
2026-07-09 04:42:00,74.257,74.297,74.237,74.252,74.289,74.329,74.269,74.284,43
2026-07-09 04:43:00,74.267,74.287,74.247,74.247,74.299,74.319,74.279,74.279,25
2026-07-09 04:44:00,74.252,74.257,74.237,74.242,74.284,74.289,74.269,74.274,25
2026-07-09 04:45:00,74.237,74.357,74.212,74.347,74.269,74.389,74.244,74.379,52
2026-07-09 04:46:00,74.352,74.357,74.282,74.302,74.384,74.389,74.314,74.334,40
2026-07-09 04:47:00,74.307,74.307,74.282,74.302,74.339,74.339,74.314,74.334,27
2026-07-09 04:48:00,74.293,74.372,74.282,74.362,74.333,74.404,74.314,74.394,36
2026-07-09 04:49:00,74.347,74.402,74.347,74.402,74.379,74.434,74.379,74.434,26
2026-07-09 04:50:00,74.392,74.422,74.377,74.402,74.424,74.454,74.409,74.434,43
2026-07-09 04:51:00,74.397,74.472,74.392,74.452,74.429,74.504,74.424,74.484,45
2026-07-09 04:52:00,74.447,74.482,74.437,74.452,74.479,74.514,74.469,74.484,33
2026-07-09 04:53:00,74.467,74.472,74.442,74.452,74.499,74.504,74.474,74.484,25
2026-07-09 04:54:00,74.447,74.457,74.377,74.412,74.479,74.493,74.409,74.444,37
2026-07-09 04:55:00,74.402,74.407,74.342,74.367,74.434,74.439,74.374,74.399,44
2026-07-09 04:56:00,74.372,74.373,74.292,74.332,74.404,74.413,74.324,74.364,39
2026-07-09 04:57:00,74.327,74.347,74.302,74.332,74.359,74.379,74.334,74.364,43
2026-07-09 04:58:00,74.342,74.347,74.312,74.337,74.374,74.379,74.344,74.369,36
2026-07-09 04:59:00,74.332,74.382,74.327,74.332,74.364,74.414,74.359,74.364,51
2026-07-09 05:00:00,74.352,74.407,74.292,74.362,74.384,74.439,74.324,74.394,61
2026-07-09 05:01:00,74.372,74.372,74.312,74.322,74.404,74.404,74.344,74.354,39
2026-07-09 05:02:00,74.327,74.382,74.312,74.372,74.359,74.414,74.344,74.404,40
2026-07-09 05:03:00,74.367,74.392,74.322,74.372,74.399,74.424,74.354,74.404,42
2026-07-09 05:04:00,74.377,74.387,74.332,74.332,74.409,74.419,74.364,74.364,23
2026-07-09 05:05:00,74.327,74.332,74.292,74.293,74.359,74.364,74.324,74.333,34
2026-07-09 05:06:00,74.292,74.352,74.282,74.342,74.324,74.384,74.314,74.374,45
2026-07-09 05:07:00,74.337,74.337,74.243,74.243,74.369,74.369,74.283,74.283,52
2026-07-09 05:08:00,74.253,74.262,74.222,74.237,74.293,74.294,74.254,74.269,36
2026-07-09 05:09:00,74.242,74.242,74.157,74.202,74.274,74.274,74.189,74.234,47
2026-07-09 05:10:00,74.192,74.222,74.187,74.202,74.224,74.254,74.219,74.234,31
2026-07-09 05:11:00,74.203,74.242,74.202,74.212,74.243,74.274,74.234,74.244,27
2026-07-09 05:12:00,74.217,74.222,74.202,74.212,74.249,74.254,74.234,74.244,24
2026-07-09 05:13:00,74.202,74.232,74.187,74.207,74.234,74.264,74.219,74.239,23
2026-07-09 05:14:00,74.192,74.192,74.102,74.122,74.224,74.224,74.134,74.154,32
2026-07-09 05:15:00,74.132,74.152,74.102,74.103,74.164,74.184,74.134,74.143,41
2026-07-09 05:16:00,74.112,74.132,74.083,74.092,74.144,74.164,74.123,74.124,26
2026-07-09 05:17:00,74.082,74.102,74.077,74.077,74.114,74.134,74.109,74.109,34
2026-07-09 05:18:00,74.067,74.123,74.067,74.112,74.099,74.163,74.099,74.144,31
2026-07-09 05:19:00,74.103,74.142,74.097,74.142,74.143,74.174,74.129,74.174,27
2026-07-09 05:20:00,74.137,74.237,74.132,74.232,74.169,74.269,74.164,74.264,49
2026-07-09 05:21:00,74.237,74.262,74.227,74.242,74.269,74.294,74.259,74.274,33
2026-07-09 05:22:00,74.243,74.252,74.197,74.197,74.283,74.284,74.229,74.229,18
2026-07-09 05:23:00,74.202,74.232,74.202,74.217,74.234,74.264,74.234,74.249,21
2026-07-09 05:24:00,74.222,74.232,74.202,74.232,74.254,74.264,74.234,74.264,10
2026-07-09 05:25:00,74.237,74.257,74.207,74.207,74.269,74.289,74.239,74.239,23
2026-07-09 05:26:00,74.212,74.232,74.192,74.192,74.244,74.264,74.224,74.224,19
2026-07-09 05:27:00,74.197,74.202,74.172,74.192,74.229,74.234,74.204,74.224,24
2026-07-09 05:28:00,74.177,74.202,74.162,74.192,74.209,74.234,74.194,74.224,19
2026-07-09 05:29:00,74.197,74.252,74.197,74.227,74.229,74.284,74.229,74.259,34
2026-07-09 05:30:00,74.222,74.227,74.197,74.217,74.254,74.259,74.229,74.249,26
2026-07-09 05:31:00,74.212,74.212,74.177,74.177,74.244,74.244,74.209,74.209,11
2026-07-09 05:32:00,74.172,74.182,74.027,74.037,74.204,74.214,74.059,74.069,42
2026-07-09 05:33:00,74.032,74.067,73.988,74.067,74.064,74.099,74.028,74.099,59
2026-07-09 05:34:00,74.062,74.072,74.027,74.067,74.094,74.104,74.059,74.099,36
2026-07-09 05:35:00,74.062,74.082,74.052,74.057,74.094,74.114,74.084,74.089,32
2026-07-09 05:36:00,74.052,74.082,74.052,74.062,74.084,74.114,74.084,74.094,22
2026-07-09 05:37:00,74.067,74.067,74.032,74.037,74.099,74.099,74.064,74.069,16
2026-07-09 05:38:00,74.042,74.102,74.037,74.077,74.074,74.134,74.069,74.109,22
2026-07-09 05:39:00,74.082,74.102,74.077,74.087,74.114,74.134,74.109,74.119,13
2026-07-09 05:40:00,74.097,74.127,74.077,74.082,74.129,74.159,74.109,74.114,27
2026-07-09 05:41:00,74.087,74.112,74.057,74.107,74.119,74.144,74.089,74.139,15
2026-07-09 05:42:00,74.102,74.137,74.067,74.112,74.134,74.169,74.099,74.144,25
2026-07-09 05:43:00,74.107,74.142,74.107,74.142,74.139,74.174,74.139,74.174,7
2026-07-09 05:44:00,74.157,74.172,74.152,74.162,74.189,74.204,74.184,74.194,19
2026-07-09 05:45:00,74.177,74.187,74.152,74.177,74.209,74.219,74.184,74.209,11
2026-07-09 05:46:00,74.172,74.177,74.162,74.167,74.204,74.209,74.194,74.199,9
2026-07-09 05:47:00,74.162,74.172,74.117,74.122,74.194,74.204,74.149,74.154,19
2026-07-09 05:48:00,74.127,74.202,74.117,74.187,74.159,74.234,74.149,74.219,24
2026-07-09 05:49:00,74.192,74.192,74.122,74.147,74.224,74.224,74.154,74.179,20
2026-07-09 05:50:00,74.137,74.187,74.137,74.162,74.169,74.219,74.169,74.194,13
2026-07-09 05:51:00,74.172,74.172,74.157,74.157,74.204,74.204,74.189,74.189,7
2026-07-09 05:52:00,74.162,74.182,74.142,74.177,74.194,74.214,74.174,74.209,15
2026-07-09 05:53:00,74.172,74.187,74.162,74.162,74.204,74.219,74.194,74.194,9
2026-07-09 05:54:00,74.157,74.157,74.072,74.072,74.189,74.189,74.104,74.104,20
2026-07-09 05:55:00,74.067,74.102,74.067,74.087,74.099,74.134,74.099,74.119,23
2026-07-09 05:56:00,74.097,74.097,74.077,74.092,74.129,74.129,74.109,74.124,16
2026-07-09 05:57:00,74.077,74.137,74.072,74.132,74.109,74.169,74.104,74.164,27
2026-07-09 05:58:00,74.122,74.122,74.102,74.102,74.154,74.154,74.134,74.134,8
2026-07-09 05:59:00,74.097,74.097,74.082,74.082,74.129,74.129,74.114,74.114,4
2026-07-09 06:00:00,74.087,74.102,74.077,74.092,74.119,74.134,74.109,74.124,16
2026-07-09 06:01:00,74.087,74.087,74.067,74.072,74.119,74.119,74.099,74.104,7
2026-07-09 06:02:00,74.073,74.122,74.073,74.122,74.113,74.154,74.113,74.154,7
2026-07-09 06:03:00,74.127,74.157,74.127,74.152,74.159,74.189,74.159,74.184,10
2026-07-09 06:04:00,74.162,74.162,74.107,74.117,74.194,74.194,74.139,74.149,11
2026-07-09 06:05:00,74.112,74.152,74.107,74.142,74.144,74.184,74.139,74.174,16
2026-07-09 06:06:00,74.137,74.147,74.112,74.122,74.169,74.179,74.144,74.154,17
2026-07-09 06:07:00,74.112,74.127,74.112,74.127,74.144,74.159,74.144,74.159,3
2026-07-09 06:08:00,74.122,74.122,74.112,74.112,74.154,74.154,74.144,74.144,3
2026-07-09 06:09:00,74.107,74.112,74.102,74.112,74.139,74.144,74.134,74.144,4
2026-07-09 06:10:00,74.102,74.132,74.102,74.123,74.134,74.164,74.134,74.163,10
2026-07-09 06:11:00,74.122,74.162,74.122,74.162,74.154,74.194,74.154,74.194,9
2026-07-09 06:12:00,74.157,74.167,74.142,74.147,74.189,74.199,74.174,74.179,8
2026-07-09 06:13:00,74.142,74.167,74.142,74.157,74.174,74.199,74.174,74.189,6
2026-07-09 06:14:00,74.152,74.172,74.152,74.172,74.184,74.204,74.184,74.204,5
2026-07-09 06:15:00,74.162,74.162,74.142,74.157,74.194,74.194,74.174,74.189,9
2026-07-09 06:16:00,74.162,74.187,74.147,74.147,74.194,74.219,74.179,74.179,8
2026-07-09 06:17:00,74.162,74.162,74.152,74.157,74.194,74.194,74.184,74.189,11
2026-07-09 06:18:00,74.142,74.162,74.142,74.152,74.174,74.194,74.174,74.184,12
2026-07-09 06:19:00,74.147,74.152,74.137,74.137,74.179,74.184,74.169,74.169,9
2026-07-09 06:20:00,74.142,74.142,74.117,74.142,74.174,74.174,74.149,74.174,12
2026-07-09 06:21:00,74.147,74.162,74.147,74.162,74.179,74.194,74.179,74.194,8
2026-07-09 06:22:00,74.153,74.172,74.152,74.172,74.193,74.204,74.184,74.204,11
2026-07-09 06:23:00,74.173,74.197,74.173,74.182,74.213,74.229,74.209,74.214,6
2026-07-09 06:24:00,74.187,74.192,74.177,74.192,74.219,74.224,74.209,74.224,4
2026-07-09 06:25:00,74.197,74.222,74.192,74.222,74.229,74.254,74.224,74.254,21
2026-07-09 06:26:00,74.217,74.217,74.202,74.202,74.249,74.249,74.234,74.234,3
2026-07-09 06:27:00,74.207,74.227,74.197,74.217,74.239,74.259,74.229,74.249,10
2026-07-09 06:28:00,74.207,74.222,74.207,74.207,74.239,74.254,74.239,74.239,7
2026-07-09 06:29:00,74.202,74.207,74.197,74.207,74.234,74.239,74.229,74.239,4
2026-07-09 06:30:00,74.197,74.213,74.132,74.177,74.229,74.253,74.164,74.209,32
2026-07-09 06:31:00,74.182,74.182,74.177,74.182,74.214,74.214,74.209,74.214,3
2026-07-09 06:32:00,74.177,74.192,74.177,74.187,74.209,74.224,74.209,74.219,5
2026-07-09 06:33:00,74.177,74.187,74.177,74.187,74.209,74.219,74.209,74.219,5
2026-07-09 06:34:00,74.182,74.182,74.167,74.167,74.214,74.214,74.199,74.199,9
2026-07-09 06:35:00,74.172,74.172,74.167,74.172,74.204,74.204,74.199,74.204,3
2026-07-09 06:36:00,74.167,74.177,74.152,74.162,74.199,74.209,74.184,74.194,9
2026-07-09 06:37:00,74.167,74.167,74.147,74.157,74.199,74.199,74.179,74.189,6
2026-07-09 06:38:00,74.152,74.152,74.142,74.142,74.184,74.184,74.174,74.174,3
2026-07-09 06:39:00,74.147,74.152,74.132,74.152,74.179,74.184,74.164,74.184,9
2026-07-09 06:40:00,74.142,74.152,74.102,74.147,74.174,74.184,74.134,74.179,28
2026-07-09 06:41:00,74.077,74.092,74.057,74.092,74.109,74.124,74.089,74.124,10
2026-07-09 06:42:00,74.087,74.092,74.057,74.082,74.119,74.124,74.089,74.114,33
2026-07-09 06:43:00,74.087,74.107,74.082,74.102,74.119,74.139,74.114,74.134,13
2026-07-09 06:44:00,74.092,74.102,74.087,74.092,74.124,74.134,74.119,74.124,10
2026-07-09 06:45:00,74.102,74.132,74.097,74.132,74.134,74.164,74.129,74.164,7
2026-07-09 06:46:00,74.137,74.147,74.137,74.142,74.169,74.179,74.169,74.174,7
2026-07-09 06:47:00,74.137,74.153,74.132,74.132,74.169,74.193,74.164,74.164,6
2026-07-09 06:48:00,74.127,74.127,74.117,74.117,74.159,74.159,74.149,74.149,2
2026-07-09 06:49:00,74.123,74.132,74.107,74.117,74.163,74.164,74.139,74.149,11
2026-07-09 06:50:00,74.112,74.127,74.107,74.107,74.144,74.159,74.139,74.139,6
2026-07-09 06:51:00,74.097,74.127,74.097,74.127,74.129,74.159,74.129,74.159,8
2026-07-09 06:52:00,74.132,74.142,74.107,74.127,74.164,74.174,74.139,74.159,21
2026-07-09 06:53:00,74.132,74.142,74.132,74.142,74.164,74.174,74.164,74.174,5
2026-07-09 06:54:00,74.147,74.162,74.137,74.137,74.179,74.194,74.169,74.169,6
2026-07-09 06:55:00,74.147,74.182,74.142,74.182,74.179,74.214,74.174,74.214,20
2026-07-09 06:56:00,74.187,74.197,74.182,74.182,74.219,74.229,74.214,74.214,11
2026-07-09 06:57:00,74.187,74.187,74.162,74.187,74.219,74.219,74.194,74.219,13
2026-07-09 06:58:00,74.192,74.197,74.172,74.182,74.224,74.229,74.204,74.214,15
2026-07-09 06:59:00,74.192,74.192,74.162,74.162,74.224,74.224,74.194,74.194,13
2026-07-09 07:00:00,74.157,74.207,74.147,74.182,74.189,74.239,74.179,74.214,21
2026-07-09 07:01:00,74.187,74.187,74.157,74.167,74.219,74.219,74.189,74.199,11
2026-07-09 07:02:00,74.162,74.167,74.152,74.152,74.194,74.199,74.184,74.184,8
2026-07-09 07:03:00,74.147,74.147,74.107,74.117,74.179,74.179,74.139,74.149,13
2026-07-09 07:04:00,74.127,74.142,74.107,74.142,74.159,74.174,74.139,74.174,15
2026-07-09 07:05:00,74.137,74.147,74.072,74.097,74.169,74.179,74.104,74.129,22
2026-07-09 07:06:00,74.092,74.092,74.087,74.092,74.124,74.124,74.119,74.124,7
2026-07-09 07:07:00,74.087,74.092,74.067,74.082,74.119,74.124,74.099,74.114,14
2026-07-09 07:08:00,74.087,74.092,74.067,74.082,74.119,74.124,74.099,74.114,11
2026-07-09 07:09:00,74.087,74.112,74.077,74.112,74.119,74.144,74.109,74.144,9
2026-07-09 07:10:00,74.107,74.127,74.107,74.127,74.139,74.159,74.139,74.159,7
2026-07-09 07:11:00,74.132,74.142,73.817,73.992,74.164,74.174,73.849,74.024,178
2026-07-09 07:12:00,73.982,74.007,73.972,73.982,74.014,74.039,74.004,74.014,57
2026-07-09 07:13:00,73.972,74.032,73.902,74.032,74.004,74.064,73.934,74.064,62
2026-07-09 07:14:00,74.027,74.087,73.997,74.072,74.059,74.119,74.029,74.104,46
2026-07-09 07:15:00,74.077,74.167,74.077,74.162,74.109,74.199,74.109,74.194,77
2026-07-09 07:16:00,74.167,74.327,74.137,74.327,74.199,74.359,74.169,74.359,66
2026-07-09 07:17:00,74.317,74.327,74.187,74.202,74.349,74.359,74.219,74.234,101
2026-07-09 07:18:00,74.207,74.327,74.207,74.302,74.239,74.359,74.239,74.334,36
2026-07-09 07:19:00,74.307,74.357,74.302,74.302,74.339,74.389,74.334,74.334,42
2026-07-09 07:20:00,74.297,74.307,74.282,74.307,74.329,74.339,74.314,74.339,21
2026-07-09 07:21:00,74.297,74.347,74.297,74.332,74.329,74.379,74.329,74.364,19
2026-07-09 07:22:00,74.337,74.342,74.317,74.317,74.369,74.374,74.349,74.349,10
2026-07-09 07:23:00,74.322,74.342,74.322,74.337,74.354,74.374,74.354,74.369,6
2026-07-09 07:24:00,74.327,74.342,74.202,74.262,74.359,74.374,74.234,74.294,44
2026-07-09 07:25:00,74.272,74.272,74.212,74.237,74.304,74.304,74.244,74.269,27
2026-07-09 07:26:00,74.232,74.242,74.232,74.237,74.264,74.274,74.264,74.269,12
2026-07-09 07:27:00,74.242,74.247,74.187,74.197,74.274,74.279,74.219,74.229,20
2026-07-09 07:28:00,74.183,74.187,74.127,74.147,74.223,74.223,74.159,74.179,46
2026-07-09 07:29:00,74.132,74.137,74.117,74.117,74.164,74.169,74.149,74.149,17
2026-07-09 07:30:00,74.097,74.107,74.032,74.082,74.129,74.139,74.064,74.114,83
2026-07-09 07:31:00,74.087,74.087,73.947,73.952,74.119,74.119,73.979,73.984,76
2026-07-09 07:32:00,73.957,73.987,73.837,73.837,73.989,74.019,73.869,73.869,65
2026-07-09 07:33:00,73.817,73.822,73.687,73.692,73.849,73.854,73.719,73.724,115
2026-07-09 07:34:00,73.697,73.702,73.592,73.677,73.729,73.734,73.624,73.709,193
2026-07-09 07:35:00,73.682,73.722,73.577,73.652,73.714,73.754,73.609,73.684,136
2026-07-09 07:36:00,73.642,73.683,73.582,73.682,73.674,73.723,73.614,73.714,54
2026-07-09 07:37:00,73.692,73.692,73.583,73.617,73.724,73.724,73.619,73.649,88
2026-07-09 07:38:00,73.622,73.657,73.567,73.612,73.654,73.689,73.599,73.644,73
2026-07-09 07:39:00,73.617,73.622,73.542,73.543,73.649,73.654,73.574,73.583,68
2026-07-09 07:40:00,73.552,73.597,73.517,73.542,73.584,73.629,73.549,73.574,68
2026-07-09 07:41:00,73.547,73.552,73.422,73.422,73.579,73.584,73.454,73.454,100
2026-07-09 07:42:00,73.432,73.517,73.422,73.517,73.464,73.549,73.454,73.549,91
2026-07-09 07:43:00,73.512,73.567,73.497,73.567,73.544,73.599,73.529,73.599,59
2026-07-09 07:44:00,73.577,73.587,73.507,73.507,73.609,73.619,73.539,73.539,48
2026-07-09 07:45:00,73.497,73.512,73.477,73.483,73.529,73.544,73.509,73.523,63
2026-07-09 07:46:00,73.477,73.487,73.377,73.387,73.509,73.519,73.409,73.419,84
2026-07-09 07:47:00,73.382,73.397,73.272,73.317,73.414,73.429,73.304,73.349,114
2026-07-09 07:48:00,73.322,73.357,73.292,73.322,73.354,73.389,73.324,73.354,63
2026-07-09 07:49:00,73.332,73.347,73.232,73.272,73.364,73.379,73.264,73.304,99
2026-07-09 07:50:00,73.267,73.282,73.187,73.237,73.299,73.314,73.219,73.269,108
2026-07-09 07:51:00,73.242,73.257,73.177,73.202,73.274,73.289,73.209,73.234,71
2026-07-09 07:52:00,73.187,73.207,73.147,73.202,73.219,73.243,73.179,73.234,85
2026-07-09 07:53:00,73.203,73.203,72.952,73.062,73.243,73.243,72.984,73.094,178
2026-07-09 07:54:00,73.047,73.067,72.973,73.042,73.079,73.099,73.013,73.074,130
2026-07-09 07:55:00,73.033,73.087,73.003,73.042,73.073,73.119,73.043,73.074,86
2026-07-09 07:56:00,73.037,73.057,72.907,72.937,73.069,73.089,72.939,72.969,113
2026-07-09 07:57:00,72.927,72.927,72.822,72.882,72.959,72.963,72.854,72.914,119
2026-07-09 07:58:00,72.877,72.897,72.817,72.827,72.909,72.929,72.849,72.859,100
2026-07-09 07:59:00,72.832,72.932,72.817,72.882,72.864,72.964,72.849,72.914,119
2026-07-09 08:00:00,72.897,72.967,72.832,72.892,72.929,72.999,72.864,72.924,139
2026-07-09 08:01:00,72.897,72.992,72.892,72.952,72.929,73.024,72.924,72.984,101
2026-07-09 08:02:00,72.947,73.052,72.947,72.997,72.979,73.084,72.979,73.029,88
2026-07-09 08:03:00,72.992,73.022,72.937,72.947,73.024,73.054,72.969,72.979,90
2026-07-09 08:04:00,72.957,73.117,72.937,73.057,72.989,73.149,72.969,73.089,105
2026-07-09 08:05:00,73.062,73.187,73.032,73.172,73.094,73.219,73.064,73.204,82
2026-07-09 08:06:00,73.167,73.247,73.157,73.167,73.199,73.279,73.189,73.199,103
2026-07-09 08:07:00,73.162,73.232,73.157,73.212,73.194,73.264,73.189,73.244,74
2026-07-09 08:08:00,73.207,73.237,73.167,73.182,73.239,73.269,73.199,73.214,58
2026-07-09 08:09:00,73.187,73.227,73.182,73.212,73.219,73.259,73.214,73.244,67
2026-07-09 08:10:00,73.217,73.317,73.212,73.287,73.249,73.349,73.244,73.319,77
2026-07-09 08:11:00,73.282,73.287,73.217,73.252,73.314,73.319,73.249,73.284,80
2026-07-09 08:12:00,73.247,73.302,73.247,73.292,73.279,73.334,73.279,73.324,50
2026-07-09 08:13:00,73.297,73.337,73.237,73.292,73.329,73.369,73.269,73.324,68
2026-07-09 08:14:00,73.297,73.307,73.217,73.242,73.329,73.339,73.249,73.274,47
2026-07-09 08:15:00,73.243,73.277,73.202,73.207,73.283,73.309,73.234,73.239,67
2026-07-09 08:16:00,73.202,73.297,73.202,73.292,73.234,73.329,73.234,73.324,42
2026-07-09 08:17:00,73.297,73.297,73.067,73.092,73.329,73.329,73.099,73.124,83
2026-07-09 08:18:00,73.087,73.162,73.067,73.157,73.119,73.194,73.099,73.189,62
2026-07-09 08:19:00,73.162,73.167,73.102,73.122,73.194,73.199,73.134,73.154,45
2026-07-09 08:20:00,73.117,73.142,73.082,73.102,73.149,73.174,73.114,73.134,70
2026-07-09 08:21:00,73.107,73.107,73.012,73.092,73.139,73.139,73.044,73.124,60
2026-07-09 08:22:00,73.097,73.097,72.957,72.972,73.129,73.129,72.989,73.004,90
2026-07-09 08:23:00,72.977,73.037,72.952,73.037,73.009,73.069,72.984,73.069,85
2026-07-09 08:24:00,73.042,73.042,72.967,72.992,73.074,73.074,72.999,73.024,97
2026-07-09 08:25:00,73.007,73.032,72.957,73.012,73.039,73.064,72.989,73.044,83
2026-07-09 08:26:00,73.017,73.072,73.007,73.007,73.049,73.104,73.039,73.039,78
2026-07-09 08:27:00,73.002,73.142,72.997,73.142,73.034,73.174,73.029,73.174,76
2026-07-09 08:28:00,73.132,73.237,73.107,73.212,73.164,73.269,73.139,73.244,88
2026-07-09 08:29:00,73.197,73.217,73.137,73.157,73.229,73.249,73.169,73.189,71
2026-07-09 08:30:00,73.152,73.202,73.117,73.117,73.184,73.234,73.149,73.149,76
2026-07-09 08:31:00,73.122,73.132,73.067,73.097,73.154,73.164,73.099,73.129,53
2026-07-09 08:32:00,73.092,73.167,73.092,73.122,73.124,73.199,73.124,73.154,38
2026-07-09 08:33:00,73.127,73.177,73.127,73.167,73.159,73.209,73.159,73.199,26
2026-07-09 08:34:00,73.157,73.157,73.077,73.077,73.189,73.189,73.109,73.109,36
2026-07-09 08:35:00,73.092,73.132,73.077,73.107,73.124,73.164,73.109,73.139,44
2026-07-09 08:36:00,73.102,73.132,73.047,73.057,73.134,73.164,73.079,73.089,53
2026-07-09 08:37:00,73.062,73.137,73.052,73.102,73.094,73.169,73.084,73.134,58
2026-07-09 08:38:00,73.092,73.137,73.032,73.132,73.124,73.169,73.064,73.164,57
2026-07-09 08:39:00,73.137,73.172,73.117,73.132,73.169,73.204,73.149,73.164,44
2026-07-09 08:40:00,73.127,73.142,73.092,73.107,73.159,73.174,73.124,73.139,46
2026-07-09 08:41:00,73.102,73.147,73.077,73.142,73.134,73.179,73.109,73.174,42
2026-07-09 08:42:00,73.137,73.137,73.023,73.027,73.169,73.169,73.059,73.059,65
2026-07-09 08:43:00,73.022,73.057,73.007,73.022,73.054,73.089,73.039,73.054,41
2026-07-09 08:44:00,73.027,73.032,72.983,73.002,73.059,73.064,73.023,73.034,37
2026-07-09 08:45:00,73.007,73.072,73.002,73.072,73.039,73.104,73.034,73.104,61
2026-07-09 08:46:00,73.082,73.082,73.007,73.037,73.114,73.114,73.039,73.069,72
2026-07-09 08:47:00,73.047,73.062,73.002,73.047,73.079,73.094,73.034,73.079,60
2026-07-09 08:48:00,73.052,73.107,73.037,73.092,73.084,73.139,73.069,73.124,60
2026-07-09 08:49:00,73.082,73.147,73.067,73.142,73.114,73.179,73.099,73.174,46
2026-07-09 08:50:00,73.147,73.157,73.077,73.152,73.179,73.189,73.109,73.184,44
2026-07-09 08:51:00,73.147,73.192,73.127,73.192,73.179,73.224,73.159,73.224,34
2026-07-09 08:52:00,73.187,73.192,73.147,73.182,73.219,73.224,73.179,73.214,36
2026-07-09 08:53:00,73.177,73.202,73.127,73.162,73.209,73.234,73.159,73.194,36
2026-07-09 08:54:00,73.157,73.187,73.142,73.162,73.189,73.219,73.174,73.194,58
2026-07-09 08:55:00,73.157,73.197,73.077,73.123,73.189,73.229,73.109,73.163,63
2026-07-09 08:56:00,73.117,73.147,73.097,73.132,73.149,73.179,73.129,73.164,28
2026-07-09 08:57:00,73.137,73.182,73.137,73.172,73.169,73.214,73.169,73.204,47
2026-07-09 08:58:00,73.167,73.187,73.152,73.177,73.199,73.219,73.184,73.209,40
2026-07-09 08:59:00,73.187,73.197,73.102,73.127,73.219,73.229,73.134,73.159,78
2026-07-09 09:00:00,73.137,73.207,73.067,73.072,73.169,73.239,73.099,73.104,91
2026-07-09 09:01:00,73.057,73.112,73.042,73.082,73.089,73.144,73.074,73.114,75
2026-07-09 09:02:00,73.067,73.072,73.017,73.022,73.099,73.104,73.049,73.054,72
2026-07-09 09:03:00,73.017,73.037,72.957,73.032,73.049,73.069,72.989,73.064,76
2026-07-09 09:04:00,73.037,73.107,73.032,73.102,73.069,73.139,73.064,73.134,65
2026-07-09 09:05:00,73.087,73.167,73.052,73.167,73.119,73.199,73.084,73.199,68
2026-07-09 09:06:00,73.177,73.232,73.167,73.217,73.209,73.264,73.199,73.249,80
2026-07-09 09:07:00,73.222,73.277,73.207,73.222,73.254,73.309,73.239,73.254,69
2026-07-09 09:08:00,73.227,73.317,73.227,73.312,73.259,73.349,73.259,73.344,51
2026-07-09 09:09:00,73.317,73.357,73.317,73.337,73.349,73.389,73.349,73.369,50
2026-07-09 09:10:00,73.327,73.512,73.327,73.442,73.359,73.544,73.359,73.474,103
2026-07-09 09:11:00,73.437,73.477,73.387,73.407,73.469,73.509,73.419,73.439,70
2026-07-09 09:12:00,73.412,73.467,73.387,73.462,73.444,73.499,73.419,73.494,77
2026-07-09 09:13:00,73.457,73.527,73.447,73.487,73.489,73.559,73.479,73.519,69
2026-07-09 09:14:00,73.502,73.537,73.482,73.487,73.534,73.569,73.514,73.519,46
2026-07-09 09:15:00,73.497,73.507,73.457,73.467,73.529,73.539,73.489,73.499,59
2026-07-09 09:16:00,73.472,73.487,73.307,73.317,73.504,73.519,73.339,73.349,81
2026-07-09 09:17:00,73.322,73.327,73.267,73.282,73.354,73.359,73.299,73.314,62
2026-07-09 09:18:00,73.287,73.317,73.277,73.287,73.319,73.349,73.309,73.319,35
2026-07-09 09:19:00,73.292,73.297,73.207,73.242,73.324,73.329,73.239,73.274,54
2026-07-09 09:20:00,73.237,73.327,73.237,73.327,73.269,73.359,73.269,73.359,54
2026-07-09 09:21:00,73.312,73.352,73.257,73.352,73.344,73.384,73.289,73.384,47
2026-07-09 09:22:00,73.347,73.352,73.297,73.322,73.379,73.384,73.329,73.354,59
2026-07-09 09:23:00,73.317,73.342,73.282,73.307,73.349,73.374,73.314,73.339,51
2026-07-09 09:24:00,73.312,73.317,73.202,73.212,73.344,73.349,73.234,73.244,50
2026-07-09 09:25:00,73.217,73.242,73.142,73.167,73.249,73.274,73.174,73.199,67
2026-07-09 09:26:00,73.172,73.197,73.167,73.192,73.204,73.229,73.199,73.224,39
2026-07-09 09:27:00,73.182,73.192,73.057,73.102,73.214,73.224,73.089,73.134,75
2026-07-09 09:28:00,73.117,73.117,73.047,73.072,73.149,73.149,73.079,73.104,62
2026-07-09 09:29:00,73.067,73.067,72.977,73.022,73.099,73.099,73.009,73.054,78
2026-07-09 09:30:00,73.017,73.047,72.907,73.042,73.049,73.079,72.939,73.074,97
2026-07-09 09:31:00,73.047,73.047,72.887,72.902,73.079,73.079,72.919,72.934,88
2026-07-09 09:32:00,72.907,72.922,72.702,72.742,72.939,72.954,72.734,72.774,158
2026-07-09 09:33:00,72.747,72.752,72.703,72.717,72.779,72.784,72.739,72.749,126
2026-07-09 09:34:00,72.722,72.732,72.687,72.697,72.754,72.764,72.719,72.729,82
2026-07-09 09:35:00,72.687,72.747,72.637,72.707,72.719,72.779,72.669,72.739,106
2026-07-09 09:36:00,72.697,72.727,72.643,72.712,72.729,72.759,72.679,72.744,86
2026-07-09 09:37:00,72.707,72.707,72.647,72.677,72.739,72.739,72.679,72.709,57
2026-07-09 09:38:00,72.672,72.697,72.617,72.667,72.704,72.729,72.649,72.699,101
2026-07-09 09:39:00,72.662,72.792,72.647,72.772,72.694,72.824,72.679,72.804,71
2026-07-09 09:40:00,72.782,72.807,72.722,72.762,72.814,72.839,72.754,72.794,73
2026-07-09 09:41:00,72.767,72.787,72.717,72.772,72.799,72.819,72.749,72.804,84
2026-07-09 09:42:00,72.762,72.792,72.677,72.682,72.794,72.824,72.709,72.714,77
2026-07-09 09:43:00,72.687,72.687,72.567,72.622,72.719,72.719,72.599,72.654,73
2026-07-09 09:44:00,72.617,72.622,72.537,72.562,72.649,72.654,72.569,72.594,79
2026-07-09 09:45:00,72.547,72.562,72.467,72.542,72.579,72.594,72.499,72.574,131
2026-07-09 09:46:00,72.547,72.622,72.537,72.557,72.579,72.654,72.569,72.589,100
2026-07-09 09:47:00,72.562,72.572,72.477,72.482,72.594,72.604,72.509,72.514,82
2026-07-09 09:48:00,72.487,72.502,72.357,72.417,72.519,72.534,72.389,72.449,120
2026-07-09 09:49:00,72.412,72.537,72.402,72.527,72.444,72.569,72.434,72.559,110
2026-07-09 09:50:00,72.522,72.537,72.487,72.502,72.554,72.569,72.519,72.534,83
2026-07-09 09:51:00,72.497,72.512,72.372,72.427,72.529,72.544,72.404,72.459,74
2026-07-09 09:52:00,72.437,72.507,72.397,72.502,72.469,72.539,72.429,72.534,105
2026-07-09 09:53:00,72.507,72.527,72.477,72.497,72.539,72.559,72.509,72.529,71
2026-07-09 09:54:00,72.487,72.537,72.477,72.527,72.519,72.569,72.509,72.559,67
2026-07-09 09:55:00,72.522,72.607,72.497,72.607,72.554,72.639,72.529,72.639,69
2026-07-09 09:56:00,72.587,72.632,72.577,72.607,72.619,72.664,72.609,72.639,75
2026-07-09 09:57:00,72.602,72.747,72.587,72.712,72.634,72.779,72.619,72.744,91
2026-07-09 09:58:00,72.727,72.777,72.657,72.697,72.759,72.809,72.689,72.729,111
2026-07-09 09:59:00,72.687,72.697,72.537,72.577,72.719,72.729,72.569,72.609,88
2026-07-09 10:00:00,72.582,72.687,72.537,72.682,72.614,72.719,72.569,72.714,122
2026-07-09 10:01:00,72.677,72.697,72.592,72.602,72.709,72.729,72.624,72.634,92
2026-07-09 10:02:00,72.597,72.702,72.592,72.697,72.629,72.734,72.624,72.729,95
2026-07-09 10:03:00,72.692,72.717,72.597,72.632,72.724,72.749,72.629,72.664,97
2026-07-09 10:04:00,72.622,72.652,72.557,72.592,72.654,72.684,72.589,72.624,76
2026-07-09 10:05:00,72.602,72.612,72.417,72.422,72.634,72.644,72.449,72.454,96
2026-07-09 10:06:00,72.427,72.462,72.372,72.442,72.459,72.494,72.404,72.474,78
2026-07-09 10:07:00,72.437,72.482,72.357,72.422,72.469,72.514,72.389,72.454,87
2026-07-09 10:08:00,72.417,72.427,72.362,72.392,72.449,72.463,72.394,72.424,74
2026-07-09 10:09:00,72.402,72.442,72.392,72.392,72.434,72.474,72.424,72.424,69
2026-07-09 10:10:00,72.382,72.572,72.367,72.562,72.414,72.604,72.399,72.594,110
2026-07-09 10:11:00,72.552,72.552,72.442,72.457,72.584,72.584,72.474,72.489,80
2026-07-09 10:12:00,72.462,72.462,72.357,72.417,72.494,72.494,72.389,72.449,88
2026-07-09 10:13:00,72.427,72.487,72.397,72.487,72.459,72.519,72.429,72.519,41
2026-07-09 10:14:00,72.507,72.507,72.427,72.447,72.539,72.539,72.459,72.479,51
2026-07-09 10:15:00,72.437,72.437,72.232,72.332,72.469,72.469,72.264,72.364,127
2026-07-09 10:16:00,72.317,72.367,72.287,72.312,72.349,72.399,72.319,72.344,68
2026-07-09 10:17:00,72.307,72.307,72.237,72.257,72.339,72.339,72.269,72.289,73
2026-07-09 10:18:00,72.267,72.342,72.267,72.342,72.299,72.374,72.299,72.374,94
2026-07-09 10:19:00,72.347,72.347,72.227,72.272,72.379,72.379,72.259,72.304,68
2026-07-09 10:20:00,72.262,72.307,72.217,72.307,72.294,72.339,72.249,72.339,84
2026-07-09 10:21:00,72.302,72.327,72.272,72.277,72.334,72.359,72.304,72.309,84
2026-07-09 10:22:00,72.282,72.332,72.247,72.327,72.314,72.364,72.279,72.359,63
2026-07-09 10:23:00,72.332,72.332,72.237,72.282,72.364,72.364,72.269,72.314,69
2026-07-09 10:24:00,72.287,72.347,72.267,72.302,72.319,72.379,72.299,72.334,64
2026-07-09 10:25:00,72.297,72.387,72.252,72.292,72.329,72.419,72.284,72.324,90
2026-07-09 10:26:00,72.287,72.327,72.267,72.302,72.319,72.359,72.299,72.334,94
2026-07-09 10:27:00,72.307,72.347,72.277,72.327,72.339,72.379,72.309,72.359,79
2026-07-09 10:28:00,72.332,72.417,72.327,72.347,72.364,72.449,72.359,72.379,187
2026-07-09 10:29:00,72.342,72.377,72.287,72.307,72.374,72.409,72.319,72.339,218
2026-07-09 10:30:00,72.317,72.342,72.247,72.317,72.349,72.374,72.279,72.349,166
2026-07-09 10:31:00,72.322,72.322,72.187,72.262,72.354,72.354,72.219,72.294,105
2026-07-09 10:32:00,72.267,72.472,72.267,72.447,72.299,72.504,72.299,72.479,113
2026-07-09 10:33:00,72.442,72.572,72.442,72.572,72.474,72.604,72.474,72.604,78
2026-07-09 10:34:00,72.567,72.647,72.557,72.582,72.599,72.679,72.589,72.614,110
2026-07-09 10:35:00,72.577,72.647,72.547,72.637,72.609,72.679,72.579,72.669,64
2026-07-09 10:36:00,72.627,72.732,72.627,72.732,72.659,72.764,72.659,72.764,64
2026-07-09 10:37:00,72.737,72.742,72.657,72.687,72.769,72.774,72.689,72.719,66
2026-07-09 10:38:00,72.692,72.747,72.687,72.732,72.724,72.779,72.719,72.764,62
2026-07-09 10:39:00,72.727,72.797,72.717,72.787,72.759,72.829,72.749,72.819,87
2026-07-09 10:40:00,72.797,72.832,72.777,72.777,72.829,72.864,72.809,72.809,64
2026-07-09 10:41:00,72.787,72.807,72.662,72.672,72.819,72.839,72.694,72.704,72
2026-07-09 10:42:00,72.657,72.732,72.657,72.732,72.689,72.764,72.689,72.764,68
2026-07-09 10:43:00,72.737,72.737,72.667,72.682,72.769,72.769,72.699,72.714,54
2026-07-09 10:44:00,72.687,72.697,72.662,72.677,72.719,72.729,72.694,72.709,37
2026-07-09 10:45:00,72.682,72.777,72.667,72.767,72.714,72.809,72.699,72.799,57
2026-07-09 10:46:00,72.762,72.797,72.707,72.712,72.794,72.829,72.739,72.744,74
2026-07-09 10:47:00,72.717,72.752,72.677,72.692,72.749,72.784,72.709,72.724,48
2026-07-09 10:48:00,72.697,72.707,72.647,72.677,72.729,72.739,72.679,72.709,47
2026-07-09 10:49:00,72.672,72.717,72.667,72.712,72.704,72.749,72.699,72.744,56
2026-07-09 10:50:00,72.707,72.717,72.652,72.652,72.739,72.749,72.684,72.684,35
2026-07-09 10:51:00,72.662,72.727,72.657,72.712,72.694,72.759,72.689,72.744,46
2026-07-09 10:52:00,72.717,72.722,72.647,72.667,72.749,72.754,72.679,72.699,39
2026-07-09 10:53:00,72.647,72.677,72.537,72.542,72.679,72.709,72.569,72.574,67
2026-07-09 10:54:00,72.537,72.622,72.537,72.617,72.569,72.654,72.569,72.649,45
2026-07-09 10:55:00,72.637,72.687,72.637,72.642,72.669,72.719,72.669,72.674,29
2026-07-09 10:56:00,72.652,72.662,72.612,72.662,72.684,72.694,72.644,72.694,36
2026-07-09 10:57:00,72.677,72.862,72.657,72.842,72.709,72.894,72.689,72.874,110
2026-07-09 10:58:00,72.832,72.862,72.777,72.792,72.864,72.894,72.809,72.824,100
2026-07-09 10:59:00,72.802,72.867,72.797,72.847,72.834,72.899,72.829,72.879,70
2026-07-09 11:00:00,72.857,72.947,72.852,72.922,72.889,72.979,72.884,72.954,107
2026-07-09 11:01:00,72.917,72.992,72.897,72.947,72.949,73.024,72.929,72.979,87
2026-07-09 11:02:00,72.937,72.937,72.847,72.852,72.969,72.969,72.879,72.884,59
2026-07-09 11:03:00,72.857,72.962,72.802,72.957,72.889,72.994,72.834,72.989,85
2026-07-09 11:04:00,72.947,72.957,72.912,72.947,72.979,72.989,72.944,72.979,80
2026-07-09 11:05:00,72.942,72.992,72.897,72.962,72.974,73.024,72.929,72.994,71
2026-07-09 11:06:00,72.967,73.012,72.962,72.977,72.999,73.044,72.994,73.009,74
2026-07-09 11:07:00,72.972,73.037,72.947,73.022,73.004,73.069,72.979,73.054,61
2026-07-09 11:08:00,73.032,73.042,72.982,72.982,73.064,73.074,73.014,73.014,42
2026-07-09 11:09:00,72.977,73.002,72.947,72.947,73.009,73.034,72.979,72.979,59
2026-07-09 11:10:00,72.952,73.002,72.902,72.957,72.984,73.034,72.934,72.989,85
2026-07-09 11:11:00,72.947,72.962,72.912,72.917,72.979,72.994,72.944,72.949,36
2026-07-09 11:12:00,72.907,72.907,72.807,72.812,72.939,72.939,72.839,72.844,74
2026-07-09 11:13:00,72.817,72.852,72.802,72.802,72.849,72.884,72.834,72.834,39
2026-07-09 11:14:00,72.797,72.837,72.782,72.802,72.829,72.869,72.814,72.834,61
2026-07-09 11:15:00,72.797,72.862,72.787,72.842,72.829,72.894,72.819,72.874,41
2026-07-09 11:16:00,72.847,72.937,72.847,72.917,72.879,72.969,72.879,72.949,55
2026-07-09 11:17:00,72.912,72.922,72.822,72.822,72.944,72.954,72.854,72.854,42
2026-07-09 11:18:00,72.827,72.847,72.787,72.827,72.859,72.879,72.819,72.859,53
2026-07-09 11:19:00,72.822,72.882,72.797,72.882,72.854,72.914,72.829,72.914,57
2026-07-09 11:20:00,72.872,72.902,72.817,72.822,72.904,72.934,72.849,72.854,50
2026-07-09 11:21:00,72.817,72.842,72.807,72.827,72.849,72.874,72.839,72.859,39
2026-07-09 11:22:00,72.832,72.897,72.812,72.882,72.864,72.929,72.844,72.914,32
2026-07-09 11:23:00,72.877,72.892,72.832,72.872,72.909,72.924,72.864,72.904,39
2026-07-09 11:24:00,72.877,72.967,72.877,72.932,72.909,72.999,72.909,72.964,49
2026-07-09 11:25:00,72.937,73.027,72.937,72.947,72.969,73.059,72.969,72.979,77
2026-07-09 11:26:00,72.952,73.017,72.942,72.997,72.984,73.049,72.974,73.029,53
2026-07-09 11:27:00,73.002,73.037,72.932,72.957,73.034,73.069,72.964,72.989,80
2026-07-09 11:28:00,72.962,73.042,72.947,72.987,72.994,73.074,72.979,73.019,59
2026-07-09 11:29:00,72.997,73.042,72.982,73.012,73.029,73.074,73.014,73.044,54
2026-07-09 11:30:00,73.027,73.077,72.987,72.992,73.059,73.109,73.019,73.024,85
2026-07-09 11:31:00,72.987,72.992,72.917,72.952,73.019,73.024,72.949,72.984,66
2026-07-09 11:32:00,72.942,72.997,72.942,72.982,72.974,73.029,72.974,73.014,41
2026-07-09 11:33:00,72.977,73.002,72.907,72.997,73.009,73.034,72.939,73.029,54
2026-07-09 11:34:00,72.987,73.062,72.962,73.052,73.019,73.094,72.994,73.084,82
2026-07-09 11:35:00,73.043,73.102,73.042,73.102,73.083,73.134,73.074,73.134,52
2026-07-09 11:36:00,73.097,73.202,73.087,73.202,73.129,73.234,73.119,73.234,68
2026-07-09 11:37:00,73.197,73.222,73.172,73.217,73.229,73.254,73.204,73.249,41
2026-07-09 11:38:00,73.212,73.212,73.152,73.182,73.244,73.244,73.184,73.214,85
2026-07-09 11:39:00,73.187,73.202,73.117,73.152,73.219,73.234,73.149,73.184,67
2026-07-09 11:40:00,73.142,73.237,73.142,73.212,73.174,73.269,73.174,73.244,47
2026-07-09 11:41:00,73.207,73.372,73.172,73.272,73.239,73.404,73.204,73.304,197
2026-07-09 11:42:00,73.277,73.277,73.227,73.272,73.309,73.309,73.259,73.304,67
2026-07-09 11:43:00,73.277,73.342,73.237,73.332,73.309,73.374,73.269,73.364,67
2026-07-09 11:44:00,73.327,73.377,73.322,73.337,73.359,73.409,73.354,73.369,59
2026-07-09 11:45:00,73.347,73.387,73.332,73.342,73.379,73.419,73.364,73.374,64
2026-07-09 11:46:00,73.347,73.377,73.327,73.377,73.379,73.409,73.359,73.409,52
2026-07-09 11:47:00,73.382,73.447,73.377,73.432,73.414,73.479,73.409,73.464,61
2026-07-09 11:48:00,73.437,73.477,73.407,73.422,73.469,73.509,73.439,73.454,65
2026-07-09 11:49:00,73.417,73.447,73.407,73.432,73.449,73.479,73.439,73.464,41
2026-07-09 11:50:00,73.437,73.452,73.372,73.377,73.469,73.484,73.404,73.409,80
2026-07-09 11:51:00,73.372,73.387,73.207,73.227,73.404,73.419,73.239,73.259,95
2026-07-09 11:52:00,73.232,73.262,73.187,73.262,73.264,73.294,73.219,73.294,57
2026-07-09 11:53:00,73.257,73.377,73.252,73.347,73.289,73.409,73.284,73.379,70
2026-07-09 11:54:00,73.352,73.352,73.287,73.297,73.384,73.384,73.319,73.329,56
2026-07-09 11:55:00,73.302,73.317,73.252,73.282,73.334,73.349,73.284,73.314,58
2026-07-09 11:56:00,73.272,73.337,73.272,73.317,73.304,73.369,73.304,73.349,47
2026-07-09 11:57:00,73.307,73.362,73.307,73.342,73.339,73.394,73.339,73.374,44
2026-07-09 11:58:00,73.347,73.352,73.297,73.307,73.379,73.384,73.329,73.339,47
2026-07-09 11:59:00,73.302,73.347,73.292,73.322,73.334,73.379,73.324,73.354,81
2026-07-09 12:00:00,73.317,73.402,73.317,73.347,73.349,73.434,73.349,73.379,76
2026-07-09 12:01:00,73.352,73.457,73.337,73.407,73.384,73.489,73.369,73.439,56
2026-07-09 12:02:00,73.402,73.442,73.392,73.417,73.434,73.474,73.424,73.449,53
2026-07-09 12:03:00,73.422,73.422,73.367,73.392,73.454,73.454,73.399,73.424,28
2026-07-09 12:04:00,73.387,73.407,73.357,73.387,73.419,73.439,73.389,73.419,46
2026-07-09 12:05:00,73.382,73.407,73.327,73.357,73.414,73.439,73.359,73.389,50
2026-07-09 12:06:00,73.362,73.397,73.357,73.392,73.394,73.429,73.389,73.424,31
2026-07-09 12:07:00,73.397,73.447,73.387,73.437,73.429,73.479,73.419,73.469,37
2026-07-09 12:08:00,73.432,73.467,73.397,73.467,73.464,73.499,73.429,73.499,38
2026-07-09 12:09:00,73.477,73.477,73.332,73.382,73.509,73.509,73.364,73.414,88
2026-07-09 12:10:00,73.377,73.392,73.287,73.312,73.409,73.424,73.319,73.344,66
2026-07-09 12:11:00,73.307,73.307,73.227,73.227,73.339,73.339,73.259,73.259,76
2026-07-09 12:12:00,73.232,73.397,73.227,73.392,73.264,73.429,73.259,73.424,65
2026-07-09 12:13:00,73.387,73.497,73.362,73.472,73.419,73.529,73.394,73.504,73
2026-07-09 12:14:00,73.467,73.507,73.392,73.412,73.499,73.539,73.424,73.444,83
2026-07-09 12:15:00,73.417,73.467,73.392,73.442,73.449,73.499,73.424,73.474,68
2026-07-09 12:16:00,73.437,73.482,73.357,73.362,73.469,73.514,73.389,73.394,64
2026-07-09 12:17:00,73.357,73.372,73.302,73.342,73.389,73.404,73.334,73.374,76
2026-07-09 12:18:00,73.332,73.402,73.317,73.382,73.364,73.434,73.349,73.414,61
2026-07-09 12:19:00,73.387,73.462,73.372,73.442,73.419,73.494,73.404,73.474,49
2026-07-09 12:20:00,73.437,73.467,73.387,73.442,73.469,73.499,73.419,73.474,46
2026-07-09 12:21:00,73.447,73.517,73.447,73.492,73.479,73.549,73.479,73.524,45
2026-07-09 12:22:00,73.497,73.507,73.447,73.457,73.529,73.539,73.479,73.489,42
2026-07-09 12:23:00,73.452,73.517,73.447,73.507,73.484,73.549,73.479,73.539,58
2026-07-09 12:24:00,73.512,73.577,73.512,73.567,73.544,73.609,73.544,73.599,69
2026-07-09 12:25:00,73.562,73.642,73.562,73.612,73.594,73.674,73.594,73.644,60
2026-07-09 12:26:00,73.617,73.627,73.527,73.542,73.649,73.659,73.559,73.574,68
2026-07-09 12:27:00,73.537,73.602,73.537,73.597,73.569,73.634,73.569,73.629,36
2026-07-09 12:28:00,73.587,73.612,73.582,73.587,73.619,73.644,73.614,73.619,42
2026-07-09 12:29:00,73.597,73.627,73.577,73.612,73.629,73.659,73.609,73.644,41
2026-07-09 12:30:00,73.622,73.687,73.617,73.677,73.654,73.719,73.649,73.709,65
2026-07-09 12:31:00,73.667,73.707,73.647,73.667,73.699,73.739,73.679,73.699,91
2026-07-09 12:32:00,73.657,73.692,73.652,73.667,73.689,73.724,73.684,73.699,45
2026-07-09 12:33:00,73.677,73.682,73.597,73.602,73.709,73.714,73.629,73.634,52
2026-07-09 12:34:00,73.607,73.662,73.587,73.587,73.639,73.694,73.619,73.619,43
2026-07-09 12:35:00,73.582,73.587,73.417,73.427,73.614,73.619,73.449,73.459,72
2026-07-09 12:36:00,73.437,73.482,73.417,73.472,73.469,73.514,73.449,73.504,54
2026-07-09 12:37:00,73.477,73.502,73.447,73.477,73.509,73.534,73.479,73.509,42
2026-07-09 12:38:00,73.472,73.517,73.472,73.492,73.504,73.549,73.504,73.524,22
2026-07-09 12:39:00,73.487,73.497,73.462,73.477,73.519,73.529,73.494,73.509,33
2026-07-09 12:40:00,73.482,73.502,73.417,73.457,73.514,73.534,73.449,73.489,43
2026-07-09 12:41:00,73.452,73.467,73.422,73.462,73.484,73.499,73.454,73.494,32
2026-07-09 12:42:00,73.457,73.617,73.457,73.597,73.489,73.649,73.489,73.629,56
2026-07-09 12:43:00,73.587,73.642,73.537,73.542,73.619,73.674,73.569,73.574,71
2026-07-09 12:44:00,73.537,73.567,73.532,73.547,73.569,73.599,73.564,73.579,50
2026-07-09 12:45:00,73.557,73.677,73.557,73.657,73.589,73.709,73.589,73.689,73
2026-07-09 12:46:00,73.662,73.837,73.662,73.807,73.694,73.869,73.694,73.839,106
2026-07-09 12:47:00,73.802,73.857,73.782,73.822,73.834,73.889,73.814,73.854,53
2026-07-09 12:48:00,73.817,73.847,73.782,73.792,73.849,73.879,73.814,73.824,63
2026-07-09 12:49:00,73.777,73.847,73.767,73.787,73.809,73.879,73.799,73.819,45
2026-07-09 12:50:00,73.797,73.882,73.797,73.872,73.829,73.914,73.829,73.904,61
2026-07-09 12:51:00,73.877,73.927,73.862,73.902,73.909,73.959,73.894,73.934,52
2026-07-09 12:52:00,73.897,74.207,73.897,74.192,73.929,74.239,73.929,74.224,165
2026-07-09 12:53:00,74.177,74.312,74.122,74.267,74.209,74.344,74.154,74.299,220
2026-07-09 12:54:00,74.262,74.347,74.232,74.232,74.294,74.379,74.264,74.264,177
2026-07-09 12:55:00,74.247,74.347,74.207,74.267,74.279,74.379,74.239,74.299,133
2026-07-09 12:56:00,74.282,74.392,74.267,74.347,74.314,74.424,74.299,74.379,131
2026-07-09 12:57:00,74.342,74.437,74.222,74.232,74.374,74.469,74.254,74.264,145
2026-07-09 12:58:00,74.227,74.227,74.052,74.067,74.259,74.259,74.084,74.099,167
2026-07-09 12:59:00,74.082,74.122,74.057,74.067,74.114,74.154,74.089,74.099,79
2026-07-09 13:00:00,74.057,74.102,73.967,73.987,74.089,74.134,73.999,74.019,90
2026-07-09 13:01:00,73.977,74.012,73.897,73.907,74.009,74.044,73.929,73.939,107
2026-07-09 13:02:00,73.917,73.917,73.817,73.887,73.949,73.949,73.849,73.919,114
2026-07-09 13:03:00,73.882,73.887,73.782,73.862,73.914,73.919,73.814,73.894,85
2026-07-09 13:04:00,73.847,73.957,73.837,73.902,73.879,73.989,73.869,73.934,99
2026-07-09 13:05:00,73.897,73.902,73.782,73.857,73.929,73.934,73.814,73.889,82
2026-07-09 13:06:00,73.872,73.927,73.837,73.927,73.904,73.959,73.869,73.959,86
2026-07-09 13:07:00,73.937,73.992,73.902,73.987,73.969,74.024,73.934,74.019,104
2026-07-09 13:08:00,73.982,74.042,73.957,74.027,74.014,74.074,73.989,74.059,83
2026-07-09 13:09:00,74.022,74.042,73.917,73.917,74.054,74.074,73.949,73.949,75
2026-07-09 13:10:00,73.922,73.927,73.837,73.882,73.954,73.959,73.869,73.914,63
2026-07-09 13:11:00,73.877,73.887,73.782,73.812,73.909,73.919,73.814,73.844,55
2026-07-09 13:12:00,73.807,73.812,73.697,73.727,73.839,73.844,73.729,73.759,73
2026-07-09 13:13:00,73.752,73.807,73.747,73.787,73.784,73.839,73.779,73.819,53
2026-07-09 13:14:00,73.792,73.823,73.772,73.807,73.824,73.863,73.804,73.839,63
2026-07-09 13:15:00,73.817,74.037,73.817,74.027,73.849,74.069,73.849,74.059,97
2026-07-09 13:16:00,74.032,74.047,74.002,74.037,74.064,74.079,74.034,74.069,54
2026-07-09 13:17:00,74.047,74.047,73.917,73.922,74.079,74.079,73.949,73.954,58
2026-07-09 13:18:00,73.917,73.937,73.897,73.902,73.949,73.969,73.929,73.934,40
2026-07-09 13:19:00,73.912,73.932,73.877,73.882,73.944,73.964,73.909,73.914,50
2026-07-09 13:20:00,73.887,73.887,73.792,73.802,73.919,73.919,73.824,73.834,72
2026-07-09 13:21:00,73.812,73.887,73.802,73.887,73.844,73.919,73.834,73.919,91
2026-07-09 13:22:00,73.882,73.972,73.857,73.942,73.914,74.004,73.889,73.974,79
2026-07-09 13:23:00,73.932,73.937,73.852,73.887,73.964,73.969,73.884,73.919,74
2026-07-09 13:24:00,73.882,73.967,73.862,73.952,73.914,73.999,73.894,73.984,56
2026-07-09 13:25:00,73.943,73.943,73.847,73.902,73.983,73.983,73.879,73.934,48
2026-07-09 13:26:00,73.912,73.957,73.887,73.952,73.944,73.989,73.919,73.984,52
2026-07-09 13:27:00,73.967,73.972,73.922,73.947,73.999,74.004,73.954,73.979,44
2026-07-09 13:28:00,73.942,73.942,73.867,73.872,73.974,73.974,73.899,73.904,37
2026-07-09 13:29:00,73.877,73.927,73.872,73.877,73.909,73.959,73.904,73.909,51
2026-07-09 13:30:00,73.882,74.042,73.787,74.012,73.914,74.074,73.819,74.044,155
2026-07-09 13:31:00,74.022,74.037,73.842,73.857,74.054,74.069,73.874,73.889,119
2026-07-09 13:32:00,73.847,73.887,73.792,73.822,73.879,73.919,73.824,73.854,64
2026-07-09 13:33:00,73.817,73.862,73.777,73.862,73.849,73.894,73.809,73.894,66
2026-07-09 13:34:00,73.857,73.857,73.817,73.827,73.889,73.889,73.849,73.859,49
2026-07-09 13:35:00,73.832,73.887,73.797,73.857,73.864,73.919,73.829,73.889,62
2026-07-09 13:36:00,73.852,73.857,73.737,73.747,73.884,73.889,73.769,73.779,44
2026-07-09 13:37:00,73.752,73.797,73.727,73.782,73.784,73.829,73.759,73.814,60
2026-07-09 13:38:00,73.777,73.802,73.757,73.782,73.809,73.834,73.789,73.814,24
2026-07-09 13:39:00,73.777,73.782,73.667,73.667,73.809,73.814,73.699,73.699,55
2026-07-09 13:40:00,73.672,73.767,73.667,73.757,73.704,73.799,73.699,73.789,74
2026-07-09 13:41:00,73.747,73.752,73.697,73.737,73.779,73.784,73.729,73.769,47
2026-07-09 13:42:00,73.727,73.747,73.702,73.742,73.759,73.779,73.734,73.774,42
2026-07-09 13:43:00,73.747,73.792,73.717,73.792,73.779,73.824,73.749,73.824,46
2026-07-09 13:44:00,73.787,73.817,73.777,73.812,73.819,73.849,73.809,73.844,44
2026-07-09 13:45:00,73.807,73.807,73.717,73.722,73.839,73.839,73.749,73.754,50
2026-07-09 13:46:00,73.717,73.772,73.697,73.702,73.749,73.804,73.729,73.734,56
2026-07-09 13:47:00,73.707,73.727,73.652,73.722,73.739,73.759,73.684,73.754,52
2026-07-09 13:48:00,73.717,73.772,73.672,73.737,73.749,73.804,73.704,73.769,54
2026-07-09 13:49:00,73.732,73.912,73.732,73.777,73.764,73.948,73.764,73.809,109
2026-07-09 13:50:00,73.782,73.797,73.722,73.732,73.814,73.829,73.754,73.764,92
2026-07-09 13:51:00,73.717,73.762,73.712,73.762,73.749,73.794,73.744,73.794,37
2026-07-09 13:52:00,73.767,73.842,73.752,73.782,73.799,73.874,73.784,73.814,65
2026-07-09 13:53:00,73.792,73.797,73.707,73.722,73.824,73.829,73.739,73.754,55
2026-07-09 13:54:00,73.727,73.837,73.722,73.827,73.759,73.869,73.754,73.859,44
2026-07-09 13:55:00,73.832,73.837,73.737,73.782,73.864,73.869,73.769,73.814,47
2026-07-09 13:56:00,73.777,73.782,73.692,73.722,73.809,73.814,73.724,73.754,46
2026-07-09 13:57:00,73.732,73.767,73.732,73.767,73.764,73.799,73.764,73.799,25
2026-07-09 13:58:00,73.757,73.842,73.757,73.832,73.789,73.874,73.789,73.864,54
2026-07-09 13:59:00,73.827,73.832,73.757,73.772,73.859,73.864,73.789,73.804,44
2026-07-09 14:00:00,73.757,73.812,73.722,73.797,73.789,73.844,73.754,73.829,64
2026-07-09 14:01:00,73.807,73.827,73.722,73.787,73.839,73.859,73.754,73.819,74
2026-07-09 14:02:00,73.792,73.792,73.677,73.677,73.824,73.824,73.709,73.709,66
2026-07-09 14:03:00,73.687,73.832,73.677,73.827,73.719,73.864,73.709,73.859,73
2026-07-09 14:04:00,73.837,73.923,73.792,73.817,73.869,73.963,73.824,73.849,50
2026-07-09 14:05:00,73.822,73.882,73.822,73.877,73.854,73.914,73.854,73.909,41
2026-07-09 14:06:00,73.887,73.902,73.787,73.827,73.919,73.934,73.819,73.859,54
2026-07-09 14:07:00,73.822,73.837,73.737,73.757,73.854,73.869,73.769,73.789,45
2026-07-09 14:08:00,73.752,73.822,73.737,73.752,73.784,73.854,73.769,73.784,55
2026-07-09 14:09:00,73.747,73.752,73.642,73.682,73.779,73.784,73.674,73.714,77
2026-07-09 14:10:00,73.667,73.717,73.617,73.622,73.699,73.749,73.649,73.654,91
2026-07-09 14:11:00,73.637,73.662,73.587,73.612,73.669,73.694,73.619,73.644,63
2026-07-09 14:12:00,73.617,73.652,73.517,73.562,73.649,73.684,73.549,73.594,119
2026-07-09 14:13:00,73.567,73.567,73.442,73.457,73.599,73.599,73.474,73.489,79
2026-07-09 14:14:00,73.467,73.537,73.467,73.512,73.499,73.569,73.499,73.544,86
2026-07-09 14:15:00,73.517,73.522,73.452,73.472,73.549,73.554,73.484,73.504,90
2026-07-09 14:16:00,73.467,73.537,73.457,73.497,73.499,73.569,73.489,73.529,63
2026-07-09 14:17:00,73.492,73.537,73.457,73.522,73.524,73.569,73.489,73.554,55
2026-07-09 14:18:00,73.527,73.597,73.457,73.482,73.559,73.629,73.489,73.514,87
2026-07-09 14:19:00,73.492,73.617,73.437,73.567,73.524,73.649,73.469,73.599,85
2026-07-09 14:20:00,73.577,73.577,73.497,73.537,73.609,73.609,73.529,73.569,55
2026-07-09 14:21:00,73.542,73.557,73.497,73.552,73.574,73.589,73.529,73.584,54
2026-07-09 14:22:00,73.547,73.572,73.517,73.517,73.579,73.604,73.549,73.549,51
2026-07-09 14:23:00,73.522,73.532,73.467,73.527,73.554,73.564,73.499,73.559,49
2026-07-09 14:24:00,73.522,73.567,73.467,73.512,73.554,73.599,73.499,73.544,47
2026-07-09 14:25:00,73.527,73.582,73.502,73.582,73.559,73.614,73.534,73.614,54
2026-07-09 14:26:00,73.577,73.597,73.522,73.532,73.609,73.629,73.554,73.564,38
2026-07-09 14:27:00,73.537,73.572,73.532,73.562,73.569,73.604,73.564,73.594,43
2026-07-09 14:28:00,73.567,73.677,73.562,73.677,73.599,73.709,73.594,73.709,83
2026-07-09 14:29:00,73.672,73.697,73.652,73.653,73.704,73.729,73.684,73.693,49
2026-07-09 14:30:00,73.647,73.677,73.647,73.677,73.679,73.709,73.679,73.709,54
2026-07-09 14:31:00,73.672,73.717,73.647,73.707,73.704,73.749,73.679,73.739,105
2026-07-09 14:32:00,73.712,73.757,73.662,73.687,73.744,73.789,73.694,73.719,75
2026-07-09 14:33:00,73.692,73.697,73.617,73.627,73.724,73.729,73.649,73.659,59
2026-07-09 14:34:00,73.622,73.657,73.567,73.567,73.654,73.689,73.599,73.599,59
2026-07-09 14:35:00,73.572,73.622,73.537,73.602,73.604,73.654,73.569,73.634,90
2026-07-09 14:36:00,73.597,73.602,73.477,73.517,73.629,73.634,73.509,73.549,71
2026-07-09 14:37:00,73.522,73.567,73.497,73.502,73.554,73.599,73.529,73.534,58
2026-07-09 14:38:00,73.517,73.592,73.497,73.572,73.549,73.624,73.529,73.604,78
2026-07-09 14:39:00,73.562,73.702,73.562,73.697,73.594,73.734,73.594,73.729,71
2026-07-09 14:40:00,73.692,73.827,73.687,73.827,73.724,73.859,73.719,73.859,90
2026-07-09 14:41:00,73.837,73.927,73.812,73.822,73.869,73.959,73.844,73.854,93
2026-07-09 14:42:00,73.827,73.892,73.817,73.852,73.859,73.924,73.849,73.884,91
2026-07-09 14:43:00,73.847,73.852,73.767,73.817,73.879,73.884,73.799,73.849,68
2026-07-09 14:44:00,73.807,73.827,73.792,73.797,73.839,73.859,73.824,73.829,49
2026-07-09 14:45:00,73.792,73.832,73.757,73.777,73.824,73.864,73.789,73.809,50
2026-07-09 14:46:00,73.772,73.842,73.767,73.807,73.804,73.874,73.799,73.839,50
2026-07-09 14:47:00,73.797,73.812,73.757,73.777,73.829,73.844,73.789,73.809,66
2026-07-09 14:48:00,73.782,73.787,73.697,73.697,73.814,73.819,73.729,73.729,63
2026-07-09 14:49:00,73.692,73.852,73.692,73.837,73.724,73.884,73.724,73.869,69
2026-07-09 14:50:00,73.827,73.827,73.712,73.742,73.859,73.859,73.744,73.774,80
2026-07-09 14:51:00,73.737,73.767,73.667,73.677,73.769,73.799,73.699,73.709,78
2026-07-09 14:52:00,73.682,73.817,73.667,73.782,73.714,73.849,73.699,73.814,100
2026-07-09 14:53:00,73.777,73.777,73.727,73.752,73.809,73.809,73.759,73.784,47
2026-07-09 14:54:00,73.747,73.777,73.717,73.757,73.779,73.809,73.749,73.789,67
2026-07-09 14:55:00,73.752,73.772,73.732,73.767,73.784,73.804,73.764,73.799,22
2026-07-09 14:56:00,73.747,73.767,73.677,73.717,73.779,73.799,73.709,73.749,63
2026-07-09 14:57:00,73.722,73.772,73.672,73.687,73.754,73.804,73.704,73.719,37
2026-07-09 14:58:00,73.697,73.772,73.697,73.742,73.729,73.804,73.729,73.774,71
2026-07-09 14:59:00,73.747,73.797,73.697,73.737,73.779,73.829,73.729,73.769,66
2026-07-09 15:00:00,73.717,73.802,73.657,73.762,73.749,73.834,73.689,73.794,191
2026-07-09 15:01:00,73.757,73.817,73.677,73.712,73.789,73.849,73.709,73.744,136
2026-07-09 15:02:00,73.717,73.727,73.597,73.617,73.749,73.759,73.629,73.649,126
2026-07-09 15:03:00,73.637,73.697,73.587,73.602,73.669,73.729,73.619,73.634,106
2026-07-09 15:04:00,73.597,73.622,73.497,73.507,73.629,73.654,73.529,73.539,100
2026-07-09 15:05:00,73.532,73.627,73.507,73.592,73.564,73.659,73.539,73.624,109
2026-07-09 15:06:00,73.587,73.627,73.557,73.577,73.619,73.659,73.589,73.609,83
2026-07-09 15:07:00,73.572,73.722,73.537,73.717,73.604,73.754,73.569,73.749,76
2026-07-09 15:08:00,73.722,73.727,73.547,73.572,73.754,73.759,73.579,73.604,111
2026-07-09 15:09:00,73.567,73.567,73.267,73.277,73.599,73.599,73.299,73.309,145
2026-07-09 15:10:00,73.282,73.337,73.167,73.192,73.314,73.369,73.199,73.224,171
2026-07-09 15:11:00,73.193,73.247,73.147,73.162,73.233,73.283,73.179,73.194,130
2026-07-09 15:12:00,73.172,73.357,73.132,73.357,73.204,73.389,73.164,73.389,115
2026-07-09 15:13:00,73.352,73.352,73.222,73.222,73.384,73.384,73.254,73.254,78
2026-07-09 15:14:00,73.227,73.277,73.122,73.123,73.259,73.309,73.154,73.163,114
2026-07-09 15:15:00,73.122,73.122,72.997,73.077,73.154,73.154,73.029,73.109,147
2026-07-09 15:16:00,73.072,73.092,72.922,72.977,73.104,73.124,72.954,73.009,129
2026-07-09 15:17:00,72.972,72.972,72.747,72.912,73.004,73.004,72.779,72.944,206
2026-07-09 15:18:00,72.907,72.907,72.817,72.827,72.939,72.939,72.849,72.859,111
2026-07-09 15:19:00,72.822,72.847,72.777,72.777,72.854,72.879,72.809,72.809,118
2026-07-09 15:20:00,72.782,72.877,72.782,72.822,72.814,72.909,72.814,72.854,102
2026-07-09 15:21:00,72.827,72.967,72.807,72.957,72.859,72.999,72.839,72.989,129
2026-07-09 15:22:00,72.947,72.967,72.877,72.882,72.979,72.999,72.909,72.914,88
2026-07-09 15:23:00,72.887,72.952,72.877,72.942,72.919,72.984,72.909,72.974,72
2026-07-09 15:24:00,72.937,72.982,72.892,72.897,72.969,73.014,72.924,72.929,112
2026-07-09 15:25:00,72.887,72.977,72.847,72.977,72.919,73.009,72.879,73.009,104
2026-07-09 15:26:00,72.972,73.007,72.917,72.972,73.004,73.039,72.949,73.004,102
2026-07-09 15:27:00,72.967,73.042,72.917,73.007,72.999,73.074,72.949,73.039,97
2026-07-09 15:28:00,73.012,73.017,72.922,72.927,73.044,73.049,72.954,72.959,53
2026-07-09 15:29:00,72.947,72.997,72.907,72.987,72.979,73.029,72.939,73.019,89
2026-07-09 15:30:00,72.992,73.057,72.882,73.022,73.024,73.089,72.914,73.054,140
2026-07-09 15:31:00,73.017,73.032,72.942,72.992,73.049,73.064,72.974,73.024,128
2026-07-09 15:32:00,72.997,73.002,72.927,72.937,73.029,73.034,72.959,72.969,87
2026-07-09 15:33:00,72.932,72.967,72.807,72.822,72.964,72.999,72.839,72.854,105
2026-07-09 15:34:00,72.827,72.847,72.647,72.792,72.859,72.879,72.679,72.824,174
2026-07-09 15:35:00,72.802,72.847,72.757,72.837,72.834,72.879,72.789,72.869,118
2026-07-09 15:36:00,72.842,72.847,72.797,72.807,72.874,72.879,72.829,72.839,90
2026-07-09 15:37:00,72.817,72.877,72.757,72.832,72.849,72.909,72.789,72.864,99
2026-07-09 15:38:00,72.837,72.877,72.777,72.807,72.869,72.909,72.809,72.839,92
2026-07-09 15:39:00,72.802,72.837,72.747,72.762,72.834,72.869,72.779,72.794,87
2026-07-09 15:40:00,72.772,72.817,72.727,72.762,72.804,72.849,72.759,72.794,102
2026-07-09 15:41:00,72.777,72.792,72.667,72.712,72.809,72.824,72.699,72.744,107
2026-07-09 15:42:00,72.717,72.727,72.657,72.657,72.749,72.759,72.689,72.689,116
2026-07-09 15:43:00,72.642,72.687,72.522,72.557,72.674,72.719,72.554,72.589,136
2026-07-09 15:44:00,72.572,72.647,72.557,72.617,72.604,72.679,72.589,72.649,100
2026-07-09 15:45:00,72.622,72.637,72.557,72.587,72.654,72.669,72.589,72.619,82
2026-07-09 15:46:00,72.597,72.677,72.537,72.597,72.629,72.709,72.569,72.629,123
2026-07-09 15:47:00,72.587,72.647,72.547,72.567,72.619,72.679,72.579,72.599,121
2026-07-09 15:48:00,72.562,72.597,72.527,72.597,72.594,72.629,72.559,72.629,123
2026-07-09 15:49:00,72.592,72.657,72.562,72.572,72.624,72.689,72.594,72.604,136
2026-07-09 15:50:00,72.557,72.737,72.552,72.737,72.589,72.769,72.584,72.769,122
2026-07-09 15:51:00,72.747,72.787,72.647,72.692,72.779,72.819,72.679,72.724,120
2026-07-09 15:52:00,72.687,72.697,72.647,72.687,72.719,72.729,72.679,72.719,58
2026-07-09 15:53:00,72.677,72.677,72.617,72.657,72.709,72.709,72.649,72.689,75
2026-07-09 15:54:00,72.662,72.687,72.587,72.667,72.694,72.719,72.619,72.699,102
2026-07-09 15:55:00,72.652,72.652,72.532,72.557,72.684,72.684,72.564,72.589,79
2026-07-09 15:56:00,72.552,72.587,72.447,72.492,72.584,72.619,72.479,72.524,113
2026-07-09 15:57:00,72.487,72.567,72.482,72.497,72.519,72.599,72.514,72.529,109
2026-07-09 15:58:00,72.487,72.527,72.437,72.467,72.519,72.559,72.469,72.499,85
2026-07-09 15:59:00,72.462,72.487,72.437,72.472,72.494,72.519,72.469,72.504,81
2026-07-09 16:00:00,72.467,72.487,72.317,72.377,72.499,72.519,72.349,72.409,143
2026-07-09 16:01:00,72.387,72.427,72.317,72.407,72.419,72.459,72.349,72.439,99
2026-07-09 16:02:00,72.402,72.587,72.402,72.587,72.434,72.619,72.434,72.619,102
2026-07-09 16:03:00,72.577,72.647,72.542,72.547,72.609,72.679,72.574,72.579,96
2026-07-09 16:04:00,72.542,72.587,72.507,72.562,72.574,72.623,72.539,72.594,63
2026-07-09 16:05:00,72.557,72.617,72.517,72.617,72.589,72.649,72.549,72.649,90
2026-07-09 16:06:00,72.607,72.707,72.597,72.677,72.639,72.739,72.629,72.709,91
2026-07-09 16:07:00,72.672,72.727,72.647,72.657,72.704,72.759,72.679,72.689,96
2026-07-09 16:08:00,72.667,72.667,72.482,72.482,72.699,72.699,72.514,72.514,190
2026-07-09 16:09:00,72.487,72.522,72.377,72.522,72.519,72.554,72.409,72.554,226
2026-07-09 16:10:00,72.517,72.547,72.477,72.477,72.549,72.579,72.509,72.509,46
2026-07-09 16:11:00,72.467,72.527,72.352,72.367,72.519,72.559,72.384,72.399,74
2026-07-09 16:12:00,72.362,72.407,72.337,72.382,72.394,72.439,72.369,72.414,92
2026-07-09 16:13:00,72.377,72.477,72.337,72.457,72.409,72.509,72.369,72.489,76
2026-07-09 16:14:00,72.462,72.462,72.357,72.382,72.494,72.494,72.389,72.414,87
2026-07-09 16:15:00,72.387,72.407,72.347,72.392,72.419,72.439,72.379,72.424,84
2026-07-09 16:16:00,72.387,72.457,72.377,72.437,72.419,72.489,72.409,72.469,73
2026-07-09 16:17:00,72.442,72.447,72.327,72.387,72.474,72.479,72.359,72.419,99
2026-07-09 16:18:00,72.382,72.457,72.347,72.457,72.414,72.489,72.379,72.489,85
2026-07-09 16:19:00,72.452,72.457,72.337,72.342,72.484,72.489,72.369,72.374,102
2026-07-09 16:20:00,72.343,72.437,72.332,72.437,72.383,72.469,72.364,72.469,91
2026-07-09 16:21:00,72.432,72.437,72.277,72.292,72.464,72.469,72.309,72.324,91
2026-07-09 16:22:00,72.287,72.427,72.287,72.407,72.319,72.459,72.319,72.439,85
2026-07-09 16:23:00,72.412,72.467,72.412,72.437,72.444,72.499,72.444,72.469,67
2026-07-09 16:24:00,72.447,72.472,72.387,72.397,72.479,72.504,72.419,72.429,75
2026-07-09 16:25:00,72.402,72.447,72.367,72.432,72.434,72.479,72.399,72.464,80
2026-07-09 16:26:00,72.427,72.452,72.387,72.387,72.459,72.484,72.419,72.419,63
2026-07-09 16:27:00,72.382,72.512,72.377,72.502,72.414,72.544,72.409,72.534,95
2026-07-09 16:28:00,72.497,72.532,72.467,72.502,72.529,72.564,72.499,72.534,66
2026-07-09 16:29:00,72.497,72.537,72.477,72.507,72.529,72.569,72.509,72.539,71
2026-07-09 16:30:00,72.497,72.517,72.427,72.467,72.529,72.549,72.459,72.499,91
2026-07-09 16:31:00,72.462,72.502,72.427,72.432,72.494,72.534,72.459,72.464,68
2026-07-09 16:32:00,72.447,72.457,72.337,72.337,72.479,72.489,72.369,72.369,66
2026-07-09 16:33:00,72.332,72.347,72.257,72.297,72.364,72.379,72.289,72.329,102
2026-07-09 16:34:00,72.292,72.317,72.237,72.247,72.324,72.349,72.269,72.279,85
2026-07-09 16:35:00,72.242,72.287,72.207,72.282,72.274,72.319,72.239,72.314,98
2026-07-09 16:36:00,72.272,72.447,72.272,72.447,72.304,72.479,72.304,72.479,80
2026-07-09 16:37:00,72.442,72.517,72.432,72.487,72.474,72.549,72.464,72.519,111
2026-07-09 16:38:00,72.492,72.577,72.477,72.542,72.524,72.609,72.509,72.574,91
2026-07-09 16:39:00,72.537,72.552,72.437,72.447,72.569,72.584,72.469,72.479,86
2026-07-09 16:40:00,72.442,72.637,72.432,72.592,72.474,72.673,72.464,72.624,102
2026-07-09 16:41:00,72.597,72.667,72.577,72.607,72.629,72.699,72.609,72.639,100
2026-07-09 16:42:00,72.597,72.667,72.567,72.622,72.629,72.699,72.599,72.654,101
2026-07-09 16:43:00,72.617,72.667,72.617,72.647,72.649,72.699,72.649,72.679,74
2026-07-09 16:44:00,72.642,72.657,72.567,72.597,72.674,72.689,72.599,72.629,65
2026-07-09 16:45:00,72.602,72.637,72.582,72.582,72.634,72.669,72.614,72.614,73
2026-07-09 16:46:00,72.577,72.582,72.527,72.537,72.609,72.614,72.559,72.569,53
2026-07-09 16:47:00,72.527,72.677,72.527,72.657,72.559,72.709,72.559,72.689,71
2026-07-09 16:48:00,72.667,72.717,72.647,72.687,72.699,72.749,72.679,72.719,59
2026-07-09 16:49:00,72.682,72.882,72.677,72.817,72.714,72.914,72.709,72.849,109
2026-07-09 16:50:00,72.827,72.847,72.697,72.717,72.859,72.879,72.729,72.749,100
2026-07-09 16:51:00,72.712,72.717,72.597,72.602,72.744,72.749,72.629,72.634,97
2026-07-09 16:52:00,72.607,72.617,72.457,72.477,72.639,72.649,72.489,72.509,104
2026-07-09 16:53:00,72.467,72.477,72.357,72.362,72.499,72.509,72.389,72.394,146
2026-07-09 16:54:00,72.367,72.407,71.988,72.097,72.399,72.439,72.054,72.129,184
2026-07-09 16:55:00,72.117,72.207,72.042,72.042,72.149,72.239,72.074,72.074,187
2026-07-09 16:56:00,72.052,72.182,72.022,72.157,72.084,72.214,72.054,72.189,135
2026-07-09 16:57:00,72.147,72.197,72.067,72.072,72.179,72.229,72.099,72.104,128
2026-07-09 16:58:00,72.067,72.187,72.057,72.167,72.099,72.219,72.089,72.199,144
2026-07-09 16:59:00,72.177,72.182,72.037,72.117,72.209,72.214,72.069,72.149,121
2026-07-09 17:00:00,72.137,72.237,72.117,72.227,72.169,72.269,72.149,72.259,133
2026-07-09 17:01:00,72.217,72.227,72.077,72.117,72.249,72.259,72.109,72.149,111
2026-07-09 17:02:00,72.127,72.167,72.092,72.142,72.159,72.199,72.124,72.174,90
2026-07-09 17:03:00,72.147,72.197,72.117,72.132,72.179,72.229,72.149,72.164,91
2026-07-09 17:04:00,72.137,72.187,72.117,72.187,72.169,72.219,72.149,72.219,82
2026-07-09 17:05:00,72.177,72.217,72.117,72.187,72.209,72.249,72.149,72.219,89
2026-07-09 17:06:00,72.182,72.237,72.172,72.192,72.214,72.269,72.204,72.224,85
2026-07-09 17:07:00,72.187,72.282,72.147,72.257,72.219,72.314,72.179,72.289,102
2026-07-09 17:08:00,72.267,72.302,72.227,72.257,72.299,72.334,72.259,72.289,93
2026-07-09 17:09:00,72.262,72.287,72.227,72.237,72.294,72.319,72.259,72.269,72
2026-07-09 17:10:00,72.232,72.312,72.187,72.312,72.264,72.344,72.219,72.344,71
2026-07-09 17:11:00,72.297,72.317,72.252,72.267,72.329,72.349,72.284,72.299,66
2026-07-09 17:12:00,72.277,72.317,72.267,72.272,72.309,72.349,72.299,72.304,72
2026-07-09 17:13:00,72.277,72.302,72.247,72.272,72.309,72.334,72.279,72.304,79
2026-07-09 17:14:00,72.277,72.347,72.257,72.257,72.309,72.379,72.289,72.289,77
2026-07-09 17:15:00,72.267,72.267,72.007,72.127,72.299,72.299,72.039,72.159,177
2026-07-09 17:16:00,72.137,72.157,72.072,72.112,72.169,72.189,72.104,72.144,88
2026-07-09 17:17:00,72.107,72.147,72.097,72.127,72.139,72.179,72.129,72.159,74
2026-07-09 17:18:00,72.117,72.147,72.047,72.047,72.149,72.179,72.079,72.079,85
2026-07-09 17:19:00,72.052,72.197,72.047,72.137,72.084,72.229,72.079,72.169,188
2026-07-09 17:20:00,72.127,72.147,72.077,72.107,72.159,72.179,72.109,72.139,182
2026-07-09 17:21:00,72.097,72.117,72.047,72.047,72.129,72.149,72.079,72.079,83
2026-07-09 17:22:00,72.042,72.117,72.042,72.072,72.074,72.149,72.074,72.104,87
2026-07-09 17:23:00,72.067,72.077,72.017,72.057,72.099,72.109,72.049,72.089,76
2026-07-09 17:24:00,72.062,72.077,72.012,72.017,72.094,72.109,72.044,72.049,82
2026-07-09 17:25:00,72.007,72.027,71.913,71.957,72.039,72.059,71.959,71.989,135
2026-07-09 17:26:00,71.967,71.967,71.897,71.917,71.999,71.999,71.929,71.949,92
2026-07-09 17:27:00,71.927,71.977,71.883,71.977,71.959,72.009,71.919,72.009,71
2026-07-09 17:28:00,71.997,72.047,71.962,72.017,72.029,72.079,71.994,72.049,106
2026-07-09 17:29:00,72.007,72.037,71.877,71.987,72.039,72.069,71.909,72.019,180
2026-07-09 17:30:00,71.992,72.087,71.957,72.082,72.024,72.119,71.989,72.114,138
2026-07-09 17:31:00,72.077,72.122,72.052,72.082,72.109,72.154,72.084,72.114,100
2026-07-09 17:32:00,72.087,72.147,72.087,72.142,72.119,72.179,72.119,72.174,79
2026-07-09 17:33:00,72.132,72.182,72.102,72.132,72.164,72.214,72.134,72.164,72
2026-07-09 17:34:00,72.127,72.247,72.127,72.137,72.159,72.279,72.159,72.169,93
2026-07-09 17:35:00,72.117,72.197,72.107,72.152,72.149,72.229,72.139,72.184,67
2026-07-09 17:36:00,72.157,72.172,72.092,72.092,72.189,72.204,72.124,72.124,59
2026-07-09 17:37:00,72.097,72.137,72.057,72.102,72.129,72.169,72.089,72.134,83
2026-07-09 17:38:00,72.097,72.097,72.007,72.027,72.129,72.129,72.039,72.059,74
2026-07-09 17:39:00,72.022,72.052,71.937,71.957,72.054,72.084,71.969,71.989,70
2026-07-09 17:40:00,71.947,72.027,71.937,71.937,71.979,72.059,71.969,71.969,94
2026-07-09 17:41:00,71.942,71.977,71.922,71.937,71.974,72.009,71.954,71.969,63
2026-07-09 17:42:00,71.947,71.957,71.887,71.932,71.979,71.989,71.919,71.964,65
2026-07-09 17:43:00,71.937,71.937,71.777,71.812,71.969,71.969,71.809,71.844,109
2026-07-09 17:44:00,71.817,71.832,71.733,71.767,71.849,71.864,71.769,71.799,109
2026-07-09 17:45:00,71.777,71.877,71.767,71.852,71.809,71.909,71.799,71.884,73
2026-07-09 17:46:00,71.847,71.867,71.627,71.722,71.879,71.899,71.659,71.754,139
2026-07-09 17:47:00,71.717,71.827,71.707,71.817,71.749,71.859,71.739,71.849,101
2026-07-09 17:48:00,71.812,71.877,71.812,71.862,71.844,71.909,71.844,71.894,101
2026-07-09 17:49:00,71.857,71.927,71.827,71.897,71.889,71.959,71.859,71.929,86
2026-07-09 17:50:00,71.892,71.892,71.767,71.822,71.924,71.924,71.799,71.854,90
2026-07-09 17:51:00,71.812,71.842,71.767,71.787,71.844,71.874,71.799,71.819,56
2026-07-09 17:52:00,71.797,71.847,71.767,71.847,71.829,71.879,71.799,71.879,69
2026-07-09 17:53:00,71.852,71.947,71.822,71.927,71.884,71.979,71.854,71.959,65
2026-07-09 17:54:00,71.942,71.967,71.897,71.927,71.974,71.999,71.929,71.959,92
2026-07-09 17:55:00,71.942,71.957,71.877,71.927,71.974,71.989,71.909,71.959,60
2026-07-09 17:56:00,71.932,71.932,71.867,71.907,71.964,71.964,71.899,71.939,62
2026-07-09 17:57:00,71.917,71.917,71.877,71.902,71.949,71.949,71.909,71.934,68
2026-07-09 17:58:00,71.917,71.917,71.867,71.882,71.949,71.949,71.899,71.914,64
2026-07-09 17:59:00,71.877,71.947,71.867,71.947,71.909,71.979,71.899,71.979,65
2026-07-09 18:00:00,71.957,71.962,71.832,71.907,71.989,71.994,71.864,71.939,97
2026-07-09 18:01:00,71.902,71.917,71.843,71.887,71.934,71.949,71.879,71.919,63
2026-07-09 18:02:00,71.892,71.917,71.867,71.882,71.924,71.949,71.899,71.914,52
2026-07-09 18:03:00,71.867,71.937,71.847,71.937,71.899,71.969,71.879,71.969,59
2026-07-09 18:04:00,71.927,71.937,71.827,71.867,71.959,71.969,71.859,71.899,54
2026-07-09 18:05:00,71.872,71.877,71.792,71.817,71.904,71.909,71.824,71.849,86
2026-07-09 18:06:00,71.827,71.867,71.802,71.822,71.859,71.899,71.834,71.854,48
2026-07-09 18:07:00,71.827,71.897,71.817,71.887,71.859,71.929,71.849,71.919,70
2026-07-09 18:08:00,71.882,71.957,71.882,71.937,71.914,71.989,71.914,71.969,61
2026-07-09 18:09:00,71.927,71.977,71.912,71.972,71.959,72.009,71.944,72.004,57
2026-07-09 18:10:00,71.982,72.047,71.977,72.017,72.014,72.079,72.009,72.049,77
2026-07-09 18:11:00,72.012,72.087,71.987,72.067,72.044,72.119,72.019,72.099,84
2026-07-09 18:12:00,72.077,72.087,71.987,71.992,72.109,72.119,72.019,72.024,54
2026-07-09 18:13:00,71.997,72.002,71.917,71.932,72.029,72.034,71.949,71.964,74
2026-07-09 18:14:00,71.927,71.972,71.902,71.922,71.959,72.004,71.934,71.954,77
2026-07-09 18:15:00,71.917,71.937,71.717,71.797,71.949,71.969,71.749,71.829,105
2026-07-09 18:16:00,71.787,71.822,71.767,71.807,71.819,71.854,71.799,71.839,62
2026-07-09 18:17:00,71.797,71.827,71.777,71.807,71.829,71.859,71.809,71.839,65
2026-07-09 18:18:00,71.802,71.877,71.802,71.837,71.834,71.909,71.834,71.869,64
2026-07-09 18:19:00,71.827,71.837,71.777,71.817,71.859,71.869,71.809,71.849,61
2026-07-09 18:20:00,71.827,71.862,71.777,71.817,71.859,71.894,71.809,71.849,69
2026-07-09 18:21:00,71.822,71.877,71.777,71.857,71.854,71.909,71.809,71.889,68
2026-07-09 18:22:00,71.862,71.867,71.827,71.842,71.894,71.899,71.859,71.874,44
2026-07-09 18:23:00,71.832,71.857,71.807,71.817,71.864,71.889,71.839,71.849,45
2026-07-09 18:24:00,71.812,71.852,71.792,71.847,71.844,71.884,71.824,71.879,47
2026-07-09 18:25:00,71.842,71.917,71.817,71.917,71.874,71.949,71.849,71.949,51
2026-07-09 18:26:00,71.912,71.947,71.837,71.842,71.944,71.979,71.869,71.874,67
2026-07-09 18:27:00,71.837,71.867,71.822,71.822,71.869,71.899,71.854,71.854,51
2026-07-09 18:28:00,71.827,71.827,71.757,71.767,71.859,71.859,71.789,71.799,64
2026-07-09 18:29:00,71.777,71.802,71.747,71.802,71.809,71.834,71.779,71.834,51
2026-07-09 18:30:00,71.807,71.847,71.767,71.827,71.839,71.879,71.799,71.859,78
2026-07-09 18:31:00,71.847,71.867,71.807,71.822,71.879,71.899,71.839,71.854,48
2026-07-09 18:32:00,71.817,71.857,71.797,71.807,71.849,71.889,71.829,71.839,67
2026-07-09 18:33:00,71.817,71.847,71.787,71.827,71.849,71.879,71.819,71.859,58
2026-07-09 18:34:00,71.822,71.902,71.797,71.897,71.854,71.934,71.829,71.929,51
2026-07-09 18:35:00,71.887,71.887,71.807,71.807,71.919,71.919,71.839,71.839,39
2026-07-09 18:36:00,71.817,71.877,71.797,71.867,71.849,71.909,71.829,71.899,54
2026-07-09 18:37:00,71.877,71.892,71.807,71.867,71.909,71.924,71.839,71.899,66
2026-07-09 18:38:00,71.857,71.937,71.822,71.877,71.889,71.969,71.854,71.909,81
2026-07-09 18:39:00,71.867,71.897,71.857,71.867,71.899,71.929,71.889,71.899,52
2026-07-09 18:40:00,71.862,71.907,71.812,71.877,71.894,71.939,71.844,71.909,80
2026-07-09 18:41:00,71.872,71.897,71.847,71.847,71.904,71.929,71.879,71.879,57
2026-07-09 18:42:00,71.852,71.892,71.817,71.882,71.884,71.924,71.849,71.914,49
2026-07-09 18:43:00,71.872,71.917,71.867,71.882,71.904,71.949,71.899,71.914,54
2026-07-09 18:44:00,71.877,71.907,71.837,71.857,71.909,71.939,71.869,71.889,50
2026-07-09 18:45:00,71.867,71.867,71.817,71.817,71.899,71.899,71.849,71.849,50
2026-07-09 18:46:00,71.822,71.857,71.812,71.837,71.854,71.889,71.844,71.869,54
2026-07-09 18:47:00,71.847,71.887,71.817,71.832,71.879,71.919,71.849,71.864,64
2026-07-09 18:48:00,71.837,71.837,71.777,71.832,71.869,71.869,71.809,71.864,79
2026-07-09 18:49:00,71.827,71.877,71.817,71.847,71.859,71.909,71.849,71.879,52
2026-07-09 18:50:00,71.837,71.847,71.817,71.827,71.869,71.879,71.849,71.859,53
2026-07-09 18:51:00,71.817,71.827,71.662,71.682,71.849,71.859,71.694,71.714,62
2026-07-09 18:52:00,71.697,71.757,71.687,71.717,71.729,71.789,71.719,71.749,69
2026-07-09 18:53:00,71.707,71.762,71.702,71.707,71.739,71.794,71.734,71.739,81
2026-07-09 18:54:00,71.697,71.727,71.457,71.512,71.729,71.759,71.489,71.544,125
2026-07-09 18:55:00,71.507,71.577,71.487,71.492,71.539,71.613,71.519,71.524,102
2026-07-09 18:56:00,71.507,71.597,71.467,71.587,71.539,71.629,71.499,71.619,59
2026-07-09 18:57:00,71.597,71.627,71.557,71.622,71.629,71.659,71.589,71.654,70
2026-07-09 18:58:00,71.617,71.677,71.617,71.652,71.649,71.709,71.649,71.684,61
2026-07-09 18:59:00,71.647,71.757,71.647,71.752,71.679,71.789,71.679,71.784,65
2026-07-09 19:00:00,71.747,71.787,71.692,71.777,71.779,71.819,71.724,71.809,81
2026-07-09 19:01:00,71.762,71.787,71.737,71.762,71.794,71.819,71.769,71.794,35
2026-07-09 19:02:00,71.757,71.807,71.757,71.777,71.789,71.839,71.789,71.809,56
2026-07-09 19:03:00,71.782,71.827,71.767,71.787,71.814,71.859,71.799,71.819,41
2026-07-09 19:04:00,71.782,71.787,71.747,71.747,71.814,71.819,71.779,71.779,44
2026-07-09 19:05:00,71.757,71.807,71.757,71.757,71.789,71.839,71.789,71.789,54
2026-07-09 19:06:00,71.752,71.777,71.727,71.757,71.784,71.809,71.759,71.789,37
2026-07-09 19:07:00,71.752,71.757,71.717,71.747,71.784,71.789,71.749,71.779,58
2026-07-09 19:08:00,71.752,71.767,71.737,71.757,71.784,71.799,71.769,71.789,35
2026-07-09 19:09:00,71.752,71.827,71.747,71.812,71.784,71.859,71.779,71.844,43
2026-07-09 19:10:00,71.807,71.857,71.807,71.817,71.839,71.889,71.839,71.849,66
2026-07-09 19:11:00,71.812,71.847,71.807,71.827,71.844,71.879,71.839,71.859,26
2026-07-09 19:12:00,71.837,71.867,71.827,71.837,71.869,71.899,71.859,71.869,29
2026-07-09 19:13:00,71.842,71.927,71.827,71.897,71.874,71.959,71.859,71.929,73
2026-07-09 19:14:00,71.887,71.917,71.852,71.852,71.919,71.949,71.884,71.884,35
2026-07-09 19:15:00,71.872,71.897,71.847,71.867,71.904,71.929,71.879,71.899,39
2026-07-09 19:16:00,71.877,71.877,71.817,71.827,71.909,71.909,71.849,71.859,41
2026-07-09 19:17:00,71.817,71.892,71.767,71.772,71.849,71.924,71.799,71.804,53
2026-07-09 19:18:00,71.767,71.797,71.757,71.767,71.799,71.829,71.789,71.799,52
2026-07-09 19:19:00,71.757,71.787,71.737,71.737,71.789,71.819,71.769,71.769,41
2026-07-09 19:20:00,71.747,71.747,71.697,71.707,71.779,71.779,71.729,71.739,35
2026-07-09 19:21:00,71.717,71.727,71.697,71.727,71.749,71.759,71.729,71.759,40
2026-07-09 19:22:00,71.722,71.777,71.722,71.737,71.754,71.809,71.754,71.769,48
2026-07-09 19:23:00,71.727,71.737,71.707,71.717,71.759,71.769,71.739,71.749,31
2026-07-09 19:24:00,71.722,71.747,71.697,71.717,71.754,71.779,71.729,71.749,50
2026-07-09 19:25:00,71.712,71.747,71.697,71.722,71.744,71.779,71.729,71.754,48
2026-07-09 19:26:00,71.717,71.722,71.687,71.687,71.749,71.754,71.719,71.719,20
2026-07-09 19:27:00,71.677,71.682,71.587,71.607,71.709,71.714,71.619,71.639,59
2026-07-09 19:28:00,71.617,71.667,71.597,71.607,71.649,71.699,71.629,71.639,38
2026-07-09 19:29:00,71.617,71.627,71.607,71.617,71.649,71.659,71.639,71.649,49
2026-07-09 19:30:00,71.627,71.627,71.587,71.597,71.659,71.659,71.619,71.629,36
2026-07-09 19:31:00,71.592,71.697,71.587,71.692,71.624,71.729,71.619,71.724,77
2026-07-09 19:32:00,71.697,71.697,71.577,71.597,71.729,71.729,71.609,71.629,31
2026-07-09 19:33:00,71.607,71.637,71.592,71.607,71.639,71.669,71.624,71.639,48
2026-07-09 19:34:00,71.612,71.617,71.537,71.542,71.644,71.649,71.569,71.574,44
2026-07-09 19:35:00,71.547,71.547,71.372,71.387,71.579,71.579,71.404,71.419,91
2026-07-09 19:36:00,71.382,71.402,71.317,71.337,71.414,71.434,71.349,71.369,92
2026-07-09 19:37:00,71.327,71.337,71.237,71.312,71.359,71.369,71.269,71.344,101
2026-07-09 19:38:00,71.327,71.357,71.277,71.317,71.359,71.389,71.309,71.349,64
2026-07-09 19:39:00,71.322,71.357,71.317,71.352,71.354,71.389,71.349,71.384,52
2026-07-09 19:40:00,71.357,71.447,71.347,71.377,71.389,71.479,71.379,71.409,104
2026-07-09 19:41:00,71.382,71.387,71.357,71.387,71.414,71.419,71.389,71.419,40
2026-07-09 19:42:00,71.392,71.447,71.387,71.437,71.424,71.479,71.419,71.469,47
2026-07-09 19:43:00,71.432,71.432,71.387,71.387,71.464,71.464,71.419,71.419,31
2026-07-09 19:44:00,71.377,71.387,71.357,71.367,71.409,71.419,71.389,71.399,45
2026-07-09 19:45:00,71.357,71.427,71.357,71.427,71.389,71.459,71.389,71.459,45
2026-07-09 19:46:00,71.432,71.442,71.362,71.367,71.464,71.474,71.394,71.399,37
2026-07-09 19:47:00,71.372,71.377,71.337,71.347,71.404,71.409,71.369,71.379,33
2026-07-09 19:48:00,71.337,71.347,71.327,71.337,71.369,71.379,71.359,71.369,38
2026-07-09 19:49:00,71.332,71.347,71.317,71.332,71.364,71.379,71.349,71.364,22
2026-07-09 19:50:00,71.327,71.327,71.277,71.317,71.359,71.359,71.309,71.349,43
2026-07-09 19:51:00,71.322,71.337,71.287,71.327,71.354,71.369,71.319,71.359,48
2026-07-09 19:52:00,71.322,71.357,71.322,71.347,71.354,71.389,71.354,71.379,28
2026-07-09 19:53:00,71.352,71.387,71.317,71.377,71.384,71.419,71.349,71.409,46
2026-07-09 19:54:00,71.367,71.402,71.337,71.397,71.399,71.434,71.369,71.429,63
2026-07-09 19:55:00,71.402,71.507,71.387,71.437,71.434,71.539,71.419,71.469,64
2026-07-09 19:56:00,71.427,71.437,71.367,71.367,71.459,71.469,71.399,71.399,67
2026-07-09 19:57:00,71.362,71.387,71.347,71.372,71.394,71.419,71.379,71.404,48
